customer_id,name,email,gender,age,signup_date,city,state,country,loyalty_level
CUST0001,Liam Patel,liam.patel26@example.com,Female,33,2020-07-03,Kolkata,West Bengal,India,Silver
CUST0002,Noah Trivedi,noah.trivedi90@example.com,Female,20,2018-05-03,Delhi,Delhi,India,Bronze
CUST0003,Rohan Saxena,rohan.saxena28@example.com,Female,63,2025-04-15,Patna,Bihar,India,Bronze
CUST0004,Aditi Nath,aditi.nath285@example.com,Female,18,2019-10-16,Nagpur,Maharashtra,India,Bronze
CUST0005,Sai Nair,sai.nair981@example.com,Female,24,2019-01-15,Coimbatore,Tamil Nadu,India,Bronze
CUST0006,Isabella Verma,isabella.verma619@example.com,Male,20,2023-02-25,Patna,Bihar,India,Bronze
CUST0007,Amelia Joshi,amelia.joshi81@example.com,Female,58,2024-12-08,Visakhapatnam,Andhra Pradesh,India,Bronze
CUST0008,Olivia Reddy,olivia.reddy47@example.com,Female,67,2021-03-31,Delhi,Delhi,India,Gold
CUST0009,Isabella Patel,isabella.patel390@example.com,Male,58,2022-02-03,Hyderabad,Telangana,India,Bronze
CUST0010,Saanvi Das,saanvi.das719@example.com,Female,59,2018-10-20,Vadodara,Gujarat,India,Silver
CUST0011,Maya Iyer,maya.iyer168@example.com,Male,35,2025-03-06,Patna,Bihar,India,Bronze
CUST0012,Rahul Kumar,rahul.kumar235@example.com,Female,69,2021-07-16,Coimbatore,Tamil Nadu,India,Bronze
CUST0013,Saanvi Nath,saanvi.nath898@example.com,Female,31,2025-05-08,Thiruvananthapuram,Kerala,India,Bronze
CUST0014,Amelia Bose,amelia.bose147@example.com,Male,33,2024-04-18,Patna,Bihar,India,Bronze
CUST0015,Sophia Chopra,sophia.chopra920@example.com,Female,41,2020-06-17,Kolkata,West Bengal,India,Bronze
CUST0016,Aditya Kumar,aditya.kumar882@example.com,Male,58,2019-10-18,Nagpur,Maharashtra,India,Bronze
CUST0017,Priya Joshi,priya.joshi611@example.com,Other,51,2020-10-26,Patna,Bihar,India,Gold
CUST0018,Aarav Patel,aarav.patel699@example.com,Female,66,2020-12-28,Surat,Gujarat,India,Bronze
CUST0019,Neha Gupta,neha.gupta465@example.com,Male,64,2020-12-14,Bhopal,Madhya Pradesh,India,Silver
CUST0020,Rohan Patel,rohan.patel892@example.com,Female,58,2023-09-11,Vadodara,Gujarat,India,Bronze
CUST0021,Karthik Gupta,karthik.gupta553@example.com,Female,51,2018-01-03,Vadodara,Gujarat,India,Bronze
CUST0022,Aarav Patel,aarav.patel952@example.com,Male,69,2021-06-13,Jaipur,Rajasthan,India,Bronze
CUST0023,Chloe Nath,chloe.nath970@example.com,Male,64,2023-06-14,Delhi,Delhi,India,Platinum
CUST0024,Maya Singh,maya.singh132@example.com,Female,53,2019-11-08,Lucknow,Uttar Pradesh,India,Bronze
CUST0025,Aria Chopra,aria.chopra988@example.com,Male,52,2025-09-26,Pune,Maharashtra,India,Silver
CUST0026,Priya Verma,priya.verma449@example.com,Female,46,2019-05-11,Jaipur,Rajasthan,India,Bronze
CUST0027,Rahul Sharma,rahul.sharma603@example.com,Female,55,2020-06-21,Bengaluru,Karnataka,India,Bronze
CUST0028,Liam Kumar,liam.kumar235@example.com,Male,20,2021-09-15,Delhi,Delhi,India,Bronze
CUST0029,Isha Khan,isha.khan220@example.com,Female,64,2024-05-27,Vijayawada,Andhra Pradesh,India,Bronze
CUST0030,Lucas Khan,lucas.khan827@example.com,Male,24,2019-02-02,Nagpur,Maharashtra,India,Bronze
CUST0031,Neha Bose,neha.bose885@example.com,Female,61,2025-04-30,Chennai,Tamil Nadu,India,Bronze
CUST0032,Emma Mehta,emma.mehta820@example.com,Female,33,2020-02-24,Pune,Maharashtra,India,Bronze
CUST0033,Sai Chopra,sai.chopra188@example.com,Male,33,2018-11-05,Indore,Madhya Pradesh,India,Silver
CUST0034,Isabella Trivedi,isabella.trivedi101@example.com,Male,52,2018-03-02,Delhi,Delhi,India,Gold
CUST0035,Isabella Iyer,isabella.iyer171@example.com,Male,48,2020-05-25,Coimbatore,Tamil Nadu,India,Gold
CUST0036,Ananya Joshi,ananya.joshi3@example.com,Other,34,2023-02-07,Ahmedabad,Gujarat,India,Bronze
CUST0037,Emma Trivedi,emma.trivedi678@example.com,Female,27,2020-02-17,Ahmedabad,Gujarat,India,Bronze
CUST0038,Vivaan Nath,vivaan.nath754@example.com,Female,65,2021-07-08,Mumbai,Maharashtra,India,Bronze
CUST0039,Kabir Kapoor,kabir.kapoor942@example.com,Female,28,2018-08-21,Bhopal,Madhya Pradesh,India,Bronze
CUST0040,Ananya Reddy,ananya.reddy610@example.com,Male,33,2022-07-12,Chennai,Tamil Nadu,India,Gold
CUST0041,Sophia Iyer,sophia.iyer593@example.com,Female,57,2018-12-02,Nagpur,Maharashtra,India,Silver
CUST0042,Sophia Kapoor,sophia.kapoor324@example.com,Female,31,2025-07-06,Surat,Gujarat,India,Bronze
CUST0043,Priya Singh,priya.singh688@example.com,Female,47,2021-07-19,Delhi,Delhi,India,Bronze
CUST0044,Aria Nath,aria.nath103@example.com,Male,31,2023-09-04,Lucknow,Uttar Pradesh,India,Bronze
CUST0045,Karthik Reddy,karthik.reddy901@example.com,Male,36,2019-10-09,Indore,Madhya Pradesh,India,Silver
CUST0046,Olivia Dasgupta,olivia.dasgupta627@example.com,Other,69,2025-05-02,Bhopal,Madhya Pradesh,India,Bronze
CUST0047,Ethan Trivedi,ethan.trivedi307@example.com,Female,24,2019-07-05,Lucknow,Uttar Pradesh,India,Bronze
CUST0048,Arjun Trivedi,arjun.trivedi160@example.com,Male,56,2020-05-12,Surat,Gujarat,India,Bronze
CUST0049,Liam Das,liam.das518@example.com,Female,21,2019-01-14,Nagpur,Maharashtra,India,Silver
CUST0050,Vivaan Sharma,vivaan.sharma342@example.com,Female,58,2020-12-08,Hyderabad,Telangana,India,Silver
CUST0051,Maya Chopra,maya.chopra575@example.com,Male,22,2025-10-01,Kolkata,West Bengal,India,Bronze
CUST0052,Ethan Verma,ethan.verma597@example.com,Female,45,2019-06-07,Mumbai,Maharashtra,India,Bronze
CUST0053,Chloe Kumar,chloe.kumar921@example.com,Male,61,2020-10-19,Chennai,Tamil Nadu,India,Bronze
CUST0054,Maya Chopra,maya.chopra998@example.com,Female,27,2020-08-27,Hyderabad,Telangana,India,Platinum
CUST0055,Lucas Gupta,lucas.gupta903@example.com,Male,29,2021-09-22,Nagpur,Maharashtra,India,Silver
CUST0056,Isabella Iyer,isabella.iyer274@example.com,Male,62,2019-03-19,Coimbatore,Tamil Nadu,India,Gold
CUST0057,Isabella Khan,isabella.khan228@example.com,Male,47,2021-12-03,Ahmedabad,Gujarat,India,Silver
CUST0058,Isabella Iyer,isabella.iyer229@example.com,Male,30,2022-06-21,Surat,Gujarat,India,Bronze
CUST0059,Aditya Das,aditya.das360@example.com,Female,43,2025-08-15,Patna,Bihar,India,Bronze
CUST0060,Aarav Patel,aarav.patel899@example.com,Other,29,2024-07-06,Lucknow,Uttar Pradesh,India,Bronze
CUST0061,Aria Chopra,aria.chopra354@example.com,Female,38,2022-11-23,Vadodara,Gujarat,India,Platinum
CUST0062,Arjun Joshi,arjun.joshi922@example.com,Female,34,2018-07-01,Nagpur,Maharashtra,India,Bronze
CUST0063,Amelia Trivedi,amelia.trivedi704@example.com,Female,65,2025-07-09,Pune,Maharashtra,India,Bronze
CUST0064,Aditya Mehta,aditya.mehta639@example.com,Male,25,2021-05-15,Bhopal,Madhya Pradesh,India,Bronze
CUST0065,Neha Mehta,neha.mehta413@example.com,Female,53,2019-06-06,Pune,Maharashtra,India,Bronze
CUST0066,Priya Gupta,priya.gupta631@example.com,Female,43,2024-02-23,Bengaluru,Karnataka,India,Bronze
CUST0067,Saanvi Chopra,saanvi.chopra805@example.com,Female,59,2021-08-12,Indore,Madhya Pradesh,India,Bronze
CUST0068,Noah Nair,noah.nair524@example.com,Male,68,2019-11-27,Delhi,Delhi,India,Bronze
CUST0069,Noah Saxena,noah.saxena344@example.com,Male,66,2020-08-20,Ahmedabad,Gujarat,India,Bronze
CUST0070,Saanvi Singh,saanvi.singh26@example.com,Male,48,2024-11-08,Delhi,Delhi,India,Bronze
CUST0071,Chloe Nath,chloe.nath200@example.com,Female,42,2023-07-18,Coimbatore,Tamil Nadu,India,Bronze
CUST0072,Liam Sharma,liam.sharma915@example.com,Female,67,2019-03-13,Nagpur,Maharashtra,India,Bronze
CUST0073,Lucas Kapoor,lucas.kapoor476@example.com,Male,33,2019-05-13,Indore,Madhya Pradesh,India,Bronze
CUST0074,Aditi Kapoor,aditi.kapoor573@example.com,Female,66,2022-12-18,Vadodara,Gujarat,India,Silver
CUST0075,Chloe Kapoor,chloe.kapoor437@example.com,Female,53,2023-01-01,Hyderabad,Telangana,India,Silver
CUST0076,Kabir Bose,kabir.bose266@example.com,Female,58,2021-02-09,Bhopal,Madhya Pradesh,India,Bronze
CUST0077,Diya Das,diya.das451@example.com,Male,36,2020-08-18,Lucknow,Uttar Pradesh,India,Bronze
CUST0078,Chloe Trivedi,chloe.trivedi83@example.com,Male,32,2022-04-18,Kolkata,West Bengal,India,Silver
CUST0079,Aditya Chopra,aditya.chopra418@example.com,Male,47,2022-08-31,Mumbai,Maharashtra,India,Bronze
CUST0080,Neha Joshi,neha.joshi927@example.com,Female,62,2018-03-22,Vijayawada,Andhra Pradesh,India,Bronze
CUST0081,Aarav Verma,aarav.verma306@example.com,Female,44,2024-01-14,Patna,Bihar,India,Silver
CUST0082,Chloe Iyer,chloe.iyer500@example.com,Male,45,2023-06-13,Bengaluru,Karnataka,India,Bronze
CUST0083,Noah Joshi,noah.joshi742@example.com,Male,47,2019-06-07,Vadodara,Gujarat,India,Bronze
CUST0084,Amelia Joshi,amelia.joshi607@example.com,Female,19,2018-12-10,Nagpur,Maharashtra,India,Bronze
CUST0085,Aditi Gupta,aditi.gupta52@example.com,Male,38,2020-05-16,Indore,Madhya Pradesh,India,Bronze
CUST0086,Mia Joshi,mia.joshi285@example.com,Female,44,2020-10-30,Delhi,Delhi,India,Bronze
CUST0087,Emma Trivedi,emma.trivedi54@example.com,Other,40,2020-07-07,Delhi,Delhi,India,Silver
CUST0088,Liam Kumar,liam.kumar773@example.com,Male,33,2020-03-27,Bengaluru,Karnataka,India,Silver
CUST0089,Diya Singh,diya.singh485@example.com,Female,54,2020-06-11,Indore,Madhya Pradesh,India,Silver
CUST0090,Mia Verma,mia.verma172@example.com,Female,65,2019-04-15,Hyderabad,Telangana,India,Platinum
CUST0091,Arjun Nath,arjun.nath27@example.com,Female,54,2025-08-06,Coimbatore,Tamil Nadu,India,Bronze
CUST0092,Olivia Nair,olivia.nair78@example.com,Female,58,2020-09-21,Chennai,Tamil Nadu,India,Silver
CUST0093,Riya Saxena,riya.saxena825@example.com,Male,54,2018-06-18,Visakhapatnam,Andhra Pradesh,India,Bronze
CUST0094,Noah Verma,noah.verma71@example.com,Female,39,2018-02-21,Nagpur,Maharashtra,India,Silver
CUST0095,Arjun Chopra,arjun.chopra984@example.com,Male,47,2019-09-19,Nagpur,Maharashtra,India,Bronze
CUST0096,Rohan Das,rohan.das631@example.com,Female,52,2023-06-04,Indore,Madhya Pradesh,India,Bronze
CUST0097,Emma Nath,emma.nath275@example.com,Male,33,2018-12-21,Lucknow,Uttar Pradesh,India,Gold
CUST0098,Diya Bose,diya.bose584@example.com,Female,42,2021-10-09,Bengaluru,Karnataka,India,Bronze
CUST0099,Rahul Gupta,rahul.gupta500@example.com,Male,69,2020-11-24,Surat,Gujarat,India,Bronze
CUST0100,Aria Das,aria.das570@example.com,Male,30,2018-12-17,Jaipur,Rajasthan,India,Silver
CUST0101,Kabir Trivedi,kabir.trivedi777@example.com,Male,48,2025-03-30,Thiruvananthapuram,Kerala,India,Bronze
CUST0102,Aarav Reddy,aarav.reddy302@example.com,Male,62,2020-09-23,Ahmedabad,Gujarat,India,Silver
CUST0103,Karthik Khan,karthik.khan567@example.com,Female,45,2024-03-04,Surat,Gujarat,India,Bronze
CUST0104,Aditi Das,aditi.das314@example.com,Male,25,2020-02-28,Surat,Gujarat,India,Bronze
CUST0105,Maya Gupta,maya.gupta197@example.com,Male,48,2021-02-06,Vijayawada,Andhra Pradesh,India,Platinum
CUST0106,Rohan Saxena,rohan.saxena290@example.com,Other,30,2021-04-28,Jaipur,Rajasthan,India,Bronze
CUST0107,Riya Sharma,riya.sharma726@example.com,Female,35,2018-07-06,Mumbai,Maharashtra,India,Bronze
CUST0108,Olivia Singh,olivia.singh654@example.com,Female,49,2019-02-25,Bengaluru,Karnataka,India,Bronze
CUST0109,Kabir Khan,kabir.khan452@example.com,Male,21,2020-10-31,Thiruvananthapuram,Kerala,India,Bronze
CUST0110,Aditya Joshi,aditya.joshi504@example.com,Male,58,2025-09-12,Mumbai,Maharashtra,India,Bronze
CUST0111,Lucas Nath,lucas.nath972@example.com,Male,33,2019-05-01,Patna,Bihar,India,Silver
CUST0112,Aria Saxena,aria.saxena810@example.com,Female,67,2023-11-11,Coimbatore,Tamil Nadu,India,Bronze
CUST0113,Aditi Dasgupta,aditi.dasgupta881@example.com,Female,45,2021-06-04,Vijayawada,Andhra Pradesh,India,Silver
CUST0114,Aria Patel,aria.patel971@example.com,Female,58,2020-05-14,Lucknow,Uttar Pradesh,India,Silver
CUST0115,Ananya Iyer,ananya.iyer178@example.com,Female,28,2018-01-11,Nagpur,Maharashtra,India,Bronze
CUST0116,Aria Khan,aria.khan299@example.com,Male,36,2021-03-04,Indore,Madhya Pradesh,India,Bronze
CUST0117,Diya Das,diya.das807@example.com,Female,55,2025-06-01,Pune,Maharashtra,India,Bronze
CUST0118,Maya Iyer,maya.iyer664@example.com,Male,35,2019-08-06,Delhi,Delhi,India,Bronze
CUST0119,Lucas Dasgupta,lucas.dasgupta610@example.com,Female,54,2021-03-28,Indore,Madhya Pradesh,India,Bronze
CUST0120,Olivia Dasgupta,olivia.dasgupta717@example.com,Male,35,2023-08-12,Patna,Bihar,India,Bronze
CUST0121,Aditya Saxena,aditya.saxena41@example.com,Female,65,2021-08-13,Vadodara,Gujarat,India,Bronze
CUST0122,Aditya Iyer,aditya.iyer985@example.com,Female,54,2024-08-01,Bengaluru,Karnataka,India,Platinum
CUST0123,Noah Das,noah.das591@example.com,Male,66,2019-12-19,Thiruvananthapuram,Kerala,India,Bronze
CUST0124,Aditi Das,aditi.das186@example.com,Other,45,2025-02-13,Thiruvananthapuram,Kerala,India,Platinum
CUST0125,Kabir Verma,kabir.verma419@example.com,Male,60,2019-03-05,Hyderabad,Telangana,India,Bronze
CUST0126,Olivia Khan,olivia.khan296@example.com,Female,43,2024-03-03,Mumbai,Maharashtra,India,Bronze
CUST0127,Rahul Das,rahul.das332@example.com,Male,67,2022-07-14,Bhopal,Madhya Pradesh,India,Silver
CUST0128,Aarav Trivedi,aarav.trivedi474@example.com,Male,30,2023-10-25,Visakhapatnam,Andhra Pradesh,India,Silver
CUST0129,Kabir Bose,kabir.bose779@example.com,Male,35,2024-02-28,Kolkata,West Bengal,India,Gold
CUST0130,Aditi Khan,aditi.khan125@example.com,Male,58,2024-10-29,Jaipur,Rajasthan,India,Silver
CUST0131,Riya Trivedi,riya.trivedi15@example.com,Female,23,2020-07-09,Chennai,Tamil Nadu,India,Bronze
CUST0132,Arjun Singh,arjun.singh511@example.com,Female,36,2023-09-16,Lucknow,Uttar Pradesh,India,Bronze
CUST0133,Kabir Khan,kabir.khan250@example.com,Male,27,2022-04-21,Pune,Maharashtra,India,Gold
CUST0134,Rohan Singh,rohan.singh885@example.com,Male,67,2022-08-27,Surat,Gujarat,India,Gold
CUST0135,Rohan Das,rohan.das841@example.com,Male,64,2021-05-07,Vijayawada,Andhra Pradesh,India,Bronze
CUST0136,Noah Khan,noah.khan887@example.com,Male,52,2023-06-07,Visakhapatnam,Andhra Pradesh,India,Bronze
CUST0137,Mia Trivedi,mia.trivedi387@example.com,Male,38,2020-02-12,Jaipur,Rajasthan,India,Bronze
CUST0138,Diya Chopra,diya.chopra45@example.com,Male,48,2022-04-11,Coimbatore,Tamil Nadu,India,Platinum
CUST0139,Lucas Singh,lucas.singh508@example.com,Other,26,2023-08-20,Vijayawada,Andhra Pradesh,India,Bronze
CUST0140,Arjun Bose,arjun.bose103@example.com,Female,47,2018-03-04,Kolkata,West Bengal,India,Bronze
CUST0141,Liam Singh,liam.singh77@example.com,Male,34,2021-10-18,Vadodara,Gujarat,India,Silver
CUST0142,Liam Reddy,liam.reddy873@example.com,Male,61,2023-12-26,Coimbatore,Tamil Nadu,India,Platinum
CUST0143,Liam Khan,liam.khan894@example.com,Female,57,2018-10-08,Jaipur,Rajasthan,India,Silver
CUST0144,Amelia Dasgupta,amelia.dasgupta233@example.com,Female,45,2019-02-08,Chennai,Tamil Nadu,India,Bronze
CUST0145,Olivia Dasgupta,olivia.dasgupta926@example.com,Male,38,2018-08-18,Ahmedabad,Gujarat,India,Bronze
CUST0146,Neha Singh,neha.singh251@example.com,Female,54,2025-08-24,Hyderabad,Telangana,India,Bronze
CUST0147,Aditya Saxena,aditya.saxena892@example.com,Male,61,2020-09-13,Thiruvananthapuram,Kerala,India,Gold
CUST0148,Sai Iyer,sai.iyer473@example.com,Female,47,2020-11-11,Bengaluru,Karnataka,India,Gold
CUST0149,Aditi Dasgupta,aditi.dasgupta694@example.com,Female,22,2022-12-15,Visakhapatnam,Andhra Pradesh,India,Platinum
CUST0150,Riya Chopra,riya.chopra707@example.com,Male,37,2020-03-26,Coimbatore,Tamil Nadu,India,Gold
CUST0151,Arjun Iyer,arjun.iyer391@example.com,Female,54,2021-04-26,Ahmedabad,Gujarat,India,Bronze
CUST0152,Ethan Joshi,ethan.joshi282@example.com,Male,61,2018-07-20,Vadodara,Gujarat,India,Silver
CUST0153,Ethan Dasgupta,ethan.dasgupta795@example.com,Female,56,2021-12-14,Jaipur,Rajasthan,India,Silver
CUST0154,Aria Das,aria.das695@example.com,Female,67,2025-05-24,Kolkata,West Bengal,India,Silver
CUST0155,Chloe Kumar,chloe.kumar317@example.com,Female,20,2024-07-01,Visakhapatnam,Andhra Pradesh,India,Silver
CUST0156,Aditya Dasgupta,aditya.dasgupta335@example.com,Female,29,2020-04-02,Kolkata,West Bengal,India,Silver
CUST0157,Chloe Verma,chloe.verma544@example.com,Female,35,2019-11-05,Lucknow,Uttar Pradesh,India,Gold
CUST0158,Kabir Dasgupta,kabir.dasgupta765@example.com,Female,69,2019-04-17,Indore,Madhya Pradesh,India,Platinum
CUST0159,Sai Iyer,sai.iyer881@example.com,Female,61,2022-06-16,Patna,Bihar,India,Bronze
CUST0160,Lucas Joshi,lucas.joshi15@example.com,Male,25,2023-02-06,Visakhapatnam,Andhra Pradesh,India,Silver
CUST0161,Noah Das,noah.das599@example.com,Male,58,2022-03-02,Chennai,Tamil Nadu,India,Silver
CUST0162,Kabir Sharma,kabir.sharma635@example.com,Female,53,2021-09-05,Vadodara,Gujarat,India,Bronze
CUST0163,Aditya Bose,aditya.bose932@example.com,Female,59,2022-07-31,Chennai,Tamil Nadu,India,Bronze
CUST0164,Vivaan Dasgupta,vivaan.dasgupta505@example.com,Male,33,2024-01-11,Kolkata,West Bengal,India,Bronze
CUST0165,Karthik Trivedi,karthik.trivedi430@example.com,Female,64,2019-09-25,Nagpur,Maharashtra,India,Silver
CUST0166,Ethan Khan,ethan.khan631@example.com,Male,35,2018-05-15,Visakhapatnam,Andhra Pradesh,India,Bronze
CUST0167,Aditi Iyer,aditi.iyer876@example.com,Male,61,2022-02-13,Patna,Bihar,India,Gold
CUST0168,Liam Verma,liam.verma63@example.com,Male,30,2019-05-16,Indore,Madhya Pradesh,India,Bronze
CUST0169,Saanvi Saxena,saanvi.saxena995@example.com,Male,68,2021-09-28,Jaipur,Rajasthan,India,Platinum
CUST0170,Lucas Nath,lucas.nath211@example.com,Male,66,2024-03-20,Pune,Maharashtra,India,Bronze
CUST0171,Ethan Iyer,ethan.iyer337@example.com,Female,68,2024-09-07,Bengaluru,Karnataka,India,Bronze
CUST0172,Sai Singh,sai.singh554@example.com,Male,29,2019-03-27,Bengaluru,Karnataka,India,Bronze
CUST0173,Karthik Iyer,karthik.iyer603@example.com,Male,29,2020-12-22,Mumbai,Maharashtra,India,Bronze
CUST0174,Neha Kapoor,neha.kapoor117@example.com,Female,48,2023-01-11,Visakhapatnam,Andhra Pradesh,India,Bronze
CUST0175,Arjun Bose,arjun.bose516@example.com,Male,57,2018-06-27,Bhopal,Madhya Pradesh,India,Bronze
CUST0176,Liam Sharma,liam.sharma63@example.com,Other,43,2022-10-13,Chennai,Tamil Nadu,India,Bronze
CUST0177,Amelia Bose,amelia.bose76@example.com,Female,38,2024-10-27,Kolkata,West Bengal,India,Bronze
CUST0178,Isha Saxena,isha.saxena649@example.com,Female,63,2021-08-24,Coimbatore,Tamil Nadu,India,Platinum
CUST0179,Rohan Dasgupta,rohan.dasgupta465@example.com,Female,45,2019-02-11,Chennai,Tamil Nadu,India,Gold
CUST0180,Liam Trivedi,liam.trivedi739@example.com,Female,45,2023-01-24,Jaipur,Rajasthan,India,Bronze
CUST0181,Ethan Bose,ethan.bose409@example.com,Male,24,2021-07-04,Nagpur,Maharashtra,India,Bronze
CUST0182,Isha Verma,isha.verma977@example.com,Male,48,2018-10-02,Delhi,Delhi,India,Silver
CUST0183,Aditya Chopra,aditya.chopra99@example.com,Female,41,2019-06-17,Patna,Bihar,India,Bronze
CUST0184,Maya Trivedi,maya.trivedi338@example.com,Female,44,2021-12-19,Nagpur,Maharashtra,India,Gold
CUST0185,Emma Kumar,emma.kumar992@example.com,Male,37,2021-12-11,Chennai,Tamil Nadu,India,Bronze
CUST0186,Saanvi Singh,saanvi.singh673@example.com,Female,24,2021-12-05,Patna,Bihar,India,Bronze
CUST0187,Mia Das,mia.das588@example.com,Male,45,2024-04-16,Vadodara,Gujarat,India,Silver
CUST0188,Liam Trivedi,liam.trivedi27@example.com,Female,60,2025-10-11,Lucknow,Uttar Pradesh,India,Bronze
CUST0189,Isha Dasgupta,isha.dasgupta944@example.com,Male,18,2020-01-14,Kolkata,West Bengal,India,Bronze
CUST0190,Priya Reddy,priya.reddy146@example.com,Female,19,2019-01-11,Bhopal,Madhya Pradesh,India,Bronze
CUST0191,Neha Bose,neha.bose350@example.com,Male,37,2021-08-21,Vijayawada,Andhra Pradesh,India,Bronze
CUST0192,Chloe Kumar,chloe.kumar160@example.com,Male,57,2018-07-23,Delhi,Delhi,India,Bronze
CUST0193,Noah Chopra,noah.chopra498@example.com,Female,44,2021-01-23,Pune,Maharashtra,India,Silver
CUST0194,Arjun Verma,arjun.verma441@example.com,Male,61,2025-08-11,Vijayawada,Andhra Pradesh,India,Bronze
CUST0195,Noah Dasgupta,noah.dasgupta47@example.com,Male,56,2018-08-13,Bengaluru,Karnataka,India,Bronze
CUST0196,Saanvi Singh,saanvi.singh783@example.com,Male,38,2019-05-07,Bengaluru,Karnataka,India,Bronze
CUST0197,Neha Gupta,neha.gupta133@example.com,Male,63,2020-07-31,Bhopal,Madhya Pradesh,India,Bronze
CUST0198,Noah Verma,noah.verma74@example.com,Male,65,2018-06-23,Nagpur,Maharashtra,India,Bronze
CUST0199,Amelia Reddy,amelia.reddy883@example.com,Male,45,2024-06-06,Coimbatore,Tamil Nadu,India,Silver
CUST0200,Neha Dasgupta,neha.dasgupta118@example.com,Male,38,2019-12-05,Vadodara,Gujarat,India,Bronze
CUST0201,Olivia Verma,olivia.verma91@example.com,Male,24,2020-09-23,Nagpur,Maharashtra,India,Bronze
CUST0202,Rohan Reddy,rohan.reddy406@example.com,Female,65,2021-10-22,Jaipur,Rajasthan,India,Bronze
CUST0203,Ananya Reddy,ananya.reddy523@example.com,Female,51,2023-09-20,Pune,Maharashtra,India,Gold
CUST0204,Karthik Verma,karthik.verma745@example.com,Female,59,2019-08-28,Jaipur,Rajasthan,India,Bronze
CUST0205,Isha Nair,isha.nair178@example.com,Female,66,2025-05-08,Delhi,Delhi,India,Bronze
CUST0206,Mia Khan,mia.khan476@example.com,Female,66,2024-07-01,Indore,Madhya Pradesh,India,Silver
CUST0207,Chloe Nath,chloe.nath659@example.com,Female,57,2021-08-16,Surat,Gujarat,India,Bronze
CUST0208,Aditya Khan,aditya.khan453@example.com,Female,68,2021-01-30,Vijayawada,Andhra Pradesh,India,Bronze
CUST0209,Rohan Reddy,rohan.reddy318@example.com,Male,20,2018-08-22,Visakhapatnam,Andhra Pradesh,India,Silver
CUST0210,Aditya Reddy,aditya.reddy630@example.com,Female,42,2023-03-11,Vijayawada,Andhra Pradesh,India,Bronze
CUST0211,Lucas Kumar,lucas.kumar461@example.com,Female,54,2025-04-23,Pune,Maharashtra,India,Bronze
CUST0212,Kabir Kapoor,kabir.kapoor155@example.com,Female,46,2019-02-28,Surat,Gujarat,India,Platinum
CUST0213,Aditya Kapoor,aditya.kapoor662@example.com,Male,33,2022-11-29,Indore,Madhya Pradesh,India,Bronze
CUST0214,Aria Gupta,aria.gupta373@example.com,Male,36,2022-05-06,Nagpur,Maharashtra,India,Silver
CUST0215,Noah Saxena,noah.saxena54@example.com,Female,59,2021-10-02,Delhi,Delhi,India,Bronze
CUST0216,Maya Joshi,maya.joshi291@example.com,Male,60,2024-10-04,Kolkata,West Bengal,India,Bronze
CUST0217,Sophia Singh,sophia.singh939@example.com,Male,59,2025-10-31,Coimbatore,Tamil Nadu,India,Bronze
CUST0218,Olivia Reddy,olivia.reddy318@example.com,Female,59,2021-09-07,Kolkata,West Bengal,India,Silver
CUST0219,Ethan Kapoor,ethan.kapoor96@example.com,Female,45,2023-09-14,Visakhapatnam,Andhra Pradesh,India,Bronze
CUST0220,Riya Gupta,riya.gupta974@example.com,Male,67,2023-06-15,Pune,Maharashtra,India,Bronze
CUST0221,Sai Singh,sai.singh80@example.com,Male,68,2019-02-19,Bhopal,Madhya Pradesh,India,Silver
CUST0222,Ethan Kapoor,ethan.kapoor39@example.com,Female,67,2024-12-06,Kolkata,West Bengal,India,Bronze
CUST0223,Sai Gupta,sai.gupta186@example.com,Female,67,2025-01-02,Hyderabad,Telangana,India,Silver
CUST0224,Vivaan Chopra,vivaan.chopra374@example.com,Female,33,2022-12-25,Vadodara,Gujarat,India,Bronze
CUST0225,Emma Bose,emma.bose240@example.com,Female,37,2023-04-06,Pune,Maharashtra,India,Bronze
CUST0226,Sophia Bose,sophia.bose473@example.com,Female,67,2022-04-14,Bhopal,Madhya Pradesh,India,Bronze
CUST0227,Ananya Nair,ananya.nair821@example.com,Female,34,2018-08-02,Thiruvananthapuram,Kerala,India,Gold
CUST0228,Maya Patel,maya.patel729@example.com,Female,25,2021-03-13,Delhi,Delhi,India,Silver
CUST0229,Isha Bose,isha.bose928@example.com,Female,45,2019-01-11,Jaipur,Rajasthan,India,Silver
CUST0230,Chloe Verma,chloe.verma953@example.com,Male,21,2022-06-12,Bhopal,Madhya Pradesh,India,Bronze
CUST0231,Priya Reddy,priya.reddy384@example.com,Male,38,2019-02-10,Surat,Gujarat,India,Silver
CUST0232,Sai Kumar,sai.kumar294@example.com,Female,48,2025-10-22,Kolkata,West Bengal,India,Silver
CUST0233,Kabir Bose,kabir.bose631@example.com,Male,23,2018-03-19,Lucknow,Uttar Pradesh,India,Bronze
CUST0234,Sai Trivedi,sai.trivedi963@example.com,Female,51,2022-09-30,Chennai,Tamil Nadu,India,Silver
CUST0235,Diya Dasgupta,diya.dasgupta125@example.com,Male,44,2025-03-02,Vadodara,Gujarat,India,Bronze
CUST0236,Arjun Khan,arjun.khan612@example.com,Female,58,2023-10-12,Vijayawada,Andhra Pradesh,India,Bronze
CUST0237,Sai Dasgupta,sai.dasgupta440@example.com,Male,40,2020-09-12,Vijayawada,Andhra Pradesh,India,Bronze
CUST0238,Noah Reddy,noah.reddy537@example.com,Other,22,2023-11-25,Patna,Bihar,India,Bronze
CUST0239,Rohan Trivedi,rohan.trivedi21@example.com,Male,48,2018-06-28,Coimbatore,Tamil Nadu,India,Platinum
CUST0240,Isha Sharma,isha.sharma366@example.com,Female,40,2020-09-14,Chennai,Tamil Nadu,India,Silver
CUST0241,Emma Mehta,emma.mehta137@example.com,Male,52,2021-10-18,Hyderabad,Telangana,India,Silver
CUST0242,Noah Bose,noah.bose713@example.com,Male,29,2019-07-07,Delhi,Delhi,India,Silver
CUST0243,Aditi Kumar,aditi.kumar301@example.com,Male,68,2020-03-28,Mumbai,Maharashtra,India,Bronze
CUST0244,Riya Kapoor,riya.kapoor408@example.com,Other,52,2023-04-24,Lucknow,Uttar Pradesh,India,Bronze
CUST0245,Liam Nair,liam.nair293@example.com,Male,67,2018-07-15,Surat,Gujarat,India,Bronze
CUST0246,Lucas Verma,lucas.verma448@example.com,Female,65,2022-12-07,Coimbatore,Tamil Nadu,India,Bronze
CUST0247,Ananya Khan,ananya.khan709@example.com,Female,69,2023-10-28,Lucknow,Uttar Pradesh,India,Silver
CUST0248,Emma Chopra,emma.chopra81@example.com,Male,70,2020-01-10,Patna,Bihar,India,Bronze
CUST0249,Arjun Reddy,arjun.reddy336@example.com,Female,37,2023-01-01,Vadodara,Gujarat,India,Silver
CUST0250,Ananya Bose,ananya.bose360@example.com,Male,64,2021-12-15,Vadodara,Gujarat,India,Platinum
CUST0251,Isha Kumar,isha.kumar77@example.com,Female,43,2022-01-28,Bhopal,Madhya Pradesh,India,Silver
CUST0252,Noah Gupta,noah.gupta976@example.com,Male,56,2025-08-09,Indore,Madhya Pradesh,India,Bronze
CUST0253,Aditya Iyer,aditya.iyer798@example.com,Female,41,2022-04-18,Vijayawada,Andhra Pradesh,India,Bronze
CUST0254,Sai Bose,sai.bose972@example.com,Male,46,2018-11-11,Vijayawada,Andhra Pradesh,India,Bronze
CUST0255,Karthik Joshi,karthik.joshi322@example.com,Female,33,2019-04-10,Bengaluru,Karnataka,India,Silver
CUST0256,Kabir Kapoor,kabir.kapoor397@example.com,Female,25,2020-12-08,Lucknow,Uttar Pradesh,India,Silver
CUST0257,Saanvi Saxena,saanvi.saxena293@example.com,Female,49,2020-03-30,Chennai,Tamil Nadu,India,Bronze
CUST0258,Aditya Bose,aditya.bose177@example.com,Female,46,2018-12-26,Surat,Gujarat,India,Silver
CUST0259,Olivia Reddy,olivia.reddy564@example.com,Female,37,2019-10-08,Hyderabad,Telangana,India,Silver
CUST0260,Rohan Iyer,rohan.iyer125@example.com,Other,68,2019-07-23,Jaipur,Rajasthan,India,Silver
CUST0261,Aarav Verma,aarav.verma568@example.com,Female,47,2024-03-09,Kolkata,West Bengal,India,Silver
CUST0262,Aditya Reddy,aditya.reddy317@example.com,Male,63,2023-05-15,Bhopal,Madhya Pradesh,India,Bronze
CUST0263,Neha Nath,neha.nath76@example.com,Male,38,2025-03-16,Delhi,Delhi,India,Bronze
CUST0264,Noah Kapoor,noah.kapoor353@example.com,Male,67,2024-03-08,Vijayawada,Andhra Pradesh,India,Bronze
CUST0265,Sai Chopra,sai.chopra515@example.com,Female,21,2019-05-24,Bhopal,Madhya Pradesh,India,Bronze
CUST0266,Ananya Gupta,ananya.gupta331@example.com,Female,32,2021-11-18,Bhopal,Madhya Pradesh,India,Gold
CUST0267,Isabella Reddy,isabella.reddy257@example.com,Male,53,2021-01-29,Kolkata,West Bengal,India,Silver
CUST0268,Aria Trivedi,aria.trivedi96@example.com,Female,28,2024-08-21,Vijayawada,Andhra Pradesh,India,Bronze
CUST0269,Noah Saxena,noah.saxena738@example.com,Female,39,2024-04-27,Mumbai,Maharashtra,India,Silver
CUST0270,Aarav Reddy,aarav.reddy47@example.com,Female,67,2024-06-20,Lucknow,Uttar Pradesh,India,Silver
CUST0271,Mia Nath,mia.nath427@example.com,Female,19,2023-08-02,Patna,Bihar,India,Bronze
CUST0272,Riya Khan,riya.khan251@example.com,Female,61,2022-07-22,Ahmedabad,Gujarat,India,Bronze
CUST0273,Olivia Kumar,olivia.kumar162@example.com,Male,48,2023-03-18,Pune,Maharashtra,India,Bronze
CUST0274,Sai Mehta,sai.mehta883@example.com,Female,64,2021-11-15,Coimbatore,Tamil Nadu,India,Bronze
CUST0275,Karthik Kapoor,karthik.kapoor576@example.com,Male,33,2023-03-26,Chennai,Tamil Nadu,India,Bronze
CUST0276,Diya Singh,diya.singh100@example.com,Male,42,2024-11-25,Nagpur,Maharashtra,India,Bronze
CUST0277,Isabella Gupta,isabella.gupta834@example.com,Male,54,2021-07-04,Pune,Maharashtra,India,Silver
CUST0278,Kabir Kapoor,kabir.kapoor479@example.com,Female,37,2023-07-31,Bengaluru,Karnataka,India,Bronze
CUST0279,Priya Kapoor,priya.kapoor469@example.com,Other,31,2024-07-17,Visakhapatnam,Andhra Pradesh,India,Bronze
CUST0280,Riya Khan,riya.khan612@example.com,Female,59,2025-07-17,Thiruvananthapuram,Kerala,India,Bronze
CUST0281,Aarav Patel,aarav.patel442@example.com,Male,34,2022-02-07,Coimbatore,Tamil Nadu,India,Bronze
CUST0282,Priya Kumar,priya.kumar584@example.com,Female,41,2024-03-16,Ahmedabad,Gujarat,India,Bronze
CUST0283,Rohan Bose,rohan.bose783@example.com,Female,70,2024-12-27,Vadodara,Gujarat,India,Bronze
CUST0284,Arjun Joshi,arjun.joshi383@example.com,Female,39,2024-04-03,Visakhapatnam,Andhra Pradesh,India,Silver
CUST0285,Saanvi Saxena,saanvi.saxena522@example.com,Male,20,2018-07-05,Mumbai,Maharashtra,India,Bronze
CUST0286,Rahul Khan,rahul.khan532@example.com,Male,56,2023-10-13,Kolkata,West Bengal,India,Bronze
CUST0287,Aria Mehta,aria.mehta167@example.com,Male,57,2021-05-10,Vijayawada,Andhra Pradesh,India,Bronze
CUST0288,Ethan Kapoor,ethan.kapoor546@example.com,Female,54,2021-05-12,Thiruvananthapuram,Kerala,India,Silver
CUST0289,Karthik Mehta,karthik.mehta690@example.com,Male,44,2024-07-18,Ahmedabad,Gujarat,India,Silver
CUST0290,Emma Sharma,emma.sharma612@example.com,Male,59,2024-06-27,Vijayawada,Andhra Pradesh,India,Bronze
CUST0291,Vivaan Nath,vivaan.nath492@example.com,Male,58,2024-12-13,Coimbatore,Tamil Nadu,India,Bronze
CUST0292,Noah Iyer,noah.iyer33@example.com,Female,62,2019-03-27,Pune,Maharashtra,India,Bronze
CUST0293,Rahul Chopra,rahul.chopra156@example.com,Male,31,2022-08-08,Bhopal,Madhya Pradesh,India,Silver
CUST0294,Amelia Khan,amelia.khan894@example.com,Female,64,2018-09-13,Kolkata,West Bengal,India,Bronze
CUST0295,Maya Mehta,maya.mehta679@example.com,Male,42,2021-07-09,Hyderabad,Telangana,India,Bronze
CUST0296,Maya Mehta,maya.mehta560@example.com,Male,67,2025-08-20,Lucknow,Uttar Pradesh,India,Silver
CUST0297,Saanvi Iyer,saanvi.iyer286@example.com,Female,32,2021-05-04,Ahmedabad,Gujarat,India,Silver
CUST0298,Olivia Khan,olivia.khan325@example.com,Male,53,2021-01-25,Ahmedabad,Gujarat,India,Bronze
CUST0299,Noah Trivedi,noah.trivedi389@example.com,Female,43,2021-11-14,Kolkata,West Bengal,India,Bronze
CUST0300,Riya Reddy,riya.reddy355@example.com,Female,59,2020-11-16,Thiruvananthapuram,Kerala,India,Bronze
CUST0301,Ethan Trivedi,ethan.trivedi278@example.com,Female,62,2021-01-17,Kolkata,West Bengal,India,Bronze
CUST0302,Emma Nath,emma.nath246@example.com,Male,60,2023-12-16,Jaipur,Rajasthan,India,Silver
CUST0303,Vivaan Patel,vivaan.patel424@example.com,Male,48,2019-02-16,Kolkata,West Bengal,India,Bronze
CUST0304,Maya Gupta,maya.gupta417@example.com,Female,48,2023-05-10,Pune,Maharashtra,India,Silver
CUST0305,Riya Mehta,riya.mehta293@example.com,Female,67,2019-01-02,Vijayawada,Andhra Pradesh,India,Bronze
CUST0306,Emma Kumar,emma.kumar936@example.com,Female,44,2019-12-22,Mumbai,Maharashtra,India,Platinum
CUST0307,Priya Khan,priya.khan191@example.com,Female,36,2018-06-03,Bengaluru,Karnataka,India,Bronze
CUST0308,Aria Patel,aria.patel951@example.com,Other,36,2023-02-05,Patna,Bihar,India,Bronze
CUST0309,Chloe Singh,chloe.singh872@example.com,Female,35,2020-02-29,Chennai,Tamil Nadu,India,Bronze
CUST0310,Emma Bose,emma.bose664@example.com,Male,29,2018-02-27,Surat,Gujarat,India,Silver
CUST0311,Sophia Nair,sophia.nair180@example.com,Female,58,2022-07-19,Nagpur,Maharashtra,India,Bronze
CUST0312,Aditya Joshi,aditya.joshi686@example.com,Male,26,2023-05-10,Surat,Gujarat,India,Gold
CUST0313,Aarav Das,aarav.das393@example.com,Male,66,2020-12-29,Surat,Gujarat,India,Bronze
CUST0314,Emma Nath,emma.nath12@example.com,Male,41,2025-10-08,Jaipur,Rajasthan,India,Bronze
CUST0315,Arjun Bose,arjun.bose315@example.com,Male,61,2023-08-21,Ahmedabad,Gujarat,India,Silver
CUST0316,Liam Dasgupta,liam.dasgupta377@example.com,Female,32,2019-07-02,Thiruvananthapuram,Kerala,India,Bronze
CUST0317,Emma Saxena,emma.saxena383@example.com,Male,53,2023-04-13,Patna,Bihar,India,Silver
CUST0318,Ethan Nair,ethan.nair781@example.com,Male,66,2024-09-06,Delhi,Delhi,India,Bronze
CUST0319,Rohan Verma,rohan.verma80@example.com,Female,25,2018-09-10,Patna,Bihar,India,Gold
CUST0320,Saanvi Nath,saanvi.nath550@example.com,Male,38,2023-11-02,Indore,Madhya Pradesh,India,Bronze
CUST0321,Saanvi Nath,saanvi.nath501@example.com,Male,50,2022-12-30,Mumbai,Maharashtra,India,Bronze
CUST0322,Rohan Chopra,rohan.chopra468@example.com,Female,53,2023-03-09,Ahmedabad,Gujarat,India,Silver
CUST0323,Priya Das,priya.das837@example.com,Male,31,2024-06-26,Delhi,Delhi,India,Bronze
CUST0324,Karthik Reddy,karthik.reddy555@example.com,Other,22,2023-04-18,Mumbai,Maharashtra,India,Bronze
CUST0325,Ananya Singh,ananya.singh785@example.com,Female,64,2025-03-30,Nagpur,Maharashtra,India,Bronze
CUST0326,Chloe Joshi,chloe.joshi460@example.com,Female,42,2022-03-19,Delhi,Delhi,India,Silver
CUST0327,Noah Trivedi,noah.trivedi137@example.com,Female,40,2019-05-01,Hyderabad,Telangana,India,Platinum
CUST0328,Priya Kapoor,priya.kapoor131@example.com,Female,32,2018-01-15,Bengaluru,Karnataka,India,Platinum
CUST0329,Aditi Trivedi,aditi.trivedi435@example.com,Female,70,2020-07-29,Jaipur,Rajasthan,India,Bronze
CUST0330,Sai Das,sai.das194@example.com,Female,64,2019-04-08,Mumbai,Maharashtra,India,Silver
CUST0331,Neha Saxena,neha.saxena785@example.com,Female,19,2020-09-12,Pune,Maharashtra,India,Bronze
CUST0332,Aria Kumar,aria.kumar458@example.com,Female,63,2018-07-19,Jaipur,Rajasthan,India,Silver
CUST0333,Priya Bose,priya.bose240@example.com,Female,66,2018-08-20,Kolkata,West Bengal,India,Bronze
CUST0334,Riya Iyer,riya.iyer836@example.com,Female,54,2021-07-30,Vijayawada,Andhra Pradesh,India,Bronze
CUST0335,Noah Mehta,noah.mehta243@example.com,Male,27,2025-05-28,Bhopal,Madhya Pradesh,India,Bronze
CUST0336,Riya Das,riya.das63@example.com,Female,55,2019-12-19,Nagpur,Maharashtra,India,Bronze
CUST0337,Vivaan Verma,vivaan.verma965@example.com,Female,42,2023-11-19,Surat,Gujarat,India,Silver
CUST0338,Neha Singh,neha.singh308@example.com,Male,66,2024-01-13,Thiruvananthapuram,Kerala,India,Bronze
CUST0339,Diya Dasgupta,diya.dasgupta879@example.com,Female,69,2023-03-12,Mumbai,Maharashtra,India,Bronze
CUST0340,Neha Trivedi,neha.trivedi543@example.com,Male,33,2020-11-10,Pune,Maharashtra,India,Bronze
CUST0341,Aditya Bose,aditya.bose868@example.com,Male,52,2020-02-20,Mumbai,Maharashtra,India,Bronze
CUST0342,Noah Saxena,noah.saxena618@example.com,Male,22,2020-02-10,Vijayawada,Andhra Pradesh,India,Silver
CUST0343,Maya Nair,maya.nair491@example.com,Male,39,2021-05-26,Bengaluru,Karnataka,India,Bronze
CUST0344,Saanvi Patel,saanvi.patel765@example.com,Other,48,2020-09-20,Vadodara,Gujarat,India,Silver
CUST0345,Priya Iyer,priya.iyer566@example.com,Male,36,2022-04-09,Indore,Madhya Pradesh,India,Bronze
CUST0346,Karthik Dasgupta,karthik.dasgupta268@example.com,Male,49,2023-03-24,Chennai,Tamil Nadu,India,Silver
CUST0347,Emma Khan,emma.khan780@example.com,Female,31,2022-02-27,Surat,Gujarat,India,Bronze
CUST0348,Sophia Iyer,sophia.iyer760@example.com,Male,34,2024-03-16,Vijayawada,Andhra Pradesh,India,Bronze
CUST0349,Neha Dasgupta,neha.dasgupta157@example.com,Male,32,2022-04-05,Vijayawada,Andhra Pradesh,India,Silver
CUST0350,Kabir Trivedi,kabir.trivedi671@example.com,Female,39,2020-11-20,Thiruvananthapuram,Kerala,India,Platinum
CUST0351,Liam Khan,liam.khan472@example.com,Male,68,2021-12-13,Hyderabad,Telangana,India,Bronze
CUST0352,Maya Khan,maya.khan189@example.com,Female,52,2025-03-13,Mumbai,Maharashtra,India,Bronze
CUST0353,Ethan Reddy,ethan.reddy968@example.com,Female,21,2018-01-27,Nagpur,Maharashtra,India,Bronze
CUST0354,Liam Iyer,liam.iyer70@example.com,Female,18,2020-06-14,Bhopal,Madhya Pradesh,India,Bronze
CUST0355,Vivaan Saxena,vivaan.saxena654@example.com,Female,57,2023-06-03,Thiruvananthapuram,Kerala,India,Bronze
CUST0356,Maya Trivedi,maya.trivedi422@example.com,Male,51,2021-01-30,Patna,Bihar,India,Platinum
CUST0357,Aarav Kapoor,aarav.kapoor833@example.com,Female,45,2020-01-05,Chennai,Tamil Nadu,India,Gold
CUST0358,Rohan Singh,rohan.singh247@example.com,Male,51,2020-10-30,Visakhapatnam,Andhra Pradesh,India,Bronze
CUST0359,Priya Reddy,priya.reddy383@example.com,Female,47,2024-05-03,Jaipur,Rajasthan,India,Platinum
CUST0360,Diya Dasgupta,diya.dasgupta701@example.com,Female,23,2025-05-01,Mumbai,Maharashtra,India,Bronze
CUST0361,Priya Joshi,priya.joshi566@example.com,Male,58,2018-02-08,Hyderabad,Telangana,India,Bronze
CUST0362,Isabella Chopra,isabella.chopra661@example.com,Female,54,2019-01-26,Bhopal,Madhya Pradesh,India,Gold
CUST0363,Diya Nair,diya.nair923@example.com,Female,54,2023-05-02,Lucknow,Uttar Pradesh,India,Bronze
CUST0364,Aditya Das,aditya.das921@example.com,Female,60,2018-05-15,Hyderabad,Telangana,India,Gold
CUST0365,Rahul Sharma,rahul.sharma985@example.com,Male,27,2022-06-20,Delhi,Delhi,India,Bronze
CUST0366,Sophia Iyer,sophia.iyer581@example.com,Female,42,2025-08-05,Patna,Bihar,India,Bronze
CUST0367,Mia Singh,mia.singh810@example.com,Other,64,2018-11-18,Bhopal,Madhya Pradesh,India,Silver
CUST0368,Karthik Kumar,karthik.kumar101@example.com,Male,22,2021-10-27,Vadodara,Gujarat,India,Silver
CUST0369,Aria Joshi,aria.joshi993@example.com,Female,19,2025-02-10,Lucknow,Uttar Pradesh,India,Silver
CUST0370,Aditi Khan,aditi.khan234@example.com,Male,42,2022-11-04,Hyderabad,Telangana,India,Silver
CUST0371,Noah Joshi,noah.joshi88@example.com,Female,36,2020-10-06,Delhi,Delhi,India,Bronze
CUST0372,Sai Joshi,sai.joshi729@example.com,Female,27,2022-05-15,Surat,Gujarat,India,Bronze
CUST0373,Aditya Sharma,aditya.sharma966@example.com,Male,41,2021-01-09,Chennai,Tamil Nadu,India,Bronze
CUST0374,Ananya Chopra,ananya.chopra460@example.com,Female,50,2022-07-30,Chennai,Tamil Nadu,India,Bronze
CUST0375,Karthik Trivedi,karthik.trivedi96@example.com,Female,68,2021-08-21,Coimbatore,Tamil Nadu,India,Bronze
CUST0376,Neha Joshi,neha.joshi798@example.com,Male,53,2020-09-21,Vijayawada,Andhra Pradesh,India,Bronze
CUST0377,Noah Joshi,noah.joshi174@example.com,Male,37,2021-01-04,Thiruvananthapuram,Kerala,India,Bronze
CUST0378,Ananya Chopra,ananya.chopra283@example.com,Male,48,2018-11-12,Visakhapatnam,Andhra Pradesh,India,Bronze
CUST0379,Diya Khan,diya.khan609@example.com,Female,47,2019-03-15,Kolkata,West Bengal,India,Bronze
CUST0380,Priya Mehta,priya.mehta862@example.com,Female,69,2021-09-11,Indore,Madhya Pradesh,India,Bronze
CUST0381,Ethan Saxena,ethan.saxena140@example.com,Male,56,2025-10-18,Pune,Maharashtra,India,Bronze
CUST0382,Ananya Joshi,ananya.joshi992@example.com,Male,65,2025-10-17,Thiruvananthapuram,Kerala,India,Platinum
CUST0383,Lucas Iyer,lucas.iyer334@example.com,Male,70,2022-05-29,Visakhapatnam,Andhra Pradesh,India,Bronze
CUST0384,Sophia Nair,sophia.nair607@example.com,Other,29,2025-08-24,Patna,Bihar,India,Bronze
CUST0385,Emma Bose,emma.bose966@example.com,Female,46,2021-04-08,Delhi,Delhi,India,Silver
CUST0386,Lucas Chopra,lucas.chopra690@example.com,Female,58,2021-05-25,Jaipur,Rajasthan,India,Bronze
CUST0387,Sai Chopra,sai.chopra809@example.com,Male,46,2024-09-15,Thiruvananthapuram,Kerala,India,Bronze
CUST0388,Maya Kapoor,maya.kapoor946@example.com,Female,62,2022-09-10,Patna,Bihar,India,Bronze
CUST0389,Karthik Trivedi,karthik.trivedi609@example.com,Female,23,2019-03-24,Jaipur,Rajasthan,India,Silver
CUST0390,Karthik Gupta,karthik.gupta663@example.com,Female,54,2025-03-27,Coimbatore,Tamil Nadu,India,Platinum
CUST0391,Rahul Chopra,rahul.chopra109@example.com,Male,34,2020-06-28,Bhopal,Madhya Pradesh,India,Silver
CUST0392,Maya Nath,maya.nath705@example.com,Female,46,2022-03-13,Coimbatore,Tamil Nadu,India,Bronze
CUST0393,Noah Nath,noah.nath708@example.com,Female,40,2018-04-11,Thiruvananthapuram,Kerala,India,Bronze
CUST0394,Neha Reddy,neha.reddy119@example.com,Female,64,2019-08-04,Visakhapatnam,Andhra Pradesh,India,Bronze
CUST0395,Aditi Nair,aditi.nair534@example.com,Female,48,2019-02-04,Indore,Madhya Pradesh,India,Silver
CUST0396,Aditi Mehta,aditi.mehta69@example.com,Male,69,2019-04-17,Bengaluru,Karnataka,India,Silver
CUST0397,Liam Patel,liam.patel694@example.com,Female,65,2020-09-26,Bhopal,Madhya Pradesh,India,Bronze
CUST0398,Ananya Mehta,ananya.mehta574@example.com,Male,47,2020-08-07,Coimbatore,Tamil Nadu,India,Silver
CUST0399,Ananya Chopra,ananya.chopra406@example.com,Male,57,2020-03-19,Indore,Madhya Pradesh,India,Bronze
CUST0400,Priya Sharma,priya.sharma722@example.com,Male,35,2018-09-14,Vijayawada,Andhra Pradesh,India,Bronze
CUST0401,Isabella Trivedi,isabella.trivedi192@example.com,Male,30,2023-02-18,Chennai,Tamil Nadu,India,Bronze
CUST0402,Isabella Khan,isabella.khan541@example.com,Other,38,2024-09-11,Coimbatore,Tamil Nadu,India,Silver
CUST0403,Sophia Patel,sophia.patel357@example.com,Male,47,2024-12-03,Hyderabad,Telangana,India,Silver
CUST0404,Olivia Dasgupta,olivia.dasgupta941@example.com,Female,23,2025-07-15,Kolkata,West Bengal,India,Bronze
CUST0405,Diya Dasgupta,diya.dasgupta120@example.com,Male,62,2019-08-03,Bhopal,Madhya Pradesh,India,Bronze
CUST0406,Aria Singh,aria.singh589@example.com,Male,29,2023-06-17,Patna,Bihar,India,Silver
CUST0407,Liam Gupta,liam.gupta569@example.com,Male,36,2019-07-29,Hyderabad,Telangana,India,Bronze
CUST0408,Aditi Saxena,aditi.saxena55@example.com,Female,18,2023-06-08,Kolkata,West Bengal,India,Bronze
CUST0409,Priya Trivedi,priya.trivedi518@example.com,Female,44,2025-09-05,Thiruvananthapuram,Kerala,India,Bronze
CUST0410,Ethan Bose,ethan.bose501@example.com,Male,54,2018-05-07,Jaipur,Rajasthan,India,Bronze
CUST0411,Isha Iyer,isha.iyer551@example.com,Male,67,2023-02-17,Vijayawada,Andhra Pradesh,India,Silver
CUST0412,Mia Khan,mia.khan563@example.com,Female,54,2019-04-13,Lucknow,Uttar Pradesh,India,Silver
CUST0413,Ethan Verma,ethan.verma556@example.com,Female,20,2022-12-13,Patna,Bihar,India,Bronze
CUST0414,Neha Patel,neha.patel754@example.com,Female,66,2020-10-10,Ahmedabad,Gujarat,India,Gold
CUST0415,Vivaan Bose,vivaan.bose270@example.com,Male,70,2018-12-23,Indore,Madhya Pradesh,India,Gold
CUST0416,Arjun Iyer,arjun.iyer215@example.com,Female,55,2025-09-23,Visakhapatnam,Andhra Pradesh,India,Gold
CUST0417,Aria Chopra,aria.chopra170@example.com,Female,68,2020-04-26,Pune,Maharashtra,India,Silver
CUST0418,Sophia Verma,sophia.verma546@example.com,Male,52,2019-11-21,Surat,Gujarat,India,Platinum
CUST0419,Riya Dasgupta,riya.dasgupta587@example.com,Male,50,2025-08-14,Chennai,Tamil Nadu,India,Bronze
CUST0420,Mia Chopra,mia.chopra941@example.com,Male,35,2025-05-10,Kolkata,West Bengal,India,Silver
CUST0421,Sai Iyer,sai.iyer150@example.com,Female,33,2025-08-01,Coimbatore,Tamil Nadu,India,Bronze
CUST0422,Sophia Das,sophia.das643@example.com,Male,46,2018-11-06,Delhi,Delhi,India,Bronze
CUST0423,Emma Das,emma.das712@example.com,Female,41,2023-02-06,Thiruvananthapuram,Kerala,India,Bronze
CUST0424,Aarav Reddy,aarav.reddy749@example.com,Other,58,2025-06-13,Visakhapatnam,Andhra Pradesh,India,Gold
CUST0425,Lucas Trivedi,lucas.trivedi408@example.com,Male,45,2020-05-17,Thiruvananthapuram,Kerala,India,Bronze
CUST0426,Ethan Dasgupta,ethan.dasgupta346@example.com,Female,26,2024-05-07,Thiruvananthapuram,Kerala,India,Silver
CUST0427,Chloe Kumar,chloe.kumar48@example.com,Male,68,2023-02-26,Bengaluru,Karnataka,India,Bronze
CUST0428,Isabella Gupta,isabella.gupta452@example.com,Male,45,2020-04-08,Kolkata,West Bengal,India,Gold
CUST0429,Riya Gupta,riya.gupta896@example.com,Female,35,2019-01-18,Visakhapatnam,Andhra Pradesh,India,Bronze
CUST0430,Karthik Gupta,karthik.gupta54@example.com,Male,37,2020-08-17,Nagpur,Maharashtra,India,Silver
CUST0431,Olivia Patel,olivia.patel2@example.com,Male,22,2019-06-28,Vijayawada,Andhra Pradesh,India,Bronze
CUST0432,Noah Bose,noah.bose10@example.com,Male,39,2019-05-09,Nagpur,Maharashtra,India,Silver
CUST0433,Kabir Reddy,kabir.reddy235@example.com,Male,64,2019-02-24,Chennai,Tamil Nadu,India,Bronze
CUST0434,Chloe Dasgupta,chloe.dasgupta141@example.com,Male,70,2019-06-30,Kolkata,West Bengal,India,Bronze
CUST0435,Sophia Sharma,sophia.sharma625@example.com,Female,46,2021-12-09,Pune,Maharashtra,India,Silver
CUST0436,Sai Chopra,sai.chopra631@example.com,Female,31,2018-12-22,Chennai,Tamil Nadu,India,Bronze
CUST0437,Arjun Nath,arjun.nath748@example.com,Male,45,2021-07-12,Kolkata,West Bengal,India,Bronze
CUST0438,Liam Reddy,liam.reddy255@example.com,Female,56,2024-10-24,Ahmedabad,Gujarat,India,Silver
CUST0439,Olivia Sharma,olivia.sharma869@example.com,Female,37,2020-04-21,Bhopal,Madhya Pradesh,India,Silver
CUST0440,Saanvi Joshi,saanvi.joshi303@example.com,Female,68,2020-09-07,Thiruvananthapuram,Kerala,India,Bronze
CUST0441,Diya Khan,diya.khan654@example.com,Female,51,2018-02-19,Visakhapatnam,Andhra Pradesh,India,Gold
CUST0442,Sai Joshi,sai.joshi882@example.com,Female,44,2022-02-05,Patna,Bihar,India,Silver
CUST0443,Mia Khan,mia.khan978@example.com,Other,22,2018-03-10,Vijayawada,Andhra Pradesh,India,Bronze
CUST0444,Isha Nair,isha.nair41@example.com,Female,68,2022-06-19,Bhopal,Madhya Pradesh,India,Bronze
CUST0445,Olivia Kapoor,olivia.kapoor786@example.com,Male,62,2022-07-06,Delhi,Delhi,India,Silver
CUST0446,Maya Saxena,maya.saxena157@example.com,Male,37,2018-11-20,Bhopal,Madhya Pradesh,India,Gold
CUST0447,Lucas Singh,lucas.singh550@example.com,Male,55,2025-02-11,Delhi,Delhi,India,Bronze
CUST0448,Neha Iyer,neha.iyer60@example.com,Male,45,2019-04-21,Indore,Madhya Pradesh,India,Silver
CUST0449,Vivaan Dasgupta,vivaan.dasgupta683@example.com,Female,65,2019-12-21,Chennai,Tamil Nadu,India,Bronze
CUST0450,Sai Sharma,sai.sharma168@example.com,Female,40,2023-11-13,Bhopal,Madhya Pradesh,India,Silver
CUST0451,Emma Das,emma.das171@example.com,Male,65,2021-01-05,Chennai,Tamil Nadu,India,Silver
CUST0452,Aarav Mehta,aarav.mehta827@example.com,Male,51,2018-09-19,Lucknow,Uttar Pradesh,India,Silver
CUST0453,Sophia Reddy,sophia.reddy509@example.com,Male,41,2018-08-16,Thiruvananthapuram,Kerala,India,Gold
CUST0454,Ananya Verma,ananya.verma162@example.com,Male,24,2024-06-08,Chennai,Tamil Nadu,India,Bronze
CUST0455,Rohan Sharma,rohan.sharma46@example.com,Female,18,2020-09-28,Mumbai,Maharashtra,India,Bronze
CUST0456,Priya Singh,priya.singh184@example.com,Female,20,2024-03-14,Nagpur,Maharashtra,India,Bronze
CUST0457,Diya Chopra,diya.chopra938@example.com,Female,35,2018-11-16,Vijayawada,Andhra Pradesh,India,Bronze
CUST0458,Rohan Kumar,rohan.kumar184@example.com,Male,51,2018-07-08,Coimbatore,Tamil Nadu,India,Bronze
CUST0459,Aditi Dasgupta,aditi.dasgupta793@example.com,Female,38,2018-12-20,Patna,Bihar,India,Bronze
CUST0460,Karthik Nair,karthik.nair299@example.com,Female,37,2024-12-25,Jaipur,Rajasthan,India,Bronze
CUST0461,Sophia Khan,sophia.khan792@example.com,Female,64,2024-02-17,Jaipur,Rajasthan,India,Bronze
CUST0462,Amelia Chopra,amelia.chopra25@example.com,Male,40,2025-02-17,Bengaluru,Karnataka,India,Platinum
CUST0463,Aarav Joshi,aarav.joshi870@example.com,Female,37,2019-03-02,Pune,Maharashtra,India,Bronze
CUST0464,Diya Chopra,diya.chopra504@example.com,Other,27,2021-02-20,Delhi,Delhi,India,Bronze
CUST0465,Diya Kapoor,diya.kapoor423@example.com,Female,41,2023-02-21,Delhi,Delhi,India,Bronze
CUST0466,Rohan Singh,rohan.singh653@example.com,Female,22,2024-08-21,Vijayawada,Andhra Pradesh,India,Bronze
CUST0467,Noah Singh,noah.singh243@example.com,Male,38,2022-05-29,Surat,Gujarat,India,Bronze
CUST0468,Isha Iyer,isha.iyer77@example.com,Female,26,2024-07-22,Chennai,Tamil Nadu,India,Bronze
CUST0469,Ananya Bose,ananya.bose478@example.com,Male,25,2024-01-05,Visakhapatnam,Andhra Pradesh,India,Platinum
CUST0470,Saanvi Bose,saanvi.bose316@example.com,Male,25,2019-01-06,Hyderabad,Telangana,India,Silver
CUST0471,Riya Saxena,riya.saxena42@example.com,Male,38,2019-08-31,Delhi,Delhi,India,Silver
CUST0472,Karthik Joshi,karthik.joshi526@example.com,Male,37,2020-12-01,Hyderabad,Telangana,India,Bronze
CUST0473,Priya Bose,priya.bose570@example.com,Female,33,2019-01-23,Indore,Madhya Pradesh,India,Bronze
CUST0474,Lucas Singh,lucas.singh125@example.com,Male,67,2020-06-29,Kolkata,West Bengal,India,Bronze
CUST0475,Priya Verma,priya.verma703@example.com,Female,59,2018-12-11,Vijayawada,Andhra Pradesh,India,Bronze
CUST0476,Amelia Reddy,amelia.reddy23@example.com,Other,30,2025-03-30,Indore,Madhya Pradesh,India,Silver
CUST0477,Aditya Mehta,aditya.mehta126@example.com,Male,47,2018-07-27,Hyderabad,Telangana,India,Gold
CUST0478,Neha Joshi,neha.joshi509@example.com,Male,61,2022-10-14,Hyderabad,Telangana,India,Bronze
CUST0479,Amelia Gupta,amelia.gupta282@example.com,Male,27,2018-05-22,Vadodara,Gujarat,India,Silver
CUST0480,Diya Dasgupta,diya.dasgupta511@example.com,Male,53,2023-05-17,Mumbai,Maharashtra,India,Bronze
CUST0481,Priya Singh,priya.singh430@example.com,Male,69,2023-11-24,Jaipur,Rajasthan,India,Silver
CUST0482,Lucas Trivedi,lucas.trivedi814@example.com,Male,42,2022-01-10,Thiruvananthapuram,Kerala,India,Bronze
CUST0483,Kabir Verma,kabir.verma935@example.com,Female,38,2022-05-10,Lucknow,Uttar Pradesh,India,Bronze
CUST0484,Rahul Saxena,rahul.saxena225@example.com,Male,69,2021-02-24,Mumbai,Maharashtra,India,Silver
CUST0485,Kabir Kapoor,kabir.kapoor367@example.com,Female,32,2019-10-16,Chennai,Tamil Nadu,India,Bronze
CUST0486,Diya Das,diya.das547@example.com,Female,65,2018-08-18,Jaipur,Rajasthan,India,Bronze
CUST0487,Lucas Joshi,lucas.joshi364@example.com,Female,29,2019-12-23,Jaipur,Rajasthan,India,Bronze
CUST0488,Lucas Verma,lucas.verma936@example.com,Female,63,2021-12-11,Vijayawada,Andhra Pradesh,India,Bronze
CUST0489,Sophia Nair,sophia.nair857@example.com,Other,49,2024-01-30,Ahmedabad,Gujarat,India,Bronze
CUST0490,Vivaan Reddy,vivaan.reddy58@example.com,Male,32,2018-03-23,Bhopal,Madhya Pradesh,India,Bronze
CUST0491,Rahul Saxena,rahul.saxena207@example.com,Female,39,2019-12-28,Surat,Gujarat,India,Bronze
CUST0492,Sai Nath,sai.nath722@example.com,Female,67,2019-03-31,Bhopal,Madhya Pradesh,India,Gold
CUST0493,Aditya Verma,aditya.verma722@example.com,Female,43,2024-07-28,Chennai,Tamil Nadu,India,Bronze
CUST0494,Rahul Singh,rahul.singh162@example.com,Female,45,2025-03-03,Thiruvananthapuram,Kerala,India,Silver
CUST0495,Ananya Trivedi,ananya.trivedi711@example.com,Female,57,2022-01-01,Jaipur,Rajasthan,India,Silver
CUST0496,Ethan Gupta,ethan.gupta388@example.com,Male,62,2021-04-21,Kolkata,West Bengal,India,Bronze
CUST0497,Aarav Nath,aarav.nath401@example.com,Female,67,2024-05-13,Mumbai,Maharashtra,India,Bronze
CUST0498,Rahul Saxena,rahul.saxena227@example.com,Female,24,2023-07-26,Kolkata,West Bengal,India,Bronze
CUST0499,Aditya Iyer,aditya.iyer356@example.com,Other,28,2025-02-18,Delhi,Delhi,India,Silver
CUST0500,Noah Mehta,noah.mehta458@example.com,Male,31,2020-10-19,Delhi,Delhi,India,Bronze
CUST0501,Lucas Patel,lucas.patel738@example.com,Male,42,2022-11-30,Nagpur,Maharashtra,India,Platinum
CUST0502,Chloe Chopra,chloe.chopra505@example.com,Female,40,2024-02-15,Coimbatore,Tamil Nadu,India,Bronze
CUST0503,Kabir Nath,kabir.nath667@example.com,Female,32,2019-10-29,Indore,Madhya Pradesh,India,Bronze
CUST0504,Isabella Kumar,isabella.kumar302@example.com,Male,34,2019-03-05,Delhi,Delhi,India,Bronze
CUST0505,Chloe Joshi,chloe.joshi165@example.com,Female,53,2019-01-17,Surat,Gujarat,India,Bronze
CUST0506,Aria Khan,aria.khan722@example.com,Male,59,2019-11-07,Vadodara,Gujarat,India,Gold
CUST0507,Ananya Kumar,ananya.kumar104@example.com,Male,30,2022-08-04,Patna,Bihar,India,Silver
CUST0508,Emma Trivedi,emma.trivedi272@example.com,Female,37,2020-08-30,Chennai,Tamil Nadu,India,Bronze
CUST0509,Sophia Trivedi,sophia.trivedi861@example.com,Female,21,2022-01-17,Bengaluru,Karnataka,India,Bronze
CUST0510,Riya Saxena,riya.saxena492@example.com,Male,19,2020-04-27,Hyderabad,Telangana,India,Silver
CUST0511,Aditya Khan,aditya.khan865@example.com,Male,68,2022-06-17,Thiruvananthapuram,Kerala,India,Bronze
CUST0512,Noah Das,noah.das94@example.com,Female,42,2020-01-28,Visakhapatnam,Andhra Pradesh,India,Gold
CUST0513,Karthik Gupta,karthik.gupta457@example.com,Male,46,2023-03-20,Lucknow,Uttar Pradesh,India,Bronze
CUST0514,Isha Nath,isha.nath64@example.com,Male,62,2025-06-26,Chennai,Tamil Nadu,India,Bronze
CUST0515,Karthik Trivedi,karthik.trivedi424@example.com,Other,55,2020-07-20,Patna,Bihar,India,Bronze
CUST0516,Priya Kapoor,priya.kapoor429@example.com,Other,61,2023-04-29,Vijayawada,Andhra Pradesh,India,Gold
CUST0517,Kabir Dasgupta,kabir.dasgupta81@example.com,Male,63,2018-05-23,Bhopal,Madhya Pradesh,India,Bronze
CUST0518,Rohan Nath,rohan.nath694@example.com,Other,27,2019-05-08,Indore,Madhya Pradesh,India,Bronze
CUST0519,Ananya Nair,ananya.nair828@example.com,Male,20,2022-10-01,Delhi,Delhi,India,Platinum
CUST0520,Neha Nair,neha.nair843@example.com,Female,56,2020-11-22,Surat,Gujarat,India,Gold
CUST0521,Amelia Reddy,amelia.reddy90@example.com,Male,43,2024-03-11,Surat,Gujarat,India,Gold
CUST0522,Rohan Bose,rohan.bose940@example.com,Female,68,2024-12-27,Vijayawada,Andhra Pradesh,India,Bronze
CUST0523,Neha Patel,neha.patel425@example.com,Male,54,2024-08-05,Vijayawada,Andhra Pradesh,India,Silver
CUST0524,Arjun Patel,arjun.patel577@example.com,Female,68,2021-03-17,Patna,Bihar,India,Gold
CUST0525,Chloe Chopra,chloe.chopra271@example.com,Male,49,2024-06-01,Vadodara,Gujarat,India,Bronze
CUST0526,Ananya Das,ananya.das413@example.com,Male,56,2025-08-20,Coimbatore,Tamil Nadu,India,Bronze
CUST0527,Chloe Mehta,chloe.mehta708@example.com,Male,65,2023-05-01,Lucknow,Uttar Pradesh,India,Gold
CUST0528,Aarav Mehta,aarav.mehta838@example.com,Female,37,2021-02-22,Thiruvananthapuram,Kerala,India,Gold
CUST0529,Noah Patel,noah.patel996@example.com,Female,26,2021-05-15,Indore,Madhya Pradesh,India,Silver
CUST0530,Rahul Das,rahul.das747@example.com,Male,59,2019-01-01,Pune,Maharashtra,India,Bronze
CUST0531,Amelia Chopra,amelia.chopra759@example.com,Female,51,2022-03-12,Mumbai,Maharashtra,India,Bronze
CUST0532,Ananya Reddy,ananya.reddy319@example.com,Female,43,2019-07-10,Bhopal,Madhya Pradesh,India,Gold
CUST0533,Aarav Gupta,aarav.gupta198@example.com,Female,30,2018-08-25,Jaipur,Rajasthan,India,Bronze
CUST0534,Vivaan Verma,vivaan.verma722@example.com,Male,41,2023-03-17,Bhopal,Madhya Pradesh,India,Bronze
CUST0535,Amelia Patel,amelia.patel698@example.com,Male,41,2023-06-26,Vadodara,Gujarat,India,Bronze
CUST0536,Isabella Khan,isabella.khan601@example.com,Female,40,2019-11-01,Lucknow,Uttar Pradesh,India,Silver
CUST0537,Olivia Reddy,olivia.reddy292@example.com,Male,21,2019-10-30,Vijayawada,Andhra Pradesh,India,Silver
CUST0538,Saanvi Iyer,saanvi.iyer663@example.com,Male,31,2021-01-07,Nagpur,Maharashtra,India,Bronze
CUST0539,Isabella Sharma,isabella.sharma486@example.com,Female,59,2019-12-11,Vadodara,Gujarat,India,Silver
CUST0540,Diya Das,diya.das623@example.com,Female,37,2025-03-17,Lucknow,Uttar Pradesh,India,Bronze
CUST0541,Priya Verma,priya.verma471@example.com,Male,47,2021-05-22,Bhopal,Madhya Pradesh,India,Silver
CUST0542,Priya Nath,priya.nath105@example.com,Male,60,2022-03-13,Patna,Bihar,India,Silver
CUST0543,Aria Dasgupta,aria.dasgupta306@example.com,Female,48,2018-09-19,Surat,Gujarat,India,Platinum
CUST0544,Liam Mehta,liam.mehta883@example.com,Male,59,2025-04-22,Ahmedabad,Gujarat,India,Bronze
CUST0545,Rohan Iyer,rohan.iyer922@example.com,Male,69,2024-09-23,Coimbatore,Tamil Nadu,India,Silver
CUST0546,Noah Singh,noah.singh739@example.com,Male,49,2021-04-25,Lucknow,Uttar Pradesh,India,Gold
CUST0547,Priya Joshi,priya.joshi755@example.com,Male,63,2024-06-01,Pune,Maharashtra,India,Bronze
CUST0548,Olivia Iyer,olivia.iyer703@example.com,Female,68,2023-05-03,Visakhapatnam,Andhra Pradesh,India,Bronze
CUST0549,Isabella Gupta,isabella.gupta861@example.com,Female,53,2020-01-12,Ahmedabad,Gujarat,India,Bronze
CUST0550,Sai Das,sai.das743@example.com,Female,66,2020-01-20,Surat,Gujarat,India,Silver
CUST0551,Diya Verma,diya.verma229@example.com,Female,37,2022-09-19,Surat,Gujarat,India,Bronze
CUST0552,Sophia Dasgupta,sophia.dasgupta475@example.com,Female,48,2018-08-08,Vijayawada,Andhra Pradesh,India,Bronze
CUST0553,Aria Reddy,aria.reddy484@example.com,Female,50,2019-05-06,Coimbatore,Tamil Nadu,India,Bronze
CUST0554,Neha Kumar,neha.kumar892@example.com,Female,26,2020-03-31,Surat,Gujarat,India,Bronze
CUST0555,Sophia Bose,sophia.bose147@example.com,Male,63,2020-01-09,Delhi,Delhi,India,Bronze
CUST0556,Liam Gupta,liam.gupta321@example.com,Female,18,2023-01-26,Lucknow,Uttar Pradesh,India,Bronze
CUST0557,Mia Gupta,mia.gupta591@example.com,Female,49,2018-12-27,Kolkata,West Bengal,India,Silver
CUST0558,Liam Chopra,liam.chopra414@example.com,Male,48,2022-04-20,Bengaluru,Karnataka,India,Bronze
CUST0559,Saanvi Verma,saanvi.verma973@example.com,Male,38,2023-12-16,Pune,Maharashtra,India,Bronze
CUST0560,Aarav Iyer,aarav.iyer232@example.com,Female,40,2021-07-02,Kolkata,West Bengal,India,Bronze
CUST0561,Rohan Nath,rohan.nath314@example.com,Male,70,2018-07-07,Ahmedabad,Gujarat,India,Gold
CUST0562,Aditi Kapoor,aditi.kapoor611@example.com,Female,45,2025-09-14,Kolkata,West Bengal,India,Bronze
CUST0563,Chloe Khan,chloe.khan368@example.com,Female,28,2022-07-11,Bengaluru,Karnataka,India,Bronze
CUST0564,Emma Singh,emma.singh217@example.com,Female,55,2023-08-29,Hyderabad,Telangana,India,Bronze
CUST0565,Olivia Kumar,olivia.kumar385@example.com,Female,34,2023-12-31,Vadodara,Gujarat,India,Bronze
CUST0566,Vivaan Patel,vivaan.patel670@example.com,Female,21,2025-09-26,Chennai,Tamil Nadu,India,Bronze
CUST0567,Priya Patel,priya.patel561@example.com,Male,62,2019-09-20,Pune,Maharashtra,India,Silver
CUST0568,Liam Sharma,liam.sharma309@example.com,Male,24,2025-06-06,Bhopal,Madhya Pradesh,India,Bronze
CUST0569,Aria Singh,aria.singh429@example.com,Female,24,2023-09-27,Vadodara,Gujarat,India,Bronze
CUST0570,Arjun Patel,arjun.patel510@example.com,Male,30,2020-12-13,Bhopal,Madhya Pradesh,India,Platinum
CUST0571,Karthik Chopra,karthik.chopra303@example.com,Male,53,2023-07-27,Pune,Maharashtra,India,Silver
CUST0572,Kabir Mehta,kabir.mehta241@example.com,Male,60,2018-12-31,Chennai,Tamil Nadu,India,Silver
CUST0573,Noah Khan,noah.khan153@example.com,Female,67,2023-09-27,Delhi,Delhi,India,Silver
CUST0574,Arjun Das,arjun.das660@example.com,Male,36,2020-12-17,Indore,Madhya Pradesh,India,Bronze
CUST0575,Ethan Gupta,ethan.gupta896@example.com,Male,36,2022-01-15,Surat,Gujarat,India,Bronze
CUST0576,Arjun Patel,arjun.patel872@example.com,Female,20,2018-02-09,Kolkata,West Bengal,India,Silver
CUST0577,Ananya Mehta,ananya.mehta367@example.com,Female,57,2021-01-03,Delhi,Delhi,India,Bronze
CUST0578,Rahul Gupta,rahul.gupta117@example.com,Male,47,2021-01-18,Coimbatore,Tamil Nadu,India,Silver
CUST0579,Kabir Chopra,kabir.chopra665@example.com,Female,28,2019-04-09,Kolkata,West Bengal,India,Silver
CUST0580,Vivaan Gupta,vivaan.gupta107@example.com,Male,55,2023-06-01,Vijayawada,Andhra Pradesh,India,Silver
CUST0581,Ananya Saxena,ananya.saxena389@example.com,Female,57,2018-04-29,Kolkata,West Bengal,India,Bronze
CUST0582,Kabir Patel,kabir.patel909@example.com,Male,20,2018-09-17,Lucknow,Uttar Pradesh,India,Silver
CUST0583,Aarav Kapoor,aarav.kapoor786@example.com,Female,64,2024-05-03,Jaipur,Rajasthan,India,Platinum
CUST0584,Noah Mehta,noah.mehta532@example.com,Female,62,2024-12-07,Chennai,Tamil Nadu,India,Bronze
CUST0585,Emma Iyer,emma.iyer494@example.com,Male,61,2025-03-12,Coimbatore,Tamil Nadu,India,Bronze
CUST0586,Ethan Trivedi,ethan.trivedi914@example.com,Other,21,2018-02-17,Hyderabad,Telangana,India,Bronze
CUST0587,Kabir Khan,kabir.khan891@example.com,Male,66,2023-07-07,Surat,Gujarat,India,Bronze
CUST0588,Isha Kumar,isha.kumar520@example.com,Male,59,2022-03-31,Coimbatore,Tamil Nadu,India,Silver
CUST0589,Aditya Bose,aditya.bose455@example.com,Female,46,2018-12-27,Thiruvananthapuram,Kerala,India,Bronze
CUST0590,Arjun Khan,arjun.khan764@example.com,Female,24,2022-07-11,Nagpur,Maharashtra,India,Bronze
CUST0591,Maya Sharma,maya.sharma846@example.com,Male,56,2024-12-10,Ahmedabad,Gujarat,India,Gold
CUST0592,Maya Nair,maya.nair671@example.com,Female,39,2022-01-28,Mumbai,Maharashtra,India,Silver
CUST0593,Isabella Bose,isabella.bose340@example.com,Female,57,2024-09-23,Thiruvananthapuram,Kerala,India,Silver
CUST0594,Karthik Bose,karthik.bose117@example.com,Male,60,2020-06-27,Bengaluru,Karnataka,India,Bronze
CUST0595,Ethan Dasgupta,ethan.dasgupta561@example.com,Female,62,2019-03-12,Mumbai,Maharashtra,India,Gold
CUST0596,Kabir Singh,kabir.singh842@example.com,Female,64,2022-08-04,Chennai,Tamil Nadu,India,Bronze
CUST0597,Saanvi Nair,saanvi.nair124@example.com,Female,43,2020-06-02,Indore,Madhya Pradesh,India,Silver
CUST0598,Saanvi Mehta,saanvi.mehta111@example.com,Female,20,2025-02-06,Vijayawada,Andhra Pradesh,India,Bronze
CUST0599,Chloe Bose,chloe.bose469@example.com,Female,50,2019-07-06,Thiruvananthapuram,Kerala,India,Bronze
CUST0600,Emma Kumar,emma.kumar567@example.com,Female,55,2023-06-02,Bhopal,Madhya Pradesh,India,Silver
CUST0601,Amelia Gupta,amelia.gupta709@example.com,Female,64,2019-06-10,Chennai,Tamil Nadu,India,Bronze
CUST0602,Aria Saxena,aria.saxena904@example.com,Male,42,2022-09-11,Vadodara,Gujarat,India,Gold
CUST0603,Mia Iyer,mia.iyer281@example.com,Male,39,2021-04-19,Indore,Madhya Pradesh,India,Silver
CUST0604,Sai Chopra,sai.chopra617@example.com,Female,65,2023-09-30,Ahmedabad,Gujarat,India,Silver
CUST0605,Maya Mehta,maya.mehta729@example.com,Female,53,2025-02-04,Pune,Maharashtra,India,Bronze
CUST0606,Aria Dasgupta,aria.dasgupta704@example.com,Male,61,2019-06-28,Hyderabad,Telangana,India,Bronze
CUST0607,Olivia Mehta,olivia.mehta728@example.com,Male,40,2024-04-22,Thiruvananthapuram,Kerala,India,Bronze
CUST0608,Noah Chopra,noah.chopra691@example.com,Female,52,2021-03-17,Nagpur,Maharashtra,India,Silver
CUST0609,Rohan Patel,rohan.patel26@example.com,Male,21,2025-07-08,Mumbai,Maharashtra,India,Bronze
CUST0610,Mia Gupta,mia.gupta294@example.com,Female,27,2018-09-12,Ahmedabad,Gujarat,India,Bronze
CUST0611,Maya Kumar,maya.kumar368@example.com,Female,24,2024-11-28,Patna,Bihar,India,Gold
CUST0612,Emma Trivedi,emma.trivedi399@example.com,Male,68,2025-10-22,Ahmedabad,Gujarat,India,Silver
CUST0613,Vivaan Joshi,vivaan.joshi397@example.com,Male,68,2025-09-07,Surat,Gujarat,India,Platinum
CUST0614,Vivaan Sharma,vivaan.sharma762@example.com,Male,57,2022-12-20,Jaipur,Rajasthan,India,Gold
CUST0615,Olivia Verma,olivia.verma774@example.com,Female,65,2024-10-07,Pune,Maharashtra,India,Silver
CUST0616,Saanvi Dasgupta,saanvi.dasgupta460@example.com,Male,61,2018-11-02,Hyderabad,Telangana,India,Platinum
CUST0617,Emma Kapoor,emma.kapoor123@example.com,Male,45,2021-02-17,Patna,Bihar,India,Bronze
CUST0618,Ananya Nath,ananya.nath867@example.com,Male,39,2023-03-26,Kolkata,West Bengal,India,Bronze
CUST0619,Amelia Mehta,amelia.mehta612@example.com,Male,58,2024-11-26,Ahmedabad,Gujarat,India,Bronze
CUST0620,Sophia Trivedi,sophia.trivedi367@example.com,Male,63,2021-07-25,Bhopal,Madhya Pradesh,India,Bronze
CUST0621,Ananya Kapoor,ananya.kapoor70@example.com,Female,28,2022-08-31,Patna,Bihar,India,Bronze
CUST0622,Aditya Verma,aditya.verma227@example.com,Female,60,2021-09-21,Surat,Gujarat,India,Bronze
CUST0623,Saanvi Saxena,saanvi.saxena544@example.com,Male,53,2025-04-13,Bengaluru,Karnataka,India,Bronze
CUST0624,Karthik Bose,karthik.bose247@example.com,Female,57,2024-12-19,Jaipur,Rajasthan,India,Platinum
CUST0625,Noah Mehta,noah.mehta391@example.com,Female,25,2022-04-30,Lucknow,Uttar Pradesh,India,Bronze
CUST0626,Riya Sharma,riya.sharma934@example.com,Female,67,2022-03-16,Bhopal,Madhya Pradesh,India,Silver
CUST0627,Aditi Khan,aditi.khan45@example.com,Male,59,2020-02-28,Surat,Gujarat,India,Bronze
CUST0628,Arjun Gupta,arjun.gupta995@example.com,Female,52,2023-12-25,Bengaluru,Karnataka,India,Silver
CUST0629,Saanvi Nair,saanvi.nair886@example.com,Female,24,2020-04-22,Patna,Bihar,India,Silver
CUST0630,Chloe Chopra,chloe.chopra663@example.com,Female,22,2025-09-11,Kolkata,West Bengal,India,Bronze
CUST0631,Olivia Mehta,olivia.mehta39@example.com,Male,21,2019-12-31,Lucknow,Uttar Pradesh,India,Bronze
CUST0632,Sophia Iyer,sophia.iyer933@example.com,Male,42,2023-01-22,Coimbatore,Tamil Nadu,India,Bronze
CUST0633,Aarav Joshi,aarav.joshi690@example.com,Male,18,2025-03-12,Vadodara,Gujarat,India,Bronze
CUST0634,Emma Nath,emma.nath47@example.com,Female,22,2022-01-05,Bhopal,Madhya Pradesh,India,Bronze
CUST0635,Lucas Dasgupta,lucas.dasgupta622@example.com,Male,66,2022-11-28,Coimbatore,Tamil Nadu,India,Bronze
CUST0636,Noah Sharma,noah.sharma486@example.com,Male,32,2019-07-13,Coimbatore,Tamil Nadu,India,Silver
CUST0637,Isabella Trivedi,isabella.trivedi303@example.com,Other,27,2021-05-05,Visakhapatnam,Andhra Pradesh,India,Platinum
CUST0638,Aarav Trivedi,aarav.trivedi896@example.com,Female,25,2018-06-21,Bengaluru,Karnataka,India,Bronze
CUST0639,Priya Trivedi,priya.trivedi561@example.com,Female,37,2020-05-10,Visakhapatnam,Andhra Pradesh,India,Bronze
CUST0640,Chloe Kapoor,chloe.kapoor146@example.com,Male,32,2024-12-01,Lucknow,Uttar Pradesh,India,Bronze
CUST0641,Ananya Nath,ananya.nath873@example.com,Male,66,2024-02-27,Indore,Madhya Pradesh,India,Silver
CUST0642,Aditya Dasgupta,aditya.dasgupta688@example.com,Male,24,2020-03-19,Vijayawada,Andhra Pradesh,India,Bronze
CUST0643,Rahul Verma,rahul.verma132@example.com,Female,33,2019-02-14,Ahmedabad,Gujarat,India,Silver
CUST0644,Chloe Nair,chloe.nair326@example.com,Female,39,2024-11-29,Ahmedabad,Gujarat,India,Silver
CUST0645,Sai Nath,sai.nath581@example.com,Male,38,2022-10-21,Hyderabad,Telangana,India,Bronze
CUST0646,Diya Iyer,diya.iyer730@example.com,Female,45,2021-02-07,Visakhapatnam,Andhra Pradesh,India,Bronze
CUST0647,Emma Mehta,emma.mehta899@example.com,Male,46,2022-01-09,Ahmedabad,Gujarat,India,Bronze
CUST0648,Arjun Gupta,arjun.gupta662@example.com,Female,35,2019-07-28,Patna,Bihar,India,Bronze
CUST0649,Emma Reddy,emma.reddy745@example.com,Male,19,2023-09-09,Bengaluru,Karnataka,India,Silver
CUST0650,Sophia Joshi,sophia.joshi788@example.com,Female,20,2024-03-09,Lucknow,Uttar Pradesh,India,Bronze
CUST0651,Maya Khan,maya.khan670@example.com,Female,41,2022-05-27,Jaipur,Rajasthan,India,Gold
CUST0652,Sophia Dasgupta,sophia.dasgupta138@example.com,Male,50,2019-01-06,Coimbatore,Tamil Nadu,India,Bronze
CUST0653,Aarav Iyer,aarav.iyer869@example.com,Other,57,2025-09-03,Hyderabad,Telangana,India,Silver
CUST0654,Sai Bose,sai.bose164@example.com,Male,54,2025-05-24,Kolkata,West Bengal,India,Silver
CUST0655,Kabir Verma,kabir.verma42@example.com,Male,49,2020-08-07,Delhi,Delhi,India,Bronze
CUST0656,Diya Kumar,diya.kumar685@example.com,Male,68,2022-01-19,Coimbatore,Tamil Nadu,India,Bronze
CUST0657,Aditi Kumar,aditi.kumar41@example.com,Other,38,2019-02-27,Bhopal,Madhya Pradesh,India,Silver
CUST0658,Isha Das,isha.das593@example.com,Female,29,2022-03-23,Coimbatore,Tamil Nadu,India,Bronze
CUST0659,Liam Reddy,liam.reddy530@example.com,Male,32,2023-10-17,Coimbatore,Tamil Nadu,India,Bronze
CUST0660,Isabella Verma,isabella.verma499@example.com,Female,56,2018-01-28,Bhopal,Madhya Pradesh,India,Gold
CUST0661,Aditi Gupta,aditi.gupta236@example.com,Male,59,2021-02-24,Pune,Maharashtra,India,Bronze
CUST0662,Ananya Verma,ananya.verma617@example.com,Female,25,2025-05-31,Jaipur,Rajasthan,India,Bronze
CUST0663,Rahul Patel,rahul.patel494@example.com,Female,48,2020-05-13,Vijayawada,Andhra Pradesh,India,Bronze
CUST0664,Ethan Chopra,ethan.chopra23@example.com,Male,26,2024-06-07,Vijayawada,Andhra Pradesh,India,Bronze
CUST0665,Liam Kapoor,liam.kapoor41@example.com,Female,27,2018-08-18,Hyderabad,Telangana,India,Bronze
CUST0666,Ananya Kapoor,ananya.kapoor982@example.com,Male,54,2025-02-24,Bengaluru,Karnataka,India,Gold
CUST0667,Emma Dasgupta,emma.dasgupta970@example.com,Male,46,2024-10-20,Thiruvananthapuram,Kerala,India,Gold
CUST0668,Ananya Iyer,ananya.iyer851@example.com,Male,27,2024-07-14,Hyderabad,Telangana,India,Silver
CUST0669,Rohan Das,rohan.das172@example.com,Female,39,2023-02-01,Vadodara,Gujarat,India,Bronze
CUST0670,Diya Joshi,diya.joshi395@example.com,Male,19,2020-04-08,Bhopal,Madhya Pradesh,India,Gold
CUST0671,Rohan Chopra,rohan.chopra847@example.com,Male,24,2019-12-28,Thiruvananthapuram,Kerala,India,Gold
CUST0672,Aria Kumar,aria.kumar899@example.com,Female,50,2019-04-27,Delhi,Delhi,India,Bronze
CUST0673,Sai Saxena,sai.saxena553@example.com,Female,67,2025-08-11,Nagpur,Maharashtra,India,Bronze
CUST0674,Karthik Kumar,karthik.kumar715@example.com,Female,32,2023-05-29,Coimbatore,Tamil Nadu,India,Bronze
CUST0675,Lucas Nath,lucas.nath101@example.com,Male,34,2023-05-09,Jaipur,Rajasthan,India,Gold
CUST0676,Aditya Dasgupta,aditya.dasgupta613@example.com,Female,44,2020-11-21,Pune,Maharashtra,India,Bronze
CUST0677,Emma Sharma,emma.sharma592@example.com,Female,51,2018-01-30,Coimbatore,Tamil Nadu,India,Silver
CUST0678,Olivia Mehta,olivia.mehta419@example.com,Male,27,2022-10-12,Vijayawada,Andhra Pradesh,India,Bronze
CUST0679,Isabella Trivedi,isabella.trivedi434@example.com,Female,57,2021-02-02,Coimbatore,Tamil Nadu,India,Silver
CUST0680,Neha Trivedi,neha.trivedi803@example.com,Female,29,2022-02-25,Patna,Bihar,India,Bronze
CUST0681,Isha Dasgupta,isha.dasgupta592@example.com,Male,63,2022-06-19,Kolkata,West Bengal,India,Gold
CUST0682,Noah Patel,noah.patel766@example.com,Male,68,2019-10-25,Chennai,Tamil Nadu,India,Bronze
CUST0683,Priya Mehta,priya.mehta821@example.com,Female,62,2025-09-04,Mumbai,Maharashtra,India,Bronze
CUST0684,Liam Sharma,liam.sharma824@example.com,Male,27,2023-04-16,Vadodara,Gujarat,India,Bronze
CUST0685,Aditya Das,aditya.das228@example.com,Male,56,2018-06-04,Coimbatore,Tamil Nadu,India,Gold
CUST0686,Priya Saxena,priya.saxena672@example.com,Female,63,2024-09-13,Mumbai,Maharashtra,India,Gold
CUST0687,Ethan Gupta,ethan.gupta656@example.com,Female,18,2020-04-06,Bhopal,Madhya Pradesh,India,Bronze
CUST0688,Vivaan Saxena,vivaan.saxena523@example.com,Female,32,2024-11-24,Hyderabad,Telangana,India,Silver
CUST0689,Karthik Iyer,karthik.iyer671@example.com,Male,28,2018-12-22,Lucknow,Uttar Pradesh,India,Silver
CUST0690,Karthik Joshi,karthik.joshi416@example.com,Female,51,2018-03-04,Delhi,Delhi,India,Gold
CUST0691,Maya Dasgupta,maya.dasgupta744@example.com,Female,55,2021-11-26,Visakhapatnam,Andhra Pradesh,India,Platinum
CUST0692,Isha Iyer,isha.iyer621@example.com,Other,47,2022-07-13,Vijayawada,Andhra Pradesh,India,Bronze
CUST0693,Ananya Chopra,ananya.chopra519@example.com,Male,22,2023-08-23,Ahmedabad,Gujarat,India,Bronze
CUST0694,Arjun Kapoor,arjun.kapoor980@example.com,Male,52,2024-06-12,Lucknow,Uttar Pradesh,India,Silver
CUST0695,Priya Nath,priya.nath496@example.com,Female,66,2021-10-23,Indore,Madhya Pradesh,India,Silver
CUST0696,Chloe Nath,chloe.nath883@example.com,Male,25,2020-11-22,Delhi,Delhi,India,Bronze
CUST0697,Lucas Iyer,lucas.iyer694@example.com,Female,69,2021-07-17,Nagpur,Maharashtra,India,Platinum
CUST0698,Rohan Trivedi,rohan.trivedi10@example.com,Female,34,2020-10-13,Ahmedabad,Gujarat,India,Bronze
CUST0699,Noah Mehta,noah.mehta78@example.com,Female,29,2023-05-06,Surat,Gujarat,India,Bronze
CUST0700,Chloe Nath,chloe.nath276@example.com,Male,65,2025-08-30,Pune,Maharashtra,India,Bronze
CUST0701,Saanvi Iyer,saanvi.iyer754@example.com,Male,34,2020-04-26,Jaipur,Rajasthan,India,Bronze
CUST0702,Diya Saxena,diya.saxena365@example.com,Male,24,2019-05-07,Delhi,Delhi,India,Silver
CUST0703,Noah Khan,noah.khan629@example.com,Male,52,2018-06-23,Thiruvananthapuram,Kerala,India,Bronze
CUST0704,Rahul Khan,rahul.khan920@example.com,Other,54,2021-01-30,Thiruvananthapuram,Kerala,India,Bronze
CUST0705,Mia Kapoor,mia.kapoor287@example.com,Male,66,2024-06-20,Kolkata,West Bengal,India,Bronze
CUST0706,Lucas Chopra,lucas.chopra490@example.com,Female,20,2023-08-21,Visakhapatnam,Andhra Pradesh,India,Bronze
CUST0707,Noah Gupta,noah.gupta469@example.com,Other,62,2023-10-24,Indore,Madhya Pradesh,India,Bronze
CUST0708,Aarav Sharma,aarav.sharma691@example.com,Male,55,2019-02-17,Surat,Gujarat,India,Bronze
CUST0709,Isabella Das,isabella.das192@example.com,Female,33,2021-01-08,Thiruvananthapuram,Kerala,India,Platinum
CUST0710,Rahul Verma,rahul.verma189@example.com,Female,31,2022-09-13,Visakhapatnam,Andhra Pradesh,India,Bronze
CUST0711,Priya Das,priya.das462@example.com,Male,26,2024-06-16,Jaipur,Rajasthan,India,Silver
CUST0712,Emma Das,emma.das824@example.com,Male,45,2022-04-10,Pune,Maharashtra,India,Bronze
CUST0713,Emma Singh,emma.singh485@example.com,Female,29,2022-09-23,Thiruvananthapuram,Kerala,India,Bronze
CUST0714,Chloe Kapoor,chloe.kapoor547@example.com,Female,68,2023-06-17,Ahmedabad,Gujarat,India,Bronze
CUST0715,Isabella Nath,isabella.nath49@example.com,Male,62,2019-11-01,Mumbai,Maharashtra,India,Bronze
CUST0716,Isha Khan,isha.khan860@example.com,Female,46,2021-10-02,Lucknow,Uttar Pradesh,India,Bronze
CUST0717,Maya Trivedi,maya.trivedi955@example.com,Female,40,2018-03-23,Nagpur,Maharashtra,India,Bronze
CUST0718,Isabella Saxena,isabella.saxena204@example.com,Female,59,2025-04-12,Patna,Bihar,India,Bronze
CUST0719,Mia Dasgupta,mia.dasgupta364@example.com,Male,50,2023-06-20,Indore,Madhya Pradesh,India,Gold
CUST0720,Priya Saxena,priya.saxena294@example.com,Male,27,2019-11-18,Surat,Gujarat,India,Bronze
CUST0721,Aria Nath,aria.nath415@example.com,Female,22,2018-11-21,Hyderabad,Telangana,India,Bronze
CUST0722,Rahul Mehta,rahul.mehta669@example.com,Male,35,2024-10-15,Coimbatore,Tamil Nadu,India,Bronze
CUST0723,Aditi Verma,aditi.verma766@example.com,Female,46,2022-08-23,Hyderabad,Telangana,India,Bronze
CUST0724,Aarav Singh,aarav.singh746@example.com,Male,34,2018-11-24,Pune,Maharashtra,India,Bronze
CUST0725,Arjun Patel,arjun.patel66@example.com,Female,48,2024-02-25,Mumbai,Maharashtra,India,Bronze
CUST0726,Priya Kapoor,priya.kapoor784@example.com,Other,24,2020-12-11,Vadodara,Gujarat,India,Bronze
CUST0727,Liam Joshi,liam.joshi317@example.com,Male,65,2021-03-09,Indore,Madhya Pradesh,India,Silver
CUST0728,Sai Kapoor,sai.kapoor859@example.com,Male,20,2025-06-10,Visakhapatnam,Andhra Pradesh,India,Gold
CUST0729,Rahul Khan,rahul.khan479@example.com,Other,52,2021-01-20,Patna,Bihar,India,Bronze
CUST0730,Olivia Trivedi,olivia.trivedi182@example.com,Female,47,2025-01-28,Vijayawada,Andhra Pradesh,India,Bronze
CUST0731,Liam Trivedi,liam.trivedi318@example.com,Female,48,2024-01-20,Jaipur,Rajasthan,India,Silver
CUST0732,Aditi Dasgupta,aditi.dasgupta375@example.com,Male,27,2021-05-28,Bengaluru,Karnataka,India,Bronze
CUST0733,Ethan Singh,ethan.singh353@example.com,Male,52,2018-02-04,Thiruvananthapuram,Kerala,India,Gold
CUST0734,Kabir Dasgupta,kabir.dasgupta10@example.com,Female,69,2021-04-14,Vadodara,Gujarat,India,Bronze
CUST0735,Aarav Trivedi,aarav.trivedi383@example.com,Male,53,2022-11-26,Coimbatore,Tamil Nadu,India,Bronze
CUST0736,Olivia Joshi,olivia.joshi849@example.com,Male,34,2018-11-21,Nagpur,Maharashtra,India,Silver
CUST0737,Rohan Saxena,rohan.saxena827@example.com,Female,35,2021-03-12,Patna,Bihar,India,Silver
CUST0738,Neha Nair,neha.nair874@example.com,Male,26,2021-04-01,Chennai,Tamil Nadu,India,Silver
CUST0739,Aria Bose,aria.bose279@example.com,Female,49,2020-02-09,Surat,Gujarat,India,Bronze
CUST0740,Vivaan Trivedi,vivaan.trivedi23@example.com,Male,24,2021-03-01,Lucknow,Uttar Pradesh,India,Bronze
CUST0741,Aditi Sharma,aditi.sharma239@example.com,Male,18,2023-07-15,Pune,Maharashtra,India,Bronze
CUST0742,Riya Khan,riya.khan381@example.com,Male,68,2018-05-10,Surat,Gujarat,India,Bronze
CUST0743,Mia Singh,mia.singh58@example.com,Male,43,2018-10-20,Patna,Bihar,India,Bronze
CUST0744,Saanvi Das,saanvi.das837@example.com,Male,18,2019-05-15,Jaipur,Rajasthan,India,Bronze
CUST0745,Aditi Iyer,aditi.iyer756@example.com,Other,30,2023-03-03,Chennai,Tamil Nadu,India,Bronze
CUST0746,Saanvi Khan,saanvi.khan399@example.com,Female,37,2021-08-16,Hyderabad,Telangana,India,Silver
CUST0747,Vivaan Trivedi,vivaan.trivedi534@example.com,Male,48,2025-02-28,Ahmedabad,Gujarat,India,Bronze
CUST0748,Chloe Kumar,chloe.kumar885@example.com,Female,25,2020-08-24,Nagpur,Maharashtra,India,Bronze
CUST0749,Ananya Das,ananya.das599@example.com,Male,68,2020-09-22,Bengaluru,Karnataka,India,Platinum
CUST0750,Sophia Khan,sophia.khan705@example.com,Female,41,2019-01-02,Jaipur,Rajasthan,India,Bronze
CUST0751,Aditya Saxena,aditya.saxena347@example.com,Female,66,2025-01-04,Mumbai,Maharashtra,India,Bronze
CUST0752,Liam Singh,liam.singh719@example.com,Female,24,2019-05-31,Thiruvananthapuram,Kerala,India,Bronze
CUST0753,Maya Verma,maya.verma825@example.com,Female,64,2020-03-01,Bengaluru,Karnataka,India,Silver
CUST0754,Karthik Singh,karthik.singh257@example.com,Female,49,2022-11-28,Patna,Bihar,India,Bronze
CUST0755,Olivia Khan,olivia.khan195@example.com,Female,52,2021-11-25,Surat,Gujarat,India,Silver
CUST0756,Isha Saxena,isha.saxena937@example.com,Female,28,2018-10-10,Bhopal,Madhya Pradesh,India,Bronze
CUST0757,Riya Das,riya.das555@example.com,Male,18,2025-02-26,Bhopal,Madhya Pradesh,India,Bronze
CUST0758,Ananya Sharma,ananya.sharma635@example.com,Female,67,2024-12-15,Jaipur,Rajasthan,India,Bronze
CUST0759,Aditya Trivedi,aditya.trivedi839@example.com,Male,51,2025-08-30,Thiruvananthapuram,Kerala,India,Silver
CUST0760,Sai Saxena,sai.saxena290@example.com,Male,59,2021-08-12,Chennai,Tamil Nadu,India,Bronze
CUST0761,Noah Reddy,noah.reddy45@example.com,Female,26,2020-01-02,Mumbai,Maharashtra,India,Bronze
CUST0762,Kabir Nair,kabir.nair102@example.com,Male,59,2022-05-11,Thiruvananthapuram,Kerala,India,Bronze
CUST0763,Olivia Nath,olivia.nath263@example.com,Male,32,2024-10-17,Delhi,Delhi,India,Bronze
CUST0764,Amelia Nair,amelia.nair672@example.com,Female,23,2023-04-02,Mumbai,Maharashtra,India,Bronze
CUST0765,Emma Chopra,emma.chopra842@example.com,Male,63,2018-08-27,Vadodara,Gujarat,India,Bronze
CUST0766,Vivaan Reddy,vivaan.reddy855@example.com,Male,31,2023-10-29,Chennai,Tamil Nadu,India,Bronze
CUST0767,Diya Trivedi,diya.trivedi395@example.com,Male,51,2025-05-14,Jaipur,Rajasthan,India,Bronze
CUST0768,Ananya Trivedi,ananya.trivedi768@example.com,Female,65,2019-03-09,Vijayawada,Andhra Pradesh,India,Bronze
CUST0769,Aditi Chopra,aditi.chopra905@example.com,Male,68,2020-01-09,Patna,Bihar,India,Bronze
CUST0770,Rahul Gupta,rahul.gupta547@example.com,Other,46,2021-12-14,Surat,Gujarat,India,Bronze
CUST0771,Rahul Verma,rahul.verma423@example.com,Female,45,2021-08-17,Vadodara,Gujarat,India,Bronze
CUST0772,Maya Nair,maya.nair385@example.com,Female,65,2020-11-06,Visakhapatnam,Andhra Pradesh,India,Platinum
CUST0773,Aditi Joshi,aditi.joshi1@example.com,Female,36,2024-09-06,Bengaluru,Karnataka,India,Bronze
CUST0774,Chloe Dasgupta,chloe.dasgupta7@example.com,Male,32,2020-05-29,Surat,Gujarat,India,Bronze
CUST0775,Ethan Das,ethan.das942@example.com,Female,53,2024-05-26,Vijayawada,Andhra Pradesh,India,Bronze
CUST0776,Vivaan Bose,vivaan.bose365@example.com,Male,34,2022-02-12,Vijayawada,Andhra Pradesh,India,Bronze
CUST0777,Isha Dasgupta,isha.dasgupta95@example.com,Female,54,2020-06-09,Delhi,Delhi,India,Silver
CUST0778,Lucas Khan,lucas.khan178@example.com,Female,62,2024-06-18,Chennai,Tamil Nadu,India,Bronze
CUST0779,Riya Kumar,riya.kumar749@example.com,Female,42,2018-11-18,Mumbai,Maharashtra,India,Gold
CUST0780,Rahul Verma,rahul.verma901@example.com,Female,44,2019-05-09,Jaipur,Rajasthan,India,Silver
CUST0781,Isabella Saxena,isabella.saxena951@example.com,Male,67,2025-02-02,Coimbatore,Tamil Nadu,India,Bronze
CUST0782,Rohan Kumar,rohan.kumar327@example.com,Female,27,2021-08-31,Bhopal,Madhya Pradesh,India,Silver
CUST0783,Sai Kumar,sai.kumar690@example.com,Female,43,2022-12-31,Vadodara,Gujarat,India,Bronze
CUST0784,Aditya Iyer,aditya.iyer443@example.com,Male,43,2019-08-30,Kolkata,West Bengal,India,Bronze
CUST0785,Kabir Nath,kabir.nath764@example.com,Male,43,2020-12-11,Delhi,Delhi,India,Bronze
CUST0786,Neha Singh,neha.singh781@example.com,Male,53,2020-03-22,Thiruvananthapuram,Kerala,India,Bronze
CUST0787,Sophia Nair,sophia.nair575@example.com,Female,65,2023-11-18,Jaipur,Rajasthan,India,Bronze
CUST0788,Isha Chopra,isha.chopra332@example.com,Female,54,2019-01-02,Chennai,Tamil Nadu,India,Silver
CUST0789,Neha Verma,neha.verma357@example.com,Male,40,2024-08-29,Bengaluru,Karnataka,India,Silver
CUST0790,Ananya Verma,ananya.verma632@example.com,Female,69,2022-12-17,Vadodara,Gujarat,India,Bronze
CUST0791,Vivaan Iyer,vivaan.iyer205@example.com,Female,27,2018-12-18,Chennai,Tamil Nadu,India,Silver
CUST0792,Diya Saxena,diya.saxena949@example.com,Male,70,2021-03-24,Bengaluru,Karnataka,India,Bronze
CUST0793,Lucas Patel,lucas.patel313@example.com,Male,19,2021-09-21,Pune,Maharashtra,India,Silver
CUST0794,Saanvi Nair,saanvi.nair560@example.com,Female,34,2024-02-26,Thiruvananthapuram,Kerala,India,Silver
CUST0795,Sai Sharma,sai.sharma386@example.com,Female,60,2023-11-28,Mumbai,Maharashtra,India,Bronze
CUST0796,Vivaan Dasgupta,vivaan.dasgupta206@example.com,Female,57,2021-01-16,Mumbai,Maharashtra,India,Bronze
CUST0797,Aarav Reddy,aarav.reddy398@example.com,Female,60,2025-05-27,Visakhapatnam,Andhra Pradesh,India,Gold
CUST0798,Aarav Dasgupta,aarav.dasgupta889@example.com,Female,42,2020-08-04,Coimbatore,Tamil Nadu,India,Bronze
CUST0799,Olivia Patel,olivia.patel926@example.com,Male,56,2023-12-18,Delhi,Delhi,India,Bronze
CUST0800,Rohan Bose,rohan.bose575@example.com,Female,19,2018-06-12,Jaipur,Rajasthan,India,Gold
CUST0801,Riya Mehta,riya.mehta502@example.com,Male,28,2018-03-17,Visakhapatnam,Andhra Pradesh,India,Silver
CUST0802,Karthik Dasgupta,karthik.dasgupta242@example.com,Other,50,2021-02-03,Mumbai,Maharashtra,India,Silver
CUST0803,Chloe Joshi,chloe.joshi912@example.com,Other,19,2024-03-23,Lucknow,Uttar Pradesh,India,Bronze
CUST0804,Rahul Joshi,rahul.joshi673@example.com,Male,64,2022-04-15,Bhopal,Madhya Pradesh,India,Platinum
CUST0805,Aria Iyer,aria.iyer428@example.com,Male,27,2022-10-13,Ahmedabad,Gujarat,India,Gold
CUST0806,Rahul Bose,rahul.bose556@example.com,Male,59,2019-07-22,Vijayawada,Andhra Pradesh,India,Bronze
CUST0807,Lucas Nair,lucas.nair884@example.com,Male,62,2023-11-16,Kolkata,West Bengal,India,Bronze
CUST0808,Amelia Singh,amelia.singh672@example.com,Female,28,2021-07-24,Delhi,Delhi,India,Bronze
CUST0809,Emma Patel,emma.patel189@example.com,Male,27,2018-05-01,Surat,Gujarat,India,Gold
CUST0810,Neha Chopra,neha.chopra311@example.com,Male,70,2025-02-21,Lucknow,Uttar Pradesh,India,Bronze
CUST0811,Saanvi Patel,saanvi.patel135@example.com,Male,66,2024-11-11,Vadodara,Gujarat,India,Bronze
CUST0812,Sophia Saxena,sophia.saxena237@example.com,Female,32,2025-09-16,Bengaluru,Karnataka,India,Bronze
CUST0813,Olivia Khan,olivia.khan138@example.com,Female,56,2023-04-05,Visakhapatnam,Andhra Pradesh,India,Bronze
CUST0814,Priya Khan,priya.khan486@example.com,Male,30,2020-07-15,Mumbai,Maharashtra,India,Bronze
CUST0815,Aarav Das,aarav.das974@example.com,Male,65,2025-07-12,Pune,Maharashtra,India,Silver
CUST0816,Aditya Gupta,aditya.gupta950@example.com,Female,46,2024-12-02,Thiruvananthapuram,Kerala,India,Silver
CUST0817,Isabella Bose,isabella.bose909@example.com,Male,43,2018-06-21,Vadodara,Gujarat,India,Silver
CUST0818,Priya Mehta,priya.mehta404@example.com,Female,65,2024-05-31,Vadodara,Gujarat,India,Bronze
CUST0819,Liam Kumar,liam.kumar534@example.com,Male,47,2018-06-23,Jaipur,Rajasthan,India,Bronze
CUST0820,Priya Kumar,priya.kumar572@example.com,Male,66,2025-01-27,Mumbai,Maharashtra,India,Bronze
CUST0821,Aditi Joshi,aditi.joshi906@example.com,Male,70,2021-03-17,Indore,Madhya Pradesh,India,Bronze
CUST0822,Riya Saxena,riya.saxena942@example.com,Male,51,2019-08-06,Indore,Madhya Pradesh,India,Silver
CUST0823,Aditi Reddy,aditi.reddy740@example.com,Female,29,2024-07-25,Patna,Bihar,India,Bronze
CUST0824,Neha Mehta,neha.mehta462@example.com,Male,47,2024-08-14,Pune,Maharashtra,India,Gold
CUST0825,Aditya Das,aditya.das332@example.com,Female,63,2019-11-03,Chennai,Tamil Nadu,India,Bronze
CUST0826,Olivia Bose,olivia.bose650@example.com,Male,51,2022-04-23,Bhopal,Madhya Pradesh,India,Silver
CUST0827,Ananya Joshi,ananya.joshi564@example.com,Male,67,2019-12-01,Surat,Gujarat,India,Bronze
CUST0828,Noah Singh,noah.singh167@example.com,Female,29,2018-07-30,Nagpur,Maharashtra,India,Bronze
CUST0829,Emma Bose,emma.bose296@example.com,Female,25,2019-06-23,Pune,Maharashtra,India,Bronze
CUST0830,Mia Das,mia.das13@example.com,Male,49,2024-02-05,Bengaluru,Karnataka,India,Silver
CUST0831,Kabir Iyer,kabir.iyer223@example.com,Female,48,2023-02-02,Nagpur,Maharashtra,India,Bronze
CUST0832,Aria Saxena,aria.saxena7@example.com,Male,53,2021-02-13,Vadodara,Gujarat,India,Silver
CUST0833,Ethan Nair,ethan.nair51@example.com,Male,21,2025-04-29,Visakhapatnam,Andhra Pradesh,India,Bronze
CUST0834,Isabella Kumar,isabella.kumar684@example.com,Female,56,2021-05-07,Surat,Gujarat,India,Gold
CUST0835,Vivaan Patel,vivaan.patel427@example.com,Other,28,2025-07-15,Ahmedabad,Gujarat,India,Silver
CUST0836,Olivia Saxena,olivia.saxena587@example.com,Female,29,2023-02-09,Vijayawada,Andhra Pradesh,India,Bronze
CUST0837,Vivaan Reddy,vivaan.reddy787@example.com,Male,41,2022-04-02,Delhi,Delhi,India,Silver
CUST0838,Ethan Trivedi,ethan.trivedi67@example.com,Male,26,2019-05-15,Lucknow,Uttar Pradesh,India,Bronze
CUST0839,Neha Kapoor,neha.kapoor215@example.com,Female,57,2018-08-27,Chennai,Tamil Nadu,India,Bronze
CUST0840,Liam Kapoor,liam.kapoor90@example.com,Female,62,2024-10-13,Ahmedabad,Gujarat,India,Bronze
CUST0841,Isabella Mehta,isabella.mehta266@example.com,Female,57,2021-12-20,Kolkata,West Bengal,India,Silver
CUST0842,Kabir Kapoor,kabir.kapoor747@example.com,Female,49,2020-01-07,Vadodara,Gujarat,India,Bronze
CUST0843,Riya Nair,riya.nair2@example.com,Male,47,2025-01-05,Chennai,Tamil Nadu,India,Silver
CUST0844,Saanvi Saxena,saanvi.saxena425@example.com,Male,39,2021-12-03,Patna,Bihar,India,Silver
CUST0845,Saanvi Sharma,saanvi.sharma656@example.com,Male,36,2020-11-08,Delhi,Delhi,India,Bronze
CUST0846,Rohan Trivedi,rohan.trivedi332@example.com,Female,25,2025-09-10,Surat,Gujarat,India,Bronze
CUST0847,Emma Nath,emma.nath631@example.com,Other,29,2020-03-05,Surat,Gujarat,India,Silver
CUST0848,Amelia Khan,amelia.khan939@example.com,Male,20,2025-03-29,Kolkata,West Bengal,India,Bronze
CUST0849,Liam Bose,liam.bose914@example.com,Female,39,2023-03-10,Nagpur,Maharashtra,India,Gold
CUST0850,Vivaan Kapoor,vivaan.kapoor307@example.com,Female,61,2021-07-16,Patna,Bihar,India,Bronze
CUST0851,Saanvi Nath,saanvi.nath702@example.com,Male,68,2021-12-19,Delhi,Delhi,India,Platinum
CUST0852,Isha Sharma,isha.sharma348@example.com,Other,58,2023-12-29,Hyderabad,Telangana,India,Bronze
CUST0853,Priya Gupta,priya.gupta610@example.com,Male,68,2021-06-16,Surat,Gujarat,India,Silver
CUST0854,Isha Chopra,isha.chopra89@example.com,Female,33,2022-03-03,Indore,Madhya Pradesh,India,Silver
CUST0855,Riya Nair,riya.nair538@example.com,Male,25,2022-03-13,Mumbai,Maharashtra,India,Silver
CUST0856,Amelia Reddy,amelia.reddy455@example.com,Female,69,2023-05-31,Bhopal,Madhya Pradesh,India,Bronze
CUST0857,Rahul Khan,rahul.khan751@example.com,Female,37,2021-09-02,Kolkata,West Bengal,India,Silver
CUST0858,Arjun Kapoor,arjun.kapoor693@example.com,Other,31,2018-05-30,Indore,Madhya Pradesh,India,Bronze
CUST0859,Isabella Kapoor,isabella.kapoor119@example.com,Male,20,2025-09-15,Vadodara,Gujarat,India,Gold
CUST0860,Rahul Bose,rahul.bose911@example.com,Male,51,2025-05-23,Ahmedabad,Gujarat,India,Bronze
CUST0861,Mia Dasgupta,mia.dasgupta655@example.com,Female,38,2020-04-01,Pune,Maharashtra,India,Bronze
CUST0862,Maya Mehta,maya.mehta792@example.com,Male,25,2021-01-21,Kolkata,West Bengal,India,Bronze
CUST0863,Arjun Sharma,arjun.sharma982@example.com,Female,50,2019-02-24,Pune,Maharashtra,India,Bronze
CUST0864,Maya Mehta,maya.mehta278@example.com,Male,63,2021-03-06,Vijayawada,Andhra Pradesh,India,Bronze
CUST0865,Aditya Dasgupta,aditya.dasgupta628@example.com,Female,52,2022-12-23,Mumbai,Maharashtra,India,Bronze
CUST0866,Kabir Kumar,kabir.kumar109@example.com,Male,23,2022-10-13,Coimbatore,Tamil Nadu,India,Bronze
CUST0867,Aria Nath,aria.nath645@example.com,Female,62,2023-01-01,Vadodara,Gujarat,India,Bronze
CUST0868,Rahul Nair,rahul.nair731@example.com,Female,69,2023-12-26,Delhi,Delhi,India,Platinum
CUST0869,Mia Bose,mia.bose582@example.com,Male,70,2023-04-03,Chennai,Tamil Nadu,India,Bronze
CUST0870,Noah Bose,noah.bose482@example.com,Male,32,2019-08-12,Vadodara,Gujarat,India,Bronze
CUST0871,Karthik Joshi,karthik.joshi188@example.com,Female,60,2021-09-15,Surat,Gujarat,India,Bronze
CUST0872,Aarav Reddy,aarav.reddy487@example.com,Male,48,2023-03-05,Hyderabad,Telangana,India,Bronze
CUST0873,Karthik Saxena,karthik.saxena589@example.com,Male,24,2022-07-20,Chennai,Tamil Nadu,India,Bronze
CUST0874,Liam Reddy,liam.reddy812@example.com,Male,47,2022-06-30,Vijayawada,Andhra Pradesh,India,Bronze
CUST0875,Aria Iyer,aria.iyer562@example.com,Male,48,2022-04-22,Delhi,Delhi,India,Bronze
CUST0876,Ethan Nath,ethan.nath442@example.com,Female,45,2024-05-12,Surat,Gujarat,India,Bronze
CUST0877,Diya Gupta,diya.gupta679@example.com,Female,65,2024-06-09,Thiruvananthapuram,Kerala,India,Bronze
CUST0878,Aria Bose,aria.bose334@example.com,Female,70,2022-12-29,Hyderabad,Telangana,India,Bronze
CUST0879,Priya Reddy,priya.reddy613@example.com,Male,70,2024-09-08,Coimbatore,Tamil Nadu,India,Bronze
CUST0880,Liam Kumar,liam.kumar93@example.com,Male,26,2024-07-06,Bengaluru,Karnataka,India,Silver
CUST0881,Noah Singh,noah.singh464@example.com,Female,42,2024-11-26,Vijayawada,Andhra Pradesh,India,Bronze
CUST0882,Saanvi Mehta,saanvi.mehta307@example.com,Female,61,2021-06-01,Nagpur,Maharashtra,India,Silver
CUST0883,Amelia Verma,amelia.verma92@example.com,Female,57,2023-09-22,Coimbatore,Tamil Nadu,India,Silver
CUST0884,Isabella Dasgupta,isabella.dasgupta64@example.com,Male,53,2018-08-06,Bengaluru,Karnataka,India,Silver
CUST0885,Ethan Verma,ethan.verma113@example.com,Female,19,2020-08-21,Nagpur,Maharashtra,India,Silver
CUST0886,Priya Mehta,priya.mehta729@example.com,Male,42,2022-11-18,Patna,Bihar,India,Bronze
CUST0887,Ananya Khan,ananya.khan143@example.com,Male,42,2022-01-15,Nagpur,Maharashtra,India,Bronze
CUST0888,Isabella Singh,isabella.singh138@example.com,Male,59,2018-03-06,Kolkata,West Bengal,India,Silver
CUST0889,Kabir Chopra,kabir.chopra999@example.com,Other,23,2019-07-17,Nagpur,Maharashtra,India,Gold
CUST0890,Chloe Saxena,chloe.saxena953@example.com,Male,29,2023-02-05,Bhopal,Madhya Pradesh,India,Bronze
CUST0891,Ethan Bose,ethan.bose394@example.com,Male,29,2022-10-06,Vadodara,Gujarat,India,Bronze
CUST0892,Kabir Iyer,kabir.iyer730@example.com,Female,44,2024-02-16,Vijayawada,Andhra Pradesh,India,Bronze
CUST0893,Vivaan Nath,vivaan.nath495@example.com,Female,25,2024-07-04,Thiruvananthapuram,Kerala,India,Platinum
CUST0894,Aditya Singh,aditya.singh748@example.com,Female,66,2021-02-18,Indore,Madhya Pradesh,India,Bronze
CUST0895,Rohan Saxena,rohan.saxena91@example.com,Male,58,2025-06-11,Delhi,Delhi,India,Silver
CUST0896,Maya Nath,maya.nath320@example.com,Female,39,2024-01-01,Bengaluru,Karnataka,India,Bronze
CUST0897,Rohan Khan,rohan.khan588@example.com,Female,44,2021-12-16,Ahmedabad,Gujarat,India,Bronze
CUST0898,Vivaan Saxena,vivaan.saxena768@example.com,Male,68,2024-04-27,Lucknow,Uttar Pradesh,India,Bronze
CUST0899,Kabir Nath,kabir.nath174@example.com,Female,60,2021-04-10,Vadodara,Gujarat,India,Bronze
CUST0900,Kabir Reddy,kabir.reddy130@example.com,Female,68,2021-02-12,Lucknow,Uttar Pradesh,India,Bronze
CUST0901,Isha Das,isha.das879@example.com,Male,65,2019-04-02,Vadodara,Gujarat,India,Bronze
CUST0902,Sophia Singh,sophia.singh675@example.com,Male,69,2019-12-20,Lucknow,Uttar Pradesh,India,Silver
CUST0903,Diya Khan,diya.khan186@example.com,Female,20,2021-11-05,Delhi,Delhi,India,Platinum
CUST0904,Aria Singh,aria.singh858@example.com,Female,44,2022-04-19,Jaipur,Rajasthan,India,Silver
CUST0905,Emma Gupta,emma.gupta216@example.com,Female,40,2018-08-11,Lucknow,Uttar Pradesh,India,Silver
CUST0906,Arjun Kumar,arjun.kumar172@example.com,Male,48,2021-05-19,Thiruvananthapuram,Kerala,India,Silver
CUST0907,Mia Trivedi,mia.trivedi240@example.com,Male,63,2022-05-17,Thiruvananthapuram,Kerala,India,Bronze
CUST0908,Rohan Chopra,rohan.chopra13@example.com,Male,69,2023-01-13,Coimbatore,Tamil Nadu,India,Silver
CUST0909,Rohan Kumar,rohan.kumar100@example.com,Female,58,2021-12-20,Nagpur,Maharashtra,India,Silver
CUST0910,Liam Das,liam.das344@example.com,Male,69,2019-02-07,Lucknow,Uttar Pradesh,India,Silver
CUST0911,Priya Bose,priya.bose792@example.com,Female,33,2025-07-15,Vijayawada,Andhra Pradesh,India,Silver
CUST0912,Rohan Mehta,rohan.mehta694@example.com,Female,29,2021-07-07,Patna,Bihar,India,Bronze
CUST0913,Aarav Reddy,aarav.reddy13@example.com,Male,51,2019-03-02,Indore,Madhya Pradesh,India,Bronze
CUST0914,Emma Dasgupta,emma.dasgupta258@example.com,Male,19,2024-12-12,Delhi,Delhi,India,Bronze
CUST0915,Aria Nair,aria.nair974@example.com,Female,25,2019-05-07,Delhi,Delhi,India,Gold
CUST0916,Sai Joshi,sai.joshi673@example.com,Female,59,2024-05-07,Hyderabad,Telangana,India,Gold
CUST0917,Olivia Gupta,olivia.gupta260@example.com,Male,60,2018-11-07,Indore,Madhya Pradesh,India,Gold
CUST0918,Isha Chopra,isha.chopra709@example.com,Female,67,2021-08-17,Lucknow,Uttar Pradesh,India,Bronze
CUST0919,Aditya Das,aditya.das796@example.com,Male,42,2021-09-24,Mumbai,Maharashtra,India,Bronze
CUST0920,Ethan Das,ethan.das183@example.com,Male,49,2020-04-01,Vadodara,Gujarat,India,Bronze
CUST0921,Liam Khan,liam.khan112@example.com,Male,67,2022-11-02,Pune,Maharashtra,India,Silver
CUST0922,Arjun Bose,arjun.bose733@example.com,Male,20,2018-10-26,Delhi,Delhi,India,Bronze
CUST0923,Isha Bose,isha.bose20@example.com,Female,27,2025-04-28,Bengaluru,Karnataka,India,Gold
CUST0924,Noah Joshi,noah.joshi273@example.com,Male,39,2022-05-22,Vijayawada,Andhra Pradesh,India,Bronze
CUST0925,Olivia Khan,olivia.khan490@example.com,Male,64,2018-10-15,Patna,Bihar,India,Bronze
CUST0926,Priya Khan,priya.khan125@example.com,Female,40,2021-09-27,Ahmedabad,Gujarat,India,Bronze
CUST0927,Liam Reddy,liam.reddy375@example.com,Female,39,2018-11-26,Indore,Madhya Pradesh,India,Silver
CUST0928,Riya Nair,riya.nair181@example.com,Female,42,2025-05-30,Pune,Maharashtra,India,Bronze
CUST0929,Priya Patel,priya.patel646@example.com,Female,49,2018-12-14,Indore,Madhya Pradesh,India,Silver
CUST0930,Sai Kumar,sai.kumar198@example.com,Male,55,2020-09-03,Thiruvananthapuram,Kerala,India,Bronze
CUST0931,Lucas Trivedi,lucas.trivedi659@example.com,Male,52,2023-01-15,Bengaluru,Karnataka,India,Bronze
CUST0932,Vivaan Mehta,vivaan.mehta807@example.com,Female,43,2019-04-30,Pune,Maharashtra,India,Silver
CUST0933,Noah Kapoor,noah.kapoor470@example.com,Female,52,2019-09-03,Vijayawada,Andhra Pradesh,India,Bronze
CUST0934,Aditya Kumar,aditya.kumar754@example.com,Male,59,2018-03-20,Thiruvananthapuram,Kerala,India,Gold
CUST0935,Aria Kumar,aria.kumar249@example.com,Female,26,2018-02-28,Hyderabad,Telangana,India,Silver
CUST0936,Chloe Dasgupta,chloe.dasgupta841@example.com,Female,47,2024-11-08,Hyderabad,Telangana,India,Silver
CUST0937,Aditya Patel,aditya.patel117@example.com,Female,69,2024-11-26,Jaipur,Rajasthan,India,Bronze
CUST0938,Saanvi Chopra,saanvi.chopra346@example.com,Female,65,2025-08-10,Coimbatore,Tamil Nadu,India,Bronze
CUST0939,Noah Nath,noah.nath559@example.com,Male,68,2020-05-23,Mumbai,Maharashtra,India,Bronze
CUST0940,Rahul Reddy,rahul.reddy124@example.com,Male,66,2022-08-28,Hyderabad,Telangana,India,Silver
CUST0941,Maya Gupta,maya.gupta450@example.com,Male,55,2018-06-16,Kolkata,West Bengal,India,Bronze
CUST0942,Isabella Saxena,isabella.saxena386@example.com,Female,19,2023-06-18,Delhi,Delhi,India,Bronze
CUST0943,Ananya Reddy,ananya.reddy724@example.com,Female,36,2022-09-01,Thiruvananthapuram,Kerala,India,Silver
CUST0944,Saanvi Singh,saanvi.singh656@example.com,Male,46,2022-08-15,Jaipur,Rajasthan,India,Gold
CUST0945,Aria Kumar,aria.kumar611@example.com,Male,49,2024-11-11,Delhi,Delhi,India,Silver
CUST0946,Lucas Dasgupta,lucas.dasgupta357@example.com,Male,53,2020-08-23,Pune,Maharashtra,India,Bronze
CUST0947,Rohan Patel,rohan.patel634@example.com,Male,66,2024-01-20,Bhopal,Madhya Pradesh,India,Bronze
CUST0948,Mia Nair,mia.nair284@example.com,Male,25,2019-09-04,Thiruvananthapuram,Kerala,India,Bronze
CUST0949,Ananya Kumar,ananya.kumar56@example.com,Female,36,2020-05-08,Nagpur,Maharashtra,India,Bronze
CUST0950,Aria Bose,aria.bose45@example.com,Male,21,2024-01-11,Hyderabad,Telangana,India,Bronze
CUST0951,Aarav Khan,aarav.khan528@example.com,Male,33,2022-12-27,Vijayawada,Andhra Pradesh,India,Bronze
CUST0952,Neha Nair,neha.nair766@example.com,Female,38,2020-07-31,Chennai,Tamil Nadu,India,Bronze
CUST0953,Arjun Iyer,arjun.iyer756@example.com,Male,30,2022-03-19,Jaipur,Rajasthan,India,Bronze
CUST0954,Sophia Khan,sophia.khan56@example.com,Female,27,2020-06-04,Vadodara,Gujarat,India,Bronze
CUST0955,Priya Verma,priya.verma140@example.com,Male,30,2025-02-01,Visakhapatnam,Andhra Pradesh,India,Platinum
CUST0956,Saanvi Mehta,saanvi.mehta131@example.com,Male,54,2018-09-02,Lucknow,Uttar Pradesh,India,Bronze
CUST0957,Isabella Bose,isabella.bose470@example.com,Male,66,2021-11-08,Jaipur,Rajasthan,India,Gold
CUST0958,Aria Gupta,aria.gupta809@example.com,Female,57,2019-11-28,Vijayawada,Andhra Pradesh,India,Platinum
CUST0959,Isabella Iyer,isabella.iyer89@example.com,Male,51,2023-06-27,Pune,Maharashtra,India,Bronze
CUST0960,Ethan Bose,ethan.bose286@example.com,Male,45,2020-10-07,Jaipur,Rajasthan,India,Bronze
CUST0961,Sophia Iyer,sophia.iyer914@example.com,Female,27,2024-06-07,Bengaluru,Karnataka,India,Bronze
CUST0962,Vivaan Kumar,vivaan.kumar482@example.com,Female,50,2018-05-18,Nagpur,Maharashtra,India,Bronze
CUST0963,Kabir Patel,kabir.patel464@example.com,Female,23,2024-04-06,Bengaluru,Karnataka,India,Silver
CUST0964,Neha Nair,neha.nair136@example.com,Male,33,2025-04-06,Delhi,Delhi,India,Bronze
CUST0965,Noah Dasgupta,noah.dasgupta166@example.com,Female,54,2024-07-18,Bengaluru,Karnataka,India,Platinum
CUST0966,Aditi Singh,aditi.singh896@example.com,Female,29,2022-02-26,Indore,Madhya Pradesh,India,Silver
CUST0967,Aarav Reddy,aarav.reddy395@example.com,Female,39,2023-12-15,Mumbai,Maharashtra,India,Bronze
CUST0968,Mia Das,mia.das715@example.com,Female,52,2024-06-14,Pune,Maharashtra,India,Silver
CUST0969,Aditya Saxena,aditya.saxena902@example.com,Male,21,2023-10-10,Visakhapatnam,Andhra Pradesh,India,Gold
CUST0970,Arjun Joshi,arjun.joshi375@example.com,Male,20,2022-02-06,Visakhapatnam,Andhra Pradesh,India,Bronze
CUST0971,Maya Reddy,maya.reddy575@example.com,Female,31,2019-07-21,Surat,Gujarat,India,Bronze
CUST0972,Arjun Khan,arjun.khan756@example.com,Female,55,2020-05-09,Jaipur,Rajasthan,India,Bronze
CUST0973,Chloe Das,chloe.das516@example.com,Female,35,2018-08-12,Delhi,Delhi,India,Bronze
CUST0974,Aditi Khan,aditi.khan514@example.com,Female,25,2023-04-10,Patna,Bihar,India,Silver
CUST0975,Maya Dasgupta,maya.dasgupta463@example.com,Female,69,2025-07-20,Delhi,Delhi,India,Bronze
CUST0976,Chloe Bose,chloe.bose90@example.com,Male,29,2021-03-27,Delhi,Delhi,India,Bronze
CUST0977,Isha Patel,isha.patel714@example.com,Male,27,2020-04-16,Bhopal,Madhya Pradesh,India,Platinum
CUST0978,Aarav Dasgupta,aarav.dasgupta427@example.com,Other,52,2019-06-25,Thiruvananthapuram,Kerala,India,Bronze
CUST0979,Aditi Sharma,aditi.sharma299@example.com,Male,19,2020-08-09,Bhopal,Madhya Pradesh,India,Silver
CUST0980,Neha Nath,neha.nath352@example.com,Female,68,2021-08-29,Thiruvananthapuram,Kerala,India,Bronze
CUST0981,Olivia Kapoor,olivia.kapoor863@example.com,Female,47,2021-05-30,Vijayawada,Andhra Pradesh,India,Bronze
CUST0982,Lucas Dasgupta,lucas.dasgupta176@example.com,Female,32,2023-06-07,Visakhapatnam,Andhra Pradesh,India,Platinum
CUST0983,Mia Kumar,mia.kumar152@example.com,Male,47,2019-11-13,Vadodara,Gujarat,India,Gold
CUST0984,Olivia Trivedi,olivia.trivedi293@example.com,Male,29,2025-10-08,Kolkata,West Bengal,India,Bronze
CUST0985,Arjun Kumar,arjun.kumar325@example.com,Female,46,2020-12-02,Visakhapatnam,Andhra Pradesh,India,Bronze
CUST0986,Maya Kumar,maya.kumar682@example.com,Male,40,2019-08-29,Visakhapatnam,Andhra Pradesh,India,Bronze
CUST0987,Ananya Trivedi,ananya.trivedi309@example.com,Male,19,2022-07-16,Thiruvananthapuram,Kerala,India,Silver
CUST0988,Aditi Mehta,aditi.mehta160@example.com,Male,65,2024-02-16,Bhopal,Madhya Pradesh,India,Bronze
CUST0989,Olivia Dasgupta,olivia.dasgupta486@example.com,Female,66,2024-06-07,Kolkata,West Bengal,India,Silver
CUST0990,Emma Bose,emma.bose347@example.com,Female,64,2023-05-16,Mumbai,Maharashtra,India,Bronze
CUST0991,Maya Patel,maya.patel316@example.com,Male,57,2020-06-21,Indore,Madhya Pradesh,India,Bronze
CUST0992,Rahul Kumar,rahul.kumar623@example.com,Female,55,2023-11-27,Jaipur,Rajasthan,India,Silver
CUST0993,Mia Das,mia.das201@example.com,Male,52,2022-12-30,Delhi,Delhi,India,Platinum
CUST0994,Priya Nair,priya.nair503@example.com,Male,56,2023-09-27,Mumbai,Maharashtra,India,Gold
CUST0995,Karthik Joshi,karthik.joshi152@example.com,Female,45,2022-02-23,Coimbatore,Tamil Nadu,India,Bronze
CUST0996,Riya Verma,riya.verma360@example.com,Male,46,2024-04-16,Delhi,Delhi,India,Bronze
CUST0997,Chloe Bose,chloe.bose760@example.com,Other,69,2022-12-18,Ahmedabad,Gujarat,India,Bronze
CUST0998,Emma Chopra,emma.chopra747@example.com,Female,26,2024-08-02,Vadodara,Gujarat,India,Bronze
CUST0999,Saanvi Dasgupta,saanvi.dasgupta487@example.com,Other,51,2021-10-05,Delhi,Delhi,India,Gold
CUST1000,Sophia Joshi,sophia.joshi91@example.com,Male,58,2021-01-24,Nagpur,Maharashtra,India,Bronze
CUST1001,Aditi Nath,aditi.nath774@example.com,Female,30,2020-02-01,Coimbatore,Tamil Nadu,India,Bronze
CUST1002,Kabir Kumar,kabir.kumar843@example.com,Female,55,2021-05-29,Thiruvananthapuram,Kerala,India,Bronze
CUST1003,Aditi Iyer,aditi.iyer28@example.com,Female,27,2020-12-11,Ahmedabad,Gujarat,India,Platinum
CUST1004,Ethan Khan,ethan.khan128@example.com,Female,36,2022-09-05,Hyderabad,Telangana,India,Bronze
CUST1005,Olivia Iyer,olivia.iyer30@example.com,Male,35,2023-07-13,Delhi,Delhi,India,Bronze
CUST1006,Karthik Nath,karthik.nath493@example.com,Female,34,2025-01-16,Thiruvananthapuram,Kerala,India,Platinum
CUST1007,Ethan Patel,ethan.patel383@example.com,Female,54,2018-03-13,Lucknow,Uttar Pradesh,India,Bronze
CUST1008,Vivaan Singh,vivaan.singh328@example.com,Male,62,2019-07-09,Visakhapatnam,Andhra Pradesh,India,Bronze
CUST1009,Isha Verma,isha.verma430@example.com,Female,40,2018-07-19,Ahmedabad,Gujarat,India,Bronze
CUST1010,Liam Reddy,liam.reddy527@example.com,Male,58,2020-01-21,Chennai,Tamil Nadu,India,Bronze
CUST1011,Ananya Trivedi,ananya.trivedi331@example.com,Female,70,2025-09-06,Ahmedabad,Gujarat,India,Bronze
CUST1012,Olivia Verma,olivia.verma99@example.com,Female,40,2019-08-12,Bengaluru,Karnataka,India,Bronze
CUST1013,Riya Verma,riya.verma798@example.com,Female,39,2019-10-30,Chennai,Tamil Nadu,India,Bronze
CUST1014,Rohan Iyer,rohan.iyer852@example.com,Male,53,2024-11-17,Bhopal,Madhya Pradesh,India,Silver
CUST1015,Olivia Trivedi,olivia.trivedi720@example.com,Female,25,2022-09-06,Indore,Madhya Pradesh,India,Gold
CUST1016,Arjun Singh,arjun.singh946@example.com,Male,40,2021-06-30,Visakhapatnam,Andhra Pradesh,India,Bronze
CUST1017,Aditi Saxena,aditi.saxena536@example.com,Female,39,2019-12-07,Ahmedabad,Gujarat,India,Bronze
CUST1018,Ethan Patel,ethan.patel228@example.com,Male,62,2019-08-07,Jaipur,Rajasthan,India,Bronze
CUST1019,Saanvi Singh,saanvi.singh81@example.com,Male,66,2019-04-03,Delhi,Delhi,India,Bronze
CUST1020,Kabir Chopra,kabir.chopra44@example.com,Male,20,2025-05-26,Bhopal,Madhya Pradesh,India,Bronze
CUST1021,Kabir Patel,kabir.patel931@example.com,Male,22,2021-05-20,Bengaluru,Karnataka,India,Silver
CUST1022,Lucas Patel,lucas.patel943@example.com,Female,55,2020-03-30,Hyderabad,Telangana,India,Silver
CUST1023,Aarav Reddy,aarav.reddy150@example.com,Female,35,2024-07-02,Visakhapatnam,Andhra Pradesh,India,Bronze
CUST1024,Isabella Kapoor,isabella.kapoor800@example.com,Female,33,2023-08-31,Vijayawada,Andhra Pradesh,India,Bronze
CUST1025,Ethan Nath,ethan.nath782@example.com,Male,31,2020-02-24,Ahmedabad,Gujarat,India,Bronze
CUST1026,Mia Trivedi,mia.trivedi5@example.com,Other,24,2020-05-26,Bhopal,Madhya Pradesh,India,Gold
CUST1027,Kabir Verma,kabir.verma715@example.com,Female,46,2025-07-21,Chennai,Tamil Nadu,India,Bronze
CUST1028,Karthik Joshi,karthik.joshi435@example.com,Male,32,2022-07-28,Chennai,Tamil Nadu,India,Silver
CUST1029,Rahul Patel,rahul.patel478@example.com,Male,26,2023-07-24,Visakhapatnam,Andhra Pradesh,India,Silver
CUST1030,Maya Kumar,maya.kumar85@example.com,Male,25,2022-04-26,Ahmedabad,Gujarat,India,Bronze
CUST1031,Emma Dasgupta,emma.dasgupta704@example.com,Other,46,2020-07-14,Patna,Bihar,India,Bronze
CUST1032,Isabella Chopra,isabella.chopra194@example.com,Female,69,2023-05-03,Visakhapatnam,Andhra Pradesh,India,Bronze
CUST1033,Noah Khan,noah.khan689@example.com,Male,46,2023-11-11,Delhi,Delhi,India,Bronze
CUST1034,Priya Joshi,priya.joshi712@example.com,Female,24,2019-11-23,Delhi,Delhi,India,Bronze
CUST1035,Saanvi Mehta,saanvi.mehta206@example.com,Female,43,2019-05-18,Jaipur,Rajasthan,India,Silver
CUST1036,Emma Khan,emma.khan286@example.com,Female,67,2024-07-11,Vijayawada,Andhra Pradesh,India,Bronze
CUST1037,Lucas Joshi,lucas.joshi365@example.com,Male,56,2022-07-15,Thiruvananthapuram,Kerala,India,Bronze
CUST1038,Sai Bose,sai.bose111@example.com,Male,49,2023-07-30,Jaipur,Rajasthan,India,Silver
CUST1039,Sai Sharma,sai.sharma102@example.com,Female,22,2023-08-03,Bengaluru,Karnataka,India,Platinum
CUST1040,Priya Saxena,priya.saxena696@example.com,Male,37,2024-12-22,Vadodara,Gujarat,India,Bronze
CUST1041,Aditya Kapoor,aditya.kapoor786@example.com,Female,47,2020-04-07,Ahmedabad,Gujarat,India,Silver
CUST1042,Kabir Kapoor,kabir.kapoor268@example.com,Female,69,2024-01-24,Patna,Bihar,India,Bronze
CUST1043,Mia Kumar,mia.kumar441@example.com,Female,25,2022-04-21,Indore,Madhya Pradesh,India,Bronze
CUST1044,Priya Bose,priya.bose471@example.com,Male,29,2024-03-30,Ahmedabad,Gujarat,India,Gold
CUST1045,Ananya Khan,ananya.khan442@example.com,Male,63,2022-05-13,Thiruvananthapuram,Kerala,India,Silver
CUST1046,Sophia Khan,sophia.khan676@example.com,Female,52,2024-06-01,Thiruvananthapuram,Kerala,India,Bronze
CUST1047,Isabella Gupta,isabella.gupta519@example.com,Male,34,2023-07-20,Vijayawada,Andhra Pradesh,India,Platinum
CUST1048,Aria Verma,aria.verma785@example.com,Other,38,2018-09-09,Bengaluru,Karnataka,India,Bronze
CUST1049,Sai Verma,sai.verma358@example.com,Female,55,2018-04-21,Surat,Gujarat,India,Bronze
CUST1050,Neha Verma,neha.verma366@example.com,Male,21,2025-06-01,Jaipur,Rajasthan,India,Bronze
CUST1051,Liam Dasgupta,liam.dasgupta607@example.com,Male,62,2018-09-26,Ahmedabad,Gujarat,India,Bronze
CUST1052,Ananya Sharma,ananya.sharma552@example.com,Male,47,2025-05-18,Nagpur,Maharashtra,India,Bronze
CUST1053,Chloe Chopra,chloe.chopra274@example.com,Male,48,2024-08-05,Bengaluru,Karnataka,India,Platinum
CUST1054,Priya Nath,priya.nath400@example.com,Male,24,2023-06-24,Chennai,Tamil Nadu,India,Silver
CUST1055,Saanvi Mehta,saanvi.mehta509@example.com,Female,66,2025-06-26,Surat,Gujarat,India,Bronze
CUST1056,Riya Verma,riya.verma993@example.com,Male,49,2025-02-15,Delhi,Delhi,India,Silver
CUST1057,Maya Nair,maya.nair295@example.com,Male,37,2024-06-07,Coimbatore,Tamil Nadu,India,Silver
CUST1058,Aria Reddy,aria.reddy735@example.com,Female,24,2024-08-21,Surat,Gujarat,India,Bronze
CUST1059,Sophia Kapoor,sophia.kapoor487@example.com,Male,40,2018-11-11,Ahmedabad,Gujarat,India,Bronze
CUST1060,Riya Chopra,riya.chopra680@example.com,Female,30,2022-08-25,Coimbatore,Tamil Nadu,India,Bronze
CUST1061,Rohan Bose,rohan.bose688@example.com,Female,29,2018-03-18,Bhopal,Madhya Pradesh,India,Gold
CUST1062,Sophia Khan,sophia.khan219@example.com,Female,70,2023-03-30,Lucknow,Uttar Pradesh,India,Gold
CUST1063,Maya Saxena,maya.saxena874@example.com,Female,45,2024-05-07,Mumbai,Maharashtra,India,Bronze
CUST1064,Karthik Bose,karthik.bose152@example.com,Male,65,2025-09-08,Ahmedabad,Gujarat,India,Silver
CUST1065,Neha Mehta,neha.mehta881@example.com,Female,22,2025-02-09,Pune,Maharashtra,India,Silver
CUST1066,Isha Dasgupta,isha.dasgupta662@example.com,Male,61,2024-09-28,Jaipur,Rajasthan,India,Bronze
CUST1067,Arjun Singh,arjun.singh197@example.com,Male,69,2021-06-25,Indore,Madhya Pradesh,India,Bronze
CUST1068,Neha Chopra,neha.chopra663@example.com,Female,30,2019-10-15,Lucknow,Uttar Pradesh,India,Bronze
CUST1069,Isha Das,isha.das675@example.com,Female,59,2018-06-22,Thiruvananthapuram,Kerala,India,Silver
CUST1070,Vivaan Reddy,vivaan.reddy322@example.com,Female,22,2022-07-26,Visakhapatnam,Andhra Pradesh,India,Silver
CUST1071,Chloe Reddy,chloe.reddy407@example.com,Female,64,2019-07-30,Jaipur,Rajasthan,India,Bronze
CUST1072,Emma Kapoor,emma.kapoor956@example.com,Male,60,2024-07-05,Bhopal,Madhya Pradesh,India,Bronze
CUST1073,Chloe Reddy,chloe.reddy244@example.com,Female,67,2021-07-07,Surat,Gujarat,India,Silver
CUST1074,Emma Joshi,emma.joshi826@example.com,Female,33,2022-09-29,Pune,Maharashtra,India,Bronze
CUST1075,Ananya Nair,ananya.nair994@example.com,Male,44,2020-11-07,Vijayawada,Andhra Pradesh,India,Bronze
CUST1076,Maya Verma,maya.verma717@example.com,Female,38,2024-02-14,Nagpur,Maharashtra,India,Bronze
CUST1077,Diya Das,diya.das901@example.com,Female,27,2022-01-26,Thiruvananthapuram,Kerala,India,Silver
CUST1078,Ethan Dasgupta,ethan.dasgupta22@example.com,Female,56,2018-05-23,Mumbai,Maharashtra,India,Silver
CUST1079,Lucas Iyer,lucas.iyer260@example.com,Female,37,2025-03-02,Visakhapatnam,Andhra Pradesh,India,Gold
CUST1080,Noah Patel,noah.patel548@example.com,Female,46,2022-05-11,Bengaluru,Karnataka,India,Gold
CUST1081,Priya Das,priya.das309@example.com,Male,70,2020-08-22,Ahmedabad,Gujarat,India,Bronze
CUST1082,Chloe Gupta,chloe.gupta938@example.com,Male,38,2025-03-24,Nagpur,Maharashtra,India,Silver
CUST1083,Isha Reddy,isha.reddy843@example.com,Female,49,2023-04-14,Nagpur,Maharashtra,India,Gold
CUST1084,Rahul Chopra,rahul.chopra898@example.com,Female,24,2019-10-19,Lucknow,Uttar Pradesh,India,Bronze
CUST1085,Karthik Chopra,karthik.chopra617@example.com,Female,53,2021-08-31,Indore,Madhya Pradesh,India,Silver
CUST1086,Mia Kumar,mia.kumar657@example.com,Female,58,2022-12-22,Kolkata,West Bengal,India,Bronze
CUST1087,Saanvi Dasgupta,saanvi.dasgupta322@example.com,Female,25,2019-10-09,Jaipur,Rajasthan,India,Bronze
CUST1088,Mia Singh,mia.singh868@example.com,Female,44,2021-08-01,Indore,Madhya Pradesh,India,Bronze
CUST1089,Emma Singh,emma.singh267@example.com,Male,55,2021-09-03,Ahmedabad,Gujarat,India,Bronze
CUST1090,Neha Verma,neha.verma187@example.com,Male,42,2024-05-25,Jaipur,Rajasthan,India,Bronze
CUST1091,Aarav Trivedi,aarav.trivedi663@example.com,Female,32,2018-12-31,Indore,Madhya Pradesh,India,Bronze
CUST1092,Olivia Gupta,olivia.gupta51@example.com,Male,45,2024-09-25,Lucknow,Uttar Pradesh,India,Bronze
CUST1093,Karthik Gupta,karthik.gupta970@example.com,Female,18,2023-11-24,Nagpur,Maharashtra,India,Silver
CUST1094,Amelia Bose,amelia.bose848@example.com,Female,25,2020-07-08,Pune,Maharashtra,India,Bronze
CUST1095,Isabella Das,isabella.das295@example.com,Female,42,2019-06-18,Nagpur,Maharashtra,India,Gold
CUST1096,Aria Nair,aria.nair844@example.com,Male,61,2020-02-15,Nagpur,Maharashtra,India,Bronze
CUST1097,Lucas Singh,lucas.singh30@example.com,Male,34,2020-08-22,Vadodara,Gujarat,India,Bronze
CUST1098,Diya Verma,diya.verma597@example.com,Female,47,2018-12-18,Bengaluru,Karnataka,India,Bronze
CUST1099,Isabella Mehta,isabella.mehta998@example.com,Female,61,2020-05-19,Coimbatore,Tamil Nadu,India,Silver
CUST1100,Emma Saxena,emma.saxena263@example.com,Male,53,2018-08-29,Mumbai,Maharashtra,India,Bronze
CUST1101,Diya Khan,diya.khan931@example.com,Male,56,2025-07-10,Vadodara,Gujarat,India,Silver
CUST1102,Lucas Kumar,lucas.kumar6@example.com,Male,57,2022-04-10,Ahmedabad,Gujarat,India,Platinum
CUST1103,Noah Verma,noah.verma136@example.com,Other,53,2018-06-18,Vijayawada,Andhra Pradesh,India,Bronze
CUST1104,Ananya Kapoor,ananya.kapoor505@example.com,Female,47,2019-06-25,Delhi,Delhi,India,Bronze
CUST1105,Rohan Chopra,rohan.chopra146@example.com,Male,38,2018-06-30,Kolkata,West Bengal,India,Bronze
CUST1106,Ethan Das,ethan.das766@example.com,Male,45,2021-03-04,Lucknow,Uttar Pradesh,India,Silver
CUST1107,Mia Das,mia.das530@example.com,Male,28,2021-07-16,Thiruvananthapuram,Kerala,India,Silver
CUST1108,Sai Trivedi,sai.trivedi874@example.com,Female,58,2022-12-08,Mumbai,Maharashtra,India,Bronze
CUST1109,Vivaan Iyer,vivaan.iyer188@example.com,Male,34,2019-11-01,Indore,Madhya Pradesh,India,Bronze
CUST1110,Chloe Khan,chloe.khan42@example.com,Male,63,2024-04-16,Thiruvananthapuram,Kerala,India,Bronze
CUST1111,Arjun Singh,arjun.singh127@example.com,Male,31,2021-03-09,Hyderabad,Telangana,India,Silver
CUST1112,Emma Kapoor,emma.kapoor843@example.com,Male,60,2024-07-26,Pune,Maharashtra,India,Bronze
CUST1113,Aarav Kapoor,aarav.kapoor3958@example.com,Male,22,2020-10-05,Thiruvananthapuram,Kerala,India,Silver
CUST1114,Chloe Mehta,chloe.mehta27@example.com,Male,61,2019-05-15,Coimbatore,Tamil Nadu,India,Bronze
CUST1115,Amelia Patel,amelia.patel858@example.com,Male,19,2018-11-29,Indore,Madhya Pradesh,India,Silver
CUST1116,Noah Khan,noah.khan465@example.com,Female,35,2024-08-30,Bengaluru,Karnataka,India,Bronze
CUST1117,Vivaan Saxena,vivaan.saxena974@example.com,Male,64,2024-05-20,Kolkata,West Bengal,India,Bronze
CUST1118,Vivaan Dasgupta,vivaan.dasgupta331@example.com,Female,65,2018-10-17,Patna,Bihar,India,Platinum
CUST1119,Priya Reddy,priya.reddy409@example.com,Male,33,2022-06-22,Delhi,Delhi,India,Bronze
CUST1120,Saanvi Gupta,saanvi.gupta398@example.com,Female,36,2025-04-04,Kolkata,West Bengal,India,Bronze
CUST1121,Kabir Chopra,kabir.chopra754@example.com,Female,37,2025-09-06,Vadodara,Gujarat,India,Bronze
CUST1122,Noah Patel,noah.patel853@example.com,Male,30,2023-06-29,Indore,Madhya Pradesh,India,Gold
CUST1123,Kabir Das,kabir.das577@example.com,Female,23,2022-09-27,Visakhapatnam,Andhra Pradesh,India,Silver
CUST1124,Neha Chopra,neha.chopra96@example.com,Male,39,2023-03-14,Jaipur,Rajasthan,India,Silver
CUST1125,Olivia Singh,olivia.singh954@example.com,Female,58,2025-04-05,Bhopal,Madhya Pradesh,India,Bronze
CUST1126,Aditi Chopra,aditi.chopra82@example.com,Female,48,2021-05-15,Kolkata,West Bengal,India,Platinum
CUST1127,Noah Dasgupta,noah.dasgupta862@example.com,Male,45,2021-04-25,Vijayawada,Andhra Pradesh,India,Bronze
CUST1128,Aditya Kumar,aditya.kumar526@example.com,Male,45,2022-08-19,Chennai,Tamil Nadu,India,Bronze
CUST1129,Emma Nath,emma.nath833@example.com,Male,34,2024-07-26,Delhi,Delhi,India,Silver
CUST1130,Aarav Patel,aarav.patel759@example.com,Female,29,2020-01-17,Coimbatore,Tamil Nadu,India,Bronze
CUST1131,Neha Dasgupta,neha.dasgupta322@example.com,Female,47,2025-07-08,Indore,Madhya Pradesh,India,Silver
CUST1132,Isha Mehta,isha.mehta990@example.com,Female,69,2020-02-06,Pune,Maharashtra,India,Bronze
CUST1133,Emma Saxena,emma.saxena266@example.com,Female,24,2022-11-12,Patna,Bihar,India,Bronze
CUST1134,Priya Patel,priya.patel14@example.com,Male,48,2023-02-28,Coimbatore,Tamil Nadu,India,Gold
CUST1135,Emma Saxena,emma.saxena744@example.com,Female,57,2024-12-01,Visakhapatnam,Andhra Pradesh,India,Silver
CUST1136,Olivia Joshi,olivia.joshi824@example.com,Male,26,2019-07-08,Bengaluru,Karnataka,India,Bronze
CUST1137,Ethan Sharma,ethan.sharma713@example.com,Other,19,2020-05-07,Thiruvananthapuram,Kerala,India,Silver
CUST1138,Liam Iyer,liam.iyer447@example.com,Female,68,2024-01-16,Pune,Maharashtra,India,Bronze
CUST1139,Mia Bose,mia.bose152@example.com,Male,19,2019-04-23,Hyderabad,Telangana,India,Gold
CUST1140,Emma Bose,emma.bose987@example.com,Female,19,2023-01-16,Vijayawada,Andhra Pradesh,India,Bronze
CUST1141,Riya Nath,riya.nath850@example.com,Female,21,2021-09-29,Bengaluru,Karnataka,India,Bronze
CUST1142,Isabella Chopra,isabella.chopra426@example.com,Female,65,2024-06-28,Vadodara,Gujarat,India,Silver
CUST1143,Riya Kumar,riya.kumar500@example.com,Male,50,2024-08-17,Vadodara,Gujarat,India,Gold
CUST1144,Chloe Khan,chloe.khan238@example.com,Female,51,2018-03-19,Nagpur,Maharashtra,India,Bronze
CUST1145,Maya Reddy,maya.reddy275@example.com,Female,44,2023-04-23,Chennai,Tamil Nadu,India,Bronze
CUST1146,Liam Verma,liam.verma460@example.com,Female,19,2019-10-23,Ahmedabad,Gujarat,India,Silver
CUST1147,Kabir Verma,kabir.verma449@example.com,Male,32,2024-08-04,Surat,Gujarat,India,Gold
CUST1148,Isabella Bose,isabella.bose135@example.com,Female,64,2022-05-18,Nagpur,Maharashtra,India,Silver
CUST1149,Noah Verma,noah.verma816@example.com,Male,28,2024-12-22,Pune,Maharashtra,India,Bronze
CUST1150,Emma Reddy,emma.reddy684@example.com,Female,29,2020-03-28,Hyderabad,Telangana,India,Silver
CUST1151,Arjun Chopra,arjun.chopra966@example.com,Other,37,2020-08-19,Pune,Maharashtra,India,Bronze
CUST1152,Aarav Verma,aarav.verma903@example.com,Male,61,2019-10-12,Hyderabad,Telangana,India,Silver
CUST1153,Chloe Kapoor,chloe.kapoor33@example.com,Female,39,2022-10-30,Chennai,Tamil Nadu,India,Silver
CUST1154,Arjun Trivedi,arjun.trivedi230@example.com,Female,39,2021-12-26,Mumbai,Maharashtra,India,Silver
CUST1155,Maya Das,maya.das918@example.com,Male,62,2023-10-13,Vadodara,Gujarat,India,Silver
CUST1156,Olivia Kumar,olivia.kumar949@example.com,Female,69,2023-02-16,Chennai,Tamil Nadu,India,Platinum
CUST1157,Lucas Saxena,lucas.saxena625@example.com,Female,24,2024-04-22,Mumbai,Maharashtra,India,Bronze
CUST1158,Ananya Patel,ananya.patel892@example.com,Male,41,2019-10-06,Ahmedabad,Gujarat,India,Silver
CUST1159,Mia Kapoor,mia.kapoor511@example.com,Female,24,2019-09-24,Visakhapatnam,Andhra Pradesh,India,Bronze
CUST1160,Sai Patel,sai.patel869@example.com,Male,44,2018-01-27,Jaipur,Rajasthan,India,Silver
CUST1161,Kabir Mehta,kabir.mehta294@example.com,Female,23,2020-12-25,Visakhapatnam,Andhra Pradesh,India,Silver
CUST1162,Neha Verma,neha.verma645@example.com,Female,27,2023-12-10,Nagpur,Maharashtra,India,Silver
CUST1163,Sai Chopra,sai.chopra424@example.com,Female,47,2023-10-16,Visakhapatnam,Andhra Pradesh,India,Gold
CUST1164,Aditi Singh,aditi.singh789@example.com,Male,69,2023-10-21,Delhi,Delhi,India,Bronze
CUST1165,Rahul Joshi,rahul.joshi791@example.com,Male,21,2022-05-30,Mumbai,Maharashtra,India,Silver
CUST1166,Liam Singh,liam.singh925@example.com,Female,58,2025-05-28,Bhopal,Madhya Pradesh,India,Platinum
CUST1167,Neha Joshi,neha.joshi908@example.com,Female,53,2021-05-31,Surat,Gujarat,India,Gold
CUST1168,Aarav Das,aarav.das922@example.com,Female,27,2022-07-13,Indore,Madhya Pradesh,India,Silver
CUST1169,Chloe Trivedi,chloe.trivedi640@example.com,Female,59,2022-12-17,Visakhapatnam,Andhra Pradesh,India,Gold
CUST1170,Lucas Joshi,lucas.joshi795@example.com,Male,37,2018-12-12,Mumbai,Maharashtra,India,Bronze
CUST1171,Priya Singh,priya.singh533@example.com,Other,36,2020-05-25,Delhi,Delhi,India,Bronze
CUST1172,Riya Kapoor,riya.kapoor349@example.com,Female,28,2018-04-06,Bengaluru,Karnataka,India,Gold
CUST1173,Maya Nath,maya.nath265@example.com,Male,67,2021-05-29,Nagpur,Maharashtra,India,Platinum
CUST1174,Arjun Kumar,arjun.kumar862@example.com,Male,58,2023-09-10,Visakhapatnam,Andhra Pradesh,India,Bronze
CUST1175,Mia Patel,mia.patel460@example.com,Male,65,2018-01-22,Indore,Madhya Pradesh,India,Bronze
CUST1176,Diya Nath,diya.nath580@example.com,Female,58,2025-06-18,Patna,Bihar,India,Silver
CUST1177,Diya Verma,diya.verma307@example.com,Male,68,2024-06-04,Kolkata,West Bengal,India,Silver
CUST1178,Rohan Iyer,rohan.iyer108@example.com,Male,55,2020-02-28,Visakhapatnam,Andhra Pradesh,India,Bronze
CUST1179,Sai Chopra,sai.chopra849@example.com,Male,23,2018-09-12,Nagpur,Maharashtra,India,Gold
CUST1180,Kabir Nair,kabir.nair457@example.com,Male,61,2023-11-26,Coimbatore,Tamil Nadu,India,Bronze
CUST1181,Rohan Joshi,rohan.joshi893@example.com,Male,49,2025-02-19,Nagpur,Maharashtra,India,Platinum
CUST1182,Olivia Khan,olivia.khan750@example.com,Other,70,2019-10-30,Kolkata,West Bengal,India,Bronze
CUST1183,Kabir Bose,kabir.bose133@example.com,Other,50,2023-12-08,Chennai,Tamil Nadu,India,Silver
CUST1184,Aditi Khan,aditi.khan34@example.com,Female,53,2022-02-21,Chennai,Tamil Nadu,India,Silver
CUST1185,Neha Patel,neha.patel124@example.com,Male,36,2018-06-14,Bhopal,Madhya Pradesh,India,Bronze
CUST1186,Karthik Dasgupta,karthik.dasgupta384@example.com,Male,49,2018-04-25,Kolkata,West Bengal,India,Bronze
CUST1187,Sophia Chopra,sophia.chopra50@example.com,Female,37,2021-03-07,Pune,Maharashtra,India,Bronze
CUST1188,Emma Khan,emma.khan3@example.com,Male,40,2018-10-04,Mumbai,Maharashtra,India,Bronze
CUST1189,Sophia Dasgupta,sophia.dasgupta580@example.com,Male,39,2022-03-26,Thiruvananthapuram,Kerala,India,Silver
CUST1190,Ethan Saxena,ethan.saxena136@example.com,Female,50,2025-02-19,Indore,Madhya Pradesh,India,Silver
CUST1191,Noah Bose,noah.bose153@example.com,Female,38,2019-01-01,Vadodara,Gujarat,India,Silver
CUST1192,Neha Joshi,neha.joshi239@example.com,Female,39,2024-01-25,Mumbai,Maharashtra,India,Platinum
CUST1193,Chloe Bose,chloe.bose754@example.com,Male,23,2019-11-10,Bengaluru,Karnataka,India,Bronze
CUST1194,Lucas Dasgupta,lucas.dasgupta575@example.com,Female,59,2024-04-10,Delhi,Delhi,India,Bronze
CUST1195,Aria Trivedi,aria.trivedi591@example.com,Female,54,2023-11-08,Pune,Maharashtra,India,Silver
CUST1196,Rohan Sharma,rohan.sharma124@example.com,Female,52,2020-01-07,Bengaluru,Karnataka,India,Bronze
CUST1197,Saanvi Iyer,saanvi.iyer850@example.com,Female,55,2022-12-25,Delhi,Delhi,India,Silver
CUST1198,Aria Mehta,aria.mehta412@example.com,Female,49,2018-04-06,Surat,Gujarat,India,Bronze
CUST1199,Neha Sharma,neha.sharma881@example.com,Female,42,2020-11-19,Delhi,Delhi,India,Bronze
CUST1200,Arjun Trivedi,arjun.trivedi173@example.com,Male,29,2020-11-12,Delhi,Delhi,India,Bronze
CUST1201,Neha Gupta,neha.gupta61@example.com,Female,38,2020-01-14,Bengaluru,Karnataka,India,Silver
CUST1202,Riya Joshi,riya.joshi102@example.com,Male,44,2021-08-20,Lucknow,Uttar Pradesh,India,Bronze
CUST1203,Ethan Patel,ethan.patel54@example.com,Male,66,2024-09-11,Vijayawada,Andhra Pradesh,India,Bronze
CUST1204,Rohan Kapoor,rohan.kapoor395@example.com,Female,35,2018-09-06,Surat,Gujarat,India,Bronze
CUST1205,Neha Reddy,neha.reddy496@example.com,Male,58,2020-08-15,Bengaluru,Karnataka,India,Bronze
CUST1206,Sophia Patel,sophia.patel253@example.com,Female,59,2019-05-30,Ahmedabad,Gujarat,India,Bronze
CUST1207,Aditi Reddy,aditi.reddy867@example.com,Female,31,2019-08-07,Visakhapatnam,Andhra Pradesh,India,Bronze
CUST1208,Ananya Iyer,ananya.iyer551@example.com,Female,53,2023-01-25,Mumbai,Maharashtra,India,Bronze
CUST1209,Aditi Saxena,aditi.saxena297@example.com,Female,28,2018-01-03,Mumbai,Maharashtra,India,Gold
CUST1210,Kabir Das,kabir.das613@example.com,Male,61,2022-04-07,Visakhapatnam,Andhra Pradesh,India,Silver
CUST1211,Saanvi Nath,saanvi.nath861@example.com,Female,20,2019-10-24,Patna,Bihar,India,Bronze
CUST1212,Riya Reddy,riya.reddy405@example.com,Female,26,2024-03-29,Lucknow,Uttar Pradesh,India,Gold
CUST1213,Saanvi Saxena,saanvi.saxena517@example.com,Female,38,2025-08-25,Surat,Gujarat,India,Silver
CUST1214,Mia Bose,mia.bose280@example.com,Male,38,2021-10-31,Pune,Maharashtra,India,Bronze
CUST1215,Aria Mehta,aria.mehta17@example.com,Female,26,2025-04-01,Bengaluru,Karnataka,India,Silver
CUST1216,Aarav Sharma,aarav.sharma689@example.com,Male,53,2025-10-23,Thiruvananthapuram,Kerala,India,Silver
CUST1217,Maya Reddy,maya.reddy807@example.com,Female,59,2018-11-14,Patna,Bihar,India,Bronze
CUST1218,Ethan Bose,ethan.bose689@example.com,Male,70,2022-03-22,Vadodara,Gujarat,India,Bronze
CUST1219,Ananya Sharma,ananya.sharma128@example.com,Male,30,2022-12-26,Bengaluru,Karnataka,India,Bronze
CUST1220,Aarav Das,aarav.das697@example.com,Female,40,2020-02-24,Delhi,Delhi,India,Silver
CUST1221,Liam Dasgupta,liam.dasgupta828@example.com,Female,32,2023-07-16,Visakhapatnam,Andhra Pradesh,India,Bronze
CUST1222,Kabir Saxena,kabir.saxena215@example.com,Male,70,2025-02-28,Coimbatore,Tamil Nadu,India,Bronze
CUST1223,Isha Nath,isha.nath513@example.com,Female,53,2020-03-04,Vijayawada,Andhra Pradesh,India,Silver
CUST1224,Aria Nath,aria.nath180@example.com,Male,26,2018-09-24,Kolkata,West Bengal,India,Bronze
CUST1225,Sophia Iyer,sophia.iyer903@example.com,Female,68,2021-01-28,Pune,Maharashtra,India,Silver
CUST1226,Aarav Trivedi,aarav.trivedi630@example.com,Male,53,2023-02-03,Bengaluru,Karnataka,India,Gold
CUST1227,Liam Kumar,liam.kumar875@example.com,Female,45,2022-07-25,Lucknow,Uttar Pradesh,India,Bronze
CUST1228,Rohan Bose,rohan.bose508@example.com,Male,66,2018-06-28,Jaipur,Rajasthan,India,Bronze
CUST1229,Amelia Chopra,amelia.chopra546@example.com,Male,18,2022-05-25,Pune,Maharashtra,India,Bronze
CUST1230,Chloe Nath,chloe.nath828@example.com,Male,65,2020-07-13,Nagpur,Maharashtra,India,Platinum
CUST1231,Amelia Iyer,amelia.iyer202@example.com,Male,37,2018-09-15,Chennai,Tamil Nadu,India,Bronze
CUST1232,Neha Sharma,neha.sharma607@example.com,Female,39,2020-10-22,Jaipur,Rajasthan,India,Bronze
CUST1233,Diya Mehta,diya.mehta853@example.com,Male,39,2023-10-30,Jaipur,Rajasthan,India,Gold
CUST1234,Mia Saxena,mia.saxena635@example.com,Male,24,2025-01-05,Indore,Madhya Pradesh,India,Bronze
CUST1235,Aditya Kumar,aditya.kumar939@example.com,Male,38,2025-10-11,Delhi,Delhi,India,Silver
CUST1236,Vivaan Bose,vivaan.bose57@example.com,Male,58,2022-11-04,Delhi,Delhi,India,Bronze
CUST1237,Vivaan Trivedi,vivaan.trivedi54@example.com,Male,42,2022-07-04,Chennai,Tamil Nadu,India,Silver
CUST1238,Neha Iyer,neha.iyer886@example.com,Female,60,2024-12-30,Bengaluru,Karnataka,India,Bronze
CUST1239,Aditi Chopra,aditi.chopra902@example.com,Female,24,2021-10-23,Bengaluru,Karnataka,India,Bronze
CUST1240,Rahul Nath,rahul.nath198@example.com,Male,18,2024-09-03,Delhi,Delhi,India,Bronze
CUST1241,Ethan Nair,ethan.nair927@example.com,Female,58,2023-09-16,Lucknow,Uttar Pradesh,India,Bronze
CUST1242,Kabir Saxena,kabir.saxena456@example.com,Male,26,2018-06-30,Mumbai,Maharashtra,India,Bronze
CUST1243,Sophia Chopra,sophia.chopra526@example.com,Female,66,2022-01-05,Ahmedabad,Gujarat,India,Bronze
CUST1244,Maya Singh,maya.singh151@example.com,Male,56,2021-11-05,Ahmedabad,Gujarat,India,Bronze
CUST1245,Aarav Kapoor,aarav.kapoor601@example.com,Female,27,2018-08-23,Jaipur,Rajasthan,India,Bronze
CUST1246,Ethan Trivedi,ethan.trivedi880@example.com,Male,40,2020-03-11,Pune,Maharashtra,India,Silver
CUST1247,Saanvi Reddy,saanvi.reddy350@example.com,Male,48,2025-10-16,Indore,Madhya Pradesh,India,Bronze
CUST1248,Rahul Nath,rahul.nath580@example.com,Other,57,2021-05-12,Nagpur,Maharashtra,India,Bronze
CUST1249,Arjun Bose,arjun.bose898@example.com,Female,20,2023-07-25,Jaipur,Rajasthan,India,Gold
CUST1250,Liam Iyer,liam.iyer710@example.com,Male,57,2020-05-23,Jaipur,Rajasthan,India,Bronze
CUST1251,Mia Mehta,mia.mehta827@example.com,Female,31,2022-06-28,Hyderabad,Telangana,India,Silver
CUST1252,Aarav Verma,aarav.verma11@example.com,Male,19,2024-03-22,Chennai,Tamil Nadu,India,Bronze
CUST1253,Aditi Nair,aditi.nair647@example.com,Female,66,2022-01-14,Mumbai,Maharashtra,India,Platinum
CUST1254,Saanvi Nair,saanvi.nair291@example.com,Male,34,2019-12-15,Surat,Gujarat,India,Silver
CUST1255,Diya Gupta,diya.gupta201@example.com,Male,34,2019-02-19,Bengaluru,Karnataka,India,Silver
CUST1256,Sai Joshi,sai.joshi671@example.com,Female,25,2021-10-18,Pune,Maharashtra,India,Bronze
CUST1257,Diya Verma,diya.verma829@example.com,Male,28,2023-11-29,Vadodara,Gujarat,India,Gold
CUST1258,Chloe Reddy,chloe.reddy122@example.com,Male,26,2020-02-16,Pune,Maharashtra,India,Bronze
CUST1259,Olivia Verma,olivia.verma326@example.com,Female,58,2020-09-28,Mumbai,Maharashtra,India,Silver
CUST1260,Sophia Nair,sophia.nair875@example.com,Female,68,2019-09-01,Surat,Gujarat,India,Bronze
CUST1261,Liam Das,liam.das894@example.com,Male,50,2024-07-20,Thiruvananthapuram,Kerala,India,Bronze
CUST1262,Aditya Khan,aditya.khan810@example.com,Female,22,2019-11-17,Bhopal,Madhya Pradesh,India,Bronze
CUST1263,Chloe Kapoor,chloe.kapoor384@example.com,Female,47,2020-01-04,Surat,Gujarat,India,Silver
CUST1264,Rohan Khan,rohan.khan733@example.com,Female,48,2021-01-04,Vijayawada,Andhra Pradesh,India,Bronze
CUST1265,Amelia Nath,amelia.nath666@example.com,Male,32,2020-04-11,Indore,Madhya Pradesh,India,Gold
CUST1266,Priya Nair,priya.nair314@example.com,Male,42,2024-05-29,Hyderabad,Telangana,India,Gold
CUST1267,Karthik Das,karthik.das564@example.com,Male,66,2018-12-11,Ahmedabad,Gujarat,India,Bronze
CUST1268,Karthik Iyer,karthik.iyer598@example.com,Male,50,2024-12-19,Surat,Gujarat,India,Bronze
CUST1269,Aditi Chopra,aditi.chopra419@example.com,Male,49,2021-07-22,Lucknow,Uttar Pradesh,India,Bronze
CUST1270,Ananya Bose,ananya.bose240@example.com,Male,22,2022-01-10,Delhi,Delhi,India,Bronze
CUST1271,Rohan Kapoor,rohan.kapoor560@example.com,Female,68,2021-02-06,Jaipur,Rajasthan,India,Bronze
CUST1272,Aditya Verma,aditya.verma40@example.com,Female,39,2020-03-16,Surat,Gujarat,India,Bronze
CUST1273,Emma Das,emma.das196@example.com,Female,26,2024-02-03,Lucknow,Uttar Pradesh,India,Bronze
CUST1274,Riya Dasgupta,riya.dasgupta843@example.com,Male,43,2022-07-20,Vijayawada,Andhra Pradesh,India,Silver
CUST1275,Aarav Khan,aarav.khan670@example.com,Female,66,2019-09-04,Coimbatore,Tamil Nadu,India,Bronze
CUST1276,Emma Nair,emma.nair486@example.com,Male,55,2024-03-13,Indore,Madhya Pradesh,India,Silver
CUST1277,Aditi Mehta,aditi.mehta811@example.com,Male,30,2022-10-23,Nagpur,Maharashtra,India,Bronze
CUST1278,Aditi Trivedi,aditi.trivedi31@example.com,Male,54,2019-06-10,Ahmedabad,Gujarat,India,Gold
CUST1279,Aarav Khan,aarav.khan830@example.com,Female,40,2021-10-23,Jaipur,Rajasthan,India,Bronze
CUST1280,Noah Joshi,noah.joshi782@example.com,Female,52,2021-05-12,Surat,Gujarat,India,Bronze
CUST1281,Sophia Kumar,sophia.kumar945@example.com,Male,39,2024-05-16,Vadodara,Gujarat,India,Gold
CUST1282,Sophia Joshi,sophia.joshi391@example.com,Male,43,2018-09-18,Patna,Bihar,India,Bronze
CUST1283,Kabir Patel,kabir.patel337@example.com,Female,46,2025-03-02,Ahmedabad,Gujarat,India,Bronze
CUST1284,Arjun Trivedi,arjun.trivedi182@example.com,Male,62,2024-10-07,Thiruvananthapuram,Kerala,India,Bronze
CUST1285,Saanvi Reddy,saanvi.reddy934@example.com,Other,36,2020-04-23,Jaipur,Rajasthan,India,Bronze
CUST1286,Rohan Reddy,rohan.reddy466@example.com,Male,51,2018-02-15,Hyderabad,Telangana,India,Bronze
CUST1287,Amelia Chopra,amelia.chopra401@example.com,Male,25,2019-06-13,Patna,Bihar,India,Bronze
CUST1288,Emma Reddy,emma.reddy399@example.com,Female,31,2019-06-17,Pune,Maharashtra,India,Bronze
CUST1289,Ethan Khan,ethan.khan163@example.com,Female,37,2024-08-03,Pune,Maharashtra,India,Bronze
CUST1290,Noah Bose,noah.bose283@example.com,Male,27,2022-12-31,Delhi,Delhi,India,Silver
CUST1291,Aria Iyer,aria.iyer539@example.com,Male,54,2023-07-04,Indore,Madhya Pradesh,India,Bronze
CUST1292,Vivaan Reddy,vivaan.reddy295@example.com,Female,47,2021-11-21,Ahmedabad,Gujarat,India,Bronze
CUST1293,Ethan Gupta,ethan.gupta426@example.com,Male,57,2022-11-05,Indore,Madhya Pradesh,India,Bronze
CUST1294,Noah Gupta,noah.gupta716@example.com,Female,43,2018-06-28,Jaipur,Rajasthan,India,Gold
CUST1295,Ananya Das,ananya.das904@example.com,Female,36,2025-06-23,Delhi,Delhi,India,Silver
CUST1296,Emma Nair,emma.nair931@example.com,Female,66,2024-03-14,Chennai,Tamil Nadu,India,Platinum
CUST1297,Aditya Patel,aditya.patel517@example.com,Female,38,2022-08-07,Indore,Madhya Pradesh,India,Bronze
CUST1298,Saanvi Kapoor,saanvi.kapoor46@example.com,Male,22,2025-03-01,Indore,Madhya Pradesh,India,Bronze
CUST1299,Emma Joshi,emma.joshi877@example.com,Male,20,2018-02-13,Lucknow,Uttar Pradesh,India,Bronze
CUST1300,Amelia Singh,amelia.singh335@example.com,Female,47,2023-06-09,Indore,Madhya Pradesh,India,Bronze
CUST1301,Maya Iyer,maya.iyer731@example.com,Female,26,2023-04-13,Lucknow,Uttar Pradesh,India,Silver
CUST1302,Ananya Sharma,ananya.sharma622@example.com,Male,36,2019-05-24,Patna,Bihar,India,Silver
CUST1303,Ananya Reddy,ananya.reddy688@example.com,Female,61,2021-01-24,Kolkata,West Bengal,India,Bronze
CUST1304,Ananya Nair,ananya.nair732@example.com,Male,61,2023-12-21,Pune,Maharashtra,India,Bronze
CUST1305,Vivaan Kapoor,vivaan.kapoor657@example.com,Female,60,2019-02-26,Coimbatore,Tamil Nadu,India,Silver
CUST1306,Aditi Kumar,aditi.kumar613@example.com,Male,67,2022-03-26,Pune,Maharashtra,India,Gold
CUST1307,Karthik Iyer,karthik.iyer205@example.com,Male,44,2018-04-25,Bengaluru,Karnataka,India,Bronze
CUST1308,Saanvi Reddy,saanvi.reddy226@example.com,Female,24,2025-06-13,Hyderabad,Telangana,India,Silver
CUST1309,Vivaan Chopra,vivaan.chopra525@example.com,Male,38,2021-08-14,Patna,Bihar,India,Silver
CUST1310,Aria Nair,aria.nair957@example.com,Female,45,2019-05-10,Jaipur,Rajasthan,India,Bronze
CUST1311,Karthik Mehta,karthik.mehta178@example.com,Male,59,2021-07-19,Bengaluru,Karnataka,India,Bronze
CUST1312,Aditi Iyer,aditi.iyer68@example.com,Female,35,2025-04-16,Vadodara,Gujarat,India,Bronze
CUST1313,Aditya Nair,aditya.nair421@example.com,Male,56,2023-08-09,Chennai,Tamil Nadu,India,Silver
CUST1314,Lucas Nath,lucas.nath176@example.com,Male,24,2024-09-23,Surat,Gujarat,India,Platinum
CUST1315,Olivia Joshi,olivia.joshi695@example.com,Female,67,2025-10-12,Kolkata,West Bengal,India,Bronze
CUST1316,Liam Mehta,liam.mehta872@example.com,Female,22,2021-10-04,Bengaluru,Karnataka,India,Silver
CUST1317,Sophia Bose,sophia.bose392@example.com,Female,65,2020-08-10,Bhopal,Madhya Pradesh,India,Bronze
CUST1318,Aarav Iyer,aarav.iyer22@example.com,Female,25,2021-06-19,Jaipur,Rajasthan,India,Silver
CUST1319,Mia Iyer,mia.iyer635@example.com,Male,26,2022-03-15,Thiruvananthapuram,Kerala,India,Bronze
CUST1320,Sai Joshi,sai.joshi210@example.com,Female,33,2024-09-15,Indore,Madhya Pradesh,India,Silver
CUST1321,Rahul Singh,rahul.singh285@example.com,Male,68,2018-06-12,Bhopal,Madhya Pradesh,India,Silver
CUST1322,Neha Dasgupta,neha.dasgupta769@example.com,Male,64,2021-09-18,Surat,Gujarat,India,Bronze
CUST1323,Maya Kumar,maya.kumar929@example.com,Female,33,2025-09-16,Jaipur,Rajasthan,India,Silver
CUST1324,Priya Kapoor,priya.kapoor330@example.com,Male,58,2018-01-25,Delhi,Delhi,India,Gold
CUST1325,Aditya Nair,aditya.nair54@example.com,Female,27,2020-04-16,Kolkata,West Bengal,India,Bronze
CUST1326,Sophia Trivedi,sophia.trivedi852@example.com,Female,31,2020-08-25,Bhopal,Madhya Pradesh,India,Bronze
CUST1327,Emma Bose,emma.bose319@example.com,Male,30,2020-09-30,Nagpur,Maharashtra,India,Bronze
CUST1328,Diya Dasgupta,diya.dasgupta293@example.com,Female,58,2020-04-04,Lucknow,Uttar Pradesh,India,Gold
CUST1329,Kabir Reddy,kabir.reddy974@example.com,Other,43,2022-03-28,Hyderabad,Telangana,India,Bronze
CUST1330,Neha Kapoor,neha.kapoor625@example.com,Female,66,2019-10-01,Thiruvananthapuram,Kerala,India,Bronze
CUST1331,Priya Chopra,priya.chopra875@example.com,Male,37,2024-09-03,Patna,Bihar,India,Bronze
CUST1332,Emma Gupta,emma.gupta264@example.com,Male,37,2023-02-01,Ahmedabad,Gujarat,India,Bronze
CUST1333,Aria Khan,aria.khan74@example.com,Male,63,2023-04-07,Pune,Maharashtra,India,Bronze
CUST1334,Saanvi Sharma,saanvi.sharma14@example.com,Female,64,2022-03-13,Thiruvananthapuram,Kerala,India,Bronze
CUST1335,Neha Joshi,neha.joshi994@example.com,Female,42,2023-06-29,Ahmedabad,Gujarat,India,Silver
CUST1336,Sophia Reddy,sophia.reddy419@example.com,Female,25,2022-04-26,Vijayawada,Andhra Pradesh,India,Bronze
CUST1337,Mia Chopra,mia.chopra981@example.com,Male,66,2021-11-28,Bhopal,Madhya Pradesh,India,Silver
CUST1338,Liam Verma,liam.verma714@example.com,Male,42,2022-10-03,Jaipur,Rajasthan,India,Bronze
CUST1339,Vivaan Verma,vivaan.verma647@example.com,Female,19,2025-10-27,Kolkata,West Bengal,India,Bronze
CUST1340,Aditi Singh,aditi.singh261@example.com,Male,55,2025-06-07,Hyderabad,Telangana,India,Bronze
CUST1341,Mia Reddy,mia.reddy660@example.com,Female,42,2022-06-17,Vijayawada,Andhra Pradesh,India,Platinum
CUST1342,Aditya Kapoor,aditya.kapoor932@example.com,Male,45,2019-11-11,Nagpur,Maharashtra,India,Bronze
CUST1343,Riya Kapoor,riya.kapoor991@example.com,Female,42,2024-07-28,Ahmedabad,Gujarat,India,Silver
CUST1344,Mia Reddy,mia.reddy112@example.com,Female,67,2021-11-11,Kolkata,West Bengal,India,Bronze
CUST1345,Saanvi Joshi,saanvi.joshi716@example.com,Male,28,2023-07-08,Bengaluru,Karnataka,India,Bronze
CUST1346,Mia Chopra,mia.chopra538@example.com,Male,36,2022-11-01,Hyderabad,Telangana,India,Bronze
CUST1347,Ananya Singh,ananya.singh203@example.com,Female,50,2019-03-28,Indore,Madhya Pradesh,India,Bronze
CUST1348,Saanvi Gupta,saanvi.gupta206@example.com,Male,29,2020-02-25,Lucknow,Uttar Pradesh,India,Platinum
CUST1349,Isabella Chopra,isabella.chopra452@example.com,Female,57,2019-03-24,Hyderabad,Telangana,India,Bronze
CUST1350,Aditya Joshi,aditya.joshi128@example.com,Male,39,2018-05-02,Vijayawada,Andhra Pradesh,India,Bronze
CUST1351,Kabir Patel,kabir.patel10@example.com,Male,66,2018-01-30,Vijayawada,Andhra Pradesh,India,Silver
CUST1352,Vivaan Patel,vivaan.patel217@example.com,Female,18,2022-03-19,Vadodara,Gujarat,India,Bronze
CUST1353,Mia Das,mia.das955@example.com,Female,66,2021-10-12,Vadodara,Gujarat,India,Bronze
CUST1354,Karthik Mehta,karthik.mehta323@example.com,Female,41,2025-06-17,Coimbatore,Tamil Nadu,India,Bronze
CUST1355,Vivaan Verma,vivaan.verma895@example.com,Male,24,2018-01-13,Indore,Madhya Pradesh,India,Gold
CUST1356,Priya Singh,priya.singh27@example.com,Female,51,2021-02-18,Jaipur,Rajasthan,India,Bronze
CUST1357,Aria Khan,aria.khan528@example.com,Male,30,2018-01-13,Surat,Gujarat,India,Bronze
CUST1358,Karthik Kumar,karthik.kumar993@example.com,Female,38,2025-08-08,Indore,Madhya Pradesh,India,Bronze
CUST1359,Kabir Joshi,kabir.joshi757@example.com,Female,23,2021-11-27,Nagpur,Maharashtra,India,Gold
CUST1360,Amelia Khan,amelia.khan675@example.com,Female,24,2022-04-26,Ahmedabad,Gujarat,India,Silver
CUST1361,Olivia Singh,olivia.singh891@example.com,Female,54,2023-08-29,Mumbai,Maharashtra,India,Bronze
CUST1362,Lucas Reddy,lucas.reddy309@example.com,Female,53,2023-03-28,Hyderabad,Telangana,India,Gold
CUST1363,Arjun Khan,arjun.khan679@example.com,Female,33,2020-05-16,Hyderabad,Telangana,India,Silver
CUST1364,Noah Reddy,noah.reddy109@example.com,Male,63,2018-04-30,Hyderabad,Telangana,India,Gold
CUST1365,Rahul Joshi,rahul.joshi785@example.com,Male,64,2020-11-21,Thiruvananthapuram,Kerala,India,Platinum
CUST1366,Noah Patel,noah.patel682@example.com,Male,52,2025-02-08,Thiruvananthapuram,Kerala,India,Bronze
CUST1367,Olivia Mehta,olivia.mehta893@example.com,Male,54,2024-09-26,Delhi,Delhi,India,Silver
CUST1368,Priya Joshi,priya.joshi670@example.com,Female,53,2022-11-25,Jaipur,Rajasthan,India,Bronze
CUST1369,Arjun Dasgupta,arjun.dasgupta90@example.com,Male,39,2024-08-22,Pune,Maharashtra,India,Silver
CUST1370,Arjun Nath,arjun.nath377@example.com,Male,38,2022-04-07,Vijayawada,Andhra Pradesh,India,Silver
CUST1371,Riya Kumar,riya.kumar605@example.com,Female,42,2022-10-02,Surat,Gujarat,India,Silver
CUST1372,Lucas Singh,lucas.singh533@example.com,Female,55,2020-06-28,Chennai,Tamil Nadu,India,Bronze
CUST1373,Maya Bose,maya.bose324@example.com,Male,36,2020-06-15,Thiruvananthapuram,Kerala,India,Silver
CUST1374,Sai Saxena,sai.saxena291@example.com,Male,60,2018-05-21,Vadodara,Gujarat,India,Bronze
CUST1375,Rohan Patel,rohan.patel281@example.com,Other,63,2024-06-08,Thiruvananthapuram,Kerala,India,Silver
CUST1376,Saanvi Khan,saanvi.khan299@example.com,Female,42,2018-08-29,Surat,Gujarat,India,Bronze
CUST1377,Olivia Nair,olivia.nair869@example.com,Female,69,2020-07-10,Mumbai,Maharashtra,India,Gold
CUST1378,Mia Gupta,mia.gupta878@example.com,Female,43,2021-05-10,Hyderabad,Telangana,India,Platinum
CUST1379,Maya Joshi,maya.joshi346@example.com,Male,48,2021-11-27,Coimbatore,Tamil Nadu,India,Bronze
CUST1380,Rohan Dasgupta,rohan.dasgupta290@example.com,Female,30,2024-02-23,Coimbatore,Tamil Nadu,India,Bronze
CUST1381,Rahul Nath,rahul.nath887@example.com,Female,63,2021-05-30,Indore,Madhya Pradesh,India,Silver
CUST1382,Sophia Singh,sophia.singh453@example.com,Female,36,2019-08-17,Pune,Maharashtra,India,Bronze
CUST1383,Emma Nair,emma.nair753@example.com,Female,41,2024-06-15,Chennai,Tamil Nadu,India,Silver
CUST1384,Isabella Singh,isabella.singh386@example.com,Female,45,2025-08-15,Hyderabad,Telangana,India,Gold
CUST1385,Arjun Verma,arjun.verma998@example.com,Male,21,2019-04-26,Bhopal,Madhya Pradesh,India,Silver
CUST1386,Sophia Chopra,sophia.chopra994@example.com,Male,64,2022-07-13,Jaipur,Rajasthan,India,Bronze
CUST1387,Diya Joshi,diya.joshi501@example.com,Male,56,2019-12-08,Coimbatore,Tamil Nadu,India,Silver
CUST1388,Lucas Reddy,lucas.reddy797@example.com,Male,70,2025-04-17,Coimbatore,Tamil Nadu,India,Bronze
CUST1389,Liam Bose,liam.bose377@example.com,Male,25,2018-12-05,Chennai,Tamil Nadu,India,Bronze
CUST1390,Noah Kapoor,noah.kapoor231@example.com,Male,54,2024-06-03,Thiruvananthapuram,Kerala,India,Bronze
CUST1391,Emma Patel,emma.patel814@example.com,Female,42,2023-06-07,Nagpur,Maharashtra,India,Bronze
CUST1392,Sai Patel,sai.patel334@example.com,Male,68,2024-01-11,Hyderabad,Telangana,India,Bronze
CUST1393,Olivia Sharma,olivia.sharma404@example.com,Female,52,2023-12-12,Thiruvananthapuram,Kerala,India,Bronze
CUST1394,Ethan Nath,ethan.nath552@example.com,Female,68,2025-04-23,Chennai,Tamil Nadu,India,Silver
CUST1395,Saanvi Patel,saanvi.patel186@example.com,Female,62,2020-01-08,Bengaluru,Karnataka,India,Bronze
CUST1396,Lucas Mehta,lucas.mehta126@example.com,Male,54,2020-04-24,Hyderabad,Telangana,India,Bronze
CUST1397,Isha Kumar,isha.kumar87@example.com,Other,50,2021-05-07,Visakhapatnam,Andhra Pradesh,India,Platinum
CUST1398,Ananya Chopra,ananya.chopra968@example.com,Female,33,2021-05-16,Mumbai,Maharashtra,India,Gold
CUST1399,Rohan Dasgupta,rohan.dasgupta675@example.com,Female,26,2024-06-21,Thiruvananthapuram,Kerala,India,Silver
CUST1400,Rohan Verma,rohan.verma621@example.com,Female,31,2025-09-18,Chennai,Tamil Nadu,India,Silver
CUST1401,Vivaan Iyer,vivaan.iyer38@example.com,Male,37,2020-05-31,Kolkata,West Bengal,India,Silver
CUST1402,Saanvi Nath,saanvi.nath368@example.com,Male,64,2024-12-23,Nagpur,Maharashtra,India,Bronze
CUST1403,Isha Das,isha.das391@example.com,Female,28,2022-06-27,Indore,Madhya Pradesh,India,Bronze
CUST1404,Isha Chopra,isha.chopra963@example.com,Female,52,2020-04-14,Delhi,Delhi,India,Silver
CUST1405,Isha Nair,isha.nair732@example.com,Male,60,2025-04-07,Bhopal,Madhya Pradesh,India,Silver
CUST1406,Neha Singh,neha.singh324@example.com,Other,45,2022-04-02,Bengaluru,Karnataka,India,Platinum
CUST1407,Diya Reddy,diya.reddy277@example.com,Male,25,2025-09-02,Patna,Bihar,India,Bronze
CUST1408,Rahul Reddy,rahul.reddy372@example.com,Female,67,2021-01-24,Kolkata,West Bengal,India,Gold
CUST1409,Diya Das,diya.das11@example.com,Male,32,2022-03-31,Chennai,Tamil Nadu,India,Silver
CUST1410,Arjun Gupta,arjun.gupta540@example.com,Female,37,2024-08-08,Thiruvananthapuram,Kerala,India,Bronze
CUST1411,Karthik Nath,karthik.nath887@example.com,Male,35,2024-10-24,Chennai,Tamil Nadu,India,Gold
CUST1412,Ananya Mehta,ananya.mehta970@example.com,Female,29,2021-11-14,Patna,Bihar,India,Bronze
CUST1413,Chloe Joshi,chloe.joshi489@example.com,Female,34,2018-02-08,Bhopal,Madhya Pradesh,India,Silver
CUST1414,Noah Singh,noah.singh147@example.com,Male,65,2020-12-31,Mumbai,Maharashtra,India,Gold
CUST1415,Liam Verma,liam.verma725@example.com,Female,61,2024-10-29,Nagpur,Maharashtra,India,Silver
CUST1416,Ananya Bose,ananya.bose363@example.com,Female,50,2021-03-20,Lucknow,Uttar Pradesh,India,Platinum
CUST1417,Rohan Iyer,rohan.iyer313@example.com,Female,23,2021-06-05,Nagpur,Maharashtra,India,Silver
CUST1418,Isabella Reddy,isabella.reddy650@example.com,Male,64,2020-09-10,Delhi,Delhi,India,Bronze
CUST1419,Vivaan Reddy,vivaan.reddy762@example.com,Male,49,2018-02-13,Nagpur,Maharashtra,India,Silver
CUST1420,Amelia Singh,amelia.singh492@example.com,Female,61,2025-08-04,Patna,Bihar,India,Silver
CUST1421,Priya Sharma,priya.sharma632@example.com,Male,65,2018-01-30,Nagpur,Maharashtra,India,Silver
CUST1422,Emma Verma,emma.verma251@example.com,Other,60,2023-12-04,Vadodara,Gujarat,India,Bronze
CUST1423,Aditi Gupta,aditi.gupta691@example.com,Female,66,2023-11-15,Jaipur,Rajasthan,India,Bronze
CUST1424,Karthik Singh,karthik.singh527@example.com,Male,21,2022-09-28,Thiruvananthapuram,Kerala,India,Bronze
CUST1425,Karthik Patel,karthik.patel347@example.com,Female,33,2024-01-18,Chennai,Tamil Nadu,India,Bronze
CUST1426,Kabir Dasgupta,kabir.dasgupta272@example.com,Male,65,2025-01-29,Vijayawada,Andhra Pradesh,India,Bronze
CUST1427,Amelia Dasgupta,amelia.dasgupta952@example.com,Female,59,2023-10-13,Mumbai,Maharashtra,India,Gold
CUST1428,Chloe Saxena,chloe.saxena869@example.com,Female,40,2018-01-25,Vadodara,Gujarat,India,Bronze
CUST1429,Riya Verma,riya.verma110@example.com,Male,64,2020-02-02,Coimbatore,Tamil Nadu,India,Bronze
CUST1430,Arjun Chopra,arjun.chopra504@example.com,Male,51,2023-10-08,Kolkata,West Bengal,India,Bronze
CUST1431,Amelia Khan,amelia.khan8@example.com,Male,60,2020-10-21,Jaipur,Rajasthan,India,Bronze
CUST1432,Karthik Dasgupta,karthik.dasgupta374@example.com,Male,29,2024-01-07,Lucknow,Uttar Pradesh,India,Bronze
CUST1433,Aditi Bose,aditi.bose166@example.com,Male,65,2022-11-13,Bengaluru,Karnataka,India,Bronze
CUST1434,Isabella Nair,isabella.nair114@example.com,Male,20,2019-07-02,Coimbatore,Tamil Nadu,India,Bronze
CUST1435,Rahul Kumar,rahul.kumar165@example.com,Female,48,2025-06-17,Lucknow,Uttar Pradesh,India,Bronze
CUST1436,Kabir Trivedi,kabir.trivedi508@example.com,Female,63,2019-06-06,Surat,Gujarat,India,Silver
CUST1437,Mia Joshi,mia.joshi514@example.com,Female,65,2022-05-12,Kolkata,West Bengal,India,Bronze
CUST1438,Arjun Sharma,arjun.sharma130@example.com,Male,50,2018-02-25,Jaipur,Rajasthan,India,Bronze
CUST1439,Ethan Mehta,ethan.mehta440@example.com,Other,65,2018-02-02,Nagpur,Maharashtra,India,Bronze
CUST1440,Riya Khan,riya.khan85@example.com,Female,33,2024-12-04,Kolkata,West Bengal,India,Silver
CUST1441,Ananya Iyer,ananya.iyer288@example.com,Female,34,2020-10-10,Nagpur,Maharashtra,India,Bronze
CUST1442,Olivia Patel,olivia.patel718@example.com,Female,57,2020-01-13,Pune,Maharashtra,India,Platinum
CUST1443,Sophia Singh,sophia.singh235@example.com,Male,43,2018-06-07,Lucknow,Uttar Pradesh,India,Platinum
CUST1444,Amelia Singh,amelia.singh437@example.com,Male,30,2019-01-08,Mumbai,Maharashtra,India,Bronze
CUST1445,Rohan Dasgupta,rohan.dasgupta717@example.com,Female,32,2020-06-27,Surat,Gujarat,India,Bronze
CUST1446,Vivaan Kapoor,vivaan.kapoor438@example.com,Female,37,2019-03-27,Lucknow,Uttar Pradesh,India,Bronze
CUST1447,Karthik Chopra,karthik.chopra253@example.com,Male,21,2020-01-15,Mumbai,Maharashtra,India,Bronze
CUST1448,Noah Mehta,noah.mehta218@example.com,Male,35,2024-10-20,Chennai,Tamil Nadu,India,Bronze
CUST1449,Isha Khan,isha.khan373@example.com,Male,25,2019-02-01,Bengaluru,Karnataka,India,Silver
CUST1450,Mia Singh,mia.singh340@example.com,Male,69,2022-01-20,Vijayawada,Andhra Pradesh,India,Bronze
CUST1451,Karthik Iyer,karthik.iyer666@example.com,Male,55,2022-04-23,Delhi,Delhi,India,Gold
CUST1452,Sai Saxena,sai.saxena124@example.com,Male,59,2020-02-20,Pune,Maharashtra,India,Silver
CUST1453,Amelia Patel,amelia.patel77@example.com,Female,57,2021-11-05,Ahmedabad,Gujarat,India,Silver
CUST1454,Mia Nair,mia.nair547@example.com,Female,20,2019-06-08,Pune,Maharashtra,India,Bronze
CUST1455,Olivia Das,olivia.das913@example.com,Female,53,2021-11-23,Visakhapatnam,Andhra Pradesh,India,Bronze
CUST1456,Olivia Patel,olivia.patel933@example.com,Male,48,2022-09-13,Bhopal,Madhya Pradesh,India,Gold
CUST1457,Rohan Sharma,rohan.sharma171@example.com,Female,62,2019-06-13,Ahmedabad,Gujarat,India,Bronze
CUST1458,Sophia Kumar,sophia.kumar814@example.com,Other,30,2022-06-17,Thiruvananthapuram,Kerala,India,Silver
CUST1459,Isabella Kapoor,isabella.kapoor995@example.com,Male,46,2023-09-18,Coimbatore,Tamil Nadu,India,Bronze
CUST1460,Priya Joshi,priya.joshi622@example.com,Male,29,2018-01-15,Hyderabad,Telangana,India,Bronze
CUST1461,Sophia Sharma,sophia.sharma901@example.com,Female,50,2023-02-09,Bhopal,Madhya Pradesh,India,Silver
CUST1462,Rohan Das,rohan.das311@example.com,Female,36,2021-01-04,Patna,Bihar,India,Bronze
CUST1463,Diya Kumar,diya.kumar547@example.com,Male,20,2025-03-04,Kolkata,West Bengal,India,Gold
CUST1464,Isha Singh,isha.singh277@example.com,Female,21,2025-03-16,Jaipur,Rajasthan,India,Platinum
CUST1465,Saanvi Trivedi,saanvi.trivedi119@example.com,Male,40,2025-02-04,Vadodara,Gujarat,India,Platinum
CUST1466,Rahul Reddy,rahul.reddy970@example.com,Female,53,2020-12-17,Kolkata,West Bengal,India,Bronze
CUST1467,Aria Dasgupta,aria.dasgupta333@example.com,Other,58,2018-02-12,Visakhapatnam,Andhra Pradesh,India,Bronze
CUST1468,Isha Gupta,isha.gupta263@example.com,Other,52,2025-05-16,Vijayawada,Andhra Pradesh,India,Bronze
CUST1469,Emma Joshi,emma.joshi969@example.com,Female,58,2025-02-11,Vadodara,Gujarat,India,Bronze
CUST1470,Ethan Bose,ethan.bose226@example.com,Male,31,2024-07-10,Coimbatore,Tamil Nadu,India,Bronze
CUST1471,Diya Chopra,diya.chopra378@example.com,Male,48,2019-01-19,Thiruvananthapuram,Kerala,India,Bronze
CUST1472,Ananya Gupta,ananya.gupta194@example.com,Female,64,2020-01-09,Ahmedabad,Gujarat,India,Bronze
CUST1473,Ananya Gupta,ananya.gupta838@example.com,Male,56,2020-02-09,Delhi,Delhi,India,Bronze
CUST1474,Neha Iyer,neha.iyer466@example.com,Female,43,2019-02-15,Bhopal,Madhya Pradesh,India,Bronze
CUST1475,Mia Sharma,mia.sharma618@example.com,Male,42,2018-03-26,Chennai,Tamil Nadu,India,Silver
CUST1476,Mia Kumar,mia.kumar136@example.com,Male,23,2021-01-01,Kolkata,West Bengal,India,Gold
CUST1477,Aria Sharma,aria.sharma812@example.com,Other,68,2019-03-12,Patna,Bihar,India,Silver
CUST1478,Rahul Reddy,rahul.reddy208@example.com,Male,66,2024-04-24,Indore,Madhya Pradesh,India,Silver
CUST1479,Riya Mehta,riya.mehta491@example.com,Male,21,2024-02-05,Lucknow,Uttar Pradesh,India,Silver
CUST1480,Arjun Sharma,arjun.sharma845@example.com,Male,52,2021-04-30,Chennai,Tamil Nadu,India,Bronze
CUST1481,Ethan Chopra,ethan.chopra146@example.com,Male,32,2018-04-09,Jaipur,Rajasthan,India,Bronze
CUST1482,Sai Verma,sai.verma672@example.com,Male,61,2022-04-25,Chennai,Tamil Nadu,India,Bronze
CUST1483,Arjun Iyer,arjun.iyer105@example.com,Female,36,2022-01-03,Delhi,Delhi,India,Silver
CUST1484,Arjun Verma,arjun.verma946@example.com,Female,23,2018-06-27,Vadodara,Gujarat,India,Bronze
CUST1485,Neha Kapoor,neha.kapoor343@example.com,Female,61,2022-10-08,Kolkata,West Bengal,India,Gold
CUST1486,Noah Dasgupta,noah.dasgupta640@example.com,Female,40,2019-03-02,Lucknow,Uttar Pradesh,India,Gold
CUST1487,Noah Verma,noah.verma956@example.com,Male,63,2018-11-09,Bengaluru,Karnataka,India,Gold
CUST1488,Sai Singh,sai.singh328@example.com,Male,46,2023-05-14,Delhi,Delhi,India,Bronze
CUST1489,Neha Das,neha.das149@example.com,Male,26,2020-01-15,Coimbatore,Tamil Nadu,India,Bronze
CUST1490,Kabir Chopra,kabir.chopra493@example.com,Female,44,2024-09-30,Surat,Gujarat,India,Bronze
CUST1491,Liam Iyer,liam.iyer393@example.com,Male,49,2024-01-16,Patna,Bihar,India,Bronze
CUST1492,Maya Iyer,maya.iyer394@example.com,Male,63,2022-09-24,Bhopal,Madhya Pradesh,India,Bronze
CUST1493,Olivia Iyer,olivia.iyer720@example.com,Male,41,2018-01-12,Pune,Maharashtra,India,Platinum
CUST1494,Aarav Verma,aarav.verma572@example.com,Male,26,2019-03-28,Mumbai,Maharashtra,India,Gold
CUST1495,Karthik Singh,karthik.singh302@example.com,Male,53,2022-09-21,Jaipur,Rajasthan,India,Bronze
CUST1496,Diya Kumar,diya.kumar765@example.com,Male,62,2019-08-10,Coimbatore,Tamil Nadu,India,Silver
CUST1497,Olivia Chopra,olivia.chopra381@example.com,Male,24,2025-06-07,Vijayawada,Andhra Pradesh,India,Bronze
CUST1498,Ethan Saxena,ethan.saxena892@example.com,Male,27,2022-02-05,Kolkata,West Bengal,India,Bronze
CUST1499,Aditya Sharma,aditya.sharma583@example.com,Female,44,2019-09-06,Hyderabad,Telangana,India,Bronze
CUST1500,Sai Kapoor,sai.kapoor716@example.com,Female,48,2022-08-13,Surat,Gujarat,India,Bronze
CUST1501,Liam Sharma,liam.sharma294@example.com,Male,21,2025-03-16,Mumbai,Maharashtra,India,Silver
CUST1502,Ananya Kapoor,ananya.kapoor165@example.com,Male,45,2025-08-16,Indore,Madhya Pradesh,India,Bronze
CUST1503,Ethan Das,ethan.das9222@example.com,Male,32,2022-10-02,Hyderabad,Telangana,India,Bronze
CUST1504,Aditya Kapoor,aditya.kapoor387@example.com,Other,26,2020-05-17,Coimbatore,Tamil Nadu,India,Silver
CUST1505,Diya Joshi,diya.joshi189@example.com,Female,53,2024-10-14,Delhi,Delhi,India,Silver
CUST1506,Aditi Khan,aditi.khan321@example.com,Female,43,2022-04-08,Hyderabad,Telangana,India,Bronze
CUST1507,Karthik Chopra,karthik.chopra200@example.com,Male,24,2018-11-15,Visakhapatnam,Andhra Pradesh,India,Silver
CUST1508,Isabella Mehta,isabella.mehta29@example.com,Male,28,2024-01-28,Chennai,Tamil Nadu,India,Bronze
CUST1509,Aria Sharma,aria.sharma775@example.com,Female,30,2024-03-09,Pune,Maharashtra,India,Silver
CUST1510,Vivaan Iyer,vivaan.iyer276@example.com,Male,54,2024-05-02,Mumbai,Maharashtra,India,Bronze
CUST1511,Lucas Khan,lucas.khan47@example.com,Male,23,2021-06-18,Bengaluru,Karnataka,India,Platinum
CUST1512,Mia Dasgupta,mia.dasgupta982@example.com,Male,30,2021-07-12,Coimbatore,Tamil Nadu,India,Silver
CUST1513,Sai Patel,sai.patel340@example.com,Male,65,2023-08-25,Chennai,Tamil Nadu,India,Bronze
CUST1514,Mia Singh,mia.singh25@example.com,Female,42,2023-05-08,Vijayawada,Andhra Pradesh,India,Gold
CUST1515,Vivaan Dasgupta,vivaan.dasgupta166@example.com,Male,47,2018-11-19,Delhi,Delhi,India,Platinum
CUST1516,Diya Nair,diya.nair827@example.com,Female,27,2019-10-22,Bhopal,Madhya Pradesh,India,Bronze
CUST1517,Emma Saxena,emma.saxena668@example.com,Female,67,2021-10-30,Indore,Madhya Pradesh,India,Silver
CUST1518,Rahul Dasgupta,rahul.dasgupta369@example.com,Female,45,2018-06-13,Coimbatore,Tamil Nadu,India,Bronze
CUST1519,Aria Saxena,aria.saxena77@example.com,Female,54,2025-01-15,Thiruvananthapuram,Kerala,India,Bronze
CUST1520,Aarav Singh,aarav.singh785@example.com,Female,53,2018-12-24,Thiruvananthapuram,Kerala,India,Bronze
CUST1521,Rahul Gupta,rahul.gupta957@example.com,Male,22,2021-02-21,Vijayawada,Andhra Pradesh,India,Bronze
CUST1522,Aditya Reddy,aditya.reddy184@example.com,Female,47,2020-11-22,Thiruvananthapuram,Kerala,India,Platinum
CUST1523,Mia Bose,mia.bose666@example.com,Female,25,2024-05-18,Thiruvananthapuram,Kerala,India,Bronze
CUST1524,Isabella Dasgupta,isabella.dasgupta411@example.com,Male,57,2025-08-19,Kolkata,West Bengal,India,Bronze
CUST1525,Rohan Saxena,rohan.saxena975@example.com,Male,23,2025-08-26,Nagpur,Maharashtra,India,Bronze
CUST1526,Isha Kumar,isha.kumar636@example.com,Other,21,2020-09-29,Patna,Bihar,India,Bronze
CUST1527,Isabella Patel,isabella.patel298@example.com,Male,54,2022-06-24,Delhi,Delhi,India,Bronze
CUST1528,Isabella Bose,isabella.bose686@example.com,Male,47,2023-04-03,Patna,Bihar,India,Gold
CUST1529,Aditi Patel,aditi.patel88@example.com,Male,24,2022-06-14,Nagpur,Maharashtra,India,Bronze
CUST1530,Rahul Reddy,rahul.reddy325@example.com,Male,56,2023-06-15,Pune,Maharashtra,India,Silver
CUST1531,Kabir Patel,kabir.patel286@example.com,Male,52,2019-09-30,Thiruvananthapuram,Kerala,India,Bronze
CUST1532,Saanvi Mehta,saanvi.mehta582@example.com,Male,56,2022-04-07,Mumbai,Maharashtra,India,Gold
CUST1533,Karthik Chopra,karthik.chopra485@example.com,Male,31,2018-04-04,Nagpur,Maharashtra,India,Bronze
CUST1534,Liam Gupta,liam.gupta86@example.com,Male,35,2022-07-18,Delhi,Delhi,India,Bronze
CUST1535,Olivia Bose,olivia.bose893@example.com,Male,31,2025-07-05,Lucknow,Uttar Pradesh,India,Bronze
CUST1536,Vivaan Reddy,vivaan.reddy917@example.com,Female,39,2021-05-01,Hyderabad,Telangana,India,Bronze
CUST1537,Neha Khan,neha.khan487@example.com,Female,68,2019-10-21,Nagpur,Maharashtra,India,Bronze
CUST1538,Olivia Nath,olivia.nath399@example.com,Female,53,2024-09-11,Pune,Maharashtra,India,Bronze
CUST1539,Noah Nath,noah.nath632@example.com,Male,60,2021-07-20,Bengaluru,Karnataka,India,Bronze
CUST1540,Aditi Singh,aditi.singh512@example.com,Female,25,2025-07-23,Nagpur,Maharashtra,India,Bronze
CUST1541,Emma Sharma,emma.sharma462@example.com,Female,26,2025-02-11,Indore,Madhya Pradesh,India,Silver
CUST1542,Sophia Patel,sophia.patel38@example.com,Male,30,2022-09-18,Patna,Bihar,India,Silver
CUST1543,Aria Joshi,aria.joshi222@example.com,Male,30,2025-08-15,Vijayawada,Andhra Pradesh,India,Platinum
CUST1544,Karthik Verma,karthik.verma17@example.com,Male,37,2023-08-19,Chennai,Tamil Nadu,India,Silver
CUST1545,Liam Bose,liam.bose424@example.com,Male,40,2024-01-31,Nagpur,Maharashtra,India,Bronze
CUST1546,Mia Mehta,mia.mehta117@example.com,Female,47,2022-10-21,Visakhapatnam,Andhra Pradesh,India,Bronze
CUST1547,Aria Gupta,aria.gupta556@example.com,Male,36,2025-05-25,Nagpur,Maharashtra,India,Silver
CUST1548,Olivia Saxena,olivia.saxena961@example.com,Female,24,2018-12-25,Chennai,Tamil Nadu,India,Bronze
CUST1549,Aarav Saxena,aarav.saxena955@example.com,Male,49,2024-12-30,Patna,Bihar,India,Bronze
CUST1550,Aditi Kapoor,aditi.kapoor596@example.com,Female,60,2021-04-02,Nagpur,Maharashtra,India,Bronze
CUST1551,Mia Bose,mia.bose565@example.com,Male,30,2023-04-08,Chennai,Tamil Nadu,India,Bronze
CUST1552,Lucas Bose,lucas.bose423@example.com,Female,59,2022-06-10,Bengaluru,Karnataka,India,Gold
CUST1553,Lucas Iyer,lucas.iyer520@example.com,Male,60,2020-12-19,Ahmedabad,Gujarat,India,Silver
CUST1554,Lucas Chopra,lucas.chopra4957@example.com,Male,44,2018-05-14,Bengaluru,Karnataka,India,Bronze
CUST1555,Lucas Verma,lucas.verma861@example.com,Female,70,2024-09-23,Surat,Gujarat,India,Bronze
CUST1556,Sophia Chopra,sophia.chopra248@example.com,Female,43,2020-02-29,Vadodara,Gujarat,India,Silver
CUST1557,Ethan Kumar,ethan.kumar821@example.com,Female,45,2019-06-12,Coimbatore,Tamil Nadu,India,Platinum
CUST1558,Ananya Joshi,ananya.joshi926@example.com,Male,28,2022-11-27,Jaipur,Rajasthan,India,Bronze
CUST1559,Lucas Singh,lucas.singh517@example.com,Male,54,2022-05-25,Lucknow,Uttar Pradesh,India,Silver
CUST1560,Ananya Mehta,ananya.mehta209@example.com,Male,19,2022-11-27,Bengaluru,Karnataka,India,Silver
CUST1561,Sophia Singh,sophia.singh29@example.com,Female,52,2018-11-19,Vijayawada,Andhra Pradesh,India,Bronze
CUST1562,Emma Singh,emma.singh465@example.com,Female,67,2022-01-06,Hyderabad,Telangana,India,Bronze
CUST1563,Chloe Iyer,chloe.iyer305@example.com,Male,33,2022-03-29,Lucknow,Uttar Pradesh,India,Silver
CUST1564,Isha Reddy,isha.reddy958@example.com,Male,19,2025-02-27,Vijayawada,Andhra Pradesh,India,Gold
CUST1565,Arjun Bose,arjun.bose950@example.com,Female,24,2019-08-04,Ahmedabad,Gujarat,India,Bronze
CUST1566,Ananya Reddy,ananya.reddy80@example.com,Female,41,2020-05-01,Coimbatore,Tamil Nadu,India,Bronze
CUST1567,Lucas Sharma,lucas.sharma424@example.com,Male,58,2018-11-09,Pune,Maharashtra,India,Silver
CUST1568,Priya Mehta,priya.mehta649@example.com,Female,69,2019-10-22,Hyderabad,Telangana,India,Bronze
CUST1569,Chloe Gupta,chloe.gupta676@example.com,Female,56,2018-05-09,Chennai,Tamil Nadu,India,Platinum
CUST1570,Karthik Khan,karthik.khan629@example.com,Female,18,2019-10-11,Bhopal,Madhya Pradesh,India,Silver
CUST1571,Amelia Patel,amelia.patel198@example.com,Female,52,2018-04-05,Bhopal,Madhya Pradesh,India,Bronze
CUST1572,Sai Nair,sai.nair888@example.com,Male,31,2018-05-01,Surat,Gujarat,India,Bronze
CUST1573,Aditya Singh,aditya.singh275@example.com,Male,30,2019-01-12,Visakhapatnam,Andhra Pradesh,India,Silver
CUST1574,Liam Dasgupta,liam.dasgupta479@example.com,Female,49,2022-11-22,Bhopal,Madhya Pradesh,India,Gold
CUST1575,Amelia Nair,amelia.nair257@example.com,Male,61,2021-02-25,Coimbatore,Tamil Nadu,India,Bronze
CUST1576,Lucas Nath,lucas.nath320@example.com,Male,31,2023-06-22,Nagpur,Maharashtra,India,Gold
CUST1577,Neha Saxena,neha.saxena766@example.com,Male,38,2024-12-26,Chennai,Tamil Nadu,India,Silver
CUST1578,Neha Nair,neha.nair581@example.com,Male,58,2018-09-21,Indore,Madhya Pradesh,India,Bronze
CUST1579,Vivaan Kapoor,vivaan.kapoor260@example.com,Female,36,2024-10-09,Bhopal,Madhya Pradesh,India,Bronze
CUST1580,Aarav Patel,aarav.patel185@example.com,Female,45,2020-02-01,Visakhapatnam,Andhra Pradesh,India,Bronze
CUST1581,Saanvi Verma,saanvi.verma381@example.com,Male,38,2019-05-16,Bengaluru,Karnataka,India,Bronze
CUST1582,Aarav Mehta,aarav.mehta219@example.com,Male,68,2021-08-10,Jaipur,Rajasthan,India,Bronze
CUST1583,Priya Dasgupta,priya.dasgupta617@example.com,Male,31,2019-02-26,Patna,Bihar,India,Bronze
CUST1584,Aria Reddy,aria.reddy588@example.com,Female,44,2025-08-26,Nagpur,Maharashtra,India,Bronze
CUST1585,Rahul Nair,rahul.nair202@example.com,Male,49,2023-08-05,Mumbai,Maharashtra,India,Platinum
CUST1586,Neha Patel,neha.patel128@example.com,Male,56,2021-08-31,Vijayawada,Andhra Pradesh,India,Bronze
CUST1587,Sophia Sharma,sophia.sharma292@example.com,Male,68,2024-06-16,Bengaluru,Karnataka,India,Gold
CUST1588,Riya Singh,riya.singh862@example.com,Other,20,2023-12-26,Bhopal,Madhya Pradesh,India,Bronze
CUST1589,Liam Sharma,liam.sharma72@example.com,Male,69,2022-08-28,Ahmedabad,Gujarat,India,Bronze
CUST1590,Mia Verma,mia.verma410@example.com,Male,67,2021-07-06,Thiruvananthapuram,Kerala,India,Silver
CUST1591,Priya Dasgupta,priya.dasgupta714@example.com,Other,49,2025-03-10,Chennai,Tamil Nadu,India,Silver
CUST1592,Aria Patel,aria.patel30@example.com,Male,70,2018-02-12,Kolkata,West Bengal,India,Bronze
CUST1593,Rahul Chopra,rahul.chopra232@example.com,Male,30,2022-02-19,Patna,Bihar,India,Platinum
CUST1594,Amelia Kumar,amelia.kumar266@example.com,Female,20,2019-03-30,Mumbai,Maharashtra,India,Gold
CUST1595,Aditya Das,aditya.das338@example.com,Female,68,2022-04-04,Lucknow,Uttar Pradesh,India,Silver
CUST1596,Amelia Singh,amelia.singh598@example.com,Male,26,2021-07-31,Kolkata,West Bengal,India,Silver
CUST1597,Chloe Chopra,chloe.chopra653@example.com,Male,25,2023-11-08,Bhopal,Madhya Pradesh,India,Bronze
CUST1598,Kabir Khan,kabir.khan288@example.com,Male,64,2023-06-01,Jaipur,Rajasthan,India,Bronze
CUST1599,Mia Dasgupta,mia.dasgupta729@example.com,Male,53,2020-09-19,Pune,Maharashtra,India,Silver
CUST1600,Aditya Khan,aditya.khan62@example.com,Male,60,2020-06-04,Indore,Madhya Pradesh,India,Silver
CUST1601,Saanvi Khan,saanvi.khan108@example.com,Male,70,2024-08-15,Bhopal,Madhya Pradesh,India,Bronze
CUST1602,Rahul Dasgupta,rahul.dasgupta726@example.com,Male,27,2023-08-29,Chennai,Tamil Nadu,India,Gold
CUST1603,Diya Verma,diya.verma395@example.com,Other,57,2023-10-05,Pune,Maharashtra,India,Silver
CUST1604,Saanvi Reddy,saanvi.reddy285@example.com,Male,61,2021-06-12,Vijayawada,Andhra Pradesh,India,Silver
CUST1605,Sai Bose,sai.bose898@example.com,Male,25,2020-09-12,Bengaluru,Karnataka,India,Gold
CUST1606,Ananya Das,ananya.das30@example.com,Male,51,2023-01-29,Visakhapatnam,Andhra Pradesh,India,Bronze
CUST1607,Amelia Trivedi,amelia.trivedi87@example.com,Male,31,2019-09-09,Coimbatore,Tamil Nadu,India,Bronze
CUST1608,Rohan Mehta,rohan.mehta55@example.com,Male,41,2019-02-05,Mumbai,Maharashtra,India,Silver
CUST1609,Emma Chopra,emma.chopra199@example.com,Male,43,2019-12-25,Vadodara,Gujarat,India,Bronze
CUST1610,Aria Khan,aria.khan532@example.com,Male,61,2018-07-24,Jaipur,Rajasthan,India,Platinum
CUST1611,Diya Patel,diya.patel55@example.com,Female,54,2020-12-26,Jaipur,Rajasthan,India,Bronze
CUST1612,Arjun Das,arjun.das232@example.com,Female,62,2022-07-16,Coimbatore,Tamil Nadu,India,Bronze
CUST1613,Diya Das,diya.das508@example.com,Male,68,2020-04-13,Visakhapatnam,Andhra Pradesh,India,Silver
CUST1614,Olivia Saxena,olivia.saxena295@example.com,Female,24,2020-01-29,Bhopal,Madhya Pradesh,India,Gold
CUST1615,Aria Khan,aria.khan757@example.com,Male,62,2020-09-04,Hyderabad,Telangana,India,Bronze
CUST1616,Aditya Gupta,aditya.gupta192@example.com,Male,47,2019-08-04,Bengaluru,Karnataka,India,Silver
CUST1617,Neha Mehta,neha.mehta22@example.com,Male,34,2018-11-12,Hyderabad,Telangana,India,Silver
CUST1618,Isabella Sharma,isabella.sharma609@example.com,Male,48,2024-07-16,Bengaluru,Karnataka,India,Bronze
CUST1619,Diya Khan,diya.khan113@example.com,Male,19,2024-05-12,Ahmedabad,Gujarat,India,Silver
CUST1620,Rohan Kapoor,rohan.kapoor172@example.com,Female,67,2019-01-20,Chennai,Tamil Nadu,India,Bronze
CUST1621,Emma Mehta,emma.mehta464@example.com,Female,40,2024-02-14,Lucknow,Uttar Pradesh,India,Silver
CUST1622,Isha Verma,isha.verma470@example.com,Male,40,2021-05-18,Surat,Gujarat,India,Gold
CUST1623,Mia Saxena,mia.saxena496@example.com,Male,61,2023-10-29,Bengaluru,Karnataka,India,Bronze
CUST1624,Neha Iyer,neha.iyer676@example.com,Other,40,2023-08-02,Bengaluru,Karnataka,India,Bronze
CUST1625,Emma Chopra,emma.chopra369@example.com,Male,23,2020-03-04,Coimbatore,Tamil Nadu,India,Silver
CUST1626,Isha Trivedi,isha.trivedi921@example.com,Female,51,2019-12-18,Lucknow,Uttar Pradesh,India,Gold
CUST1627,Karthik Mehta,karthik.mehta401@example.com,Female,35,2021-06-20,Pune,Maharashtra,India,Bronze
CUST1628,Rohan Mehta,rohan.mehta855@example.com,Female,45,2023-02-07,Vijayawada,Andhra Pradesh,India,Platinum
CUST1629,Lucas Verma,lucas.verma296@example.com,Male,18,2023-08-06,Kolkata,West Bengal,India,Bronze
CUST1630,Sai Kapoor,sai.kapoor990@example.com,Male,53,2025-06-14,Hyderabad,Telangana,India,Bronze
CUST1631,Riya Reddy,riya.reddy819@example.com,Male,47,2018-06-17,Pune,Maharashtra,India,Bronze
CUST1632,Sophia Patel,sophia.patel55@example.com,Female,18,2022-10-29,Visakhapatnam,Andhra Pradesh,India,Silver
CUST1633,Aarav Kumar,aarav.kumar258@example.com,Male,36,2023-08-19,Patna,Bihar,India,Bronze
CUST1634,Aditya Das,aditya.das147@example.com,Other,30,2022-11-05,Vijayawada,Andhra Pradesh,India,Gold
CUST1635,Riya Iyer,riya.iyer33@example.com,Male,40,2020-10-15,Coimbatore,Tamil Nadu,India,Bronze
CUST1636,Chloe Patel,chloe.patel915@example.com,Male,37,2024-09-11,Ahmedabad,Gujarat,India,Bronze
CUST1637,Neha Mehta,neha.mehta824@example.com,Female,61,2020-03-28,Lucknow,Uttar Pradesh,India,Bronze
CUST1638,Maya Nair,maya.nair309@example.com,Male,37,2024-05-10,Indore,Madhya Pradesh,India,Bronze
CUST1639,Priya Chopra,priya.chopra99@example.com,Male,46,2025-10-14,Surat,Gujarat,India,Bronze
CUST1640,Noah Verma,noah.verma480@example.com,Male,47,2022-09-19,Nagpur,Maharashtra,India,Bronze
CUST1641,Amelia Trivedi,amelia.trivedi28@example.com,Female,44,2018-12-29,Kolkata,West Bengal,India,Silver
CUST1642,Riya Iyer,riya.iyer595@example.com,Female,26,2024-12-18,Patna,Bihar,India,Gold
CUST1643,Chloe Dasgupta,chloe.dasgupta55@example.com,Female,43,2019-05-31,Coimbatore,Tamil Nadu,India,Silver
CUST1644,Aditi Kapoor,aditi.kapoor472@example.com,Female,23,2018-08-13,Lucknow,Uttar Pradesh,India,Silver
CUST1645,Liam Patel,liam.patel342@example.com,Female,70,2021-04-05,Vijayawada,Andhra Pradesh,India,Bronze
CUST1646,Rahul Kumar,rahul.kumar125@example.com,Female,61,2023-09-24,Mumbai,Maharashtra,India,Silver
CUST1647,Rohan Singh,rohan.singh576@example.com,Female,49,2019-07-13,Jaipur,Rajasthan,India,Gold
CUST1648,Liam Singh,liam.singh309@example.com,Female,64,2018-01-27,Thiruvananthapuram,Kerala,India,Silver
CUST1649,Saanvi Patel,saanvi.patel69@example.com,Male,56,2019-05-11,Bhopal,Madhya Pradesh,India,Bronze
CUST1650,Saanvi Patel,saanvi.patel486@example.com,Male,50,2022-12-23,Coimbatore,Tamil Nadu,India,Bronze
CUST1651,Arjun Dasgupta,arjun.dasgupta415@example.com,Female,29,2020-08-20,Patna,Bihar,India,Bronze
CUST1652,Aria Bose,aria.bose880@example.com,Female,25,2022-11-06,Kolkata,West Bengal,India,Silver
CUST1653,Ananya Singh,ananya.singh839@example.com,Female,33,2019-12-01,Bhopal,Madhya Pradesh,India,Silver
CUST1654,Maya Nair,maya.nair488@example.com,Female,36,2025-06-27,Chennai,Tamil Nadu,India,Platinum
CUST1655,Kabir Verma,kabir.verma684@example.com,Male,42,2025-10-28,Chennai,Tamil Nadu,India,Bronze
CUST1656,Ethan Chopra,ethan.chopra152@example.com,Male,47,2019-05-08,Vijayawada,Andhra Pradesh,India,Bronze
CUST1657,Sophia Dasgupta,sophia.dasgupta35@example.com,Female,60,2024-12-14,Indore,Madhya Pradesh,India,Bronze
CUST1658,Amelia Verma,amelia.verma986@example.com,Male,64,2023-02-21,Lucknow,Uttar Pradesh,India,Bronze
CUST1659,Ananya Verma,ananya.verma513@example.com,Female,50,2020-05-13,Visakhapatnam,Andhra Pradesh,India,Gold
CUST1660,Rohan Joshi,rohan.joshi526@example.com,Male,59,2019-09-13,Visakhapatnam,Andhra Pradesh,India,Silver
CUST1661,Sophia Mehta,sophia.mehta471@example.com,Female,68,2019-07-28,Lucknow,Uttar Pradesh,India,Silver
CUST1662,Noah Dasgupta,noah.dasgupta946@example.com,Male,59,2023-06-05,Coimbatore,Tamil Nadu,India,Platinum
CUST1663,Aria Gupta,aria.gupta590@example.com,Female,50,2025-05-22,Bhopal,Madhya Pradesh,India,Bronze
CUST1664,Olivia Mehta,olivia.mehta603@example.com,Female,40,2024-07-22,Vadodara,Gujarat,India,Silver
CUST1665,Aditya Kumar,aditya.kumar31@example.com,Female,28,2020-08-07,Chennai,Tamil Nadu,India,Silver
CUST1666,Kabir Khan,kabir.khan332@example.com,Female,67,2020-08-27,Chennai,Tamil Nadu,India,Gold
CUST1667,Ananya Joshi,ananya.joshi774@example.com,Other,22,2018-09-11,Vadodara,Gujarat,India,Bronze
CUST1668,Vivaan Reddy,vivaan.reddy453@example.com,Female,56,2025-01-29,Bengaluru,Karnataka,India,Gold
CUST1669,Rahul Patel,rahul.patel716@example.com,Male,26,2025-02-23,Vijayawada,Andhra Pradesh,India,Bronze
CUST1670,Saanvi Das,saanvi.das503@example.com,Male,36,2020-07-12,Pune,Maharashtra,India,Silver
CUST1671,Neha Kapoor,neha.kapoor829@example.com,Female,23,2024-07-12,Bengaluru,Karnataka,India,Silver
CUST1672,Noah Patel,noah.patel209@example.com,Male,26,2018-01-22,Visakhapatnam,Andhra Pradesh,India,Silver
CUST1673,Sophia Trivedi,sophia.trivedi886@example.com,Male,29,2025-08-26,Bhopal,Madhya Pradesh,India,Bronze
CUST1674,Ethan Nair,ethan.nair585@example.com,Female,50,2021-12-13,Visakhapatnam,Andhra Pradesh,India,Silver
CUST1675,Maya Singh,maya.singh821@example.com,Male,45,2025-01-05,Coimbatore,Tamil Nadu,India,Gold
CUST1676,Sophia Reddy,sophia.reddy131@example.com,Female,37,2019-02-18,Chennai,Tamil Nadu,India,Bronze
CUST1677,Vivaan Saxena,vivaan.saxena554@example.com,Male,32,2021-04-02,Lucknow,Uttar Pradesh,India,Bronze
CUST1678,Karthik Reddy,karthik.reddy894@example.com,Female,36,2018-11-03,Patna,Bihar,India,Bronze
CUST1679,Isabella Kapoor,isabella.kapoor955@example.com,Female,37,2022-06-24,Vadodara,Gujarat,India,Bronze
CUST1680,Olivia Patel,olivia.patel597@example.com,Male,34,2025-04-29,Bengaluru,Karnataka,India,Bronze
CUST1681,Neha Das,neha.das206@example.com,Male,66,2018-09-01,Kolkata,West Bengal,India,Bronze
CUST1682,Ethan Mehta,ethan.mehta947@example.com,Female,21,2020-08-23,Thiruvananthapuram,Kerala,India,Bronze
CUST1683,Sophia Saxena,sophia.saxena720@example.com,Female,69,2018-05-25,Visakhapatnam,Andhra Pradesh,India,Platinum
CUST1684,Neha Saxena,neha.saxena758@example.com,Female,23,2024-03-08,Thiruvananthapuram,Kerala,India,Gold
CUST1685,Isha Kumar,isha.kumar107@example.com,Male,50,2020-07-11,Visakhapatnam,Andhra Pradesh,India,Bronze
CUST1686,Riya Iyer,riya.iyer22@example.com,Female,19,2020-03-14,Patna,Bihar,India,Silver
CUST1687,Priya Sharma,priya.sharma566@example.com,Female,42,2022-03-26,Kolkata,West Bengal,India,Bronze
CUST1688,Neha Trivedi,neha.trivedi142@example.com,Male,25,2024-11-26,Visakhapatnam,Andhra Pradesh,India,Bronze
CUST1689,Rahul Chopra,rahul.chopra941@example.com,Male,32,2019-01-12,Vijayawada,Andhra Pradesh,India,Bronze
CUST1690,Neha Trivedi,neha.trivedi582@example.com,Male,69,2018-03-03,Jaipur,Rajasthan,India,Silver
CUST1691,Aditya Kumar,aditya.kumar130@example.com,Male,36,2018-06-29,Surat,Gujarat,India,Bronze
CUST1692,Liam Iyer,liam.iyer300@example.com,Male,43,2023-05-15,Chennai,Tamil Nadu,India,Silver
CUST1693,Aditya Das,aditya.das961@example.com,Female,49,2022-01-02,Jaipur,Rajasthan,India,Bronze
CUST1694,Riya Verma,riya.verma799@example.com,Female,59,2020-09-27,Bhopal,Madhya Pradesh,India,Gold
CUST1695,Rahul Trivedi,rahul.trivedi516@example.com,Male,40,2022-08-10,Vadodara,Gujarat,India,Bronze
CUST1696,Aditya Nair,aditya.nair934@example.com,Male,51,2020-08-02,Ahmedabad,Gujarat,India,Silver
CUST1697,Saanvi Patel,saanvi.patel382@example.com,Female,68,2019-08-05,Mumbai,Maharashtra,India,Platinum
CUST1698,Olivia Bose,olivia.bose666@example.com,Female,25,2018-03-29,Thiruvananthapuram,Kerala,India,Silver
CUST1699,Isha Das,isha.das603@example.com,Male,70,2018-12-13,Mumbai,Maharashtra,India,Bronze
CUST1700,Aria Joshi,aria.joshi508@example.com,Male,42,2022-04-25,Indore,Madhya Pradesh,India,Bronze
CUST1701,Saanvi Joshi,saanvi.joshi189@example.com,Female,52,2018-08-03,Ahmedabad,Gujarat,India,Bronze
CUST1702,Mia Verma,mia.verma960@example.com,Male,56,2021-10-09,Lucknow,Uttar Pradesh,India,Silver
CUST1703,Sophia Nair,sophia.nair776@example.com,Male,64,2024-12-20,Nagpur,Maharashtra,India,Gold
CUST1704,Lucas Kumar,lucas.kumar827@example.com,Male,42,2025-08-08,Ahmedabad,Gujarat,India,Gold
CUST1705,Maya Bose,maya.bose435@example.com,Female,54,2023-10-27,Lucknow,Uttar Pradesh,India,Bronze
CUST1706,Priya Bose,priya.bose764@example.com,Other,33,2019-06-25,Bengaluru,Karnataka,India,Bronze
CUST1707,Noah Das,noah.das88@example.com,Other,67,2024-02-02,Ahmedabad,Gujarat,India,Bronze
CUST1708,Priya Kumar,priya.kumar631@example.com,Male,35,2025-05-24,Lucknow,Uttar Pradesh,India,Silver
CUST1709,Lucas Saxena,lucas.saxena13@example.com,Male,54,2025-05-30,Surat,Gujarat,India,Silver
CUST1710,Isabella Gupta,isabella.gupta455@example.com,Male,46,2018-02-06,Indore,Madhya Pradesh,India,Bronze
CUST1711,Karthik Khan,karthik.khan654@example.com,Female,31,2022-08-01,Mumbai,Maharashtra,India,Bronze
CUST1712,Aditya Das,aditya.das919@example.com,Female,38,2018-09-20,Indore,Madhya Pradesh,India,Bronze
CUST1713,Mia Das,mia.das266@example.com,Female,26,2020-07-20,Hyderabad,Telangana,India,Bronze
CUST1714,Aria Kumar,aria.kumar239@example.com,Male,20,2020-01-25,Bhopal,Madhya Pradesh,India,Gold
CUST1715,Sophia Mehta,sophia.mehta43@example.com,Female,32,2018-09-07,Lucknow,Uttar Pradesh,India,Platinum
CUST1716,Aarav Verma,aarav.verma554@example.com,Female,56,2020-08-19,Visakhapatnam,Andhra Pradesh,India,Bronze
CUST1717,Rohan Bose,rohan.bose116@example.com,Female,33,2020-04-15,Surat,Gujarat,India,Bronze
CUST1718,Ethan Chopra,ethan.chopra74@example.com,Female,36,2019-08-10,Bengaluru,Karnataka,India,Bronze
CUST1719,Lucas Verma,lucas.verma344@example.com,Other,59,2022-03-15,Thiruvananthapuram,Kerala,India,Gold
CUST1720,Riya Saxena,riya.saxena32@example.com,Male,20,2021-04-06,Kolkata,West Bengal,India,Gold
CUST1721,Aarav Patel,aarav.patel624@example.com,Male,38,2023-09-24,Bhopal,Madhya Pradesh,India,Silver
CUST1722,Olivia Verma,olivia.verma963@example.com,Male,55,2018-05-14,Kolkata,West Bengal,India,Bronze
CUST1723,Liam Reddy,liam.reddy979@example.com,Male,32,2024-05-04,Bhopal,Madhya Pradesh,India,Platinum
CUST1724,Liam Trivedi,liam.trivedi752@example.com,Male,64,2019-05-12,Bhopal,Madhya Pradesh,India,Silver
CUST1725,Aria Khan,aria.khan676@example.com,Female,46,2021-07-22,Lucknow,Uttar Pradesh,India,Bronze
CUST1726,Sophia Dasgupta,sophia.dasgupta933@example.com,Male,33,2022-01-22,Jaipur,Rajasthan,India,Bronze
CUST1727,Emma Patel,emma.patel710@example.com,Male,64,2022-08-07,Visakhapatnam,Andhra Pradesh,India,Bronze
CUST1728,Maya Kapoor,maya.kapoor79@example.com,Female,59,2023-06-07,Vadodara,Gujarat,India,Bronze
CUST1729,Lucas Chopra,lucas.chopra236@example.com,Female,70,2019-05-29,Patna,Bihar,India,Bronze
CUST1730,Amelia Chopra,amelia.chopra691@example.com,Female,26,2024-10-16,Lucknow,Uttar Pradesh,India,Silver
CUST1731,Rahul Mehta,rahul.mehta121@example.com,Male,44,2023-08-31,Kolkata,West Bengal,India,Bronze
CUST1732,Liam Nair,liam.nair922@example.com,Male,47,2018-03-05,Hyderabad,Telangana,India,Bronze
CUST1733,Isha Trivedi,isha.trivedi729@example.com,Female,65,2019-02-18,Kolkata,West Bengal,India,Gold
CUST1734,Ethan Chopra,ethan.chopra25@example.com,Female,22,2019-06-27,Bhopal,Madhya Pradesh,India,Gold
CUST1735,Amelia Joshi,amelia.joshi926@example.com,Male,26,2022-07-06,Patna,Bihar,India,Bronze
CUST1736,Riya Patel,riya.patel345@example.com,Female,39,2024-08-19,Vadodara,Gujarat,India,Silver
CUST1737,Emma Kumar,emma.kumar76@example.com,Female,40,2023-01-13,Nagpur,Maharashtra,India,Silver
CUST1738,Emma Chopra,emma.chopra297@example.com,Female,62,2019-07-06,Hyderabad,Telangana,India,Silver
CUST1739,Sophia Kapoor,sophia.kapoor86@example.com,Male,18,2024-08-28,Vijayawada,Andhra Pradesh,India,Bronze
CUST1740,Liam Bose,liam.bose389@example.com,Male,29,2023-09-15,Vijayawada,Andhra Pradesh,India,Bronze
CUST1741,Mia Patel,mia.patel238@example.com,Male,39,2018-07-17,Vijayawada,Andhra Pradesh,India,Bronze
CUST1742,Rohan Nath,rohan.nath521@example.com,Female,45,2021-03-14,Surat,Gujarat,India,Bronze
CUST1743,Mia Gupta,mia.gupta977@example.com,Male,70,2020-05-12,Nagpur,Maharashtra,India,Bronze
CUST1744,Sophia Saxena,sophia.saxena322@example.com,Male,36,2019-11-10,Chennai,Tamil Nadu,India,Bronze
CUST1745,Kabir Bose,kabir.bose230@example.com,Female,36,2020-11-28,Vadodara,Gujarat,India,Silver
CUST1746,Amelia Iyer,amelia.iyer683@example.com,Male,24,2020-04-27,Patna,Bihar,India,Silver
CUST1747,Mia Gupta,mia.gupta29@example.com,Female,20,2024-01-21,Patna,Bihar,India,Silver
CUST1748,Aarav Khan,aarav.khan853@example.com,Female,41,2020-04-12,Ahmedabad,Gujarat,India,Gold
CUST1749,Sophia Chopra,sophia.chopra750@example.com,Male,26,2023-02-02,Ahmedabad,Gujarat,India,Gold
CUST1750,Olivia Patel,olivia.patel456@example.com,Female,49,2020-12-13,Delhi,Delhi,India,Gold
CUST1751,Isha Patel,isha.patel992@example.com,Male,23,2020-06-30,Delhi,Delhi,India,Bronze
CUST1752,Rohan Mehta,rohan.mehta283@example.com,Male,65,2023-10-02,Delhi,Delhi,India,Silver
CUST1753,Rahul Kumar,rahul.kumar444@example.com,Male,63,2023-11-06,Surat,Gujarat,India,Bronze
CUST1754,Maya Kumar,maya.kumar972@example.com,Female,18,2020-10-04,Kolkata,West Bengal,India,Bronze
CUST1755,Isabella Iyer,isabella.iyer690@example.com,Male,48,2019-09-13,Thiruvananthapuram,Kerala,India,Silver
CUST1756,Emma Khan,emma.khan290@example.com,Male,58,2018-12-30,Bhopal,Madhya Pradesh,India,Gold
CUST1757,Emma Nair,emma.nair4@example.com,Male,49,2024-04-03,Vadodara,Gujarat,India,Bronze
CUST1758,Ananya Kumar,ananya.kumar429@example.com,Female,57,2022-04-07,Vijayawada,Andhra Pradesh,India,Bronze
CUST1759,Karthik Khan,karthik.khan544@example.com,Female,29,2021-05-14,Jaipur,Rajasthan,India,Gold
CUST1760,Noah Khan,noah.khan502@example.com,Female,43,2024-09-14,Visakhapatnam,Andhra Pradesh,India,Bronze
CUST1761,Riya Patel,riya.patel225@example.com,Male,66,2021-03-22,Nagpur,Maharashtra,India,Platinum
CUST1762,Rahul Iyer,rahul.iyer679@example.com,Male,29,2023-03-19,Surat,Gujarat,India,Silver
CUST1763,Karthik Joshi,karthik.joshi722@example.com,Male,48,2023-06-27,Vadodara,Gujarat,India,Bronze
CUST1764,Diya Sharma,diya.sharma298@example.com,Male,31,2022-08-03,Mumbai,Maharashtra,India,Bronze
CUST1765,Rahul Das,rahul.das692@example.com,Male,43,2022-12-16,Nagpur,Maharashtra,India,Bronze
CUST1766,Amelia Kumar,amelia.kumar275@example.com,Female,32,2021-10-23,Mumbai,Maharashtra,India,Bronze
CUST1767,Neha Iyer,neha.iyer587@example.com,Female,52,2020-04-24,Chennai,Tamil Nadu,India,Gold
CUST1768,Aria Saxena,aria.saxena338@example.com,Male,52,2018-03-23,Bengaluru,Karnataka,India,Silver
CUST1769,Aditya Mehta,aditya.mehta935@example.com,Male,67,2024-03-14,Delhi,Delhi,India,Silver
CUST1770,Rohan Nair,rohan.nair371@example.com,Female,28,2024-01-04,Coimbatore,Tamil Nadu,India,Gold
CUST1771,Diya Dasgupta,diya.dasgupta821@example.com,Male,41,2021-09-19,Nagpur,Maharashtra,India,Bronze
CUST1772,Emma Iyer,emma.iyer963@example.com,Male,19,2023-11-27,Chennai,Tamil Nadu,India,Bronze
CUST1773,Lucas Khan,lucas.khan44@example.com,Male,37,2018-04-10,Jaipur,Rajasthan,India,Silver
CUST1774,Olivia Iyer,olivia.iyer35@example.com,Male,25,2022-03-28,Coimbatore,Tamil Nadu,India,Bronze
CUST1775,Emma Das,emma.das883@example.com,Male,22,2023-08-29,Nagpur,Maharashtra,India,Bronze
CUST1776,Emma Trivedi,emma.trivedi620@example.com,Female,24,2024-08-06,Coimbatore,Tamil Nadu,India,Bronze
CUST1777,Aria Dasgupta,aria.dasgupta804@example.com,Male,50,2018-04-06,Ahmedabad,Gujarat,India,Bronze
CUST1778,Saanvi Patel,saanvi.patel271@example.com,Other,54,2023-04-15,Coimbatore,Tamil Nadu,India,Bronze
CUST1779,Aditya Iyer,aditya.iyer991@example.com,Male,35,2023-06-03,Ahmedabad,Gujarat,India,Gold
CUST1780,Maya Kapoor,maya.kapoor251@example.com,Male,49,2022-06-01,Visakhapatnam,Andhra Pradesh,India,Silver
CUST1781,Olivia Patel,olivia.patel464@example.com,Male,19,2022-06-16,Jaipur,Rajasthan,India,Bronze
CUST1782,Kabir Nath,kabir.nath112@example.com,Female,39,2019-08-12,Delhi,Delhi,India,Bronze
CUST1783,Ananya Nair,ananya.nair886@example.com,Female,55,2020-10-20,Delhi,Delhi,India,Bronze
CUST1784,Aria Khan,aria.khan536@example.com,Female,54,2020-08-10,Mumbai,Maharashtra,India,Silver
CUST1785,Isha Chopra,isha.chopra319@example.com,Female,27,2018-05-30,Surat,Gujarat,India,Silver
CUST1786,Aria Chopra,aria.chopra893@example.com,Male,62,2020-05-06,Patna,Bihar,India,Silver
CUST1787,Maya Khan,maya.khan321@example.com,Female,33,2021-08-11,Indore,Madhya Pradesh,India,Silver
CUST1788,Rohan Trivedi,rohan.trivedi880@example.com,Female,64,2018-11-30,Chennai,Tamil Nadu,India,Bronze
CUST1789,Aditya Joshi,aditya.joshi131@example.com,Female,28,2023-10-31,Chennai,Tamil Nadu,India,Bronze
CUST1790,Aditi Patel,aditi.patel40@example.com,Female,49,2019-12-01,Bhopal,Madhya Pradesh,India,Bronze
CUST1791,Emma Trivedi,emma.trivedi429@example.com,Male,36,2019-04-27,Nagpur,Maharashtra,India,Platinum
CUST1792,Emma Das,emma.das536@example.com,Male,41,2024-04-28,Hyderabad,Telangana,India,Bronze
CUST1793,Rohan Nair,rohan.nair823@example.com,Female,63,2022-03-01,Bhopal,Madhya Pradesh,India,Silver
CUST1794,Kabir Bose,kabir.bose216@example.com,Female,65,2019-07-09,Hyderabad,Telangana,India,Bronze
CUST1795,Ethan Khan,ethan.khan11@example.com,Male,29,2019-09-08,Thiruvananthapuram,Kerala,India,Bronze
CUST1796,Aarav Dasgupta,aarav.dasgupta719@example.com,Male,62,2019-01-20,Patna,Bihar,India,Bronze
CUST1797,Arjun Kumar,arjun.kumar640@example.com,Male,28,2018-10-01,Visakhapatnam,Andhra Pradesh,India,Silver
CUST1798,Chloe Iyer,chloe.iyer354@example.com,Female,30,2021-01-29,Ahmedabad,Gujarat,India,Silver
CUST1799,Isabella Chopra,isabella.chopra599@example.com,Female,41,2025-01-01,Coimbatore,Tamil Nadu,India,Gold
CUST1800,Maya Trivedi,maya.trivedi657@example.com,Female,22,2024-08-24,Kolkata,West Bengal,India,Bronze
CUST1801,Saanvi Das,saanvi.das183@example.com,Male,24,2019-06-03,Bhopal,Madhya Pradesh,India,Bronze
CUST1802,Mia Joshi,mia.joshi339@example.com,Female,55,2024-10-13,Lucknow,Uttar Pradesh,India,Platinum
CUST1803,Emma Saxena,emma.saxena685@example.com,Female,31,2019-11-20,Bengaluru,Karnataka,India,Silver
CUST1804,Saanvi Reddy,saanvi.reddy952@example.com,Female,27,2019-08-11,Hyderabad,Telangana,India,Bronze
CUST1805,Aarav Mehta,aarav.mehta80@example.com,Female,21,2019-07-16,Bhopal,Madhya Pradesh,India,Silver
CUST1806,Neha Khan,neha.khan335@example.com,Male,66,2019-04-26,Jaipur,Rajasthan,India,Bronze
CUST1807,Priya Joshi,priya.joshi724@example.com,Male,37,2023-11-09,Surat,Gujarat,India,Bronze
CUST1808,Chloe Saxena,chloe.saxena863@example.com,Male,28,2025-02-08,Lucknow,Uttar Pradesh,India,Silver
CUST1809,Ethan Chopra,ethan.chopra574@example.com,Male,62,2020-10-23,Chennai,Tamil Nadu,India,Bronze
CUST1810,Neha Verma,neha.verma183@example.com,Male,41,2023-03-25,Visakhapatnam,Andhra Pradesh,India,Silver
CUST1811,Saanvi Saxena,saanvi.saxena574@example.com,Female,30,2022-04-16,Visakhapatnam,Andhra Pradesh,India,Bronze
CUST1812,Emma Sharma,emma.sharma201@example.com,Male,51,2020-03-09,Bengaluru,Karnataka,India,Bronze
CUST1813,Rahul Patel,rahul.patel933@example.com,Male,34,2023-08-22,Bengaluru,Karnataka,India,Silver
CUST1814,Vivaan Das,vivaan.das658@example.com,Male,20,2025-10-19,Lucknow,Uttar Pradesh,India,Bronze
CUST1815,Vivaan Nath,vivaan.nath844@example.com,Male,63,2023-04-13,Vadodara,Gujarat,India,Silver
CUST1816,Kabir Gupta,kabir.gupta485@example.com,Female,59,2024-02-13,Chennai,Tamil Nadu,India,Bronze
CUST1817,Aarav Saxena,aarav.saxena916@example.com,Female,63,2019-12-26,Kolkata,West Bengal,India,Bronze
CUST1818,Ethan Patel,ethan.patel58@example.com,Male,63,2018-09-13,Surat,Gujarat,India,Bronze
CUST1819,Maya Das,maya.das874@example.com,Male,57,2018-03-10,Surat,Gujarat,India,Silver
CUST1820,Isabella Mehta,isabella.mehta920@example.com,Female,55,2022-02-09,Bhopal,Madhya Pradesh,India,Bronze
CUST1821,Noah Joshi,noah.joshi427@example.com,Female,60,2018-09-09,Delhi,Delhi,India,Bronze
CUST1822,Mia Kapoor,mia.kapoor152@example.com,Female,23,2019-12-08,Indore,Madhya Pradesh,India,Bronze
CUST1823,Aria Nair,aria.nair706@example.com,Female,29,2025-02-15,Bengaluru,Karnataka,India,Bronze
CUST1824,Maya Verma,maya.verma121@example.com,Male,54,2025-10-23,Delhi,Delhi,India,Bronze
CUST1825,Aditi Reddy,aditi.reddy120@example.com,Female,29,2018-12-20,Hyderabad,Telangana,India,Bronze
CUST1826,Liam Sharma,liam.sharma786@example.com,Male,18,2020-06-09,Visakhapatnam,Andhra Pradesh,India,Bronze
CUST1827,Chloe Iyer,chloe.iyer316@example.com,Female,59,2020-02-22,Kolkata,West Bengal,India,Bronze
CUST1828,Priya Dasgupta,priya.dasgupta183@example.com,Male,54,2021-07-16,Nagpur,Maharashtra,India,Bronze
CUST1829,Saanvi Das,saanvi.das905@example.com,Male,36,2020-11-28,Indore,Madhya Pradesh,India,Bronze
CUST1830,Kabir Verma,kabir.verma593@example.com,Male,67,2025-03-13,Bhopal,Madhya Pradesh,India,Bronze
CUST1831,Liam Gupta,liam.gupta38@example.com,Female,55,2022-04-29,Kolkata,West Bengal,India,Bronze
CUST1832,Saanvi Chopra,saanvi.chopra356@example.com,Female,61,2021-03-28,Pune,Maharashtra,India,Bronze
CUST1833,Rohan Trivedi,rohan.trivedi850@example.com,Female,35,2019-01-07,Bhopal,Madhya Pradesh,India,Silver
CUST1834,Isha Nair,isha.nair479@example.com,Male,25,2023-10-19,Hyderabad,Telangana,India,Bronze
CUST1835,Aditi Nath,aditi.nath331@example.com,Male,42,2025-05-20,Vijayawada,Andhra Pradesh,India,Gold
CUST1836,Rahul Patel,rahul.patel645@example.com,Male,18,2019-10-13,Nagpur,Maharashtra,India,Bronze
CUST1837,Rahul Patel,rahul.patel192@example.com,Female,37,2019-10-29,Indore,Madhya Pradesh,India,Bronze
CUST1838,Mia Sharma,mia.sharma450@example.com,Female,47,2024-08-28,Vijayawada,Andhra Pradesh,India,Silver
CUST1839,Emma Joshi,emma.joshi485@example.com,Female,34,2022-03-09,Vadodara,Gujarat,India,Bronze
CUST1840,Noah Joshi,noah.joshi308@example.com,Male,32,2023-09-08,Chennai,Tamil Nadu,India,Bronze
CUST1841,Mia Das,mia.das977@example.com,Female,55,2018-04-27,Hyderabad,Telangana,India,Bronze
CUST1842,Amelia Dasgupta,amelia.dasgupta908@example.com,Female,62,2023-11-17,Pune,Maharashtra,India,Platinum
CUST1843,Sophia Singh,sophia.singh134@example.com,Female,68,2018-08-09,Delhi,Delhi,India,Bronze
CUST1844,Mia Singh,mia.singh821@example.com,Male,43,2019-11-09,Indore,Madhya Pradesh,India,Bronze
CUST1845,Sai Nair,sai.nair905@example.com,Male,37,2018-11-26,Hyderabad,Telangana,India,Bronze
CUST1846,Saanvi Chopra,saanvi.chopra93@example.com,Female,27,2025-09-05,Patna,Bihar,India,Silver
CUST1847,Karthik Sharma,karthik.sharma489@example.com,Male,24,2023-04-13,Patna,Bihar,India,Silver
CUST1848,Olivia Nair,olivia.nair935@example.com,Male,42,2023-03-14,Jaipur,Rajasthan,India,Silver
CUST1849,Arjun Joshi,arjun.joshi132@example.com,Male,26,2022-06-26,Surat,Gujarat,India,Gold
CUST1850,Ethan Chopra,ethan.chopra612@example.com,Male,22,2021-11-21,Thiruvananthapuram,Kerala,India,Silver
CUST1851,Sophia Sharma,sophia.sharma228@example.com,Female,29,2020-08-21,Visakhapatnam,Andhra Pradesh,India,Bronze
CUST1852,Rohan Sharma,rohan.sharma626@example.com,Female,43,2018-11-13,Jaipur,Rajasthan,India,Bronze
CUST1853,Saanvi Kumar,saanvi.kumar217@example.com,Male,23,2021-10-22,Coimbatore,Tamil Nadu,India,Silver
CUST1854,Neha Singh,neha.singh292@example.com,Male,61,2023-05-23,Mumbai,Maharashtra,India,Bronze
CUST1855,Neha Gupta,neha.gupta168@example.com,Male,51,2019-03-12,Indore,Madhya Pradesh,India,Silver
CUST1856,Karthik Patel,karthik.patel672@example.com,Female,69,2018-02-20,Hyderabad,Telangana,India,Bronze
CUST1857,Sophia Kapoor,sophia.kapoor394@example.com,Female,18,2023-06-15,Coimbatore,Tamil Nadu,India,Bronze
CUST1858,Vivaan Dasgupta,vivaan.dasgupta436@example.com,Male,58,2019-04-20,Vadodara,Gujarat,India,Silver
CUST1859,Amelia Bose,amelia.bose515@example.com,Male,48,2021-10-04,Patna,Bihar,India,Platinum
CUST1860,Arjun Gupta,arjun.gupta435@example.com,Female,42,2025-07-26,Delhi,Delhi,India,Bronze
CUST1861,Rahul Nath,rahul.nath265@example.com,Male,70,2024-11-22,Indore,Madhya Pradesh,India,Bronze
CUST1862,Aditi Dasgupta,aditi.dasgupta41@example.com,Male,49,2023-03-01,Visakhapatnam,Andhra Pradesh,India,Bronze
CUST1863,Aria Verma,aria.verma259@example.com,Male,61,2021-04-28,Bengaluru,Karnataka,India,Bronze
CUST1864,Ananya Dasgupta,ananya.dasgupta366@example.com,Male,46,2021-08-22,Ahmedabad,Gujarat,India,Silver
CUST1865,Aria Patel,aria.patel366@example.com,Female,52,2022-06-11,Jaipur,Rajasthan,India,Bronze
CUST1866,Maya Patel,maya.patel130@example.com,Female,58,2023-07-15,Nagpur,Maharashtra,India,Gold
CUST1867,Karthik Bose,karthik.bose706@example.com,Female,70,2023-11-15,Vijayawada,Andhra Pradesh,India,Bronze
CUST1868,Aditya Mehta,aditya.mehta382@example.com,Male,56,2025-02-25,Chennai,Tamil Nadu,India,Bronze
CUST1869,Emma Reddy,emma.reddy346@example.com,Female,65,2021-05-21,Nagpur,Maharashtra,India,Bronze
CUST1870,Ananya Das,ananya.das739@example.com,Female,23,2022-11-11,Chennai,Tamil Nadu,India,Silver
CUST1871,Sophia Das,sophia.das311@example.com,Female,52,2020-09-25,Mumbai,Maharashtra,India,Bronze
CUST1872,Kabir Nair,kabir.nair779@example.com,Female,35,2025-09-22,Hyderabad,Telangana,India,Bronze
CUST1873,Noah Kumar,noah.kumar620@example.com,Male,29,2025-08-09,Ahmedabad,Gujarat,India,Bronze
CUST1874,Neha Nair,neha.nair20@example.com,Female,60,2019-06-16,Lucknow,Uttar Pradesh,India,Bronze
CUST1875,Aria Mehta,aria.mehta100@example.com,Male,19,2021-08-22,Jaipur,Rajasthan,India,Bronze
CUST1876,Riya Saxena,riya.saxena847@example.com,Male,44,2025-02-13,Vadodara,Gujarat,India,Bronze
CUST1877,Priya Khan,priya.khan953@example.com,Female,39,2021-10-27,Surat,Gujarat,India,Bronze
CUST1878,Aditi Singh,aditi.singh474@example.com,Female,49,2020-05-12,Patna,Bihar,India,Silver
CUST1879,Noah Joshi,noah.joshi262@example.com,Male,60,2024-05-29,Delhi,Delhi,India,Silver
CUST1880,Maya Verma,maya.verma86@example.com,Male,51,2022-02-21,Ahmedabad,Gujarat,India,Bronze
CUST1881,Rahul Bose,rahul.bose691@example.com,Male,27,2025-01-03,Vijayawada,Andhra Pradesh,India,Bronze
CUST1882,Karthik Nath,karthik.nath442@example.com,Male,66,2018-04-06,Ahmedabad,Gujarat,India,Bronze
CUST1883,Kabir Iyer,kabir.iyer385@example.com,Female,26,2022-03-31,Vadodara,Gujarat,India,Gold
CUST1884,Arjun Patel,arjun.patel406@example.com,Male,25,2024-05-26,Ahmedabad,Gujarat,India,Bronze
CUST1885,Ananya Joshi,ananya.joshi7693@example.com,Male,31,2022-09-09,Vadodara,Gujarat,India,Bronze
CUST1886,Mia Verma,mia.verma646@example.com,Male,61,2025-02-06,Surat,Gujarat,India,Bronze
CUST1887,Maya Joshi,maya.joshi231@example.com,Female,49,2023-03-16,Ahmedabad,Gujarat,India,Silver
CUST1888,Aditi Gupta,aditi.gupta947@example.com,Female,43,2021-03-27,Bengaluru,Karnataka,India,Bronze
CUST1889,Rahul Bose,rahul.bose672@example.com,Male,24,2022-04-20,Vijayawada,Andhra Pradesh,India,Silver
CUST1890,Neha Chopra,neha.chopra194@example.com,Female,57,2020-07-07,Kolkata,West Bengal,India,Silver
CUST1891,Rohan Reddy,rohan.reddy614@example.com,Female,44,2018-04-04,Surat,Gujarat,India,Silver
CUST1892,Ananya Nath,ananya.nath641@example.com,Male,23,2022-02-25,Bengaluru,Karnataka,India,Silver
CUST1893,Chloe Joshi,chloe.joshi566@example.com,Female,30,2019-10-24,Indore,Madhya Pradesh,India,Bronze
CUST1894,Isabella Iyer,isabella.iyer180@example.com,Male,63,2020-03-29,Surat,Gujarat,India,Bronze
CUST1895,Aditya Sharma,aditya.sharma212@example.com,Female,47,2020-09-30,Vadodara,Gujarat,India,Bronze
CUST1896,Diya Gupta,diya.gupta997@example.com,Male,59,2019-04-01,Vadodara,Gujarat,India,Silver
CUST1897,Isabella Gupta,isabella.gupta251@example.com,Male,22,2018-01-29,Mumbai,Maharashtra,India,Silver
CUST1898,Neha Kapoor,neha.kapoor482@example.com,Female,22,2022-09-05,Lucknow,Uttar Pradesh,India,Gold
CUST1899,Maya Patel,maya.patel733@example.com,Female,59,2023-12-28,Bengaluru,Karnataka,India,Bronze
CUST1900,Ethan Kumar,ethan.kumar300@example.com,Female,70,2018-06-13,Visakhapatnam,Andhra Pradesh,India,Bronze
CUST1901,Amelia Kapoor,amelia.kapoor645@example.com,Female,45,2019-05-24,Chennai,Tamil Nadu,India,Bronze
CUST1902,Isha Nath,isha.nath772@example.com,Female,64,2019-11-24,Visakhapatnam,Andhra Pradesh,India,Bronze
CUST1903,Rahul Singh,rahul.singh935@example.com,Male,48,2020-05-10,Lucknow,Uttar Pradesh,India,Bronze
CUST1904,Liam Reddy,liam.reddy470@example.com,Female,49,2020-09-29,Lucknow,Uttar Pradesh,India,Bronze
CUST1905,Olivia Bose,olivia.bose339@example.com,Female,62,2020-11-22,Vijayawada,Andhra Pradesh,India,Bronze
CUST1906,Vivaan Singh,vivaan.singh152@example.com,Female,19,2020-06-24,Visakhapatnam,Andhra Pradesh,India,Bronze
CUST1907,Olivia Dasgupta,olivia.dasgupta315@example.com,Female,28,2024-05-14,Ahmedabad,Gujarat,India,Bronze
CUST1908,Aditi Dasgupta,aditi.dasgupta159@example.com,Female,62,2019-06-11,Kolkata,West Bengal,India,Silver
CUST1909,Isabella Joshi,isabella.joshi264@example.com,Female,19,2020-05-16,Vijayawada,Andhra Pradesh,India,Bronze
CUST1910,Sophia Sharma,sophia.sharma266@example.com,Male,50,2023-10-18,Coimbatore,Tamil Nadu,India,Bronze
CUST1911,Chloe Gupta,chloe.gupta996@example.com,Male,27,2024-08-01,Bhopal,Madhya Pradesh,India,Bronze
CUST1912,Karthik Joshi,karthik.joshi887@example.com,Female,59,2019-11-24,Bhopal,Madhya Pradesh,India,Bronze
CUST1913,Kabir Joshi,kabir.joshi15@example.com,Female,22,2021-11-03,Jaipur,Rajasthan,India,Bronze
CUST1914,Diya Singh,diya.singh285@example.com,Female,64,2019-05-05,Pune,Maharashtra,India,Bronze
CUST1915,Aditi Nath,aditi.nath935@example.com,Female,18,2023-11-17,Jaipur,Rajasthan,India,Silver
CUST1916,Karthik Kumar,karthik.kumar409@example.com,Female,39,2023-09-10,Delhi,Delhi,India,Bronze
CUST1917,Maya Trivedi,maya.trivedi894@example.com,Male,69,2018-08-18,Indore,Madhya Pradesh,India,Bronze
CUST1918,Diya Iyer,diya.iyer263@example.com,Female,29,2025-09-26,Jaipur,Rajasthan,India,Bronze
CUST1919,Olivia Bose,olivia.bose182@example.com,Male,56,2020-12-24,Patna,Bihar,India,Bronze
CUST1920,Emma Nair,emma.nair751@example.com,Female,22,2019-06-27,Bhopal,Madhya Pradesh,India,Bronze
CUST1921,Saanvi Iyer,saanvi.iyer250@example.com,Female,55,2023-05-09,Indore,Madhya Pradesh,India,Bronze
CUST1922,Chloe Kumar,chloe.kumar327@example.com,Female,22,2020-03-15,Thiruvananthapuram,Kerala,India,Bronze
CUST1923,Aditya Khan,aditya.khan203@example.com,Male,55,2020-05-30,Vadodara,Gujarat,India,Bronze
CUST1924,Sophia Sharma,sophia.sharma596@example.com,Male,25,2022-12-19,Pune,Maharashtra,India,Bronze
CUST1925,Liam Saxena,liam.saxena774@example.com,Male,18,2020-10-28,Nagpur,Maharashtra,India,Silver
CUST1926,Kabir Gupta,kabir.gupta337@example.com,Female,50,2021-03-08,Ahmedabad,Gujarat,India,Bronze
CUST1927,Maya Iyer,maya.iyer350@example.com,Male,53,2023-08-23,Ahmedabad,Gujarat,India,Silver
CUST1928,Arjun Gupta,arjun.gupta500@example.com,Male,50,2023-04-12,Thiruvananthapuram,Kerala,India,Bronze
CUST1929,Aditya Chopra,aditya.chopra690@example.com,Male,46,2021-11-03,Patna,Bihar,India,Silver
CUST1930,Saanvi Patel,saanvi.patel782@example.com,Male,37,2023-08-18,Ahmedabad,Gujarat,India,Bronze
CUST1931,Rohan Khan,rohan.khan106@example.com,Female,57,2020-05-11,Vijayawada,Andhra Pradesh,India,Silver
CUST1932,Rahul Gupta,rahul.gupta197@example.com,Female,68,2019-12-05,Hyderabad,Telangana,India,Silver
CUST1933,Ananya Mehta,ananya.mehta980@example.com,Female,48,2025-04-30,Vadodara,Gujarat,India,Silver
CUST1934,Mia Das,mia.das235@example.com,Female,48,2021-05-28,Visakhapatnam,Andhra Pradesh,India,Bronze
CUST1935,Rahul Verma,rahul.verma850@example.com,Female,46,2021-06-15,Nagpur,Maharashtra,India,Bronze
CUST1936,Mia Chopra,mia.chopra6@example.com,Female,43,2018-08-15,Nagpur,Maharashtra,India,Bronze
CUST1937,Lucas Singh,lucas.singh999@example.com,Male,35,2018-03-21,Pune,Maharashtra,India,Bronze
CUST1938,Olivia Das,olivia.das302@example.com,Female,19,2021-08-11,Nagpur,Maharashtra,India,Silver
CUST1939,Rahul Trivedi,rahul.trivedi574@example.com,Female,69,2020-05-30,Vadodara,Gujarat,India,Bronze
CUST1940,Isabella Das,isabella.das110@example.com,Male,28,2021-08-26,Thiruvananthapuram,Kerala,India,Gold
CUST1941,Sophia Khan,sophia.khan975@example.com,Other,20,2025-05-24,Coimbatore,Tamil Nadu,India,Silver
CUST1942,Amelia Khan,amelia.khan256@example.com,Male,56,2024-07-28,Coimbatore,Tamil Nadu,India,Bronze
CUST1943,Vivaan Mehta,vivaan.mehta283@example.com,Female,46,2021-03-10,Chennai,Tamil Nadu,India,Bronze
CUST1944,Chloe Reddy,chloe.reddy333@example.com,Other,64,2022-08-22,Kolkata,West Bengal,India,Gold
CUST1945,Sophia Dasgupta,sophia.dasgupta588@example.com,Male,23,2022-12-01,Jaipur,Rajasthan,India,Bronze
CUST1946,Maya Das,maya.das571@example.com,Female,36,2025-09-25,Bengaluru,Karnataka,India,Bronze
CUST1947,Mia Reddy,mia.reddy892@example.com,Female,63,2021-07-09,Visakhapatnam,Andhra Pradesh,India,Gold
CUST1948,Aditi Nair,aditi.nair189@example.com,Male,32,2023-03-03,Visakhapatnam,Andhra Pradesh,India,Bronze
CUST1949,Noah Das,noah.das262@example.com,Female,19,2019-07-29,Chennai,Tamil Nadu,India,Silver
CUST1950,Neha Joshi,neha.joshi826@example.com,Female,21,2023-12-05,Mumbai,Maharashtra,India,Gold
CUST1951,Rohan Verma,rohan.verma17@example.com,Female,20,2023-08-28,Surat,Gujarat,India,Silver
CUST1952,Kabir Dasgupta,kabir.dasgupta589@example.com,Male,22,2018-11-06,Vijayawada,Andhra Pradesh,India,Bronze
CUST1953,Maya Patel,maya.patel545@example.com,Male,50,2018-12-26,Vijayawada,Andhra Pradesh,India,Gold
CUST1954,Aria Nair,aria.nair770@example.com,Male,61,2022-11-01,Lucknow,Uttar Pradesh,India,Bronze
CUST1955,Chloe Singh,chloe.singh667@example.com,Male,29,2025-04-07,Vijayawada,Andhra Pradesh,India,Bronze
CUST1956,Rohan Chopra,rohan.chopra911@example.com,Male,54,2021-04-18,Bengaluru,Karnataka,India,Silver
CUST1957,Priya Sharma,priya.sharma9@example.com,Male,45,2019-09-09,Lucknow,Uttar Pradesh,India,Gold
CUST1958,Sophia Mehta,sophia.mehta546@example.com,Male,60,2020-03-31,Vijayawada,Andhra Pradesh,India,Gold
CUST1959,Chloe Nath,chloe.nath157@example.com,Male,27,2020-04-24,Ahmedabad,Gujarat,India,Bronze
CUST1960,Aarav Trivedi,aarav.trivedi617@example.com,Female,20,2019-06-06,Patna,Bihar,India,Bronze
CUST1961,Aditya Mehta,aditya.mehta892@example.com,Male,32,2025-05-19,Pune,Maharashtra,India,Bronze
CUST1962,Ananya Chopra,ananya.chopra278@example.com,Male,31,2021-12-26,Bengaluru,Karnataka,India,Bronze
CUST1963,Chloe Bose,chloe.bose127@example.com,Female,42,2018-04-15,Indore,Madhya Pradesh,India,Gold
CUST1964,Isabella Nair,isabella.nair390@example.com,Male,46,2022-06-24,Pune,Maharashtra,India,Bronze
CUST1965,Priya Nath,priya.nath835@example.com,Male,29,2023-09-07,Vijayawada,Andhra Pradesh,India,Silver
CUST1966,Arjun Gupta,arjun.gupta775@example.com,Male,49,2024-10-13,Visakhapatnam,Andhra Pradesh,India,Silver
CUST1967,Rahul Chopra,rahul.chopra196@example.com,Male,23,2023-09-08,Visakhapatnam,Andhra Pradesh,India,Bronze
CUST1968,Rohan Patel,rohan.patel968@example.com,Male,18,2022-04-06,Nagpur,Maharashtra,India,Bronze
CUST1969,Isabella Patel,isabella.patel364@example.com,Male,37,2018-09-25,Nagpur,Maharashtra,India,Gold
CUST1970,Liam Dasgupta,liam.dasgupta235@example.com,Other,23,2025-04-18,Coimbatore,Tamil Nadu,India,Gold
CUST1971,Aarav Das,aarav.das748@example.com,Female,38,2018-07-05,Kolkata,West Bengal,India,Silver
CUST1972,Ananya Nath,ananya.nath10@example.com,Male,27,2019-07-29,Thiruvananthapuram,Kerala,India,Silver
CUST1973,Vivaan Saxena,vivaan.saxena822@example.com,Male,65,2025-05-31,Ahmedabad,Gujarat,India,Bronze
CUST1974,Neha Gupta,neha.gupta430@example.com,Male,51,2019-09-13,Hyderabad,Telangana,India,Bronze
CUST1975,Amelia Patel,amelia.patel806@example.com,Male,49,2020-04-15,Ahmedabad,Gujarat,India,Bronze
CUST1976,Karthik Das,karthik.das637@example.com,Male,68,2018-04-16,Surat,Gujarat,India,Bronze
CUST1977,Kabir Kumar,kabir.kumar753@example.com,Female,44,2018-07-10,Patna,Bihar,India,Bronze
CUST1978,Aria Kapoor,aria.kapoor174@example.com,Male,18,2021-11-29,Jaipur,Rajasthan,India,Bronze
CUST1979,Aditya Patel,aditya.patel992@example.com,Male,44,2024-01-08,Indore,Madhya Pradesh,India,Bronze
CUST1980,Aria Sharma,aria.sharma319@example.com,Male,34,2019-06-10,Surat,Gujarat,India,Silver
CUST1981,Karthik Saxena,karthik.saxena685@example.com,Female,48,2023-07-12,Vijayawada,Andhra Pradesh,India,Bronze
CUST1982,Diya Kapoor,diya.kapoor133@example.com,Female,27,2020-07-12,Delhi,Delhi,India,Silver
CUST1983,Olivia Joshi,olivia.joshi290@example.com,Female,24,2020-10-20,Jaipur,Rajasthan,India,Bronze
CUST1984,Emma Dasgupta,emma.dasgupta337@example.com,Female,47,2025-06-30,Vijayawada,Andhra Pradesh,India,Bronze
CUST1985,Sophia Das,sophia.das779@example.com,Female,38,2022-09-25,Visakhapatnam,Andhra Pradesh,India,Silver
CUST1986,Sophia Kumar,sophia.kumar766@example.com,Female,42,2025-02-01,Mumbai,Maharashtra,India,Silver
CUST1987,Ananya Sharma,ananya.sharma147@example.com,Female,68,2020-09-01,Hyderabad,Telangana,India,Bronze
CUST1988,Aarav Nath,aarav.nath493@example.com,Female,40,2020-02-09,Vijayawada,Andhra Pradesh,India,Bronze
CUST1989,Saanvi Bose,saanvi.bose637@example.com,Male,46,2019-04-28,Lucknow,Uttar Pradesh,India,Silver
CUST1990,Rohan Mehta,rohan.mehta346@example.com,Other,29,2020-11-11,Surat,Gujarat,India,Silver
CUST1991,Kabir Trivedi,kabir.trivedi468@example.com,Female,60,2021-11-03,Bhopal,Madhya Pradesh,India,Bronze
CUST1992,Lucas Verma,lucas.verma437@example.com,Female,52,2019-06-02,Chennai,Tamil Nadu,India,Bronze
CUST1993,Aditi Patel,aditi.patel124@example.com,Female,36,2019-06-02,Visakhapatnam,Andhra Pradesh,India,Bronze
CUST1994,Neha Trivedi,neha.trivedi963@example.com,Male,50,2020-01-18,Coimbatore,Tamil Nadu,India,Silver
CUST1995,Chloe Kapoor,chloe.kapoor200@example.com,Male,61,2020-06-27,Bengaluru,Karnataka,India,Bronze
CUST1996,Emma Verma,emma.verma539@example.com,Female,27,2024-04-24,Bhopal,Madhya Pradesh,India,Bronze
CUST1997,Lucas Trivedi,lucas.trivedi372@example.com,Female,62,2023-12-15,Hyderabad,Telangana,India,Bronze
CUST1998,Arjun Gupta,arjun.gupta651@example.com,Female,57,2020-07-15,Kolkata,West Bengal,India,Bronze
CUST1999,Aria Chopra,aria.chopra879@example.com,Male,21,2022-06-30,Ahmedabad,Gujarat,India,Bronze
CUST2000,Rohan Chopra,rohan.chopra916@example.com,Male,38,2019-07-12,Ahmedabad,Gujarat,India,Bronze
CUST2001,Isha Trivedi,isha.trivedi685@example.com,Male,64,2024-11-16,Vadodara,Gujarat,India,Platinum
CUST2002,Vivaan Chopra,vivaan.chopra144@example.com,Male,70,2019-10-19,Jaipur,Rajasthan,India,Bronze
CUST2003,Ananya Chopra,ananya.chopra401@example.com,Female,33,2021-12-06,Delhi,Delhi,India,Bronze
CUST2004,Isha Singh,isha.singh915@example.com,Male,64,2024-07-27,Kolkata,West Bengal,India,Bronze
CUST2005,Sai Das,sai.das779@example.com,Male,58,2019-04-26,Bhopal,Madhya Pradesh,India,Bronze
CUST2006,Arjun Saxena,arjun.saxena483@example.com,Male,46,2021-05-08,Chennai,Tamil Nadu,India,Bronze
CUST2007,Aria Bose,aria.bose158@example.com,Male,66,2021-10-30,Lucknow,Uttar Pradesh,India,Gold
CUST2008,Vivaan Joshi,vivaan.joshi859@example.com,Female,25,2025-01-11,Indore,Madhya Pradesh,India,Bronze
CUST2009,Ananya Khan,ananya.khan777@example.com,Male,51,2019-02-27,Delhi,Delhi,India,Platinum
CUST2010,Aria Saxena,aria.saxena886@example.com,Male,60,2023-07-19,Nagpur,Maharashtra,India,Bronze
CUST2011,Liam Patel,liam.patel886@example.com,Female,64,2021-02-03,Lucknow,Uttar Pradesh,India,Silver
CUST2012,Rahul Chopra,rahul.chopra683@example.com,Female,40,2018-12-07,Bengaluru,Karnataka,India,Bronze
CUST2013,Lucas Khan,lucas.khan249@example.com,Female,32,2024-08-18,Nagpur,Maharashtra,India,Silver
CUST2014,Arjun Khan,arjun.khan575@example.com,Female,54,2022-03-20,Vadodara,Gujarat,India,Bronze
CUST2015,Amelia Joshi,amelia.joshi44@example.com,Female,55,2025-03-17,Chennai,Tamil Nadu,India,Bronze
CUST2016,Arjun Iyer,arjun.iyer370@example.com,Female,63,2024-10-09,Nagpur,Maharashtra,India,Silver
CUST2017,Olivia Kumar,olivia.kumar356@example.com,Female,46,2023-03-03,Vijayawada,Andhra Pradesh,India,Gold
CUST2018,Vivaan Joshi,vivaan.joshi833@example.com,Female,65,2022-11-04,Bengaluru,Karnataka,India,Bronze
CUST2019,Ananya Sharma,ananya.sharma646@example.com,Female,24,2021-04-12,Nagpur,Maharashtra,India,Silver
CUST2020,Emma Bose,emma.bose870@example.com,Female,40,2025-08-29,Visakhapatnam,Andhra Pradesh,India,Bronze
CUST2021,Diya Das,diya.das457@example.com,Female,38,2023-02-20,Lucknow,Uttar Pradesh,India,Silver
CUST2022,Ananya Nair,ananya.nair572@example.com,Female,53,2025-04-09,Surat,Gujarat,India,Silver
CUST2023,Mia Verma,mia.verma800@example.com,Female,49,2018-12-31,Surat,Gujarat,India,Bronze
CUST2024,Maya Iyer,maya.iyer325@example.com,Female,24,2019-01-06,Coimbatore,Tamil Nadu,India,Bronze
CUST2025,Kabir Gupta,kabir.gupta775@example.com,Male,34,2023-06-12,Visakhapatnam,Andhra Pradesh,India,Bronze
CUST2026,Aditi Verma,aditi.verma773@example.com,Male,28,2021-08-15,Bengaluru,Karnataka,India,Bronze
CUST2027,Sophia Dasgupta,sophia.dasgupta931@example.com,Female,59,2024-04-14,Ahmedabad,Gujarat,India,Silver
CUST2028,Maya Gupta,maya.gupta408@example.com,Female,22,2020-03-24,Delhi,Delhi,India,Bronze
CUST2029,Aria Joshi,aria.joshi873@example.com,Male,63,2021-10-25,Patna,Bihar,India,Bronze
CUST2030,Sai Joshi,sai.joshi107@example.com,Female,65,2021-04-18,Vadodara,Gujarat,India,Bronze
CUST2031,Aditya Mehta,aditya.mehta231@example.com,Male,20,2020-10-04,Patna,Bihar,India,Bronze
CUST2032,Isha Sharma,isha.sharma507@example.com,Male,62,2020-06-15,Jaipur,Rajasthan,India,Gold
CUST2033,Aditi Nair,aditi.nair149@example.com,Male,33,2018-03-27,Vadodara,Gujarat,India,Bronze
CUST2034,Aditi Chopra,aditi.chopra570@example.com,Female,54,2020-02-27,Nagpur,Maharashtra,India,Bronze
CUST2035,Rohan Nath,rohan.nath410@example.com,Female,42,2020-12-07,Visakhapatnam,Andhra Pradesh,India,Silver
CUST2036,Isha Chopra,isha.chopra380@example.com,Male,33,2021-08-04,Patna,Bihar,India,Bronze
CUST2037,Olivia Singh,olivia.singh330@example.com,Female,62,2020-10-08,Patna,Bihar,India,Bronze
CUST2038,Arjun Kapoor,arjun.kapoor726@example.com,Male,38,2019-03-06,Vadodara,Gujarat,India,Bronze
CUST2039,Karthik Trivedi,karthik.trivedi841@example.com,Other,47,2021-01-07,Vijayawada,Andhra Pradesh,India,Silver
CUST2040,Aditi Saxena,aditi.saxena449@example.com,Female,45,2018-09-22,Hyderabad,Telangana,India,Bronze
CUST2041,Aditi Trivedi,aditi.trivedi666@example.com,Male,40,2023-05-07,Kolkata,West Bengal,India,Bronze
CUST2042,Karthik Reddy,karthik.reddy978@example.com,Female,54,2020-10-29,Bengaluru,Karnataka,India,Silver
CUST2043,Kabir Chopra,kabir.chopra722@example.com,Female,26,2022-06-12,Pune,Maharashtra,India,Silver
CUST2044,Riya Trivedi,riya.trivedi714@example.com,Female,39,2020-08-10,Vijayawada,Andhra Pradesh,India,Silver
CUST2045,Rohan Chopra,rohan.chopra148@example.com,Female,61,2024-07-31,Surat,Gujarat,India,Gold
CUST2046,Aria Kumar,aria.kumar730@example.com,Female,55,2019-05-06,Delhi,Delhi,India,Silver
CUST2047,Rohan Chopra,rohan.chopra748@example.com,Male,30,2020-10-16,Vadodara,Gujarat,India,Silver
CUST2048,Ananya Gupta,ananya.gupta31@example.com,Female,49,2019-05-05,Surat,Gujarat,India,Bronze
CUST2049,Priya Nath,priya.nath718@example.com,Female,42,2022-07-28,Coimbatore,Tamil Nadu,India,Silver
CUST2050,Sai Mehta,sai.mehta188@example.com,Male,40,2019-12-28,Nagpur,Maharashtra,India,Gold
CUST2051,Kabir Reddy,kabir.reddy189@example.com,Male,30,2020-07-17,Visakhapatnam,Andhra Pradesh,India,Platinum
CUST2052,Liam Reddy,liam.reddy348@example.com,Male,24,2023-11-16,Lucknow,Uttar Pradesh,India,Bronze
CUST2053,Aria Kumar,aria.kumar571@example.com,Male,41,2019-01-27,Hyderabad,Telangana,India,Bronze
CUST2054,Rohan Sharma,rohan.sharma5@example.com,Male,37,2018-04-24,Vijayawada,Andhra Pradesh,India,Bronze
CUST2055,Isabella Reddy,isabella.reddy979@example.com,Male,58,2024-12-18,Thiruvananthapuram,Kerala,India,Bronze
CUST2056,Saanvi Verma,saanvi.verma100@example.com,Female,27,2024-09-22,Visakhapatnam,Andhra Pradesh,India,Bronze
CUST2057,Chloe Bose,chloe.bose724@example.com,Female,67,2019-12-29,Bhopal,Madhya Pradesh,India,Bronze
CUST2058,Ethan Bose,ethan.bose32@example.com,Female,52,2019-05-08,Ahmedabad,Gujarat,India,Gold
CUST2059,Arjun Verma,arjun.verma700@example.com,Male,51,2019-11-17,Chennai,Tamil Nadu,India,Bronze
CUST2060,Aria Singh,aria.singh628@example.com,Female,47,2025-05-21,Patna,Bihar,India,Silver
CUST2061,Lucas Bose,lucas.bose967@example.com,Male,53,2018-09-26,Surat,Gujarat,India,Bronze
CUST2062,Sai Iyer,sai.iyer984@example.com,Female,30,2022-07-14,Mumbai,Maharashtra,India,Bronze
CUST2063,Amelia Khan,amelia.khan831@example.com,Female,60,2024-08-18,Chennai,Tamil Nadu,India,Silver
CUST2064,Aditya Mehta,aditya.mehta934@example.com,Female,54,2023-12-19,Bhopal,Madhya Pradesh,India,Bronze
CUST2065,Maya Nair,maya.nair290@example.com,Male,46,2020-03-22,Ahmedabad,Gujarat,India,Gold
CUST2066,Neha Joshi,neha.joshi446@example.com,Male,49,2018-04-08,Thiruvananthapuram,Kerala,India,Bronze
CUST2067,Maya Khan,maya.khan625@example.com,Male,49,2021-03-22,Mumbai,Maharashtra,India,Bronze
CUST2068,Vivaan Nair,vivaan.nair970@example.com,Male,55,2024-05-28,Patna,Bihar,India,Bronze
CUST2069,Rahul Kumar,rahul.kumar548@example.com,Male,37,2022-04-26,Pune,Maharashtra,India,Bronze
CUST2070,Maya Kumar,maya.kumar844@example.com,Female,45,2023-09-14,Bhopal,Madhya Pradesh,India,Silver
CUST2071,Rohan Verma,rohan.verma698@example.com,Female,31,2019-02-09,Indore,Madhya Pradesh,India,Gold
CUST2072,Chloe Iyer,chloe.iyer730@example.com,Male,63,2020-04-13,Thiruvananthapuram,Kerala,India,Bronze
CUST2073,Liam Saxena,liam.saxena16@example.com,Male,42,2020-04-23,Chennai,Tamil Nadu,India,Gold
CUST2074,Aarav Iyer,aarav.iyer676@example.com,Female,39,2019-12-27,Coimbatore,Tamil Nadu,India,Silver
CUST2075,Karthik Joshi,karthik.joshi46@example.com,Male,56,2020-10-05,Vadodara,Gujarat,India,Silver
CUST2076,Chloe Chopra,chloe.chopra697@example.com,Female,58,2021-06-22,Pune,Maharashtra,India,Gold
CUST2077,Liam Das,liam.das420@example.com,Female,44,2022-08-22,Coimbatore,Tamil Nadu,India,Bronze
CUST2078,Chloe Nair,chloe.nair837@example.com,Female,34,2024-09-24,Bengaluru,Karnataka,India,Silver
CUST2079,Priya Kumar,priya.kumar713@example.com,Female,26,2025-06-08,Jaipur,Rajasthan,India,Bronze
CUST2080,Arjun Patel,arjun.patel163@example.com,Female,49,2018-09-30,Hyderabad,Telangana,India,Bronze
CUST2081,Ananya Das,ananya.das979@example.com,Female,62,2022-06-20,Ahmedabad,Gujarat,India,Bronze
CUST2082,Riya Nath,riya.nath268@example.com,Male,25,2022-06-06,Pune,Maharashtra,India,Platinum
CUST2083,Maya Khan,maya.khan206@example.com,Male,20,2023-04-05,Thiruvananthapuram,Kerala,India,Bronze
CUST2084,Diya Kumar,diya.kumar854@example.com,Male,23,2025-10-12,Delhi,Delhi,India,Bronze
CUST2085,Aria Verma,aria.verma449@example.com,Female,46,2024-09-11,Mumbai,Maharashtra,India,Silver
CUST2086,Rohan Nair,rohan.nair787@example.com,Male,38,2018-06-29,Vijayawada,Andhra Pradesh,India,Bronze
CUST2087,Sai Mehta,sai.mehta881@example.com,Female,29,2021-12-05,Indore,Madhya Pradesh,India,Bronze
CUST2088,Liam Kumar,liam.kumar401@example.com,Male,36,2023-09-02,Delhi,Delhi,India,Bronze
CUST2089,Liam Nair,liam.nair344@example.com,Female,46,2018-04-14,Indore,Madhya Pradesh,India,Bronze
CUST2090,Diya Saxena,diya.saxena542@example.com,Male,28,2019-08-11,Patna,Bihar,India,Platinum
CUST2091,Vivaan Patel,vivaan.patel702@example.com,Male,51,2023-12-29,Bengaluru,Karnataka,India,Silver
CUST2092,Ananya Mehta,ananya.mehta380@example.com,Male,24,2025-09-03,Jaipur,Rajasthan,India,Bronze
CUST2093,Aarav Nath,aarav.nath60@example.com,Female,67,2024-05-11,Chennai,Tamil Nadu,India,Gold
CUST2094,Mia Kumar,mia.kumar578@example.com,Female,19,2025-04-11,Thiruvananthapuram,Kerala,India,Gold
CUST2095,Liam Joshi,liam.joshi290@example.com,Female,42,2023-01-16,Jaipur,Rajasthan,India,Silver
CUST2096,Aria Das,aria.das354@example.com,Other,58,2023-02-07,Thiruvananthapuram,Kerala,India,Gold
CUST2097,Sai Bose,sai.bose550@example.com,Female,32,2019-08-15,Ahmedabad,Gujarat,India,Silver
CUST2098,Ananya Joshi,ananya.joshi264@example.com,Female,41,2018-03-27,Nagpur,Maharashtra,India,Silver
CUST2099,Sai Kumar,sai.kumar471@example.com,Male,52,2020-07-18,Coimbatore,Tamil Nadu,India,Bronze
CUST2100,Liam Verma,liam.verma214@example.com,Female,44,2022-09-08,Indore,Madhya Pradesh,India,Silver
CUST2101,Aditi Joshi,aditi.joshi475@example.com,Male,38,2025-06-18,Coimbatore,Tamil Nadu,India,Bronze
CUST2102,Rohan Nair,rohan.nair252@example.com,Male,30,2024-05-17,Pune,Maharashtra,India,Gold
CUST2103,Emma Saxena,emma.saxena373@example.com,Female,53,2022-07-31,Visakhapatnam,Andhra Pradesh,India,Silver
CUST2104,Saanvi Joshi,saanvi.joshi145@example.com,Male,52,2025-04-25,Indore,Madhya Pradesh,India,Bronze
CUST2105,Ethan Saxena,ethan.saxena423@example.com,Male,31,2021-10-15,Patna,Bihar,India,Gold
CUST2106,Noah Joshi,noah.joshi960@example.com,Female,29,2022-12-20,Bengaluru,Karnataka,India,Silver
CUST2107,Priya Nath,priya.nath684@example.com,Male,65,2025-08-19,Vijayawada,Andhra Pradesh,India,Silver
CUST2108,Liam Joshi,liam.joshi589@example.com,Female,30,2019-09-10,Nagpur,Maharashtra,India,Bronze
CUST2109,Diya Singh,diya.singh781@example.com,Female,38,2024-11-05,Vadodara,Gujarat,India,Bronze
CUST2110,Liam Kumar,liam.kumar693@example.com,Male,22,2018-12-18,Bengaluru,Karnataka,India,Bronze
CUST2111,Isabella Kumar,isabella.kumar340@example.com,Female,38,2022-01-01,Pune,Maharashtra,India,Silver
CUST2112,Saanvi Dasgupta,saanvi.dasgupta861@example.com,Male,57,2021-07-16,Vijayawada,Andhra Pradesh,India,Gold
CUST2113,Aditi Khan,aditi.khan347@example.com,Female,36,2021-05-27,Chennai,Tamil Nadu,India,Silver
CUST2114,Ananya Singh,ananya.singh168@example.com,Male,52,2024-12-07,Nagpur,Maharashtra,India,Bronze
CUST2115,Maya Khan,maya.khan717@example.com,Other,62,2020-10-18,Chennai,Tamil Nadu,India,Silver
CUST2116,Sai Bose,sai.bose100@example.com,Female,26,2022-04-10,Thiruvananthapuram,Kerala,India,Bronze
CUST2117,Ananya Sharma,ananya.sharma601@example.com,Female,70,2022-01-24,Indore,Madhya Pradesh,India,Bronze
CUST2118,Ananya Bose,ananya.bose916@example.com,Male,49,2025-07-14,Vijayawada,Andhra Pradesh,India,Bronze
CUST2119,Rahul Reddy,rahul.reddy908@example.com,Male,29,2019-07-07,Vadodara,Gujarat,India,Bronze
CUST2120,Priya Singh,priya.singh114@example.com,Other,68,2025-07-02,Pune,Maharashtra,India,Platinum
CUST2121,Rahul Dasgupta,rahul.dasgupta729@example.com,Female,68,2018-12-07,Visakhapatnam,Andhra Pradesh,India,Silver
CUST2122,Lucas Khan,lucas.khan17@example.com,Female,55,2022-09-08,Hyderabad,Telangana,India,Bronze
CUST2123,Isha Nair,isha.nair526@example.com,Male,51,2018-04-07,Thiruvananthapuram,Kerala,India,Bronze
CUST2124,Ananya Kumar,ananya.kumar665@example.com,Male,37,2020-12-13,Indore,Madhya Pradesh,India,Platinum
CUST2125,Rahul Kumar,rahul.kumar280@example.com,Female,66,2025-05-13,Indore,Madhya Pradesh,India,Silver
CUST2126,Rahul Trivedi,rahul.trivedi33@example.com,Male,57,2018-02-13,Vijayawada,Andhra Pradesh,India,Bronze
CUST2127,Priya Nair,priya.nair927@example.com,Male,42,2018-05-28,Lucknow,Uttar Pradesh,India,Silver
CUST2128,Rahul Verma,rahul.verma823@example.com,Female,68,2022-10-05,Nagpur,Maharashtra,India,Silver
CUST2129,Sai Verma,sai.verma737@example.com,Male,30,2023-06-26,Ahmedabad,Gujarat,India,Bronze
CUST2130,Amelia Bose,amelia.bose941@example.com,Female,69,2025-06-21,Surat,Gujarat,India,Gold
CUST2131,Chloe Patel,chloe.patel24@example.com,Female,69,2019-03-15,Jaipur,Rajasthan,India,Bronze
CUST2132,Karthik Reddy,karthik.reddy158@example.com,Female,33,2018-12-24,Delhi,Delhi,India,Bronze
CUST2133,Aarav Mehta,aarav.mehta892@example.com,Female,22,2019-10-02,Vijayawada,Andhra Pradesh,India,Silver
CUST2134,Isabella Bose,isabella.bose647@example.com,Female,68,2025-06-16,Chennai,Tamil Nadu,India,Silver
CUST2135,Vivaan Singh,vivaan.singh205@example.com,Female,23,2020-01-31,Delhi,Delhi,India,Silver
CUST2136,Aditya Sharma,aditya.sharma444@example.com,Female,32,2020-05-11,Mumbai,Maharashtra,India,Silver
CUST2137,Priya Mehta,priya.mehta641@example.com,Female,48,2020-03-19,Thiruvananthapuram,Kerala,India,Silver
CUST2138,Ananya Khan,ananya.khan295@example.com,Female,55,2018-09-08,Indore,Madhya Pradesh,India,Bronze
CUST2139,Aarav Reddy,aarav.reddy181@example.com,Other,34,2019-08-13,Patna,Bihar,India,Bronze
CUST2140,Saanvi Patel,saanvi.patel720@example.com,Female,30,2020-02-06,Surat,Gujarat,India,Silver
CUST2141,Diya Gupta,diya.gupta405@example.com,Female,55,2021-04-30,Vadodara,Gujarat,India,Bronze
CUST2142,Liam Dasgupta,liam.dasgupta224@example.com,Male,70,2021-11-13,Jaipur,Rajasthan,India,Bronze
CUST2143,Liam Das,liam.das289@example.com,Female,22,2018-09-10,Delhi,Delhi,India,Bronze
CUST2144,Chloe Kumar,chloe.kumar635@example.com,Female,45,2018-11-24,Indore,Madhya Pradesh,India,Bronze
CUST2145,Emma Reddy,emma.reddy327@example.com,Female,41,2025-10-30,Vadodara,Gujarat,India,Silver
CUST2146,Aditya Nath,aditya.nath269@example.com,Female,38,2023-01-21,Visakhapatnam,Andhra Pradesh,India,Silver
CUST2147,Kabir Verma,kabir.verma512@example.com,Male,49,2021-07-07,Patna,Bihar,India,Platinum
CUST2148,Saanvi Iyer,saanvi.iyer602@example.com,Male,62,2021-12-16,Nagpur,Maharashtra,India,Bronze
CUST2149,Aditi Mehta,aditi.mehta946@example.com,Female,43,2023-03-15,Indore,Madhya Pradesh,India,Bronze
CUST2150,Sai Joshi,sai.joshi430@example.com,Female,26,2021-07-21,Coimbatore,Tamil Nadu,India,Platinum
CUST2151,Liam Singh,liam.singh410@example.com,Male,45,2025-06-03,Hyderabad,Telangana,India,Bronze
CUST2152,Ananya Nair,ananya.nair98@example.com,Male,48,2019-09-06,Lucknow,Uttar Pradesh,India,Bronze
CUST2153,Aarav Khan,aarav.khan402@example.com,Male,53,2021-02-11,Jaipur,Rajasthan,India,Bronze
CUST2154,Aria Khan,aria.khan444@example.com,Male,28,2023-06-20,Mumbai,Maharashtra,India,Bronze
CUST2155,Arjun Reddy,arjun.reddy976@example.com,Male,48,2024-10-25,Ahmedabad,Gujarat,India,Bronze
CUST2156,Rohan Khan,rohan.khan823@example.com,Male,49,2018-02-23,Ahmedabad,Gujarat,India,Silver
CUST2157,Rahul Dasgupta,rahul.dasgupta701@example.com,Female,57,2019-05-15,Vadodara,Gujarat,India,Bronze
CUST2158,Riya Mehta,riya.mehta743@example.com,Male,62,2019-06-09,Visakhapatnam,Andhra Pradesh,India,Bronze
CUST2159,Kabir Reddy,kabir.reddy19@example.com,Male,44,2020-10-05,Pune,Maharashtra,India,Gold
CUST2160,Olivia Iyer,olivia.iyer932@example.com,Female,38,2025-02-09,Thiruvananthapuram,Kerala,India,Silver
CUST2161,Maya Mehta,maya.mehta592@example.com,Female,62,2020-03-07,Kolkata,West Bengal,India,Platinum
CUST2162,Lucas Nath,lucas.nath995@example.com,Female,63,2024-08-25,Vadodara,Gujarat,India,Bronze
CUST2163,Ethan Iyer,ethan.iyer501@example.com,Female,19,2021-07-07,Bhopal,Madhya Pradesh,India,Gold
CUST2164,Priya Singh,priya.singh639@example.com,Male,51,2023-07-04,Indore,Madhya Pradesh,India,Silver
CUST2165,Chloe Das,chloe.das69@example.com,Male,67,2020-03-02,Lucknow,Uttar Pradesh,India,Silver
CUST2166,Karthik Kumar,karthik.kumar486@example.com,Male,58,2018-01-13,Surat,Gujarat,India,Bronze
CUST2167,Aria Khan,aria.khan576@example.com,Male,35,2021-08-03,Thiruvananthapuram,Kerala,India,Platinum
CUST2168,Aria Trivedi,aria.trivedi205@example.com,Female,59,2020-02-10,Vadodara,Gujarat,India,Silver
CUST2169,Riya Kumar,riya.kumar754@example.com,Female,51,2023-08-27,Ahmedabad,Gujarat,India,Bronze
CUST2170,Priya Chopra,priya.chopra718@example.com,Female,18,2021-05-06,Lucknow,Uttar Pradesh,India,Bronze
CUST2171,Riya Sharma,riya.sharma30@example.com,Female,66,2022-09-23,Delhi,Delhi,India,Bronze
CUST2172,Mia Singh,mia.singh458@example.com,Female,53,2019-10-05,Vadodara,Gujarat,India,Bronze
CUST2173,Rahul Patel,rahul.patel960@example.com,Male,35,2020-03-21,Vadodara,Gujarat,India,Bronze
CUST2174,Ananya Nath,ananya.nath132@example.com,Male,19,2019-05-23,Mumbai,Maharashtra,India,Gold
CUST2175,Maya Khan,maya.khan378@example.com,Male,64,2022-03-17,Patna,Bihar,India,Bronze
CUST2176,Neha Mehta,neha.mehta406@example.com,Male,57,2018-05-22,Ahmedabad,Gujarat,India,Bronze
CUST2177,Mia Nath,mia.nath41@example.com,Female,21,2019-06-25,Thiruvananthapuram,Kerala,India,Bronze
CUST2178,Aditya Singh,aditya.singh156@example.com,Male,28,2020-08-20,Delhi,Delhi,India,Silver
CUST2179,Karthik Mehta,karthik.mehta84@example.com,Male,66,2018-10-12,Thiruvananthapuram,Kerala,India,Bronze
CUST2180,Vivaan Kapoor,vivaan.kapoor427@example.com,Female,43,2025-10-16,Kolkata,West Bengal,India,Bronze
CUST2181,Aditya Nair,aditya.nair460@example.com,Male,66,2020-12-04,Jaipur,Rajasthan,India,Bronze
CUST2182,Liam Trivedi,liam.trivedi25@example.com,Male,62,2020-07-12,Thiruvananthapuram,Kerala,India,Bronze
CUST2183,Diya Iyer,diya.iyer973@example.com,Male,26,2023-08-13,Surat,Gujarat,India,Bronze
CUST2184,Mia Joshi,mia.joshi20@example.com,Female,36,2023-07-10,Bengaluru,Karnataka,India,Silver
CUST2185,Olivia Chopra,olivia.chopra564@example.com,Male,30,2024-08-12,Mumbai,Maharashtra,India,Bronze
CUST2186,Sophia Khan,sophia.khan8@example.com,Male,23,2024-07-10,Visakhapatnam,Andhra Pradesh,India,Bronze
CUST2187,Ethan Gupta,ethan.gupta407@example.com,Male,52,2018-01-31,Vadodara,Gujarat,India,Bronze
CUST2188,Maya Verma,maya.verma524@example.com,Male,30,2024-10-24,Lucknow,Uttar Pradesh,India,Bronze
CUST2189,Rahul Das,rahul.das403@example.com,Male,36,2023-01-24,Bengaluru,Karnataka,India,Bronze
CUST2190,Liam Kapoor,liam.kapoor789@example.com,Male,29,2019-04-07,Mumbai,Maharashtra,India,Bronze
CUST2191,Arjun Nair,arjun.nair205@example.com,Female,65,2021-05-08,Pune,Maharashtra,India,Gold
CUST2192,Ethan Dasgupta,ethan.dasgupta370@example.com,Male,59,2025-01-08,Jaipur,Rajasthan,India,Bronze
CUST2193,Chloe Das,chloe.das223@example.com,Female,37,2018-02-20,Pune,Maharashtra,India,Silver
CUST2194,Isabella Mehta,isabella.mehta212@example.com,Female,64,2022-05-11,Surat,Gujarat,India,Bronze
CUST2195,Priya Saxena,priya.saxena772@example.com,Male,49,2023-05-21,Patna,Bihar,India,Bronze
CUST2196,Lucas Iyer,lucas.iyer80@example.com,Female,18,2018-05-08,Vadodara,Gujarat,India,Bronze
CUST2197,Aarav Das,aarav.das953@example.com,Male,46,2022-04-12,Vijayawada,Andhra Pradesh,India,Platinum
CUST2198,Arjun Kumar,arjun.kumar377@example.com,Male,30,2022-09-30,Visakhapatnam,Andhra Pradesh,India,Bronze
CUST2199,Neha Sharma,neha.sharma305@example.com,Female,25,2021-05-22,Kolkata,West Bengal,India,Bronze
CUST2200,Amelia Nair,amelia.nair124@example.com,Female,65,2025-08-24,Bengaluru,Karnataka,India,Gold
CUST2201,Amelia Khan,amelia.khan179@example.com,Male,23,2020-08-19,Indore,Madhya Pradesh,India,Gold
CUST2202,Sophia Trivedi,sophia.trivedi280@example.com,Male,62,2024-04-25,Thiruvananthapuram,Kerala,India,Bronze
CUST2203,Olivia Singh,olivia.singh221@example.com,Male,61,2022-03-26,Bengaluru,Karnataka,India,Bronze
CUST2204,Neha Bose,neha.bose423@example.com,Male,18,2024-06-20,Mumbai,Maharashtra,India,Silver
CUST2205,Mia Das,mia.das727@example.com,Male,48,2020-04-10,Lucknow,Uttar Pradesh,India,Bronze
CUST2206,Isha Nair,isha.nair241@example.com,Female,69,2018-01-08,Mumbai,Maharashtra,India,Gold
CUST2207,Ethan Chopra,ethan.chopra573@example.com,Female,49,2020-08-06,Mumbai,Maharashtra,India,Bronze
CUST2208,Aditya Saxena,aditya.saxena377@example.com,Male,48,2024-02-09,Hyderabad,Telangana,India,Bronze
CUST2209,Chloe Verma,chloe.verma744@example.com,Female,27,2021-08-06,Visakhapatnam,Andhra Pradesh,India,Bronze
CUST2210,Sophia Joshi,sophia.joshi382@example.com,Male,40,2021-04-12,Kolkata,West Bengal,India,Silver
CUST2211,Mia Khan,mia.khan692@example.com,Female,41,2022-11-04,Delhi,Delhi,India,Silver
CUST2212,Chloe Singh,chloe.singh341@example.com,Female,59,2023-03-27,Indore,Madhya Pradesh,India,Silver
CUST2213,Isabella Gupta,isabella.gupta912@example.com,Male,50,2025-01-04,Kolkata,West Bengal,India,Bronze
CUST2214,Maya Gupta,maya.gupta872@example.com,Female,26,2020-04-23,Coimbatore,Tamil Nadu,India,Bronze
CUST2215,Neha Patel,neha.patel514@example.com,Female,51,2019-03-02,Vijayawada,Andhra Pradesh,India,Bronze
CUST2216,Amelia Trivedi,amelia.trivedi681@example.com,Female,65,2020-07-17,Surat,Gujarat,India,Bronze
CUST2217,Rahul Verma,rahul.verma562@example.com,Female,51,2025-05-14,Coimbatore,Tamil Nadu,India,Bronze
CUST2218,Karthik Chopra,karthik.chopra705@example.com,Female,24,2020-07-13,Indore,Madhya Pradesh,India,Bronze
CUST2219,Olivia Nair,olivia.nair734@example.com,Male,68,2023-08-29,Chennai,Tamil Nadu,India,Bronze
CUST2220,Amelia Reddy,amelia.reddy712@example.com,Female,33,2022-07-22,Ahmedabad,Gujarat,India,Silver
CUST2221,Maya Patel,maya.patel975@example.com,Female,19,2018-03-08,Bengaluru,Karnataka,India,Bronze
CUST2222,Saanvi Gupta,saanvi.gupta848@example.com,Female,22,2018-10-02,Lucknow,Uttar Pradesh,India,Bronze
CUST2223,Arjun Chopra,arjun.chopra968@example.com,Male,43,2018-02-13,Vadodara,Gujarat,India,Bronze
CUST2224,Priya Verma,priya.verma214@example.com,Male,57,2024-08-12,Thiruvananthapuram,Kerala,India,Silver
CUST2225,Sophia Kumar,sophia.kumar696@example.com,Female,20,2023-08-10,Surat,Gujarat,India,Bronze
CUST2226,Isha Khan,isha.khan882@example.com,Female,66,2024-01-17,Chennai,Tamil Nadu,India,Bronze
CUST2227,Sophia Saxena,sophia.saxena902@example.com,Male,61,2023-07-02,Bengaluru,Karnataka,India,Bronze
CUST2228,Kabir Reddy,kabir.reddy487@example.com,Male,23,2018-12-06,Jaipur,Rajasthan,India,Silver
CUST2229,Olivia Patel,olivia.patel466@example.com,Male,39,2020-09-15,Vadodara,Gujarat,India,Platinum
CUST2230,Vivaan Mehta,vivaan.mehta318@example.com,Female,63,2023-01-23,Pune,Maharashtra,India,Silver
CUST2231,Arjun Sharma,arjun.sharma701@example.com,Male,61,2018-04-26,Bhopal,Madhya Pradesh,India,Bronze
CUST2232,Rohan Gupta,rohan.gupta475@example.com,Male,54,2022-05-09,Patna,Bihar,India,Silver
CUST2233,Vivaan Das,vivaan.das600@example.com,Male,51,2023-07-05,Hyderabad,Telangana,India,Gold
CUST2234,Riya Gupta,riya.gupta41@example.com,Male,39,2022-10-14,Chennai,Tamil Nadu,India,Silver
CUST2235,Ethan Reddy,ethan.reddy204@example.com,Female,33,2018-01-24,Coimbatore,Tamil Nadu,India,Silver
CUST2236,Lucas Gupta,lucas.gupta792@example.com,Male,37,2020-01-19,Jaipur,Rajasthan,India,Bronze
CUST2237,Noah Nath,noah.nath866@example.com,Female,63,2022-12-27,Chennai,Tamil Nadu,India,Bronze
CUST2238,Sai Singh,sai.singh759@example.com,Other,56,2024-04-24,Bengaluru,Karnataka,India,Bronze
CUST2239,Karthik Chopra,karthik.chopra22@example.com,Female,62,2022-02-17,Patna,Bihar,India,Bronze
CUST2240,Kabir Kumar,kabir.kumar286@example.com,Male,62,2022-09-26,Delhi,Delhi,India,Bronze
CUST2241,Isha Verma,isha.verma487@example.com,Male,33,2019-07-18,Chennai,Tamil Nadu,India,Bronze
CUST2242,Aditya Nath,aditya.nath192@example.com,Female,46,2025-05-26,Patna,Bihar,India,Bronze
CUST2243,Isha Khan,isha.khan69@example.com,Other,60,2020-01-30,Vijayawada,Andhra Pradesh,India,Bronze
CUST2244,Maya Kumar,maya.kumar238@example.com,Male,37,2019-06-30,Coimbatore,Tamil Nadu,India,Bronze
CUST2245,Vivaan Kapoor,vivaan.kapoor808@example.com,Male,51,2025-06-20,Lucknow,Uttar Pradesh,India,Bronze
CUST2246,Aarav Dasgupta,aarav.dasgupta902@example.com,Female,38,2020-09-25,Thiruvananthapuram,Kerala,India,Silver
CUST2247,Saanvi Khan,saanvi.khan490@example.com,Male,24,2019-12-08,Coimbatore,Tamil Nadu,India,Bronze
CUST2248,Liam Trivedi,liam.trivedi880@example.com,Female,27,2025-06-25,Kolkata,West Bengal,India,Gold
CUST2249,Sai Reddy,sai.reddy490@example.com,Female,22,2024-05-07,Hyderabad,Telangana,India,Bronze
CUST2250,Mia Chopra,mia.chopra860@example.com,Female,32,2020-12-11,Nagpur,Maharashtra,India,Bronze
CUST2251,Neha Kumar,neha.kumar6250@example.com,Female,19,2020-02-28,Visakhapatnam,Andhra Pradesh,India,Bronze
CUST2252,Aria Iyer,aria.iyer767@example.com,Female,48,2024-11-23,Bhopal,Madhya Pradesh,India,Gold
CUST2253,Liam Gupta,liam.gupta248@example.com,Female,36,2023-07-30,Delhi,Delhi,India,Bronze
CUST2254,Aarav Chopra,aarav.chopra68@example.com,Female,63,2019-08-20,Mumbai,Maharashtra,India,Bronze
CUST2255,Priya Das,priya.das476@example.com,Female,39,2021-05-28,Patna,Bihar,India,Silver
CUST2256,Amelia Dasgupta,amelia.dasgupta876@example.com,Female,50,2023-06-21,Coimbatore,Tamil Nadu,India,Silver
CUST2257,Ethan Nath,ethan.nath712@example.com,Female,61,2024-10-14,Vadodara,Gujarat,India,Silver
CUST2258,Sophia Singh,sophia.singh481@example.com,Male,62,2023-06-29,Surat,Gujarat,India,Bronze
CUST2259,Aria Reddy,aria.reddy258@example.com,Female,35,2021-03-29,Vadodara,Gujarat,India,Bronze
CUST2260,Rahul Mehta,rahul.mehta929@example.com,Male,30,2021-11-28,Ahmedabad,Gujarat,India,Bronze
CUST2261,Rahul Kapoor,rahul.kapoor693@example.com,Male,34,2024-09-14,Nagpur,Maharashtra,India,Silver
CUST2262,Saanvi Saxena,saanvi.saxena912@example.com,Female,69,2025-09-20,Ahmedabad,Gujarat,India,Bronze
CUST2263,Noah Verma,noah.verma730@example.com,Female,38,2020-04-17,Indore,Madhya Pradesh,India,Bronze
CUST2264,Ananya Patel,ananya.patel742@example.com,Female,36,2025-02-28,Jaipur,Rajasthan,India,Bronze
CUST2265,Lucas Mehta,lucas.mehta188@example.com,Female,69,2023-07-29,Visakhapatnam,Andhra Pradesh,India,Bronze
CUST2266,Kabir Das,kabir.das955@example.com,Female,52,2021-10-30,Kolkata,West Bengal,India,Bronze
CUST2267,Aditya Das,aditya.das128@example.com,Other,70,2024-03-05,Coimbatore,Tamil Nadu,India,Bronze
CUST2268,Saanvi Das,saanvi.das951@example.com,Female,53,2024-07-18,Lucknow,Uttar Pradesh,India,Bronze
CUST2269,Neha Nair,neha.nair273@example.com,Male,45,2025-01-16,Thiruvananthapuram,Kerala,India,Bronze
CUST2270,Kabir Chopra,kabir.chopra397@example.com,Male,26,2020-01-12,Chennai,Tamil Nadu,India,Bronze
CUST2271,Lucas Kumar,lucas.kumar43@example.com,Female,35,2019-03-17,Patna,Bihar,India,Bronze
CUST2272,Sai Patel,sai.patel948@example.com,Female,45,2020-04-19,Mumbai,Maharashtra,India,Gold
CUST2273,Sophia Kumar,sophia.kumar11@example.com,Male,57,2021-02-09,Ahmedabad,Gujarat,India,Bronze
CUST2274,Diya Iyer,diya.iyer634@example.com,Female,66,2020-12-28,Patna,Bihar,India,Bronze
CUST2275,Diya Singh,diya.singh24@example.com,Female,38,2020-06-19,Hyderabad,Telangana,India,Silver
CUST2276,Ethan Joshi,ethan.joshi209@example.com,Female,19,2019-10-19,Delhi,Delhi,India,Bronze
CUST2277,Aria Das,aria.das829@example.com,Female,24,2020-10-05,Nagpur,Maharashtra,India,Bronze
CUST2278,Aditi Saxena,aditi.saxena170@example.com,Female,32,2021-02-18,Chennai,Tamil Nadu,India,Bronze
CUST2279,Noah Dasgupta,noah.dasgupta446@example.com,Female,56,2022-05-03,Indore,Madhya Pradesh,India,Bronze
CUST2280,Arjun Reddy,arjun.reddy419@example.com,Female,46,2019-09-08,Coimbatore,Tamil Nadu,India,Gold
CUST2281,Mia Joshi,mia.joshi24@example.com,Female,35,2020-04-20,Thiruvananthapuram,Kerala,India,Bronze
CUST2282,Chloe Kapoor,chloe.kapoor351@example.com,Male,49,2023-09-10,Vadodara,Gujarat,India,Bronze
CUST2283,Aditi Saxena,aditi.saxena211@example.com,Male,63,2018-11-13,Vadodara,Gujarat,India,Silver
CUST2284,Noah Joshi,noah.joshi173@example.com,Female,31,2020-06-11,Surat,Gujarat,India,Bronze
CUST2285,Isha Iyer,isha.iyer733@example.com,Male,32,2022-04-04,Vadodara,Gujarat,India,Gold
CUST2286,Aarav Nath,aarav.nath250@example.com,Female,22,2023-01-27,Bengaluru,Karnataka,India,Bronze
CUST2287,Karthik Verma,karthik.verma391@example.com,Male,45,2022-12-30,Nagpur,Maharashtra,India,Bronze
CUST2288,Isha Verma,isha.verma235@example.com,Male,34,2023-05-15,Hyderabad,Telangana,India,Bronze
CUST2289,Isabella Nath,isabella.nath661@example.com,Female,51,2020-03-12,Mumbai,Maharashtra,India,Platinum
CUST2290,Karthik Kumar,karthik.kumar779@example.com,Male,63,2019-10-13,Delhi,Delhi,India,Silver
CUST2291,Maya Kumar,maya.kumar257@example.com,Male,34,2023-01-30,Kolkata,West Bengal,India,Bronze
CUST2292,Isabella Chopra,isabella.chopra286@example.com,Female,29,2020-07-27,Nagpur,Maharashtra,India,Bronze
CUST2293,Rohan Reddy,rohan.reddy238@example.com,Female,57,2018-08-02,Vijayawada,Andhra Pradesh,India,Silver
CUST2294,Lucas Gupta,lucas.gupta296@example.com,Female,45,2019-11-19,Jaipur,Rajasthan,India,Bronze
CUST2295,Saanvi Saxena,saanvi.saxena730@example.com,Male,67,2019-02-20,Lucknow,Uttar Pradesh,India,Silver
CUST2296,Ananya Trivedi,ananya.trivedi128@example.com,Female,53,2022-02-20,Hyderabad,Telangana,India,Bronze
CUST2297,Amelia Gupta,amelia.gupta252@example.com,Female,38,2019-12-05,Lucknow,Uttar Pradesh,India,Bronze
CUST2298,Aarav Kapoor,aarav.kapoor517@example.com,Female,43,2019-07-07,Hyderabad,Telangana,India,Bronze
CUST2299,Sai Singh,sai.singh248@example.com,Female,41,2024-06-08,Lucknow,Uttar Pradesh,India,Bronze
CUST2300,Aditi Gupta,aditi.gupta728@example.com,Male,33,2019-10-26,Vadodara,Gujarat,India,Silver
CUST2301,Aditya Joshi,aditya.joshi140@example.com,Male,47,2023-12-07,Thiruvananthapuram,Kerala,India,Silver
CUST2302,Priya Trivedi,priya.trivedi555@example.com,Female,51,2023-03-27,Bhopal,Madhya Pradesh,India,Bronze
CUST2303,Aria Nath,aria.nath736@example.com,Female,43,2020-10-26,Bhopal,Madhya Pradesh,India,Gold
CUST2304,Ananya Kapoor,ananya.kapoor879@example.com,Female,69,2018-05-30,Pune,Maharashtra,India,Bronze
CUST2305,Karthik Dasgupta,karthik.dasgupta119@example.com,Female,44,2022-04-17,Coimbatore,Tamil Nadu,India,Bronze
CUST2306,Aarav Mehta,aarav.mehta499@example.com,Male,19,2020-06-01,Nagpur,Maharashtra,India,Silver
CUST2307,Mia Singh,mia.singh461@example.com,Female,68,2019-07-27,Ahmedabad,Gujarat,India,Bronze
CUST2308,Sai Sharma,sai.sharma923@example.com,Male,46,2020-11-01,Thiruvananthapuram,Kerala,India,Bronze
CUST2309,Olivia Bose,olivia.bose381@example.com,Female,47,2019-06-19,Nagpur,Maharashtra,India,Platinum
CUST2310,Diya Singh,diya.singh919@example.com,Female,24,2021-04-25,Visakhapatnam,Andhra Pradesh,India,Bronze
CUST2311,Aditi Joshi,aditi.joshi909@example.com,Female,45,2018-11-16,Vadodara,Gujarat,India,Bronze
CUST2312,Ethan Kapoor,ethan.kapoor565@example.com,Male,48,2018-10-05,Visakhapatnam,Andhra Pradesh,India,Bronze
CUST2313,Riya Kapoor,riya.kapoor170@example.com,Male,24,2019-08-21,Patna,Bihar,India,Bronze
CUST2314,Aarav Kapoor,aarav.kapoor224@example.com,Female,41,2018-04-09,Indore,Madhya Pradesh,India,Bronze
CUST2315,Lucas Saxena,lucas.saxena472@example.com,Male,38,2021-03-13,Visakhapatnam,Andhra Pradesh,India,Bronze
CUST2316,Rohan Nath,rohan.nath127@example.com,Female,66,2023-06-20,Nagpur,Maharashtra,India,Silver
CUST2317,Vivaan Trivedi,vivaan.trivedi747@example.com,Female,50,2018-10-03,Kolkata,West Bengal,India,Gold
CUST2318,Priya Mehta,priya.mehta677@example.com,Female,64,2025-02-14,Lucknow,Uttar Pradesh,India,Bronze
CUST2319,Mia Nair,mia.nair96@example.com,Female,35,2022-06-04,Jaipur,Rajasthan,India,Bronze
CUST2320,Riya Sharma,riya.sharma977@example.com,Male,44,2024-05-20,Pune,Maharashtra,India,Bronze
CUST2321,Ethan Singh,ethan.singh438@example.com,Female,34,2020-05-12,Bengaluru,Karnataka,India,Platinum
CUST2322,Ananya Kumar,ananya.kumar272@example.com,Female,68,2018-09-28,Jaipur,Rajasthan,India,Bronze
CUST2323,Ananya Khan,ananya.khan117@example.com,Male,47,2021-11-04,Vadodara,Gujarat,India,Silver
CUST2324,Karthik Khan,karthik.khan979@example.com,Female,54,2024-04-06,Patna,Bihar,India,Gold
CUST2325,Ethan Mehta,ethan.mehta647@example.com,Female,51,2019-09-30,Vijayawada,Andhra Pradesh,India,Bronze
CUST2326,Isha Saxena,isha.saxena797@example.com,Female,32,2018-04-02,Nagpur,Maharashtra,India,Bronze
CUST2327,Rahul Kapoor,rahul.kapoor308@example.com,Female,64,2022-07-16,Mumbai,Maharashtra,India,Platinum
CUST2328,Riya Das,riya.das110@example.com,Female,53,2020-07-04,Jaipur,Rajasthan,India,Gold
CUST2329,Diya Bose,diya.bose927@example.com,Male,24,2025-10-27,Patna,Bihar,India,Bronze
CUST2330,Neha Joshi,neha.joshi430@example.com,Female,37,2018-11-29,Jaipur,Rajasthan,India,Bronze
CUST2331,Kabir Reddy,kabir.reddy794@example.com,Male,21,2022-11-20,Coimbatore,Tamil Nadu,India,Silver
CUST2332,Sai Chopra,sai.chopra485@example.com,Other,39,2022-02-26,Chennai,Tamil Nadu,India,Bronze
CUST2333,Kabir Khan,kabir.khan951@example.com,Female,55,2020-05-26,Coimbatore,Tamil Nadu,India,Bronze
CUST2334,Diya Dasgupta,diya.dasgupta250@example.com,Female,28,2021-10-08,Hyderabad,Telangana,India,Bronze
CUST2335,Sophia Joshi,sophia.joshi874@example.com,Male,23,2018-12-04,Bengaluru,Karnataka,India,Bronze
CUST2336,Neha Khan,neha.khan919@example.com,Male,68,2025-10-27,Kolkata,West Bengal,India,Platinum
CUST2337,Aarav Khan,aarav.khan182@example.com,Male,36,2022-02-11,Visakhapatnam,Andhra Pradesh,India,Silver
CUST2338,Aditya Kumar,aditya.kumar170@example.com,Female,39,2019-02-14,Mumbai,Maharashtra,India,Platinum
CUST2339,Aditya Kumar,aditya.kumar630@example.com,Male,30,2019-11-28,Coimbatore,Tamil Nadu,India,Silver
CUST2340,Kabir Patel,kabir.patel274@example.com,Female,57,2023-11-25,Delhi,Delhi,India,Silver
CUST2341,Riya Singh,riya.singh67@example.com,Male,34,2019-10-07,Bhopal,Madhya Pradesh,India,Bronze
CUST2342,Aria Iyer,aria.iyer706@example.com,Male,43,2021-10-19,Hyderabad,Telangana,India,Silver
CUST2343,Lucas Bose,lucas.bose368@example.com,Female,37,2021-04-17,Coimbatore,Tamil Nadu,India,Bronze
CUST2344,Amelia Iyer,amelia.iyer814@example.com,Other,37,2025-06-21,Surat,Gujarat,India,Bronze
CUST2345,Aditi Singh,aditi.singh721@example.com,Male,23,2018-08-29,Vijayawada,Andhra Pradesh,India,Gold
CUST2346,Sai Patel,sai.patel460@example.com,Male,64,2018-10-28,Ahmedabad,Gujarat,India,Silver
CUST2347,Olivia Mehta,olivia.mehta594@example.com,Male,48,2022-11-19,Nagpur,Maharashtra,India,Bronze
CUST2348,Liam Trivedi,liam.trivedi747@example.com,Female,63,2020-05-09,Thiruvananthapuram,Kerala,India,Silver
CUST2349,Karthik Gupta,karthik.gupta401@example.com,Male,22,2018-07-20,Mumbai,Maharashtra,India,Silver
CUST2350,Lucas Das,lucas.das399@example.com,Male,49,2023-03-14,Coimbatore,Tamil Nadu,India,Silver
CUST2351,Isabella Mehta,isabella.mehta461@example.com,Male,38,2022-09-26,Surat,Gujarat,India,Platinum
CUST2352,Mia Nath,mia.nath889@example.com,Female,18,2019-11-04,Lucknow,Uttar Pradesh,India,Bronze
CUST2353,Kabir Mehta,kabir.mehta152@example.com,Male,26,2020-09-10,Bhopal,Madhya Pradesh,India,Silver
CUST2354,Isha Nair,isha.nair739@example.com,Male,20,2018-02-07,Visakhapatnam,Andhra Pradesh,India,Silver
CUST2355,Lucas Saxena,lucas.saxena382@example.com,Male,24,2023-06-01,Bhopal,Madhya Pradesh,India,Bronze
CUST2356,Sai Mehta,sai.mehta697@example.com,Female,65,2023-08-31,Lucknow,Uttar Pradesh,India,Bronze
CUST2357,Chloe Kapoor,chloe.kapoor605@example.com,Female,57,2020-03-16,Nagpur,Maharashtra,India,Silver
CUST2358,Emma Kumar,emma.kumar466@example.com,Other,55,2024-02-20,Ahmedabad,Gujarat,India,Bronze
CUST2359,Mia Bose,mia.bose46@example.com,Male,19,2022-07-27,Vijayawada,Andhra Pradesh,India,Silver
CUST2360,Lucas Reddy,lucas.reddy486@example.com,Female,44,2023-03-14,Vadodara,Gujarat,India,Bronze
CUST2361,Amelia Mehta,amelia.mehta855@example.com,Female,46,2020-12-20,Ahmedabad,Gujarat,India,Gold
CUST2362,Isabella Kumar,isabella.kumar837@example.com,Male,55,2020-11-06,Coimbatore,Tamil Nadu,India,Bronze
CUST2363,Rohan Iyer,rohan.iyer42@example.com,Male,70,2023-01-15,Jaipur,Rajasthan,India,Bronze
CUST2364,Neha Kumar,neha.kumar982@example.com,Male,69,2021-01-25,Patna,Bihar,India,Silver
CUST2365,Maya Chopra,maya.chopra17@example.com,Female,64,2025-03-06,Ahmedabad,Gujarat,India,Silver
CUST2366,Noah Kumar,noah.kumar509@example.com,Other,31,2023-12-28,Patna,Bihar,India,Bronze
CUST2367,Arjun Iyer,arjun.iyer948@example.com,Other,53,2021-09-07,Hyderabad,Telangana,India,Bronze
CUST2368,Saanvi Sharma,saanvi.sharma702@example.com,Male,39,2025-04-03,Jaipur,Rajasthan,India,Gold
CUST2369,Aarav Patel,aarav.patel133@example.com,Female,64,2020-11-23,Hyderabad,Telangana,India,Silver
CUST2370,Noah Das,noah.das426@example.com,Male,45,2020-04-15,Hyderabad,Telangana,India,Bronze
CUST2371,Mia Dasgupta,mia.dasgupta317@example.com,Other,62,2024-02-26,Delhi,Delhi,India,Bronze
CUST2372,Sai Patel,sai.patel874@example.com,Female,33,2018-09-28,Lucknow,Uttar Pradesh,India,Platinum
CUST2373,Arjun Bose,arjun.bose346@example.com,Male,67,2023-12-30,Indore,Madhya Pradesh,India,Bronze
CUST2374,Kabir Saxena,kabir.saxena285@example.com,Female,40,2019-01-12,Visakhapatnam,Andhra Pradesh,India,Bronze
CUST2375,Lucas Nair,lucas.nair559@example.com,Female,64,2018-03-16,Vadodara,Gujarat,India,Silver
CUST2376,Lucas Reddy,lucas.reddy65@example.com,Male,39,2019-10-19,Bhopal,Madhya Pradesh,India,Silver
CUST2377,Maya Nair,maya.nair6757@example.com,Male,42,2022-11-07,Chennai,Tamil Nadu,India,Silver
CUST2378,Mia Joshi,mia.joshi218@example.com,Male,57,2025-02-24,Thiruvananthapuram,Kerala,India,Silver
CUST2379,Emma Reddy,emma.reddy763@example.com,Male,60,2023-07-18,Patna,Bihar,India,Silver
CUST2380,Priya Mehta,priya.mehta658@example.com,Male,20,2018-05-30,Indore,Madhya Pradesh,India,Bronze
CUST2381,Sophia Verma,sophia.verma18@example.com,Other,41,2025-04-11,Surat,Gujarat,India,Bronze
CUST2382,Ethan Sharma,ethan.sharma993@example.com,Male,47,2018-12-16,Kolkata,West Bengal,India,Silver
CUST2383,Aria Kapoor,aria.kapoor575@example.com,Female,55,2019-07-11,Thiruvananthapuram,Kerala,India,Bronze
CUST2384,Maya Mehta,maya.mehta123@example.com,Female,20,2025-02-26,Surat,Gujarat,India,Bronze
CUST2385,Maya Chopra,maya.chopra301@example.com,Male,24,2018-08-13,Ahmedabad,Gujarat,India,Silver
CUST2386,Sai Das,sai.das836@example.com,Male,27,2021-02-23,Surat,Gujarat,India,Silver
CUST2387,Aditya Kapoor,aditya.kapoor373@example.com,Male,37,2021-05-13,Nagpur,Maharashtra,India,Bronze
CUST2388,Riya Mehta,riya.mehta190@example.com,Female,26,2023-11-21,Vadodara,Gujarat,India,Bronze
CUST2389,Arjun Verma,arjun.verma117@example.com,Male,34,2021-09-29,Surat,Gujarat,India,Gold
CUST2390,Ananya Nath,ananya.nath218@example.com,Female,23,2020-08-06,Mumbai,Maharashtra,India,Bronze
CUST2391,Ethan Trivedi,ethan.trivedi773@example.com,Female,23,2024-02-27,Vijayawada,Andhra Pradesh,India,Gold
CUST2392,Maya Dasgupta,maya.dasgupta929@example.com,Female,37,2019-02-16,Coimbatore,Tamil Nadu,India,Silver
CUST2393,Vivaan Dasgupta,vivaan.dasgupta941@example.com,Female,23,2025-05-18,Surat,Gujarat,India,Bronze
CUST2394,Vivaan Singh,vivaan.singh71@example.com,Male,55,2018-01-17,Chennai,Tamil Nadu,India,Gold
CUST2395,Vivaan Khan,vivaan.khan829@example.com,Male,52,2019-03-14,Lucknow,Uttar Pradesh,India,Bronze
CUST2396,Maya Iyer,maya.iyer84@example.com,Male,29,2025-04-10,Vijayawada,Andhra Pradesh,India,Silver
CUST2397,Arjun Sharma,arjun.sharma482@example.com,Male,63,2019-06-03,Hyderabad,Telangana,India,Silver
CUST2398,Ethan Kapoor,ethan.kapoor245@example.com,Other,18,2025-08-23,Bhopal,Madhya Pradesh,India,Gold
CUST2399,Sophia Nair,sophia.nair505@example.com,Female,21,2022-10-27,Pune,Maharashtra,India,Silver
CUST2400,Priya Nair,priya.nair845@example.com,Female,40,2019-07-12,Coimbatore,Tamil Nadu,India,Platinum
CUST2401,Neha Nath,neha.nath295@example.com,Male,57,2019-05-26,Nagpur,Maharashtra,India,Bronze
CUST2402,Aria Khan,aria.khan2@example.com,Other,43,2024-08-16,Pune,Maharashtra,India,Silver
CUST2403,Olivia Singh,olivia.singh591@example.com,Male,59,2024-07-04,Chennai,Tamil Nadu,India,Platinum
CUST2404,Diya Singh,diya.singh729@example.com,Male,33,2018-07-10,Delhi,Delhi,India,Silver
CUST2405,Sai Nair,sai.nair284@example.com,Female,54,2018-01-12,Pune,Maharashtra,India,Silver
CUST2406,Ethan Sharma,ethan.sharma424@example.com,Male,31,2023-01-06,Kolkata,West Bengal,India,Bronze
CUST2407,Liam Patel,liam.patel890@example.com,Male,44,2022-04-01,Bhopal,Madhya Pradesh,India,Silver
CUST2408,Aditi Nair,aditi.nair879@example.com,Female,31,2022-05-14,Visakhapatnam,Andhra Pradesh,India,Bronze
CUST2409,Noah Iyer,noah.iyer502@example.com,Female,35,2022-11-27,Mumbai,Maharashtra,India,Bronze
CUST2410,Neha Bose,neha.bose163@example.com,Male,21,2023-02-23,Bhopal,Madhya Pradesh,India,Bronze
CUST2411,Neha Patel,neha.patel903@example.com,Male,36,2021-02-18,Hyderabad,Telangana,India,Bronze
CUST2412,Aarav Khan,aarav.khan805@example.com,Female,22,2024-07-30,Indore,Madhya Pradesh,India,Bronze
CUST2413,Liam Iyer,liam.iyer461@example.com,Male,35,2023-05-08,Coimbatore,Tamil Nadu,India,Bronze
CUST2414,Kabir Iyer,kabir.iyer449@example.com,Female,19,2020-08-18,Thiruvananthapuram,Kerala,India,Bronze
CUST2415,Maya Kapoor,maya.kapoor658@example.com,Female,25,2021-01-01,Visakhapatnam,Andhra Pradesh,India,Bronze
CUST2416,Olivia Patel,olivia.patel279@example.com,Female,51,2021-06-24,Coimbatore,Tamil Nadu,India,Bronze
CUST2417,Sophia Patel,sophia.patel248@example.com,Female,34,2020-09-27,Patna,Bihar,India,Gold
CUST2418,Sophia Kapoor,sophia.kapoor944@example.com,Male,49,2023-12-05,Bengaluru,Karnataka,India,Bronze
CUST2419,Aarav Mehta,aarav.mehta787@example.com,Female,53,2022-09-16,Vijayawada,Andhra Pradesh,India,Bronze
CUST2420,Kabir Nair,kabir.nair192@example.com,Male,37,2022-10-07,Lucknow,Uttar Pradesh,India,Silver
CUST2421,Isha Nath,isha.nath205@example.com,Female,60,2024-09-30,Vijayawada,Andhra Pradesh,India,Bronze
CUST2422,Arjun Joshi,arjun.joshi484@example.com,Female,33,2021-08-23,Mumbai,Maharashtra,India,Gold
CUST2423,Karthik Khan,karthik.khan778@example.com,Male,39,2023-07-13,Jaipur,Rajasthan,India,Bronze
CUST2424,Maya Sharma,maya.sharma707@example.com,Male,54,2019-07-16,Jaipur,Rajasthan,India,Bronze
CUST2425,Vivaan Nair,vivaan.nair479@example.com,Male,65,2018-10-25,Chennai,Tamil Nadu,India,Silver
CUST2426,Maya Bose,maya.bose736@example.com,Male,65,2020-05-28,Pune,Maharashtra,India,Bronze
CUST2427,Vivaan Das,vivaan.das12@example.com,Female,44,2019-05-08,Lucknow,Uttar Pradesh,India,Silver
CUST2428,Chloe Bose,chloe.bose915@example.com,Male,39,2020-08-27,Vadodara,Gujarat,India,Bronze
CUST2429,Lucas Das,lucas.das811@example.com,Female,65,2025-01-20,Jaipur,Rajasthan,India,Bronze
CUST2430,Olivia Das,olivia.das555@example.com,Male,66,2025-10-21,Bengaluru,Karnataka,India,Gold
CUST2431,Kabir Nair,kabir.nair815@example.com,Male,39,2019-02-14,Delhi,Delhi,India,Bronze
CUST2432,Diya Nath,diya.nath285@example.com,Male,62,2021-11-30,Visakhapatnam,Andhra Pradesh,India,Silver
CUST2433,Maya Gupta,maya.gupta28@example.com,Female,58,2024-05-30,Bengaluru,Karnataka,India,Silver
CUST2434,Saanvi Gupta,saanvi.gupta843@example.com,Male,65,2018-07-05,Hyderabad,Telangana,India,Bronze
CUST2435,Saanvi Nair,saanvi.nair136@example.com,Male,21,2025-06-03,Indore,Madhya Pradesh,India,Bronze
CUST2436,Sai Kumar,sai.kumar121@example.com,Female,64,2020-04-16,Visakhapatnam,Andhra Pradesh,India,Silver
CUST2437,Chloe Dasgupta,chloe.dasgupta855@example.com,Female,27,2025-09-18,Delhi,Delhi,India,Silver
CUST2438,Ananya Khan,ananya.khan388@example.com,Male,41,2018-05-24,Patna,Bihar,India,Bronze
CUST2439,Ethan Chopra,ethan.chopra112@example.com,Male,28,2020-05-17,Delhi,Delhi,India,Bronze
CUST2440,Arjun Chopra,arjun.chopra235@example.com,Female,28,2020-12-26,Bhopal,Madhya Pradesh,India,Silver
CUST2441,Chloe Kapoor,chloe.kapoor973@example.com,Female,55,2024-07-26,Surat,Gujarat,India,Gold
CUST2442,Ananya Saxena,ananya.saxena546@example.com,Female,31,2023-01-14,Nagpur,Maharashtra,India,Bronze
CUST2443,Ethan Bose,ethan.bose6172@example.com,Male,31,2018-03-24,Pune,Maharashtra,India,Bronze
CUST2444,Priya Trivedi,priya.trivedi477@example.com,Female,55,2019-04-18,Kolkata,West Bengal,India,Gold
CUST2445,Diya Trivedi,diya.trivedi973@example.com,Female,53,2023-05-18,Coimbatore,Tamil Nadu,India,Gold
CUST2446,Sophia Singh,sophia.singh55@example.com,Female,52,2020-08-07,Kolkata,West Bengal,India,Bronze
CUST2447,Vivaan Kapoor,vivaan.kapoor879@example.com,Female,22,2020-09-16,Patna,Bihar,India,Bronze
CUST2448,Rahul Kapoor,rahul.kapoor551@example.com,Male,34,2021-09-22,Patna,Bihar,India,Bronze
CUST2449,Ananya Kumar,ananya.kumar438@example.com,Female,31,2019-07-27,Jaipur,Rajasthan,India,Silver
CUST2450,Aditya Kapoor,aditya.kapoor152@example.com,Female,22,2022-09-26,Patna,Bihar,India,Bronze
CUST2451,Mia Mehta,mia.mehta472@example.com,Male,35,2021-10-15,Bengaluru,Karnataka,India,Bronze
CUST2452,Aarav Sharma,aarav.sharma794@example.com,Female,19,2018-05-05,Delhi,Delhi,India,Bronze
CUST2453,Mia Nath,mia.nath84@example.com,Male,30,2023-05-24,Chennai,Tamil Nadu,India,Bronze
CUST2454,Chloe Trivedi,chloe.trivedi664@example.com,Male,68,2025-01-27,Vadodara,Gujarat,India,Bronze
CUST2455,Sai Verma,sai.verma321@example.com,Male,25,2023-08-27,Ahmedabad,Gujarat,India,Silver
CUST2456,Isha Gupta,isha.gupta88@example.com,Female,27,2024-09-25,Vijayawada,Andhra Pradesh,India,Bronze
CUST2457,Riya Khan,riya.khan535@example.com,Female,22,2019-09-09,Hyderabad,Telangana,India,Silver
CUST2458,Riya Kapoor,riya.kapoor637@example.com,Female,38,2022-04-04,Thiruvananthapuram,Kerala,India,Bronze
CUST2459,Neha Bose,neha.bose27@example.com,Male,21,2018-01-12,Lucknow,Uttar Pradesh,India,Gold
CUST2460,Priya Verma,priya.verma652@example.com,Male,41,2023-10-15,Lucknow,Uttar Pradesh,India,Bronze
CUST2461,Priya Joshi,priya.joshi577@example.com,Male,44,2019-09-04,Lucknow,Uttar Pradesh,India,Bronze
CUST2462,Rahul Verma,rahul.verma678@example.com,Male,37,2019-11-29,Vijayawada,Andhra Pradesh,India,Bronze
CUST2463,Vivaan Trivedi,vivaan.trivedi732@example.com,Male,48,2018-08-06,Nagpur,Maharashtra,India,Bronze
CUST2464,Neha Saxena,neha.saxena877@example.com,Female,47,2024-12-06,Visakhapatnam,Andhra Pradesh,India,Silver
CUST2465,Aarav Saxena,aarav.saxena798@example.com,Female,51,2020-01-27,Kolkata,West Bengal,India,Bronze
CUST2466,Isha Kumar,isha.kumar951@example.com,Male,43,2020-11-01,Bhopal,Madhya Pradesh,India,Bronze
CUST2467,Maya Kapoor,maya.kapoor757@example.com,Male,58,2020-11-25,Hyderabad,Telangana,India,Bronze
CUST2468,Kabir Khan,kabir.khan902@example.com,Female,51,2020-03-05,Coimbatore,Tamil Nadu,India,Silver
CUST2469,Saanvi Kapoor,saanvi.kapoor664@example.com,Male,35,2020-09-19,Kolkata,West Bengal,India,Silver
CUST2470,Sai Joshi,sai.joshi634@example.com,Female,64,2019-12-01,Bhopal,Madhya Pradesh,India,Bronze
CUST2471,Noah Dasgupta,noah.dasgupta418@example.com,Male,19,2020-09-21,Nagpur,Maharashtra,India,Silver
CUST2472,Sai Verma,sai.verma740@example.com,Female,51,2022-10-31,Pune,Maharashtra,India,Bronze
CUST2473,Mia Das,mia.das85@example.com,Male,20,2022-05-18,Ahmedabad,Gujarat,India,Gold
CUST2474,Liam Joshi,liam.joshi161@example.com,Male,66,2022-03-11,Ahmedabad,Gujarat,India,Gold
CUST2475,Vivaan Gupta,vivaan.gupta413@example.com,Female,64,2025-07-30,Visakhapatnam,Andhra Pradesh,India,Bronze
CUST2476,Noah Gupta,noah.gupta301@example.com,Male,64,2018-04-06,Delhi,Delhi,India,Bronze
CUST2477,Riya Chopra,riya.chopra812@example.com,Male,36,2023-10-03,Vijayawada,Andhra Pradesh,India,Platinum
CUST2478,Rohan Kapoor,rohan.kapoor939@example.com,Female,67,2020-07-14,Chennai,Tamil Nadu,India,Bronze
CUST2479,Maya Kapoor,maya.kapoor532@example.com,Male,35,2021-09-20,Kolkata,West Bengal,India,Bronze
CUST2480,Ethan Kumar,ethan.kumar690@example.com,Female,20,2021-04-01,Mumbai,Maharashtra,India,Platinum
CUST2481,Riya Iyer,riya.iyer210@example.com,Female,31,2021-12-25,Pune,Maharashtra,India,Silver
CUST2482,Isha Nath,isha.nath323@example.com,Female,25,2022-06-05,Jaipur,Rajasthan,India,Silver
CUST2483,Lucas Patel,lucas.patel93@example.com,Male,56,2023-02-06,Bhopal,Madhya Pradesh,India,Bronze
CUST2484,Chloe Patel,chloe.patel558@example.com,Male,30,2020-09-14,Vijayawada,Andhra Pradesh,India,Bronze
CUST2485,Noah Nair,noah.nair505@example.com,Male,43,2025-03-22,Surat,Gujarat,India,Platinum
CUST2486,Vivaan Chopra,vivaan.chopra876@example.com,Male,22,2018-12-10,Vadodara,Gujarat,India,Silver
CUST2487,Kabir Mehta,kabir.mehta399@example.com,Male,50,2022-07-26,Patna,Bihar,India,Silver
CUST2488,Rohan Sharma,rohan.sharma11@example.com,Female,31,2018-04-19,Bengaluru,Karnataka,India,Bronze
CUST2489,Rahul Chopra,rahul.chopra115@example.com,Female,56,2023-11-16,Bengaluru,Karnataka,India,Bronze
CUST2490,Priya Mehta,priya.mehta484@example.com,Female,49,2020-12-16,Ahmedabad,Gujarat,India,Silver
CUST2491,Aria Patel,aria.patel984@example.com,Female,44,2018-01-13,Vadodara,Gujarat,India,Silver
CUST2492,Priya Verma,priya.verma625@example.com,Female,26,2018-08-26,Delhi,Delhi,India,Bronze
CUST2493,Aditya Patel,aditya.patel892@example.com,Female,67,2024-06-13,Ahmedabad,Gujarat,India,Bronze
CUST2494,Riya Iyer,riya.iyer237@example.com,Male,48,2021-11-05,Bengaluru,Karnataka,India,Bronze
CUST2495,Mia Chopra,mia.chopra200@example.com,Male,64,2019-10-08,Pune,Maharashtra,India,Silver
CUST2496,Rohan Singh,rohan.singh76@example.com,Male,35,2021-10-04,Surat,Gujarat,India,Bronze
CUST2497,Aditya Das,aditya.das957@example.com,Male,65,2021-04-19,Kolkata,West Bengal,India,Bronze
CUST2498,Neha Kumar,neha.kumar850@example.com,Male,19,2021-10-14,Jaipur,Rajasthan,India,Bronze
CUST2499,Priya Chopra,priya.chopra446@example.com,Other,65,2018-07-09,Bhopal,Madhya Pradesh,India,Silver
CUST2500,Arjun Singh,arjun.singh437@example.com,Female,19,2018-06-22,Pune,Maharashtra,India,Gold
CUST2501,Vivaan Kapoor,vivaan.kapoor907@example.com,Male,42,2022-06-18,Vadodara,Gujarat,India,Bronze
CUST2502,Isabella Sharma,isabella.sharma396@example.com,Male,47,2018-10-25,Surat,Gujarat,India,Gold
CUST2503,Saanvi Patel,saanvi.patel976@example.com,Male,31,2020-11-06,Surat,Gujarat,India,Bronze
CUST2504,Ethan Chopra,ethan.chopra522@example.com,Female,45,2024-06-01,Chennai,Tamil Nadu,India,Bronze
CUST2505,Isabella Khan,isabella.khan435@example.com,Female,59,2019-08-08,Vadodara,Gujarat,India,Bronze
CUST2506,Rohan Das,rohan.das298@example.com,Female,20,2019-04-20,Jaipur,Rajasthan,India,Bronze
CUST2507,Maya Sharma,maya.sharma813@example.com,Female,46,2020-03-05,Surat,Gujarat,India,Bronze
CUST2508,Kabir Trivedi,kabir.trivedi755@example.com,Female,26,2022-07-27,Mumbai,Maharashtra,India,Bronze
CUST2509,Liam Verma,liam.verma630@example.com,Female,21,2019-02-24,Visakhapatnam,Andhra Pradesh,India,Bronze
CUST2510,Olivia Sharma,olivia.sharma621@example.com,Female,50,2022-02-17,Vijayawada,Andhra Pradesh,India,Bronze
CUST2511,Aditya Dasgupta,aditya.dasgupta293@example.com,Female,19,2023-01-30,Lucknow,Uttar Pradesh,India,Bronze
CUST2512,Ananya Joshi,ananya.joshi775@example.com,Female,54,2024-12-29,Nagpur,Maharashtra,India,Silver
CUST2513,Sophia Joshi,sophia.joshi891@example.com,Female,36,2024-03-13,Vadodara,Gujarat,India,Silver
CUST2514,Emma Bose,emma.bose92@example.com,Female,36,2019-08-18,Patna,Bihar,India,Silver
CUST2515,Sophia Joshi,sophia.joshi653@example.com,Female,33,2019-08-25,Surat,Gujarat,India,Bronze
CUST2516,Riya Sharma,riya.sharma791@example.com,Female,37,2024-05-21,Vadodara,Gujarat,India,Silver
CUST2517,Isabella Nair,isabella.nair977@example.com,Male,30,2019-03-20,Hyderabad,Telangana,India,Silver
CUST2518,Lucas Iyer,lucas.iyer302@example.com,Female,67,2022-10-27,Coimbatore,Tamil Nadu,India,Bronze
CUST2519,Vivaan Chopra,vivaan.chopra638@example.com,Female,53,2023-04-22,Kolkata,West Bengal,India,Bronze
CUST2520,Arjun Bose,arjun.bose783@example.com,Male,19,2025-03-14,Indore,Madhya Pradesh,India,Bronze
CUST2521,Saanvi Dasgupta,saanvi.dasgupta576@example.com,Female,64,2020-07-23,Bhopal,Madhya Pradesh,India,Silver
CUST2522,Rahul Saxena,rahul.saxena930@example.com,Male,33,2023-11-01,Kolkata,West Bengal,India,Silver
CUST2523,Maya Sharma,maya.sharma857@example.com,Female,36,2018-01-13,Visakhapatnam,Andhra Pradesh,India,Platinum
CUST2524,Chloe Patel,chloe.patel146@example.com,Female,54,2024-11-03,Nagpur,Maharashtra,India,Bronze
CUST2525,Maya Singh,maya.singh416@example.com,Female,40,2024-02-09,Kolkata,West Bengal,India,Bronze
CUST2526,Isha Reddy,isha.reddy803@example.com,Female,54,2022-03-30,Visakhapatnam,Andhra Pradesh,India,Bronze
CUST2527,Aditya Nair,aditya.nair16@example.com,Female,69,2022-10-11,Chennai,Tamil Nadu,India,Silver
CUST2528,Noah Singh,noah.singh785@example.com,Male,51,2021-07-08,Vijayawada,Andhra Pradesh,India,Bronze
CUST2529,Amelia Patel,amelia.patel258@example.com,Female,67,2020-12-29,Coimbatore,Tamil Nadu,India,Bronze
CUST2530,Diya Nath,diya.nath816@example.com,Female,50,2021-01-18,Mumbai,Maharashtra,India,Gold
CUST2531,Ethan Gupta,ethan.gupta490@example.com,Female,18,2018-01-27,Bhopal,Madhya Pradesh,India,Bronze
CUST2532,Priya Joshi,priya.joshi65@example.com,Other,25,2022-05-05,Bhopal,Madhya Pradesh,India,Bronze
CUST2533,Aditya Nair,aditya.nair834@example.com,Female,70,2018-04-15,Mumbai,Maharashtra,India,Gold
CUST2534,Priya Kapoor,priya.kapoor58@example.com,Female,35,2018-11-25,Ahmedabad,Gujarat,India,Silver
CUST2535,Aditya Mehta,aditya.mehta56@example.com,Male,67,2019-12-27,Bhopal,Madhya Pradesh,India,Bronze
CUST2536,Sophia Bose,sophia.bose658@example.com,Male,27,2018-07-26,Visakhapatnam,Andhra Pradesh,India,Bronze
CUST2537,Isha Das,isha.das18@example.com,Female,46,2022-12-19,Vadodara,Gujarat,India,Bronze
CUST2538,Ananya Kumar,ananya.kumar732@example.com,Female,26,2022-07-10,Nagpur,Maharashtra,India,Silver
CUST2539,Aria Singh,aria.singh353@example.com,Male,69,2019-01-13,Thiruvananthapuram,Kerala,India,Silver
CUST2540,Ethan Khan,ethan.khan945@example.com,Male,21,2019-10-22,Vijayawada,Andhra Pradesh,India,Silver
CUST2541,Aria Reddy,aria.reddy788@example.com,Female,19,2022-06-16,Bhopal,Madhya Pradesh,India,Silver
CUST2542,Isha Reddy,isha.reddy994@example.com,Male,30,2023-02-03,Jaipur,Rajasthan,India,Bronze
CUST2543,Sai Mehta,sai.mehta367@example.com,Female,28,2020-04-09,Visakhapatnam,Andhra Pradesh,India,Gold
CUST2544,Priya Patel,priya.patel479@example.com,Female,23,2023-03-17,Bengaluru,Karnataka,India,Bronze
CUST2545,Chloe Gupta,chloe.gupta695@example.com,Male,56,2019-11-01,Bengaluru,Karnataka,India,Bronze
CUST2546,Diya Chopra,diya.chopra244@example.com,Female,60,2021-07-25,Kolkata,West Bengal,India,Bronze
CUST2547,Maya Nath,maya.nath354@example.com,Male,30,2020-06-12,Indore,Madhya Pradesh,India,Bronze
CUST2548,Noah Trivedi,noah.trivedi304@example.com,Male,55,2018-07-21,Hyderabad,Telangana,India,Gold
CUST2549,Rahul Kumar,rahul.kumar145@example.com,Female,36,2023-09-22,Mumbai,Maharashtra,India,Platinum
CUST2550,Arjun Chopra,arjun.chopra283@example.com,Male,21,2020-08-26,Indore,Madhya Pradesh,India,Bronze
CUST2551,Isha Patel,isha.patel408@example.com,Male,24,2019-08-04,Indore,Madhya Pradesh,India,Silver
CUST2552,Kabir Kapoor,kabir.kapoor175@example.com,Female,22,2018-02-27,Hyderabad,Telangana,India,Silver
CUST2553,Chloe Khan,chloe.khan916@example.com,Female,52,2020-01-18,Chennai,Tamil Nadu,India,Silver
CUST2554,Isha Kapoor,isha.kapoor953@example.com,Other,28,2024-06-03,Patna,Bihar,India,Bronze
CUST2555,Ethan Khan,ethan.khan804@example.com,Female,56,2022-11-29,Jaipur,Rajasthan,India,Silver
CUST2556,Isabella Iyer,isabella.iyer896@example.com,Female,33,2019-04-16,Bhopal,Madhya Pradesh,India,Bronze
CUST2557,Noah Mehta,noah.mehta419@example.com,Male,32,2024-06-02,Indore,Madhya Pradesh,India,Platinum
CUST2558,Aarav Khan,aarav.khan9922@example.com,Female,45,2022-07-08,Chennai,Tamil Nadu,India,Bronze
CUST2559,Olivia Kumar,olivia.kumar413@example.com,Female,49,2020-08-24,Coimbatore,Tamil Nadu,India,Bronze
CUST2560,Lucas Singh,lucas.singh881@example.com,Female,41,2018-01-10,Coimbatore,Tamil Nadu,India,Bronze
CUST2561,Aditya Gupta,aditya.gupta185@example.com,Male,40,2021-09-05,Hyderabad,Telangana,India,Bronze
CUST2562,Priya Verma,priya.verma16@example.com,Female,52,2023-01-07,Chennai,Tamil Nadu,India,Silver
CUST2563,Priya Nath,priya.nath154@example.com,Female,51,2025-04-21,Hyderabad,Telangana,India,Bronze
CUST2564,Sophia Singh,sophia.singh336@example.com,Female,47,2024-08-30,Mumbai,Maharashtra,India,Bronze
CUST2565,Maya Das,maya.das241@example.com,Male,56,2024-01-29,Ahmedabad,Gujarat,India,Silver
CUST2566,Isabella Sharma,isabella.sharma976@example.com,Male,20,2021-09-17,Mumbai,Maharashtra,India,Platinum
CUST2567,Olivia Iyer,olivia.iyer679@example.com,Female,45,2024-09-16,Lucknow,Uttar Pradesh,India,Bronze
CUST2568,Riya Singh,riya.singh306@example.com,Female,39,2024-11-02,Bhopal,Madhya Pradesh,India,Bronze
CUST2569,Aditya Reddy,aditya.reddy291@example.com,Male,58,2024-02-14,Bhopal,Madhya Pradesh,India,Bronze
CUST2570,Lucas Kumar,lucas.kumar712@example.com,Female,23,2022-01-02,Hyderabad,Telangana,India,Bronze
CUST2571,Maya Joshi,maya.joshi459@example.com,Male,30,2024-01-18,Hyderabad,Telangana,India,Bronze
CUST2572,Aria Bose,aria.bose282@example.com,Male,22,2024-11-20,Delhi,Delhi,India,Silver
CUST2573,Noah Bose,noah.bose507@example.com,Female,49,2022-04-24,Patna,Bihar,India,Bronze
CUST2574,Aria Nath,aria.nath938@example.com,Male,49,2019-09-23,Kolkata,West Bengal,India,Bronze
CUST2575,Sophia Nair,sophia.nair506@example.com,Other,20,2025-03-19,Patna,Bihar,India,Bronze
CUST2576,Rohan Sharma,rohan.sharma409@example.com,Female,61,2025-01-04,Jaipur,Rajasthan,India,Bronze
CUST2577,Olivia Das,olivia.das905@example.com,Male,41,2022-05-18,Coimbatore,Tamil Nadu,India,Silver
CUST2578,Rahul Bose,rahul.bose583@example.com,Male,61,2019-05-27,Hyderabad,Telangana,India,Bronze
CUST2579,Maya Gupta,maya.gupta798@example.com,Female,41,2021-01-04,Lucknow,Uttar Pradesh,India,Bronze
CUST2580,Rohan Joshi,rohan.joshi472@example.com,Female,30,2019-07-29,Visakhapatnam,Andhra Pradesh,India,Silver
CUST2581,Aria Dasgupta,aria.dasgupta191@example.com,Female,58,2019-06-30,Patna,Bihar,India,Silver
CUST2582,Isabella Das,isabella.das809@example.com,Male,32,2020-03-07,Patna,Bihar,India,Platinum
CUST2583,Amelia Nath,amelia.nath957@example.com,Male,43,2019-11-05,Lucknow,Uttar Pradesh,India,Bronze
CUST2584,Noah Mehta,noah.mehta192@example.com,Female,39,2023-06-03,Hyderabad,Telangana,India,Gold
CUST2585,Rahul Joshi,rahul.joshi172@example.com,Other,28,2022-07-12,Vijayawada,Andhra Pradesh,India,Bronze
CUST2586,Olivia Iyer,olivia.iyer352@example.com,Female,68,2025-09-12,Visakhapatnam,Andhra Pradesh,India,Bronze
CUST2587,Isabella Kapoor,isabella.kapoor109@example.com,Female,43,2022-02-21,Visakhapatnam,Andhra Pradesh,India,Bronze
CUST2588,Liam Khan,liam.khan532@example.com,Male,42,2024-04-07,Surat,Gujarat,India,Bronze
CUST2589,Rahul Khan,rahul.khan792@example.com,Female,70,2020-12-07,Jaipur,Rajasthan,India,Bronze
CUST2590,Riya Saxena,riya.saxena123@example.com,Female,50,2024-06-21,Delhi,Delhi,India,Gold
CUST2591,Arjun Khan,arjun.khan614@example.com,Female,21,2020-03-26,Bhopal,Madhya Pradesh,India,Silver
CUST2592,Rahul Nath,rahul.nath242@example.com,Male,20,2018-12-19,Visakhapatnam,Andhra Pradesh,India,Bronze
CUST2593,Riya Reddy,riya.reddy334@example.com,Male,24,2021-08-31,Surat,Gujarat,India,Bronze
CUST2594,Saanvi Gupta,saanvi.gupta375@example.com,Female,31,2022-09-15,Thiruvananthapuram,Kerala,India,Silver
CUST2595,Rohan Patel,rohan.patel244@example.com,Female,46,2021-07-23,Mumbai,Maharashtra,India,Bronze
CUST2596,Aria Das,aria.das976@example.com,Female,62,2025-03-20,Chennai,Tamil Nadu,India,Bronze
CUST2597,Mia Reddy,mia.reddy37@example.com,Female,29,2023-02-14,Coimbatore,Tamil Nadu,India,Silver
CUST2598,Arjun Nath,arjun.nath537@example.com,Male,21,2024-10-14,Kolkata,West Bengal,India,Silver
CUST2599,Aarav Das,aarav.das370@example.com,Male,50,2023-11-28,Patna,Bihar,India,Gold
CUST2600,Karthik Joshi,karthik.joshi167@example.com,Female,39,2024-04-02,Nagpur,Maharashtra,India,Bronze
CUST2601,Rahul Nath,rahul.nath519@example.com,Male,66,2023-01-17,Patna,Bihar,India,Bronze
CUST2602,Riya Gupta,riya.gupta142@example.com,Female,39,2023-09-21,Surat,Gujarat,India,Platinum
CUST2603,Chloe Das,chloe.das555@example.com,Female,64,2024-08-06,Nagpur,Maharashtra,India,Platinum
CUST2604,Lucas Mehta,lucas.mehta807@example.com,Female,57,2021-03-25,Hyderabad,Telangana,India,Bronze
CUST2605,Riya Saxena,riya.saxena933@example.com,Male,23,2025-10-10,Nagpur,Maharashtra,India,Platinum
CUST2606,Aarav Singh,aarav.singh955@example.com,Female,20,2018-06-25,Kolkata,West Bengal,India,Silver
CUST2607,Karthik Iyer,karthik.iyer601@example.com,Female,32,2018-10-25,Jaipur,Rajasthan,India,Bronze
CUST2608,Chloe Patel,chloe.patel819@example.com,Male,38,2018-10-11,Pune,Maharashtra,India,Bronze
CUST2609,Rahul Khan,rahul.khan35@example.com,Female,58,2025-02-05,Nagpur,Maharashtra,India,Bronze
CUST2610,Ananya Patel,ananya.patel291@example.com,Male,51,2023-11-20,Vadodara,Gujarat,India,Bronze
CUST2611,Sophia Saxena,sophia.saxena734@example.com,Female,49,2025-09-28,Jaipur,Rajasthan,India,Bronze
CUST2612,Chloe Bose,chloe.bose737@example.com,Female,59,2022-08-20,Kolkata,West Bengal,India,Silver
CUST2613,Sai Verma,sai.verma867@example.com,Female,65,2019-11-18,Visakhapatnam,Andhra Pradesh,India,Bronze
CUST2614,Aditya Kapoor,aditya.kapoor224@example.com,Female,29,2024-02-04,Chennai,Tamil Nadu,India,Silver
CUST2615,Saanvi Reddy,saanvi.reddy130@example.com,Male,27,2025-03-27,Bengaluru,Karnataka,India,Silver
CUST2616,Aria Reddy,aria.reddy61@example.com,Male,18,2019-01-04,Bhopal,Madhya Pradesh,India,Bronze
CUST2617,Isha Khan,isha.khan164@example.com,Male,53,2023-03-13,Visakhapatnam,Andhra Pradesh,India,Bronze
CUST2618,Ananya Khan,ananya.khan414@example.com,Female,23,2025-06-17,Indore,Madhya Pradesh,India,Bronze
CUST2619,Ananya Verma,ananya.verma492@example.com,Male,34,2022-01-27,Patna,Bihar,India,Silver
CUST2620,Kabir Singh,kabir.singh389@example.com,Male,54,2018-05-14,Surat,Gujarat,India,Bronze
CUST2621,Aditya Kapoor,aditya.kapoor837@example.com,Female,60,2023-02-01,Coimbatore,Tamil Nadu,India,Gold
CUST2622,Maya Iyer,maya.iyer748@example.com,Male,21,2024-02-29,Hyderabad,Telangana,India,Silver
CUST2623,Arjun Khan,arjun.khan180@example.com,Male,61,2020-05-30,Pune,Maharashtra,India,Bronze
CUST2624,Olivia Nair,olivia.nair949@example.com,Female,55,2020-02-02,Bengaluru,Karnataka,India,Bronze
CUST2625,Ananya Singh,ananya.singh591@example.com,Female,57,2020-05-26,Nagpur,Maharashtra,India,Gold
CUST2626,Arjun Chopra,arjun.chopra819@example.com,Male,55,2018-11-05,Ahmedabad,Gujarat,India,Bronze
CUST2627,Maya Singh,maya.singh243@example.com,Female,38,2025-04-29,Visakhapatnam,Andhra Pradesh,India,Silver
CUST2628,Diya Nath,diya.nath877@example.com,Female,31,2021-08-04,Patna,Bihar,India,Gold
CUST2629,Isha Chopra,isha.chopra126@example.com,Female,59,2023-03-12,Thiruvananthapuram,Kerala,India,Bronze
CUST2630,Lucas Joshi,lucas.joshi297@example.com,Male,19,2024-05-27,Surat,Gujarat,India,Bronze
CUST2631,Isha Nath,isha.nath831@example.com,Female,49,2024-11-08,Chennai,Tamil Nadu,India,Bronze
CUST2632,Aditi Saxena,aditi.saxena845@example.com,Female,55,2022-12-03,Bengaluru,Karnataka,India,Bronze
CUST2633,Ananya Bose,ananya.bose72@example.com,Male,39,2020-10-06,Vadodara,Gujarat,India,Bronze
CUST2634,Rohan Khan,rohan.khan737@example.com,Male,49,2021-08-31,Kolkata,West Bengal,India,Bronze
CUST2635,Maya Kapoor,maya.kapoor249@example.com,Male,19,2025-07-28,Chennai,Tamil Nadu,India,Bronze
CUST2636,Karthik Joshi,karthik.joshi747@example.com,Female,21,2024-02-23,Pune,Maharashtra,India,Bronze
CUST2637,Chloe Kumar,chloe.kumar272@example.com,Female,49,2024-10-20,Indore,Madhya Pradesh,India,Bronze
CUST2638,Rohan Nath,rohan.nath449@example.com,Male,31,2025-10-10,Visakhapatnam,Andhra Pradesh,India,Silver
CUST2639,Karthik Gupta,karthik.gupta243@example.com,Female,43,2018-09-07,Mumbai,Maharashtra,India,Bronze
CUST2640,Isha Dasgupta,isha.dasgupta242@example.com,Female,59,2018-12-02,Vijayawada,Andhra Pradesh,India,Gold
CUST2641,Sophia Mehta,sophia.mehta113@example.com,Male,40,2019-10-30,Pune,Maharashtra,India,Gold
CUST2642,Sophia Reddy,sophia.reddy24@example.com,Female,59,2024-06-22,Hyderabad,Telangana,India,Silver
CUST2643,Emma Nath,emma.nath768@example.com,Male,19,2019-01-14,Ahmedabad,Gujarat,India,Bronze
CUST2644,Isha Kapoor,isha.kapoor198@example.com,Male,70,2020-03-15,Bengaluru,Karnataka,India,Bronze
CUST2645,Kabir Reddy,kabir.reddy216@example.com,Female,49,2019-01-16,Vadodara,Gujarat,India,Platinum
CUST2646,Sai Joshi,sai.joshi50@example.com,Female,64,2019-09-14,Chennai,Tamil Nadu,India,Bronze
CUST2647,Arjun Bose,arjun.bose420@example.com,Male,60,2019-07-26,Mumbai,Maharashtra,India,Bronze
CUST2648,Mia Reddy,mia.reddy119@example.com,Male,43,2019-03-05,Kolkata,West Bengal,India,Gold
CUST2649,Vivaan Patel,vivaan.patel633@example.com,Female,46,2019-07-12,Surat,Gujarat,India,Silver
CUST2650,Amelia Kapoor,amelia.kapoor779@example.com,Male,33,2020-03-21,Vadodara,Gujarat,India,Silver
CUST2651,Saanvi Kumar,saanvi.kumar301@example.com,Female,45,2022-04-07,Surat,Gujarat,India,Bronze
CUST2652,Aarav Gupta,aarav.gupta467@example.com,Female,60,2021-05-19,Bhopal,Madhya Pradesh,India,Bronze
CUST2653,Mia Dasgupta,mia.dasgupta181@example.com,Male,36,2018-04-04,Patna,Bihar,India,Silver
CUST2654,Liam Kapoor,liam.kapoor144@example.com,Female,18,2024-06-19,Surat,Gujarat,India,Platinum
CUST2655,Sai Saxena,sai.saxena294@example.com,Male,19,2024-08-19,Pune,Maharashtra,India,Silver
CUST2656,Karthik Verma,karthik.verma739@example.com,Male,68,2018-09-28,Bengaluru,Karnataka,India,Silver
CUST2657,Saanvi Nath,saanvi.nath611@example.com,Male,67,2025-10-15,Vijayawada,Andhra Pradesh,India,Bronze
CUST2658,Aarav Patel,aarav.patel235@example.com,Other,25,2019-08-05,Lucknow,Uttar Pradesh,India,Bronze
CUST2659,Amelia Verma,amelia.verma563@example.com,Male,41,2022-05-06,Ahmedabad,Gujarat,India,Silver
CUST2660,Sai Nair,sai.nair867@example.com,Male,22,2019-10-02,Bengaluru,Karnataka,India,Bronze
CUST2661,Kabir Kumar,kabir.kumar433@example.com,Male,57,2019-10-26,Thiruvananthapuram,Kerala,India,Bronze
CUST2662,Kabir Das,kabir.das62@example.com,Male,57,2018-09-09,Indore,Madhya Pradesh,India,Silver
CUST2663,Aditya Chopra,aditya.chopra437@example.com,Female,19,2022-08-16,Jaipur,Rajasthan,India,Bronze
CUST2664,Isabella Dasgupta,isabella.dasgupta544@example.com,Female,24,2021-11-03,Surat,Gujarat,India,Bronze
CUST2665,Isabella Gupta,isabella.gupta848@example.com,Female,58,2025-03-14,Bengaluru,Karnataka,India,Bronze
CUST2666,Olivia Dasgupta,olivia.dasgupta34@example.com,Male,25,2018-03-11,Vadodara,Gujarat,India,Bronze
CUST2667,Chloe Joshi,chloe.joshi980@example.com,Female,67,2025-03-05,Indore,Madhya Pradesh,India,Bronze
CUST2668,Chloe Dasgupta,chloe.dasgupta638@example.com,Male,46,2024-08-14,Visakhapatnam,Andhra Pradesh,India,Bronze
CUST2669,Neha Gupta,neha.gupta969@example.com,Male,48,2019-03-12,Kolkata,West Bengal,India,Silver
CUST2670,Isha Bose,isha.bose445@example.com,Male,20,2024-03-23,Mumbai,Maharashtra,India,Silver
CUST2671,Lucas Kapoor,lucas.kapoor126@example.com,Male,19,2022-08-17,Patna,Bihar,India,Bronze
CUST2672,Aditi Joshi,aditi.joshi283@example.com,Female,23,2023-06-26,Hyderabad,Telangana,India,Bronze
CUST2673,Vivaan Trivedi,vivaan.trivedi14@example.com,Female,69,2025-07-08,Visakhapatnam,Andhra Pradesh,India,Bronze
CUST2674,Sai Nath,sai.nath32@example.com,Female,24,2021-11-04,Mumbai,Maharashtra,India,Bronze
CUST2675,Saanvi Kapoor,saanvi.kapoor44@example.com,Male,24,2020-10-06,Mumbai,Maharashtra,India,Bronze
CUST2676,Diya Mehta,diya.mehta82@example.com,Other,70,2021-03-24,Visakhapatnam,Andhra Pradesh,India,Platinum
CUST2677,Isha Khan,isha.khan308@example.com,Male,43,2019-12-18,Chennai,Tamil Nadu,India,Silver
CUST2678,Aarav Sharma,aarav.sharma579@example.com,Male,40,2023-12-18,Bhopal,Madhya Pradesh,India,Silver
CUST2679,Aditi Chopra,aditi.chopra721@example.com,Male,34,2023-07-26,Bengaluru,Karnataka,India,Bronze
CUST2680,Maya Sharma,maya.sharma342@example.com,Male,60,2020-03-31,Vadodara,Gujarat,India,Bronze
CUST2681,Ethan Bose,ethan.bose945@example.com,Male,45,2022-06-01,Nagpur,Maharashtra,India,Silver
CUST2682,Aditya Verma,aditya.verma600@example.com,Male,33,2019-07-21,Thiruvananthapuram,Kerala,India,Bronze
CUST2683,Vivaan Das,vivaan.das413@example.com,Male,24,2021-06-26,Surat,Gujarat,India,Silver
CUST2684,Aarav Reddy,aarav.reddy815@example.com,Male,46,2024-08-07,Thiruvananthapuram,Kerala,India,Silver
CUST2685,Arjun Das,arjun.das39@example.com,Male,59,2020-12-11,Vijayawada,Andhra Pradesh,India,Bronze
CUST2686,Mia Trivedi,mia.trivedi70@example.com,Female,54,2025-01-28,Lucknow,Uttar Pradesh,India,Bronze
CUST2687,Rahul Iyer,rahul.iyer684@example.com,Other,22,2021-07-21,Hyderabad,Telangana,India,Bronze
CUST2688,Aria Saxena,aria.saxena514@example.com,Male,55,2021-05-04,Vadodara,Gujarat,India,Silver
CUST2689,Amelia Joshi,amelia.joshi803@example.com,Female,49,2025-03-01,Jaipur,Rajasthan,India,Silver
CUST2690,Saanvi Bose,saanvi.bose605@example.com,Male,25,2022-08-26,Coimbatore,Tamil Nadu,India,Silver
CUST2691,Emma Dasgupta,emma.dasgupta105@example.com,Male,42,2019-02-12,Kolkata,West Bengal,India,Bronze
CUST2692,Riya Kumar,riya.kumar497@example.com,Male,35,2020-10-13,Jaipur,Rajasthan,India,Silver
CUST2693,Mia Mehta,mia.mehta448@example.com,Male,65,2025-09-22,Bhopal,Madhya Pradesh,India,Silver
CUST2694,Aria Dasgupta,aria.dasgupta597@example.com,Female,25,2024-11-05,Indore,Madhya Pradesh,India,Silver
CUST2695,Aditya Das,aditya.das170@example.com,Female,60,2019-07-26,Bengaluru,Karnataka,India,Bronze
CUST2696,Vivaan Kapoor,vivaan.kapoor472@example.com,Female,52,2019-12-04,Chennai,Tamil Nadu,India,Bronze
CUST2697,Vivaan Gupta,vivaan.gupta677@example.com,Female,19,2025-01-27,Lucknow,Uttar Pradesh,India,Bronze
CUST2698,Amelia Trivedi,amelia.trivedi967@example.com,Other,23,2020-08-21,Visakhapatnam,Andhra Pradesh,India,Silver
CUST2699,Mia Saxena,mia.saxena586@example.com,Female,50,2024-07-22,Indore,Madhya Pradesh,India,Gold
CUST2700,Chloe Patel,chloe.patel86@example.com,Other,19,2024-01-11,Bhopal,Madhya Pradesh,India,Silver
CUST2701,Riya Kapoor,riya.kapoor32@example.com,Female,22,2024-02-17,Coimbatore,Tamil Nadu,India,Gold
CUST2702,Riya Trivedi,riya.trivedi142@example.com,Male,25,2023-01-23,Visakhapatnam,Andhra Pradesh,India,Bronze
CUST2703,Emma Iyer,emma.iyer585@example.com,Other,50,2022-03-12,Indore,Madhya Pradesh,India,Gold
CUST2704,Maya Gupta,maya.gupta64@example.com,Female,34,2024-01-22,Mumbai,Maharashtra,India,Bronze
CUST2705,Rahul Khan,rahul.khan683@example.com,Male,29,2020-02-13,Coimbatore,Tamil Nadu,India,Bronze
CUST2706,Riya Saxena,riya.saxena413@example.com,Male,59,2025-06-29,Delhi,Delhi,India,Gold
CUST2707,Rohan Khan,rohan.khan691@example.com,Female,35,2019-11-09,Vadodara,Gujarat,India,Silver
CUST2708,Maya Kapoor,maya.kapoor155@example.com,Male,66,2022-05-26,Vijayawada,Andhra Pradesh,India,Gold
CUST2709,Noah Khan,noah.khan681@example.com,Female,35,2018-06-26,Vijayawada,Andhra Pradesh,India,Bronze
CUST2710,Olivia Patel,olivia.patel265@example.com,Female,23,2024-07-07,Nagpur,Maharashtra,India,Bronze
CUST2711,Neha Kumar,neha.kumar507@example.com,Female,59,2020-10-13,Hyderabad,Telangana,India,Bronze
CUST2712,Noah Trivedi,noah.trivedi572@example.com,Male,64,2022-03-26,Visakhapatnam,Andhra Pradesh,India,Bronze
CUST2713,Amelia Bose,amelia.bose595@example.com,Female,69,2025-05-21,Coimbatore,Tamil Nadu,India,Bronze
CUST2714,Liam Kumar,liam.kumar907@example.com,Female,44,2025-03-05,Ahmedabad,Gujarat,India,Silver
CUST2715,Priya Joshi,priya.joshi560@example.com,Male,34,2024-11-10,Nagpur,Maharashtra,India,Bronze
CUST2716,Aditi Kapoor,aditi.kapoor320@example.com,Male,46,2018-02-17,Kolkata,West Bengal,India,Bronze
CUST2717,Arjun Joshi,arjun.joshi146@example.com,Male,40,2024-07-03,Jaipur,Rajasthan,India,Silver
CUST2718,Neha Das,neha.das556@example.com,Female,18,2023-08-21,Vijayawada,Andhra Pradesh,India,Platinum
CUST2719,Mia Iyer,mia.iyer273@example.com,Female,52,2025-10-24,Bhopal,Madhya Pradesh,India,Bronze
CUST2720,Vivaan Chopra,vivaan.chopra141@example.com,Other,43,2023-05-19,Kolkata,West Bengal,India,Platinum
CUST2721,Mia Kapoor,mia.kapoor456@example.com,Female,22,2022-10-07,Bengaluru,Karnataka,India,Silver
CUST2722,Aditya Reddy,aditya.reddy308@example.com,Male,25,2024-07-30,Jaipur,Rajasthan,India,Bronze
CUST2723,Mia Saxena,mia.saxena656@example.com,Female,70,2020-04-17,Nagpur,Maharashtra,India,Bronze
CUST2724,Saanvi Khan,saanvi.khan737@example.com,Male,18,2021-10-31,Hyderabad,Telangana,India,Platinum
CUST2725,Vivaan Das,vivaan.das329@example.com,Female,24,2022-06-29,Surat,Gujarat,India,Silver
CUST2726,Olivia Sharma,olivia.sharma932@example.com,Male,35,2021-05-22,Thiruvananthapuram,Kerala,India,Bronze
CUST2727,Arjun Saxena,arjun.saxena100@example.com,Male,59,2018-05-10,Pune,Maharashtra,India,Silver
CUST2728,Isha Sharma,isha.sharma807@example.com,Female,43,2018-09-16,Thiruvananthapuram,Kerala,India,Silver
CUST2729,Kabir Reddy,kabir.reddy791@example.com,Female,62,2020-11-25,Vadodara,Gujarat,India,Bronze
CUST2730,Mia Trivedi,mia.trivedi646@example.com,Male,52,2018-01-12,Coimbatore,Tamil Nadu,India,Bronze
CUST2731,Maya Singh,maya.singh100@example.com,Male,46,2021-01-14,Nagpur,Maharashtra,India,Bronze
CUST2732,Arjun Iyer,arjun.iyer860@example.com,Male,29,2022-06-04,Coimbatore,Tamil Nadu,India,Gold
CUST2733,Maya Chopra,maya.chopra632@example.com,Female,57,2020-10-16,Vijayawada,Andhra Pradesh,India,Bronze
CUST2734,Aria Trivedi,aria.trivedi451@example.com,Male,50,2022-04-11,Vijayawada,Andhra Pradesh,India,Bronze
CUST2735,Chloe Reddy,chloe.reddy336@example.com,Male,34,2021-07-08,Mumbai,Maharashtra,India,Bronze
CUST2736,Aria Singh,aria.singh740@example.com,Female,29,2018-08-28,Thiruvananthapuram,Kerala,India,Platinum
CUST2737,Diya Joshi,diya.joshi911@example.com,Female,40,2019-04-10,Delhi,Delhi,India,Bronze
CUST2738,Neha Kumar,neha.kumar233@example.com,Female,52,2024-03-24,Coimbatore,Tamil Nadu,India,Bronze
CUST2739,Rahul Iyer,rahul.iyer421@example.com,Other,59,2019-05-31,Chennai,Tamil Nadu,India,Bronze
CUST2740,Isha Mehta,isha.mehta382@example.com,Female,42,2023-06-12,Bengaluru,Karnataka,India,Bronze
CUST2741,Aria Nath,aria.nath309@example.com,Female,37,2023-12-13,Vijayawada,Andhra Pradesh,India,Bronze
CUST2742,Vivaan Dasgupta,vivaan.dasgupta943@example.com,Male,42,2025-08-27,Lucknow,Uttar Pradesh,India,Silver
CUST2743,Emma Trivedi,emma.trivedi629@example.com,Male,49,2022-08-09,Mumbai,Maharashtra,India,Bronze
CUST2744,Neha Das,neha.das166@example.com,Male,68,2021-06-26,Surat,Gujarat,India,Bronze
CUST2745,Karthik Khan,karthik.khan775@example.com,Male,52,2018-04-30,Vijayawada,Andhra Pradesh,India,Bronze
CUST2746,Riya Mehta,riya.mehta988@example.com,Male,68,2023-09-06,Vadodara,Gujarat,India,Bronze
CUST2747,Sai Iyer,sai.iyer878@example.com,Female,34,2022-07-15,Coimbatore,Tamil Nadu,India,Silver
CUST2748,Isabella Gupta,isabella.gupta789@example.com,Male,62,2021-03-30,Mumbai,Maharashtra,India,Bronze
CUST2749,Liam Mehta,liam.mehta619@example.com,Female,32,2018-08-08,Bengaluru,Karnataka,India,Silver
CUST2750,Noah Chopra,noah.chopra165@example.com,Female,25,2019-12-18,Kolkata,West Bengal,India,Bronze
CUST2751,Mia Bose,mia.bose439@example.com,Other,48,2025-10-13,Thiruvananthapuram,Kerala,India,Bronze
CUST2752,Sai Mehta,sai.mehta628@example.com,Male,19,2019-03-01,Delhi,Delhi,India,Bronze
CUST2753,Olivia Patel,olivia.patel95@example.com,Male,50,2020-10-25,Patna,Bihar,India,Silver
CUST2754,Liam Joshi,liam.joshi62@example.com,Male,52,2018-03-03,Chennai,Tamil Nadu,India,Bronze
CUST2755,Rohan Joshi,rohan.joshi493@example.com,Female,53,2019-06-08,Pune,Maharashtra,India,Gold
CUST2756,Ananya Nath,ananya.nath610@example.com,Female,40,2022-12-24,Bengaluru,Karnataka,India,Gold
CUST2757,Isha Bose,isha.bose139@example.com,Other,44,2020-12-13,Hyderabad,Telangana,India,Silver
CUST2758,Neha Reddy,neha.reddy151@example.com,Female,28,2018-08-08,Pune,Maharashtra,India,Bronze
CUST2759,Diya Khan,diya.khan351@example.com,Male,40,2025-10-23,Vijayawada,Andhra Pradesh,India,Silver
CUST2760,Isabella Trivedi,isabella.trivedi50@example.com,Male,40,2025-02-16,Hyderabad,Telangana,India,Bronze
CUST2761,Isha Kapoor,isha.kapoor180@example.com,Male,25,2025-07-14,Patna,Bihar,India,Silver
CUST2762,Diya Kapoor,diya.kapoor333@example.com,Female,41,2021-01-04,Mumbai,Maharashtra,India,Bronze
CUST2763,Neha Das,neha.das313@example.com,Female,36,2025-04-25,Indore,Madhya Pradesh,India,Bronze
CUST2764,Sai Nair,sai.nair866@example.com,Female,25,2019-07-28,Pune,Maharashtra,India,Bronze
CUST2765,Olivia Bose,olivia.bose293@example.com,Female,57,2023-07-06,Vadodara,Gujarat,India,Silver
CUST2766,Aditya Bose,aditya.bose449@example.com,Female,43,2020-04-24,Jaipur,Rajasthan,India,Silver
CUST2767,Liam Gupta,liam.gupta502@example.com,Male,30,2024-03-23,Patna,Bihar,India,Bronze
CUST2768,Ananya Reddy,ananya.reddy920@example.com,Male,63,2018-02-21,Patna,Bihar,India,Bronze
CUST2769,Isabella Reddy,isabella.reddy622@example.com,Female,33,2018-06-20,Lucknow,Uttar Pradesh,India,Bronze
CUST2770,Liam Nair,liam.nair34@example.com,Male,68,2020-07-29,Surat,Gujarat,India,Silver
CUST2771,Rohan Singh,rohan.singh274@example.com,Female,32,2021-09-17,Jaipur,Rajasthan,India,Gold
CUST2772,Aarav Kumar,aarav.kumar879@example.com,Female,62,2025-02-11,Chennai,Tamil Nadu,India,Bronze
CUST2773,Olivia Joshi,olivia.joshi452@example.com,Male,36,2023-10-08,Delhi,Delhi,India,Silver
CUST2774,Karthik Gupta,karthik.gupta286@example.com,Male,60,2022-01-12,Lucknow,Uttar Pradesh,India,Bronze
CUST2775,Vivaan Trivedi,vivaan.trivedi216@example.com,Female,41,2025-09-20,Delhi,Delhi,India,Bronze
CUST2776,Aria Nair,aria.nair462@example.com,Female,53,2019-03-15,Bengaluru,Karnataka,India,Silver
CUST2777,Liam Mehta,liam.mehta247@example.com,Female,25,2019-08-26,Patna,Bihar,India,Bronze
CUST2778,Rohan Kapoor,rohan.kapoor677@example.com,Male,52,2022-05-01,Vadodara,Gujarat,India,Bronze
CUST2779,Neha Nath,neha.nath541@example.com,Female,27,2025-09-29,Vadodara,Gujarat,India,Bronze
CUST2780,Rahul Khan,rahul.khan593@example.com,Female,48,2019-03-05,Lucknow,Uttar Pradesh,India,Silver
CUST2781,Noah Singh,noah.singh260@example.com,Male,20,2019-01-02,Vadodara,Gujarat,India,Bronze
CUST2782,Priya Das,priya.das180@example.com,Male,31,2024-03-30,Jaipur,Rajasthan,India,Bronze
CUST2783,Ananya Kapoor,ananya.kapoor242@example.com,Male,68,2019-02-27,Kolkata,West Bengal,India,Platinum
CUST2784,Liam Trivedi,liam.trivedi512@example.com,Male,70,2019-10-06,Vijayawada,Andhra Pradesh,India,Bronze
CUST2785,Ananya Kapoor,ananya.kapoor888@example.com,Female,21,2024-06-25,Patna,Bihar,India,Gold
CUST2786,Ananya Singh,ananya.singh125@example.com,Male,25,2018-03-03,Hyderabad,Telangana,India,Bronze
CUST2787,Chloe Sharma,chloe.sharma17@example.com,Male,51,2022-04-30,Indore,Madhya Pradesh,India,Bronze
CUST2788,Arjun Kumar,arjun.kumar932@example.com,Male,58,2024-09-10,Patna,Bihar,India,Gold
CUST2789,Noah Khan,noah.khan733@example.com,Male,18,2024-02-22,Delhi,Delhi,India,Silver
CUST2790,Saanvi Verma,saanvi.verma393@example.com,Female,36,2018-09-10,Jaipur,Rajasthan,India,Gold
CUST2791,Riya Mehta,riya.mehta666@example.com,Male,23,2024-08-12,Bhopal,Madhya Pradesh,India,Silver
CUST2792,Lucas Khan,lucas.khan283@example.com,Male,66,2024-03-04,Kolkata,West Bengal,India,Bronze
CUST2793,Riya Chopra,riya.chopra888@example.com,Other,38,2025-08-02,Chennai,Tamil Nadu,India,Bronze
CUST2794,Saanvi Sharma,saanvi.sharma469@example.com,Female,43,2020-01-18,Bengaluru,Karnataka,India,Bronze
CUST2795,Ethan Das,ethan.das967@example.com,Male,65,2024-08-06,Coimbatore,Tamil Nadu,India,Bronze
CUST2796,Aditya Mehta,aditya.mehta21@example.com,Female,20,2022-11-21,Nagpur,Maharashtra,India,Platinum
CUST2797,Noah Joshi,noah.joshi433@example.com,Male,22,2018-02-23,Coimbatore,Tamil Nadu,India,Gold
CUST2798,Riya Reddy,riya.reddy726@example.com,Male,32,2021-03-01,Bengaluru,Karnataka,India,Silver
CUST2799,Maya Mehta,maya.mehta103@example.com,Male,70,2024-08-19,Lucknow,Uttar Pradesh,India,Silver
CUST2800,Kabir Kumar,kabir.kumar536@example.com,Female,41,2024-04-19,Pune,Maharashtra,India,Bronze
CUST2801,Maya Nair,maya.nair302@example.com,Female,42,2023-12-29,Vijayawada,Andhra Pradesh,India,Bronze
CUST2802,Priya Gupta,priya.gupta398@example.com,Female,68,2018-03-05,Bhopal,Madhya Pradesh,India,Bronze
CUST2803,Neha Trivedi,neha.trivedi569@example.com,Female,58,2024-05-06,Chennai,Tamil Nadu,India,Bronze
CUST2804,Noah Khan,noah.khan801@example.com,Female,41,2018-05-06,Visakhapatnam,Andhra Pradesh,India,Silver
CUST2805,Neha Gupta,neha.gupta372@example.com,Male,22,2024-05-21,Indore,Madhya Pradesh,India,Gold
CUST2806,Aarav Saxena,aarav.saxena243@example.com,Male,23,2019-06-28,Nagpur,Maharashtra,India,Gold
CUST2807,Mia Verma,mia.verma466@example.com,Female,58,2023-11-09,Vijayawada,Andhra Pradesh,India,Bronze
CUST2808,Isabella Gupta,isabella.gupta390@example.com,Male,23,2024-03-16,Bengaluru,Karnataka,India,Silver
CUST2809,Chloe Nath,chloe.nath378@example.com,Female,22,2023-03-04,Visakhapatnam,Andhra Pradesh,India,Bronze
CUST2810,Rahul Patel,rahul.patel472@example.com,Female,36,2019-01-05,Kolkata,West Bengal,India,Bronze
CUST2811,Priya Saxena,priya.saxena190@example.com,Female,24,2024-01-29,Patna,Bihar,India,Bronze
CUST2812,Aditya Saxena,aditya.saxena730@example.com,Female,26,2022-11-20,Lucknow,Uttar Pradesh,India,Bronze
CUST2813,Sai Saxena,sai.saxena966@example.com,Male,50,2024-08-03,Delhi,Delhi,India,Bronze
CUST2814,Lucas Das,lucas.das739@example.com,Female,35,2019-06-25,Chennai,Tamil Nadu,India,Silver
CUST2815,Karthik Dasgupta,karthik.dasgupta382@example.com,Female,20,2021-07-30,Nagpur,Maharashtra,India,Silver
CUST2816,Sai Sharma,sai.sharma866@example.com,Female,26,2022-02-12,Thiruvananthapuram,Kerala,India,Silver
CUST2817,Olivia Nath,olivia.nath19@example.com,Female,21,2018-09-17,Coimbatore,Tamil Nadu,India,Bronze
CUST2818,Olivia Mehta,olivia.mehta420@example.com,Male,21,2023-02-25,Hyderabad,Telangana,India,Bronze
CUST2819,Sai Das,sai.das868@example.com,Female,29,2023-08-23,Hyderabad,Telangana,India,Gold
CUST2820,Aria Mehta,aria.mehta909@example.com,Female,68,2021-02-20,Bengaluru,Karnataka,India,Bronze
CUST2821,Kabir Kapoor,kabir.kapoor668@example.com,Female,70,2023-10-18,Hyderabad,Telangana,India,Bronze
CUST2822,Isha Bose,isha.bose247@example.com,Male,44,2018-10-24,Coimbatore,Tamil Nadu,India,Gold
CUST2823,Maya Verma,maya.verma7@example.com,Female,21,2021-12-10,Patna,Bihar,India,Silver
CUST2824,Mia Kumar,mia.kumar94@example.com,Male,41,2018-01-05,Vadodara,Gujarat,India,Bronze
CUST2825,Aditi Patel,aditi.patel836@example.com,Female,38,2020-02-01,Nagpur,Maharashtra,India,Bronze
CUST2826,Chloe Kumar,chloe.kumar762@example.com,Male,70,2022-12-10,Mumbai,Maharashtra,India,Silver
CUST2827,Sai Nair,sai.nair45@example.com,Male,22,2022-10-29,Vijayawada,Andhra Pradesh,India,Bronze
CUST2828,Aarav Sharma,aarav.sharma980@example.com,Female,62,2025-05-01,Delhi,Delhi,India,Gold
CUST2829,Sophia Dasgupta,sophia.dasgupta576@example.com,Female,62,2021-04-15,Jaipur,Rajasthan,India,Silver
CUST2830,Sai Nath,sai.nath535@example.com,Male,55,2024-03-24,Vijayawada,Andhra Pradesh,India,Bronze
CUST2831,Isabella Chopra,isabella.chopra353@example.com,Male,34,2021-02-16,Thiruvananthapuram,Kerala,India,Silver
CUST2832,Neha Reddy,neha.reddy983@example.com,Female,64,2023-10-10,Kolkata,West Bengal,India,Platinum
CUST2833,Saanvi Dasgupta,saanvi.dasgupta831@example.com,Female,31,2018-10-17,Mumbai,Maharashtra,India,Bronze
CUST2834,Vivaan Singh,vivaan.singh361@example.com,Female,60,2024-11-06,Coimbatore,Tamil Nadu,India,Bronze
CUST2835,Ananya Reddy,ananya.reddy480@example.com,Female,31,2022-01-14,Indore,Madhya Pradesh,India,Bronze
CUST2836,Mia Iyer,mia.iyer346@example.com,Female,27,2022-09-20,Bhopal,Madhya Pradesh,India,Bronze
CUST2837,Isabella Das,isabella.das559@example.com,Male,65,2022-10-25,Indore,Madhya Pradesh,India,Bronze
CUST2838,Maya Iyer,maya.iyer735@example.com,Other,37,2024-01-29,Bhopal,Madhya Pradesh,India,Bronze
CUST2839,Riya Gupta,riya.gupta326@example.com,Female,42,2025-01-27,Ahmedabad,Gujarat,India,Bronze
CUST2840,Sai Trivedi,sai.trivedi49@example.com,Male,21,2022-12-30,Indore,Madhya Pradesh,India,Gold
CUST2841,Olivia Kumar,olivia.kumar403@example.com,Male,57,2021-10-06,Visakhapatnam,Andhra Pradesh,India,Bronze
CUST2842,Priya Gupta,priya.gupta211@example.com,Female,64,2018-02-09,Vadodara,Gujarat,India,Bronze
CUST2843,Amelia Mehta,amelia.mehta924@example.com,Female,24,2018-06-24,Thiruvananthapuram,Kerala,India,Silver
CUST2844,Riya Sharma,riya.sharma683@example.com,Other,24,2020-08-14,Chennai,Tamil Nadu,India,Platinum
CUST2845,Arjun Bose,arjun.bose798@example.com,Female,42,2019-01-24,Vadodara,Gujarat,India,Platinum
CUST2846,Aarav Singh,aarav.singh337@example.com,Female,63,2022-12-29,Coimbatore,Tamil Nadu,India,Bronze
CUST2847,Olivia Gupta,olivia.gupta173@example.com,Female,43,2024-12-18,Visakhapatnam,Andhra Pradesh,India,Gold
CUST2848,Rahul Das,rahul.das716@example.com,Female,61,2019-12-27,Bengaluru,Karnataka,India,Gold
CUST2849,Noah Singh,noah.singh187@example.com,Male,38,2024-05-06,Visakhapatnam,Andhra Pradesh,India,Gold
CUST2850,Vivaan Sharma,vivaan.sharma162@example.com,Female,66,2018-07-27,Delhi,Delhi,India,Bronze
CUST2851,Rahul Nair,rahul.nair884@example.com,Female,29,2021-11-22,Vijayawada,Andhra Pradesh,India,Bronze
CUST2852,Liam Saxena,liam.saxena348@example.com,Male,36,2018-06-29,Thiruvananthapuram,Kerala,India,Bronze
CUST2853,Aditi Nair,aditi.nair865@example.com,Male,56,2024-03-05,Mumbai,Maharashtra,India,Gold
CUST2854,Olivia Nath,olivia.nath691@example.com,Male,19,2020-08-02,Delhi,Delhi,India,Bronze
CUST2855,Priya Dasgupta,priya.dasgupta981@example.com,Female,31,2021-05-30,Bengaluru,Karnataka,India,Bronze
CUST2856,Chloe Nath,chloe.nath122@example.com,Male,40,2019-06-01,Mumbai,Maharashtra,India,Gold
CUST2857,Neha Kumar,neha.kumar519@example.com,Female,66,2021-03-10,Delhi,Delhi,India,Bronze
CUST2858,Riya Saxena,riya.saxena932@example.com,Male,32,2025-05-02,Surat,Gujarat,India,Gold
CUST2859,Aria Gupta,aria.gupta983@example.com,Female,40,2020-09-24,Visakhapatnam,Andhra Pradesh,India,Silver
CUST2860,Rahul Singh,rahul.singh47@example.com,Male,22,2018-05-17,Mumbai,Maharashtra,India,Bronze
CUST2861,Kabir Nath,kabir.nath964@example.com,Female,59,2018-03-20,Coimbatore,Tamil Nadu,India,Bronze
CUST2862,Amelia Trivedi,amelia.trivedi61@example.com,Male,42,2022-12-05,Thiruvananthapuram,Kerala,India,Bronze
CUST2863,Mia Iyer,mia.iyer491@example.com,Female,62,2025-08-18,Kolkata,West Bengal,India,Silver
CUST2864,Saanvi Nair,saanvi.nair584@example.com,Female,37,2024-07-07,Visakhapatnam,Andhra Pradesh,India,Gold
CUST2865,Aarav Sharma,aarav.sharma403@example.com,Female,42,2019-10-06,Surat,Gujarat,India,Bronze
CUST2866,Saanvi Gupta,saanvi.gupta649@example.com,Male,18,2018-10-26,Thiruvananthapuram,Kerala,India,Bronze
CUST2867,Priya Mehta,priya.mehta262@example.com,Male,43,2020-01-23,Ahmedabad,Gujarat,India,Bronze
CUST2868,Maya Das,maya.das189@example.com,Female,58,2020-02-05,Vijayawada,Andhra Pradesh,India,Silver
CUST2869,Sai Iyer,sai.iyer809@example.com,Male,39,2019-01-26,Delhi,Delhi,India,Bronze
CUST2870,Lucas Kumar,lucas.kumar586@example.com,Male,44,2025-08-04,Mumbai,Maharashtra,India,Bronze
CUST2871,Aarav Trivedi,aarav.trivedi570@example.com,Female,50,2020-11-03,Jaipur,Rajasthan,India,Bronze
CUST2872,Chloe Patel,chloe.patel91@example.com,Male,46,2020-06-19,Kolkata,West Bengal,India,Silver
CUST2873,Aarav Dasgupta,aarav.dasgupta918@example.com,Female,47,2021-09-30,Vijayawada,Andhra Pradesh,India,Bronze
CUST2874,Maya Bose,maya.bose332@example.com,Female,29,2018-12-26,Hyderabad,Telangana,India,Bronze
CUST2875,Sophia Chopra,sophia.chopra320@example.com,Male,20,2020-08-03,Jaipur,Rajasthan,India,Bronze
CUST2876,Lucas Gupta,lucas.gupta817@example.com,Male,62,2019-08-03,Indore,Madhya Pradesh,India,Bronze
CUST2877,Rohan Gupta,rohan.gupta80@example.com,Male,47,2018-04-12,Vadodara,Gujarat,India,Bronze
CUST2878,Amelia Bose,amelia.bose118@example.com,Male,40,2019-10-26,Jaipur,Rajasthan,India,Silver
CUST2879,Maya Sharma,maya.sharma186@example.com,Male,62,2019-11-21,Chennai,Tamil Nadu,India,Silver
CUST2880,Aria Gupta,aria.gupta70@example.com,Male,51,2019-05-25,Bhopal,Madhya Pradesh,India,Bronze
CUST2881,Kabir Sharma,kabir.sharma703@example.com,Male,24,2022-11-12,Chennai,Tamil Nadu,India,Silver
CUST2882,Rohan Chopra,rohan.chopra217@example.com,Female,39,2024-03-03,Patna,Bihar,India,Bronze
CUST2883,Sophia Mehta,sophia.mehta583@example.com,Female,62,2023-04-11,Hyderabad,Telangana,India,Silver
CUST2884,Arjun Joshi,arjun.joshi570@example.com,Female,63,2018-07-26,Surat,Gujarat,India,Gold
CUST2885,Kabir Trivedi,kabir.trivedi784@example.com,Female,56,2020-06-03,Delhi,Delhi,India,Bronze
CUST2886,Priya Saxena,priya.saxena966@example.com,Male,55,2023-05-19,Hyderabad,Telangana,India,Silver
CUST2887,Isha Mehta,isha.mehta985@example.com,Female,21,2025-05-16,Chennai,Tamil Nadu,India,Platinum
CUST2888,Sai Gupta,sai.gupta740@example.com,Female,28,2018-01-05,Mumbai,Maharashtra,India,Bronze
CUST2889,Saanvi Saxena,saanvi.saxena302@example.com,Female,58,2020-07-25,Kolkata,West Bengal,India,Silver
CUST2890,Sai Kumar,sai.kumar259@example.com,Male,35,2023-06-19,Lucknow,Uttar Pradesh,India,Silver
CUST2891,Emma Singh,emma.singh947@example.com,Female,51,2019-03-26,Delhi,Delhi,India,Bronze
CUST2892,Karthik Nath,karthik.nath617@example.com,Female,62,2018-02-11,Kolkata,West Bengal,India,Silver
CUST2893,Emma Sharma,emma.sharma131@example.com,Male,31,2018-07-27,Lucknow,Uttar Pradesh,India,Gold
CUST2894,Olivia Singh,olivia.singh225@example.com,Female,26,2022-12-03,Thiruvananthapuram,Kerala,India,Bronze
CUST2895,Amelia Singh,amelia.singh713@example.com,Female,33,2022-03-08,Pune,Maharashtra,India,Bronze
CUST2896,Mia Singh,mia.singh516@example.com,Male,39,2018-07-12,Nagpur,Maharashtra,India,Bronze
CUST2897,Saanvi Sharma,saanvi.sharma699@example.com,Other,21,2021-11-11,Vadodara,Gujarat,India,Bronze
CUST2898,Ethan Bose,ethan.bose468@example.com,Male,43,2024-07-22,Chennai,Tamil Nadu,India,Silver
CUST2899,Diya Singh,diya.singh787@example.com,Male,19,2025-04-23,Hyderabad,Telangana,India,Platinum
CUST2900,Aditya Chopra,aditya.chopra700@example.com,Female,61,2018-10-31,Thiruvananthapuram,Kerala,India,Bronze
CUST2901,Isabella Saxena,isabella.saxena42@example.com,Female,28,2024-07-12,Bhopal,Madhya Pradesh,India,Bronze
CUST2902,Lucas Sharma,lucas.sharma270@example.com,Male,65,2024-01-26,Lucknow,Uttar Pradesh,India,Bronze
CUST2903,Priya Joshi,priya.joshi167@example.com,Male,23,2020-04-11,Chennai,Tamil Nadu,India,Bronze
CUST2904,Aarav Kapoor,aarav.kapoor58@example.com,Male,53,2022-02-18,Nagpur,Maharashtra,India,Silver
CUST2905,Amelia Joshi,amelia.joshi472@example.com,Female,20,2022-04-19,Jaipur,Rajasthan,India,Silver
CUST2906,Amelia Singh,amelia.singh87@example.com,Female,69,2022-06-01,Visakhapatnam,Andhra Pradesh,India,Bronze
CUST2907,Riya Nath,riya.nath294@example.com,Female,68,2020-11-09,Ahmedabad,Gujarat,India,Silver
CUST2908,Aditi Chopra,aditi.chopra401@example.com,Other,61,2021-06-08,Vadodara,Gujarat,India,Silver
CUST2909,Olivia Iyer,olivia.iyer582@example.com,Male,18,2021-05-23,Vadodara,Gujarat,India,Bronze
CUST2910,Aditi Nair,aditi.nair133@example.com,Female,42,2019-07-06,Nagpur,Maharashtra,India,Gold
CUST2911,Arjun Reddy,arjun.reddy303@example.com,Other,34,2020-06-05,Nagpur,Maharashtra,India,Silver
CUST2912,Amelia Mehta,amelia.mehta964@example.com,Female,62,2021-08-06,Lucknow,Uttar Pradesh,India,Silver
CUST2913,Arjun Kapoor,arjun.kapoor871@example.com,Female,20,2023-12-27,Thiruvananthapuram,Kerala,India,Gold
CUST2914,Aria Saxena,aria.saxena101@example.com,Female,44,2019-08-28,Jaipur,Rajasthan,India,Silver
CUST2915,Amelia Reddy,amelia.reddy674@example.com,Female,61,2022-04-07,Lucknow,Uttar Pradesh,India,Bronze
CUST2916,Maya Mehta,maya.mehta825@example.com,Male,26,2021-02-27,Indore,Madhya Pradesh,India,Platinum
CUST2917,Ananya Verma,ananya.verma683@example.com,Male,52,2020-08-24,Jaipur,Rajasthan,India,Bronze
CUST2918,Saanvi Kumar,saanvi.kumar829@example.com,Female,22,2018-11-19,Visakhapatnam,Andhra Pradesh,India,Silver
CUST2919,Rohan Khan,rohan.khan416@example.com,Male,64,2020-12-29,Visakhapatnam,Andhra Pradesh,India,Gold
CUST2920,Mia Joshi,mia.joshi939@example.com,Female,61,2021-01-05,Thiruvananthapuram,Kerala,India,Bronze
CUST2921,Aditi Joshi,aditi.joshi601@example.com,Female,64,2021-01-03,Surat,Gujarat,India,Gold
CUST2922,Karthik Iyer,karthik.iyer448@example.com,Male,48,2021-01-14,Coimbatore,Tamil Nadu,India,Bronze
CUST2923,Emma Saxena,emma.saxena796@example.com,Female,69,2018-09-18,Nagpur,Maharashtra,India,Bronze
CUST2924,Isha Singh,isha.singh81@example.com,Male,36,2022-02-24,Bengaluru,Karnataka,India,Bronze
CUST2925,Amelia Sharma,amelia.sharma587@example.com,Male,57,2021-06-08,Bhopal,Madhya Pradesh,India,Bronze
CUST2926,Rahul Gupta,rahul.gupta779@example.com,Male,27,2021-08-16,Visakhapatnam,Andhra Pradesh,India,Bronze
CUST2927,Priya Dasgupta,priya.dasgupta865@example.com,Male,25,2020-09-08,Bengaluru,Karnataka,India,Bronze
CUST2928,Isha Singh,isha.singh246@example.com,Male,63,2024-08-07,Chennai,Tamil Nadu,India,Bronze
CUST2929,Priya Patel,priya.patel956@example.com,Female,21,2025-06-27,Lucknow,Uttar Pradesh,India,Silver
CUST2930,Sophia Nair,sophia.nair254@example.com,Female,28,2022-08-29,Chennai,Tamil Nadu,India,Bronze
CUST2931,Rahul Dasgupta,rahul.dasgupta219@example.com,Female,21,2023-01-29,Vijayawada,Andhra Pradesh,India,Bronze
CUST2932,Noah Bose,noah.bose232@example.com,Male,61,2018-03-16,Bengaluru,Karnataka,India,Bronze
CUST2933,Noah Patel,noah.patel508@example.com,Female,70,2021-12-30,Hyderabad,Telangana,India,Bronze
CUST2934,Arjun Reddy,arjun.reddy378@example.com,Female,46,2019-01-14,Patna,Bihar,India,Bronze
CUST2935,Ananya Nair,ananya.nair372@example.com,Female,60,2021-02-18,Hyderabad,Telangana,India,Bronze
CUST2936,Chloe Kapoor,chloe.kapoor817@example.com,Male,35,2025-08-18,Thiruvananthapuram,Kerala,India,Bronze
CUST2937,Kabir Nair,kabir.nair659@example.com,Other,59,2025-08-03,Bengaluru,Karnataka,India,Silver
CUST2938,Neha Mehta,neha.mehta897@example.com,Female,27,2020-06-30,Indore,Madhya Pradesh,India,Bronze
CUST2939,Sai Nath,sai.nath441@example.com,Male,38,2022-07-24,Pune,Maharashtra,India,Bronze
CUST2940,Aarav Patel,aarav.patel286@example.com,Female,59,2018-07-11,Visakhapatnam,Andhra Pradesh,India,Silver
CUST2941,Ethan Bose,ethan.bose955@example.com,Female,19,2022-02-14,Surat,Gujarat,India,Silver
CUST2942,Noah Kumar,noah.kumar38@example.com,Male,27,2023-06-05,Hyderabad,Telangana,India,Silver
CUST2943,Aditya Dasgupta,aditya.dasgupta191@example.com,Male,60,2020-03-09,Chennai,Tamil Nadu,India,Bronze
CUST2944,Aria Dasgupta,aria.dasgupta233@example.com,Other,62,2019-05-21,Pune,Maharashtra,India,Silver
CUST2945,Rohan Reddy,rohan.reddy507@example.com,Other,20,2020-03-23,Chennai,Tamil Nadu,India,Bronze
CUST2946,Aria Verma,aria.verma360@example.com,Female,51,2022-05-20,Hyderabad,Telangana,India,Gold
CUST2947,Aarav Saxena,aarav.saxena661@example.com,Male,64,2025-01-29,Thiruvananthapuram,Kerala,India,Silver
CUST2948,Karthik Singh,karthik.singh737@example.com,Male,57,2021-12-13,Pune,Maharashtra,India,Gold
CUST2949,Sai Gupta,sai.gupta155@example.com,Female,67,2022-12-19,Jaipur,Rajasthan,India,Silver
CUST2950,Saanvi Kapoor,saanvi.kapoor618@example.com,Female,18,2021-03-22,Visakhapatnam,Andhra Pradesh,India,Gold
CUST2951,Olivia Iyer,olivia.iyer801@example.com,Male,26,2020-07-17,Nagpur,Maharashtra,India,Bronze
CUST2952,Rohan Verma,rohan.verma996@example.com,Male,43,2019-01-11,Mumbai,Maharashtra,India,Bronze
CUST2953,Aditi Kumar,aditi.kumar524@example.com,Male,56,2023-08-02,Chennai,Tamil Nadu,India,Silver
CUST2954,Lucas Gupta,lucas.gupta850@example.com,Female,42,2018-06-08,Chennai,Tamil Nadu,India,Bronze
CUST2955,Arjun Singh,arjun.singh406@example.com,Male,59,2024-03-17,Jaipur,Rajasthan,India,Gold
CUST2956,Maya Trivedi,maya.trivedi648@example.com,Other,63,2019-01-03,Thiruvananthapuram,Kerala,India,Silver
CUST2957,Ethan Chopra,ethan.chopra946@example.com,Female,34,2023-12-28,Lucknow,Uttar Pradesh,India,Silver
CUST2958,Kabir Nair,kabir.nair333@example.com,Male,34,2019-06-21,Kolkata,West Bengal,India,Bronze
CUST2959,Saanvi Singh,saanvi.singh146@example.com,Female,63,2023-09-14,Bengaluru,Karnataka,India,Silver
CUST2960,Mia Saxena,mia.saxena300@example.com,Male,27,2021-11-18,Patna,Bihar,India,Platinum
CUST2961,Isabella Nath,isabella.nath158@example.com,Female,60,2025-09-08,Hyderabad,Telangana,India,Bronze
CUST2962,Karthik Joshi,karthik.joshi59@example.com,Male,70,2024-12-06,Surat,Gujarat,India,Bronze
CUST2963,Liam Kumar,liam.kumar922@example.com,Male,58,2023-05-16,Jaipur,Rajasthan,India,Bronze
CUST2964,Liam Patel,liam.patel545@example.com,Male,43,2025-09-01,Thiruvananthapuram,Kerala,India,Bronze
CUST2965,Ethan Iyer,ethan.iyer7@example.com,Female,38,2020-07-27,Patna,Bihar,India,Gold
CUST2966,Mia Patel,mia.patel669@example.com,Female,27,2018-02-25,Delhi,Delhi,India,Bronze
CUST2967,Priya Gupta,priya.gupta411@example.com,Female,50,2021-03-20,Coimbatore,Tamil Nadu,India,Bronze
CUST2968,Ethan Khan,ethan.khan673@example.com,Male,22,2021-07-09,Lucknow,Uttar Pradesh,India,Silver
CUST2969,Vivaan Verma,vivaan.verma327@example.com,Male,22,2019-12-15,Delhi,Delhi,India,Bronze
CUST2970,Neha Das,neha.das74@example.com,Male,67,2025-07-20,Surat,Gujarat,India,Bronze
CUST2971,Isha Sharma,isha.sharma584@example.com,Female,23,2024-06-18,Coimbatore,Tamil Nadu,India,Bronze
CUST2972,Saanvi Nath,saanvi.nath329@example.com,Male,49,2022-01-05,Hyderabad,Telangana,India,Bronze
CUST2973,Lucas Sharma,lucas.sharma831@example.com,Male,34,2019-11-23,Nagpur,Maharashtra,India,Platinum
CUST2974,Noah Sharma,noah.sharma73@example.com,Female,59,2023-07-26,Chennai,Tamil Nadu,India,Bronze
CUST2975,Noah Reddy,noah.reddy154@example.com,Male,30,2024-05-30,Jaipur,Rajasthan,India,Silver
CUST2976,Neha Saxena,neha.saxena414@example.com,Male,54,2025-04-05,Indore,Madhya Pradesh,India,Bronze
CUST2977,Sophia Kapoor,sophia.kapoor486@example.com,Male,28,2022-10-13,Thiruvananthapuram,Kerala,India,Gold
CUST2978,Diya Reddy,diya.reddy818@example.com,Female,67,2020-01-30,Kolkata,West Bengal,India,Bronze
CUST2979,Priya Sharma,priya.sharma472@example.com,Female,62,2024-06-20,Bhopal,Madhya Pradesh,India,Bronze
CUST2980,Kabir Trivedi,kabir.trivedi431@example.com,Male,58,2020-05-01,Vijayawada,Andhra Pradesh,India,Gold
CUST2981,Olivia Dasgupta,olivia.dasgupta208@example.com,Male,23,2025-01-24,Coimbatore,Tamil Nadu,India,Bronze
CUST2982,Saanvi Sharma,saanvi.sharma977@example.com,Female,64,2024-06-26,Surat,Gujarat,India,Bronze
CUST2983,Arjun Singh,arjun.singh47@example.com,Male,55,2018-10-11,Visakhapatnam,Andhra Pradesh,India,Silver
CUST2984,Mia Verma,mia.verma498@example.com,Female,35,2021-03-04,Vijayawada,Andhra Pradesh,India,Silver
CUST2985,Lucas Dasgupta,lucas.dasgupta492@example.com,Male,21,2018-01-05,Kolkata,West Bengal,India,Bronze
CUST2986,Maya Bose,maya.bose406@example.com,Male,52,2025-06-18,Nagpur,Maharashtra,India,Bronze
CUST2987,Riya Nath,riya.nath459@example.com,Female,37,2018-12-31,Nagpur,Maharashtra,India,Silver
CUST2988,Priya Verma,priya.verma437@example.com,Female,20,2020-11-18,Surat,Gujarat,India,Bronze
CUST2989,Neha Iyer,neha.iyer362@example.com,Male,32,2023-04-11,Pune,Maharashtra,India,Bronze
CUST2990,Emma Joshi,emma.joshi999@example.com,Male,45,2024-11-30,Hyderabad,Telangana,India,Platinum
CUST2991,Aditi Reddy,aditi.reddy113@example.com,Female,54,2025-04-16,Visakhapatnam,Andhra Pradesh,India,Bronze
CUST2992,Olivia Joshi,olivia.joshi229@example.com,Male,21,2025-10-16,Visakhapatnam,Andhra Pradesh,India,Bronze
CUST2993,Emma Sharma,emma.sharma184@example.com,Male,25,2019-10-24,Bhopal,Madhya Pradesh,India,Bronze
CUST2994,Neha Nair,neha.nair437@example.com,Male,23,2021-07-10,Vadodara,Gujarat,India,Bronze
CUST2995,Rohan Saxena,rohan.saxena871@example.com,Female,54,2021-10-05,Vadodara,Gujarat,India,Bronze
CUST2996,Amelia Dasgupta,amelia.dasgupta424@example.com,Female,33,2021-05-07,Surat,Gujarat,India,Silver
CUST2997,Isabella Dasgupta,isabella.dasgupta764@example.com,Male,63,2020-11-20,Delhi,Delhi,India,Silver
CUST2998,Riya Saxena,riya.saxena125@example.com,Male,56,2024-08-09,Jaipur,Rajasthan,India,Silver
CUST2999,Diya Das,diya.das283@example.com,Female,36,2020-07-16,Vijayawada,Andhra Pradesh,India,Gold
CUST3000,Chloe Chopra,chloe.chopra1281@example.com,Female,61,2025-05-16,Patna,Bihar,India,Bronze
CUST3001,Diya Kumar,diya.kumar608@example.com,Male,44,2019-06-10,Vadodara,Gujarat,India,Silver
CUST3002,Emma Nair,emma.nair590@example.com,Female,52,2025-03-16,Bhopal,Madhya Pradesh,India,Bronze
CUST3003,Amelia Das,amelia.das103@example.com,Male,24,2018-02-02,Vijayawada,Andhra Pradesh,India,Bronze
CUST3004,Vivaan Gupta,vivaan.gupta118@example.com,Female,66,2018-06-27,Thiruvananthapuram,Kerala,India,Bronze
CUST3005,Chloe Kapoor,chloe.kapoor357@example.com,Male,58,2022-08-18,Visakhapatnam,Andhra Pradesh,India,Bronze
CUST3006,Lucas Nath,lucas.nath136@example.com,Female,26,2018-06-02,Jaipur,Rajasthan,India,Bronze
CUST3007,Riya Das,riya.das581@example.com,Male,37,2022-04-12,Delhi,Delhi,India,Bronze
CUST3008,Aria Iyer,aria.iyer581@example.com,Male,19,2019-08-03,Visakhapatnam,Andhra Pradesh,India,Bronze
CUST3009,Mia Patel,mia.patel209@example.com,Female,47,2021-09-27,Coimbatore,Tamil Nadu,India,Gold
CUST3010,Rohan Saxena,rohan.saxena402@example.com,Male,55,2021-10-13,Thiruvananthapuram,Kerala,India,Platinum
CUST3011,Maya Chopra,maya.chopra995@example.com,Female,54,2024-11-01,Pune,Maharashtra,India,Gold
CUST3012,Isha Verma,isha.verma566@example.com,Male,34,2025-10-20,Surat,Gujarat,India,Bronze
CUST3013,Diya Reddy,diya.reddy75@example.com,Male,52,2024-03-05,Visakhapatnam,Andhra Pradesh,India,Bronze
CUST3014,Saanvi Dasgupta,saanvi.dasgupta912@example.com,Male,44,2019-10-08,Kolkata,West Bengal,India,Bronze
CUST3015,Diya Nair,diya.nair318@example.com,Male,29,2020-12-21,Nagpur,Maharashtra,India,Bronze
CUST3016,Arjun Sharma,arjun.sharma309@example.com,Male,46,2024-07-01,Nagpur,Maharashtra,India,Bronze
CUST3017,Olivia Joshi,olivia.joshi801@example.com,Female,19,2018-05-14,Patna,Bihar,India,Silver
CUST3018,Liam Mehta,liam.mehta728@example.com,Female,27,2024-05-19,Lucknow,Uttar Pradesh,India,Bronze
CUST3019,Sophia Kumar,sophia.kumar157@example.com,Female,59,2019-01-03,Thiruvananthapuram,Kerala,India,Bronze
CUST3020,Riya Reddy,riya.reddy477@example.com,Male,20,2021-05-22,Pune,Maharashtra,India,Silver
CUST3021,Vivaan Singh,vivaan.singh234@example.com,Female,68,2022-02-10,Mumbai,Maharashtra,India,Bronze
CUST3022,Ethan Trivedi,ethan.trivedi625@example.com,Female,45,2022-05-20,Surat,Gujarat,India,Bronze
CUST3023,Mia Mehta,mia.mehta748@example.com,Female,66,2019-10-16,Pune,Maharashtra,India,Bronze
CUST3024,Rohan Singh,rohan.singh639@example.com,Female,18,2019-07-13,Bengaluru,Karnataka,India,Bronze
CUST3025,Priya Nath,priya.nath111@example.com,Male,18,2020-07-29,Bengaluru,Karnataka,India,Bronze
CUST3026,Isha Chopra,isha.chopra480@example.com,Male,64,2025-10-06,Chennai,Tamil Nadu,India,Silver
CUST3027,Neha Bose,neha.bose374@example.com,Female,18,2022-11-28,Nagpur,Maharashtra,India,Bronze
CUST3028,Kabir Saxena,kabir.saxena625@example.com,Male,70,2021-07-15,Jaipur,Rajasthan,India,Gold
CUST3029,Vivaan Gupta,vivaan.gupta285@example.com,Female,31,2018-08-18,Delhi,Delhi,India,Gold
CUST3030,Ananya Iyer,ananya.iyer753@example.com,Female,67,2020-11-24,Thiruvananthapuram,Kerala,India,Bronze
CUST3031,Aarav Nair,aarav.nair278@example.com,Female,68,2019-06-24,Mumbai,Maharashtra,India,Bronze
CUST3032,Riya Bose,riya.bose70@example.com,Female,69,2024-07-09,Bengaluru,Karnataka,India,Bronze
CUST3033,Olivia Gupta,olivia.gupta981@example.com,Male,69,2019-06-27,Ahmedabad,Gujarat,India,Bronze
CUST3034,Karthik Kumar,karthik.kumar450@example.com,Female,64,2022-08-22,Lucknow,Uttar Pradesh,India,Silver
CUST3035,Maya Bose,maya.bose748@example.com,Female,24,2023-05-05,Thiruvananthapuram,Kerala,India,Bronze
CUST3036,Isha Chopra,isha.chopra109@example.com,Female,56,2020-01-20,Lucknow,Uttar Pradesh,India,Bronze
CUST3037,Karthik Trivedi,karthik.trivedi233@example.com,Female,46,2019-09-24,Thiruvananthapuram,Kerala,India,Silver
CUST3038,Rahul Kapoor,rahul.kapoor894@example.com,Female,29,2019-09-30,Surat,Gujarat,India,Bronze
CUST3039,Lucas Nath,lucas.nath801@example.com,Female,42,2022-06-03,Patna,Bihar,India,Bronze
CUST3040,Isha Kapoor,isha.kapoor743@example.com,Female,33,2023-06-12,Jaipur,Rajasthan,India,Silver
CUST3041,Aditi Nath,aditi.nath788@example.com,Female,68,2020-02-03,Chennai,Tamil Nadu,India,Bronze
CUST3042,Aditya Kumar,aditya.kumar123@example.com,Female,50,2018-06-21,Jaipur,Rajasthan,India,Silver
CUST3043,Olivia Trivedi,olivia.trivedi426@example.com,Female,65,2024-11-20,Mumbai,Maharashtra,India,Silver
CUST3044,Chloe Reddy,chloe.reddy466@example.com,Female,70,2023-06-09,Ahmedabad,Gujarat,India,Silver
CUST3045,Lucas Iyer,lucas.iyer613@example.com,Male,24,2024-08-04,Vadodara,Gujarat,India,Silver
CUST3046,Olivia Verma,olivia.verma183@example.com,Female,65,2019-03-25,Thiruvananthapuram,Kerala,India,Bronze
CUST3047,Ananya Singh,ananya.singh928@example.com,Female,42,2020-11-08,Jaipur,Rajasthan,India,Bronze
CUST3048,Aditi Gupta,aditi.gupta168@example.com,Male,36,2019-09-05,Kolkata,West Bengal,India,Bronze
CUST3049,Ananya Joshi,ananya.joshi696@example.com,Male,69,2020-12-03,Vijayawada,Andhra Pradesh,India,Gold
CUST3050,Priya Nair,priya.nair931@example.com,Male,65,2018-01-07,Patna,Bihar,India,Silver
CUST3051,Saanvi Dasgupta,saanvi.dasgupta302@example.com,Male,19,2021-06-02,Bhopal,Madhya Pradesh,India,Silver
CUST3052,Kabir Kapoor,kabir.kapoor614@example.com,Female,39,2018-02-18,Lucknow,Uttar Pradesh,India,Bronze
CUST3053,Lucas Gupta,lucas.gupta11@example.com,Female,57,2025-08-30,Coimbatore,Tamil Nadu,India,Silver
CUST3054,Noah Verma,noah.verma6131@example.com,Male,61,2023-01-10,Thiruvananthapuram,Kerala,India,Bronze
CUST3055,Olivia Gupta,olivia.gupta407@example.com,Male,60,2020-05-06,Hyderabad,Telangana,India,Gold
CUST3056,Aria Mehta,aria.mehta425@example.com,Male,29,2023-01-27,Thiruvananthapuram,Kerala,India,Bronze
CUST3057,Lucas Gupta,lucas.gupta164@example.com,Female,54,2019-09-22,Bengaluru,Karnataka,India,Bronze
CUST3058,Chloe Joshi,chloe.joshi358@example.com,Female,27,2024-10-12,Kolkata,West Bengal,India,Bronze
CUST3059,Karthik Nath,karthik.nath743@example.com,Female,27,2024-08-23,Ahmedabad,Gujarat,India,Bronze
CUST3060,Rahul Chopra,rahul.chopra224@example.com,Male,55,2021-07-25,Surat,Gujarat,India,Silver
CUST3061,Olivia Nath,olivia.nath412@example.com,Male,33,2023-03-13,Kolkata,West Bengal,India,Silver
CUST3062,Ananya Saxena,ananya.saxena741@example.com,Male,66,2020-01-07,Mumbai,Maharashtra,India,Bronze
CUST3063,Aditya Mehta,aditya.mehta680@example.com,Male,50,2018-04-21,Patna,Bihar,India,Bronze
CUST3064,Saanvi Nair,saanvi.nair742@example.com,Male,59,2024-01-14,Mumbai,Maharashtra,India,Bronze
CUST3065,Sophia Trivedi,sophia.trivedi873@example.com,Female,63,2019-10-06,Delhi,Delhi,India,Silver
CUST3066,Aditya Gupta,aditya.gupta871@example.com,Male,29,2018-11-09,Visakhapatnam,Andhra Pradesh,India,Silver
CUST3067,Rohan Patel,rohan.patel729@example.com,Male,27,2022-11-19,Patna,Bihar,India,Bronze
CUST3068,Kabir Joshi,kabir.joshi306@example.com,Female,24,2024-07-15,Chennai,Tamil Nadu,India,Bronze
CUST3069,Isha Trivedi,isha.trivedi551@example.com,Male,37,2021-06-05,Kolkata,West Bengal,India,Silver
CUST3070,Noah Sharma,noah.sharma44@example.com,Female,29,2024-05-23,Bhopal,Madhya Pradesh,India,Gold
CUST3071,Kabir Bose,kabir.bose654@example.com,Female,33,2021-07-08,Bhopal,Madhya Pradesh,India,Bronze
CUST3072,Emma Joshi,emma.joshi654@example.com,Male,43,2021-06-27,Chennai,Tamil Nadu,India,Bronze
CUST3073,Emma Singh,emma.singh223@example.com,Male,29,2019-04-03,Vadodara,Gujarat,India,Bronze
CUST3074,Amelia Chopra,amelia.chopra829@example.com,Male,22,2020-03-02,Hyderabad,Telangana,India,Bronze
CUST3075,Olivia Reddy,olivia.reddy5658@example.com,Male,34,2023-12-19,Pune,Maharashtra,India,Silver
CUST3076,Arjun Dasgupta,arjun.dasgupta751@example.com,Female,50,2024-05-16,Chennai,Tamil Nadu,India,Bronze
CUST3077,Isabella Saxena,isabella.saxena458@example.com,Male,66,2022-07-23,Vijayawada,Andhra Pradesh,India,Silver
CUST3078,Aria Das,aria.das590@example.com,Female,24,2025-04-23,Hyderabad,Telangana,India,Bronze
CUST3079,Saanvi Patel,saanvi.patel754@example.com,Female,21,2020-06-17,Nagpur,Maharashtra,India,Bronze
CUST3080,Aarav Gupta,aarav.gupta724@example.com,Male,18,2021-11-25,Pune,Maharashtra,India,Silver
CUST3081,Maya Mehta,maya.mehta199@example.com,Female,30,2019-01-30,Bengaluru,Karnataka,India,Bronze
CUST3082,Vivaan Mehta,vivaan.mehta830@example.com,Male,33,2023-12-09,Jaipur,Rajasthan,India,Bronze
CUST3083,Aarav Verma,aarav.verma567@example.com,Female,44,2024-11-27,Hyderabad,Telangana,India,Silver
CUST3084,Sophia Saxena,sophia.saxena64@example.com,Male,43,2023-12-28,Nagpur,Maharashtra,India,Bronze
CUST3085,Aditi Chopra,aditi.chopra956@example.com,Male,32,2019-12-28,Patna,Bihar,India,Platinum
CUST3086,Saanvi Kapoor,saanvi.kapoor625@example.com,Female,61,2020-04-14,Pune,Maharashtra,India,Silver
CUST3087,Neha Reddy,neha.reddy518@example.com,Male,25,2025-01-29,Patna,Bihar,India,Gold
CUST3088,Mia Joshi,mia.joshi182@example.com,Male,24,2020-10-12,Nagpur,Maharashtra,India,Bronze
CUST3089,Mia Patel,mia.patel1@example.com,Other,30,2019-09-28,Bhopal,Madhya Pradesh,India,Silver
CUST3090,Saanvi Iyer,saanvi.iyer735@example.com,Female,24,2025-07-19,Patna,Bihar,India,Silver
CUST3091,Emma Iyer,emma.iyer358@example.com,Female,47,2024-09-23,Delhi,Delhi,India,Bronze
CUST3092,Rahul Sharma,rahul.sharma416@example.com,Female,48,2023-07-13,Coimbatore,Tamil Nadu,India,Bronze
CUST3093,Vivaan Chopra,vivaan.chopra774@example.com,Female,41,2024-07-11,Hyderabad,Telangana,India,Bronze
CUST3094,Chloe Trivedi,chloe.trivedi536@example.com,Male,59,2020-12-27,Jaipur,Rajasthan,India,Silver
CUST3095,Aria Singh,aria.singh479@example.com,Female,44,2019-04-24,Indore,Madhya Pradesh,India,Gold
CUST3096,Olivia Patel,olivia.patel361@example.com,Other,44,2024-07-01,Patna,Bihar,India,Silver
CUST3097,Maya Dasgupta,maya.dasgupta359@example.com,Female,29,2025-07-30,Bengaluru,Karnataka,India,Platinum
CUST3098,Ethan Singh,ethan.singh719@example.com,Male,41,2025-10-21,Coimbatore,Tamil Nadu,India,Bronze
CUST3099,Mia Gupta,mia.gupta627@example.com,Female,54,2019-01-21,Kolkata,West Bengal,India,Bronze
CUST3100,Saanvi Dasgupta,saanvi.dasgupta632@example.com,Female,54,2019-10-28,Surat,Gujarat,India,Bronze
CUST3101,Aria Das,aria.das688@example.com,Male,58,2018-02-06,Indore,Madhya Pradesh,India,Silver
CUST3102,Chloe Singh,chloe.singh594@example.com,Female,19,2022-12-28,Lucknow,Uttar Pradesh,India,Silver
CUST3103,Sai Saxena,sai.saxena422@example.com,Male,37,2018-09-15,Indore,Madhya Pradesh,India,Bronze
CUST3104,Priya Khan,priya.khan23@example.com,Female,53,2024-09-04,Indore,Madhya Pradesh,India,Bronze
CUST3105,Noah Khan,noah.khan262@example.com,Female,61,2024-12-05,Vijayawada,Andhra Pradesh,India,Bronze
CUST3106,Isha Reddy,isha.reddy977@example.com,Female,69,2024-10-27,Bhopal,Madhya Pradesh,India,Silver
CUST3107,Arjun Chopra,arjun.chopra474@example.com,Male,47,2023-10-27,Surat,Gujarat,India,Bronze
CUST3108,Emma Nath,emma.nath550@example.com,Female,24,2022-04-09,Ahmedabad,Gujarat,India,Silver
CUST3109,Maya Sharma,maya.sharma272@example.com,Male,18,2024-10-13,Hyderabad,Telangana,India,Silver
CUST3110,Rohan Joshi,rohan.joshi897@example.com,Male,28,2019-04-30,Mumbai,Maharashtra,India,Bronze
CUST3111,Sai Bose,sai.bose41@example.com,Male,36,2024-03-14,Vadodara,Gujarat,India,Gold
CUST3112,Aarav Trivedi,aarav.trivedi184@example.com,Male,34,2022-01-08,Bhopal,Madhya Pradesh,India,Bronze
CUST3113,Diya Sharma,diya.sharma570@example.com,Female,54,2024-03-25,Pune,Maharashtra,India,Gold
CUST3114,Lucas Kumar,lucas.kumar338@example.com,Female,60,2024-01-25,Patna,Bihar,India,Bronze
CUST3115,Aria Khan,aria.khan269@example.com,Female,65,2019-03-11,Patna,Bihar,India,Bronze
CUST3116,Isabella Iyer,isabella.iyer15@example.com,Male,46,2022-02-26,Bengaluru,Karnataka,India,Bronze
CUST3117,Saanvi Kumar,saanvi.kumar696@example.com,Male,42,2025-08-12,Coimbatore,Tamil Nadu,India,Bronze
CUST3118,Chloe Saxena,chloe.saxena365@example.com,Female,19,2022-01-04,Coimbatore,Tamil Nadu,India,Bronze
CUST3119,Maya Das,maya.das786@example.com,Female,70,2022-12-01,Patna,Bihar,India,Silver
CUST3120,Chloe Dasgupta,chloe.dasgupta443@example.com,Male,21,2023-08-21,Thiruvananthapuram,Kerala,India,Gold
CUST3121,Amelia Sharma,amelia.sharma670@example.com,Male,48,2019-10-26,Nagpur,Maharashtra,India,Gold
CUST3122,Lucas Kumar,lucas.kumar32@example.com,Male,66,2020-04-15,Nagpur,Maharashtra,India,Bronze
CUST3123,Olivia Patel,olivia.patel49@example.com,Male,36,2021-05-26,Lucknow,Uttar Pradesh,India,Bronze
CUST3124,Aria Kumar,aria.kumar403@example.com,Female,60,2021-11-05,Nagpur,Maharashtra,India,Bronze
CUST3125,Amelia Joshi,amelia.joshi839@example.com,Female,28,2021-05-17,Mumbai,Maharashtra,India,Bronze
CUST3126,Lucas Singh,lucas.singh120@example.com,Male,40,2024-11-08,Vadodara,Gujarat,India,Bronze
CUST3127,Kabir Singh,kabir.singh323@example.com,Female,67,2020-01-01,Hyderabad,Telangana,India,Gold
CUST3128,Ananya Patel,ananya.patel624@example.com,Male,33,2020-06-01,Ahmedabad,Gujarat,India,Bronze
CUST3129,Aarav Das,aarav.das511@example.com,Male,42,2021-05-28,Patna,Bihar,India,Bronze
CUST3130,Lucas Mehta,lucas.mehta382@example.com,Female,56,2022-11-26,Surat,Gujarat,India,Bronze
CUST3131,Isabella Iyer,isabella.iyer548@example.com,Male,18,2023-06-27,Delhi,Delhi,India,Platinum
CUST3132,Riya Mehta,riya.mehta747@example.com,Male,24,2019-11-12,Vadodara,Gujarat,India,Bronze
CUST3133,Emma Iyer,emma.iyer404@example.com,Male,29,2019-01-10,Delhi,Delhi,India,Gold
CUST3134,Mia Khan,mia.khan243@example.com,Female,58,2019-08-10,Indore,Madhya Pradesh,India,Bronze
CUST3135,Neha Das,neha.das549@example.com,Female,64,2020-10-06,Vadodara,Gujarat,India,Bronze
CUST3136,Rahul Mehta,rahul.mehta568@example.com,Male,29,2024-07-21,Ahmedabad,Gujarat,India,Bronze
CUST3137,Ethan Verma,ethan.verma144@example.com,Female,38,2019-02-20,Coimbatore,Tamil Nadu,India,Bronze
CUST3138,Rohan Mehta,rohan.mehta501@example.com,Male,23,2023-01-12,Delhi,Delhi,India,Bronze
CUST3139,Amelia Kumar,amelia.kumar542@example.com,Female,21,2022-01-27,Ahmedabad,Gujarat,India,Bronze
CUST3140,Isha Bose,isha.bose466@example.com,Male,48,2020-08-01,Visakhapatnam,Andhra Pradesh,India,Silver
CUST3141,Karthik Singh,karthik.singh305@example.com,Male,51,2021-04-26,Chennai,Tamil Nadu,India,Silver
CUST3142,Isabella Bose,isabella.bose122@example.com,Male,37,2024-05-28,Indore,Madhya Pradesh,India,Bronze
CUST3143,Riya Saxena,riya.saxena209@example.com,Male,32,2023-06-24,Bhopal,Madhya Pradesh,India,Bronze
CUST3144,Diya Nair,diya.nair128@example.com,Female,44,2018-12-07,Delhi,Delhi,India,Silver
CUST3145,Diya Kapoor,diya.kapoor941@example.com,Female,29,2022-10-16,Mumbai,Maharashtra,India,Bronze
CUST3146,Rohan Trivedi,rohan.trivedi911@example.com,Male,53,2018-10-07,Visakhapatnam,Andhra Pradesh,India,Silver
CUST3147,Kabir Trivedi,kabir.trivedi487@example.com,Male,36,2024-03-22,Nagpur,Maharashtra,India,Bronze
CUST3148,Noah Reddy,noah.reddy321@example.com,Male,46,2025-10-03,Ahmedabad,Gujarat,India,Bronze
CUST3149,Ethan Nair,ethan.nair949@example.com,Male,32,2023-05-31,Bhopal,Madhya Pradesh,India,Bronze
CUST3150,Rohan Nath,rohan.nath885@example.com,Male,45,2025-09-09,Thiruvananthapuram,Kerala,India,Bronze
CUST3151,Isha Joshi,isha.joshi509@example.com,Male,48,2022-12-19,Coimbatore,Tamil Nadu,India,Gold
CUST3152,Sophia Joshi,sophia.joshi603@example.com,Female,37,2020-07-08,Pune,Maharashtra,India,Silver
CUST3153,Sai Nath,sai.nath620@example.com,Female,42,2025-01-20,Nagpur,Maharashtra,India,Bronze
CUST3154,Chloe Mehta,chloe.mehta54@example.com,Female,54,2024-07-27,Bengaluru,Karnataka,India,Silver
CUST3155,Arjun Kumar,arjun.kumar546@example.com,Female,39,2023-05-19,Jaipur,Rajasthan,India,Bronze
CUST3156,Maya Iyer,maya.iyer853@example.com,Female,63,2021-10-26,Hyderabad,Telangana,India,Bronze
CUST3157,Aditya Trivedi,aditya.trivedi609@example.com,Male,51,2021-04-04,Ahmedabad,Gujarat,India,Bronze
CUST3158,Riya Joshi,riya.joshi284@example.com,Female,50,2023-10-18,Ahmedabad,Gujarat,India,Silver
CUST3159,Chloe Saxena,chloe.saxena742@example.com,Male,41,2022-11-30,Hyderabad,Telangana,India,Bronze
CUST3160,Chloe Verma,chloe.verma844@example.com,Female,49,2021-09-07,Vijayawada,Andhra Pradesh,India,Bronze
CUST3161,Rohan Singh,rohan.singh969@example.com,Female,25,2024-08-23,Mumbai,Maharashtra,India,Bronze
CUST3162,Aditya Bose,aditya.bose764@example.com,Female,64,2024-01-16,Vadodara,Gujarat,India,Silver
CUST3163,Noah Reddy,noah.reddy840@example.com,Male,51,2024-01-23,Pune,Maharashtra,India,Silver
CUST3164,Amelia Bose,amelia.bose921@example.com,Male,18,2021-09-06,Vijayawada,Andhra Pradesh,India,Bronze
CUST3165,Amelia Das,amelia.das948@example.com,Male,24,2020-12-25,Pune,Maharashtra,India,Bronze
CUST3166,Mia Gupta,mia.gupta536@example.com,Other,51,2019-03-06,Delhi,Delhi,India,Bronze
CUST3167,Saanvi Sharma,saanvi.sharma215@example.com,Female,39,2022-11-15,Patna,Bihar,India,Bronze
CUST3168,Aditya Nath,aditya.nath252@example.com,Female,49,2024-01-16,Delhi,Delhi,India,Bronze
CUST3169,Amelia Mehta,amelia.mehta591@example.com,Male,70,2018-04-03,Vadodara,Gujarat,India,Silver
CUST3170,Isabella Nath,isabella.nath646@example.com,Female,24,2022-12-29,Indore,Madhya Pradesh,India,Bronze
CUST3171,Karthik Mehta,karthik.mehta152@example.com,Female,45,2022-09-29,Vijayawada,Andhra Pradesh,India,Bronze
CUST3172,Ethan Verma,ethan.verma92@example.com,Female,60,2021-07-06,Bhopal,Madhya Pradesh,India,Bronze
CUST3173,Aarav Bose,aarav.bose985@example.com,Female,67,2025-07-02,Surat,Gujarat,India,Bronze
CUST3174,Noah Joshi,noah.joshi21@example.com,Female,25,2019-05-15,Vijayawada,Andhra Pradesh,India,Bronze
CUST3175,Sophia Reddy,sophia.reddy11@example.com,Male,52,2019-05-30,Vijayawada,Andhra Pradesh,India,Platinum
CUST3176,Riya Singh,riya.singh662@example.com,Female,40,2019-05-12,Jaipur,Rajasthan,India,Silver
CUST3177,Vivaan Nath,vivaan.nath61@example.com,Female,38,2024-01-01,Chennai,Tamil Nadu,India,Gold
CUST3178,Olivia Patel,olivia.patel44@example.com,Male,21,2019-07-10,Ahmedabad,Gujarat,India,Bronze
CUST3179,Aditi Nair,aditi.nair411@example.com,Male,39,2025-10-26,Bhopal,Madhya Pradesh,India,Bronze
CUST3180,Priya Joshi,priya.joshi144@example.com,Female,23,2020-06-07,Visakhapatnam,Andhra Pradesh,India,Bronze
CUST3181,Aria Joshi,aria.joshi582@example.com,Male,40,2020-09-18,Vadodara,Gujarat,India,Bronze
CUST3182,Aarav Mehta,aarav.mehta558@example.com,Male,66,2022-10-29,Delhi,Delhi,India,Bronze
CUST3183,Riya Bose,riya.bose682@example.com,Male,59,2021-10-01,Coimbatore,Tamil Nadu,India,Silver
CUST3184,Diya Nath,diya.nath500@example.com,Female,40,2021-11-21,Chennai,Tamil Nadu,India,Bronze
CUST3185,Riya Iyer,riya.iyer403@example.com,Female,57,2018-06-24,Kolkata,West Bengal,India,Silver
CUST3186,Amelia Iyer,amelia.iyer483@example.com,Female,47,2018-04-26,Hyderabad,Telangana,India,Bronze
CUST3187,Neha Joshi,neha.joshi420@example.com,Male,33,2021-04-23,Hyderabad,Telangana,India,Bronze
CUST3188,Priya Das,priya.das263@example.com,Male,63,2025-08-29,Nagpur,Maharashtra,India,Bronze
CUST3189,Chloe Patel,chloe.patel639@example.com,Other,47,2021-08-17,Pune,Maharashtra,India,Bronze
CUST3190,Isabella Dasgupta,isabella.dasgupta420@example.com,Female,20,2022-03-10,Chennai,Tamil Nadu,India,Bronze
CUST3191,Noah Trivedi,noah.trivedi560@example.com,Male,49,2020-05-26,Bengaluru,Karnataka,India,Bronze
CUST3192,Kabir Chopra,kabir.chopra214@example.com,Male,50,2019-02-24,Lucknow,Uttar Pradesh,India,Silver
CUST3193,Noah Das,noah.das465@example.com,Male,66,2024-06-29,Jaipur,Rajasthan,India,Bronze
CUST3194,Lucas Nair,lucas.nair949@example.com,Male,44,2024-06-13,Mumbai,Maharashtra,India,Bronze
CUST3195,Priya Das,priya.das712@example.com,Female,60,2024-10-21,Bengaluru,Karnataka,India,Bronze
CUST3196,Ananya Kapoor,ananya.kapoor550@example.com,Female,35,2024-11-18,Bhopal,Madhya Pradesh,India,Bronze
CUST3197,Isha Mehta,isha.mehta773@example.com,Other,25,2020-08-29,Surat,Gujarat,India,Bronze
CUST3198,Chloe Bose,chloe.bose140@example.com,Female,25,2023-02-01,Lucknow,Uttar Pradesh,India,Gold
CUST3199,Aarav Chopra,aarav.chopra826@example.com,Female,53,2019-05-06,Chennai,Tamil Nadu,India,Silver
CUST3200,Ethan Das,ethan.das795@example.com,Female,20,2020-04-11,Ahmedabad,Gujarat,India,Gold
CUST3201,Sophia Kapoor,sophia.kapoor779@example.com,Female,22,2023-09-09,Thiruvananthapuram,Kerala,India,Bronze
CUST3202,Kabir Bose,kabir.bose668@example.com,Female,50,2020-06-30,Jaipur,Rajasthan,India,Bronze
CUST3203,Riya Khan,riya.khan461@example.com,Male,34,2019-01-22,Jaipur,Rajasthan,India,Silver
CUST3204,Aria Sharma,aria.sharma638@example.com,Female,40,2020-03-01,Bhopal,Madhya Pradesh,India,Silver
CUST3205,Isabella Chopra,isabella.chopra993@example.com,Male,52,2019-06-08,Coimbatore,Tamil Nadu,India,Bronze
CUST3206,Isha Gupta,isha.gupta994@example.com,Male,34,2018-10-05,Hyderabad,Telangana,India,Gold
CUST3207,Diya Reddy,diya.reddy626@example.com,Male,59,2021-12-29,Indore,Madhya Pradesh,India,Bronze
CUST3208,Aarav Das,aarav.das777@example.com,Male,19,2018-08-20,Thiruvananthapuram,Kerala,India,Silver
CUST3209,Ethan Das,ethan.das103@example.com,Female,28,2021-01-13,Visakhapatnam,Andhra Pradesh,India,Platinum
CUST3210,Diya Trivedi,diya.trivedi659@example.com,Male,57,2023-06-01,Vadodara,Gujarat,India,Bronze
CUST3211,Liam Singh,liam.singh148@example.com,Female,52,2023-03-23,Bengaluru,Karnataka,India,Bronze
CUST3212,Emma Trivedi,emma.trivedi487@example.com,Male,42,2020-11-13,Vijayawada,Andhra Pradesh,India,Bronze
CUST3213,Ananya Gupta,ananya.gupta383@example.com,Male,49,2021-05-07,Kolkata,West Bengal,India,Bronze
CUST3214,Aarav Das,aarav.das853@example.com,Female,59,2025-07-21,Pune,Maharashtra,India,Bronze
CUST3215,Arjun Patel,arjun.patel547@example.com,Female,21,2018-05-26,Pune,Maharashtra,India,Bronze
CUST3216,Rohan Chopra,rohan.chopra102@example.com,Female,31,2018-07-25,Thiruvananthapuram,Kerala,India,Bronze
CUST3217,Maya Joshi,maya.joshi460@example.com,Female,28,2018-08-18,Kolkata,West Bengal,India,Silver
CUST3218,Vivaan Saxena,vivaan.saxena344@example.com,Female,33,2022-05-21,Nagpur,Maharashtra,India,Silver
CUST3219,Aditya Nath,aditya.nath370@example.com,Male,52,2024-07-17,Bengaluru,Karnataka,India,Bronze
CUST3220,Aditi Khan,aditi.khan620@example.com,Male,21,2019-01-28,Thiruvananthapuram,Kerala,India,Bronze
CUST3221,Rahul Nath,rahul.nath989@example.com,Male,69,2023-03-05,Pune,Maharashtra,India,Silver
CUST3222,Aditya Nair,aditya.nair771@example.com,Female,59,2023-01-24,Hyderabad,Telangana,India,Bronze
CUST3223,Arjun Nair,arjun.nair554@example.com,Female,54,2018-06-18,Bhopal,Madhya Pradesh,India,Bronze
CUST3224,Aditya Joshi,aditya.joshi508@example.com,Male,25,2018-04-13,Lucknow,Uttar Pradesh,India,Bronze
CUST3225,Amelia Das,amelia.das762@example.com,Male,25,2023-07-25,Chennai,Tamil Nadu,India,Bronze
CUST3226,Maya Reddy,maya.reddy486@example.com,Female,47,2020-11-17,Ahmedabad,Gujarat,India,Bronze
CUST3227,Vivaan Singh,vivaan.singh845@example.com,Male,37,2021-04-15,Kolkata,West Bengal,India,Bronze
CUST3228,Sai Reddy,sai.reddy664@example.com,Male,27,2021-11-03,Hyderabad,Telangana,India,Bronze
CUST3229,Sophia Das,sophia.das774@example.com,Male,64,2025-06-14,Bengaluru,Karnataka,India,Bronze
CUST3230,Riya Bose,riya.bose817@example.com,Female,29,2022-03-20,Vadodara,Gujarat,India,Bronze
CUST3231,Noah Gupta,noah.gupta431@example.com,Female,40,2021-07-17,Chennai,Tamil Nadu,India,Bronze
CUST3232,Sai Khan,sai.khan419@example.com,Male,47,2024-10-04,Ahmedabad,Gujarat,India,Silver
CUST3233,Aarav Singh,aarav.singh277@example.com,Female,70,2025-10-05,Visakhapatnam,Andhra Pradesh,India,Bronze
CUST3234,Karthik Patel,karthik.patel392@example.com,Male,24,2019-03-12,Vijayawada,Andhra Pradesh,India,Silver
CUST3235,Rahul Trivedi,rahul.trivedi596@example.com,Female,23,2019-12-01,Nagpur,Maharashtra,India,Bronze
CUST3236,Priya Dasgupta,priya.dasgupta751@example.com,Female,52,2022-08-22,Lucknow,Uttar Pradesh,India,Bronze
CUST3237,Neha Kapoor,neha.kapoor691@example.com,Male,31,2023-03-14,Coimbatore,Tamil Nadu,India,Platinum
CUST3238,Amelia Sharma,amelia.sharma513@example.com,Female,37,2023-02-12,Lucknow,Uttar Pradesh,India,Bronze
CUST3239,Emma Iyer,emma.iyer449@example.com,Female,53,2018-12-29,Vijayawada,Andhra Pradesh,India,Bronze
CUST3240,Vivaan Khan,vivaan.khan299@example.com,Female,54,2019-06-20,Delhi,Delhi,India,Bronze
CUST3241,Vivaan Kumar,vivaan.kumar414@example.com,Female,64,2023-12-08,Pune,Maharashtra,India,Bronze
CUST3242,Emma Singh,emma.singh854@example.com,Male,38,2020-08-01,Lucknow,Uttar Pradesh,India,Bronze
CUST3243,Rohan Chopra,rohan.chopra277@example.com,Male,20,2023-08-28,Hyderabad,Telangana,India,Bronze
CUST3244,Sophia Kapoor,sophia.kapoor421@example.com,Male,45,2020-02-07,Kolkata,West Bengal,India,Silver
CUST3245,Aarav Gupta,aarav.gupta68@example.com,Other,30,2023-07-07,Kolkata,West Bengal,India,Gold
CUST3246,Karthik Mehta,karthik.mehta2@example.com,Female,66,2020-06-11,Bengaluru,Karnataka,India,Bronze
CUST3247,Aarav Trivedi,aarav.trivedi532@example.com,Male,68,2021-04-09,Coimbatore,Tamil Nadu,India,Bronze
CUST3248,Sophia Patel,sophia.patel627@example.com,Male,51,2023-11-05,Vijayawada,Andhra Pradesh,India,Silver
CUST3249,Sophia Reddy,sophia.reddy125@example.com,Male,43,2018-01-11,Bengaluru,Karnataka,India,Bronze
CUST3250,Isabella Reddy,isabella.reddy394@example.com,Female,65,2025-01-15,Kolkata,West Bengal,India,Silver
CUST3251,Sai Khan,sai.khan207@example.com,Female,65,2024-07-11,Patna,Bihar,India,Gold
CUST3252,Sophia Bose,sophia.bose758@example.com,Female,20,2022-05-10,Bengaluru,Karnataka,India,Bronze
CUST3253,Emma Mehta,emma.mehta308@example.com,Female,23,2024-02-22,Nagpur,Maharashtra,India,Bronze
CUST3254,Isha Joshi,isha.joshi251@example.com,Male,19,2024-09-10,Vijayawada,Andhra Pradesh,India,Bronze
CUST3255,Noah Iyer,noah.iyer256@example.com,Male,24,2020-09-27,Indore,Madhya Pradesh,India,Bronze
CUST3256,Arjun Kapoor,arjun.kapoor904@example.com,Male,23,2025-06-05,Vadodara,Gujarat,India,Bronze
CUST3257,Karthik Das,karthik.das338@example.com,Female,66,2024-06-06,Ahmedabad,Gujarat,India,Bronze
CUST3258,Aarav Nair,aarav.nair652@example.com,Male,60,2018-02-19,Delhi,Delhi,India,Bronze
CUST3259,Rahul Iyer,rahul.iyer285@example.com,Male,19,2023-01-03,Surat,Gujarat,India,Bronze
CUST3260,Sophia Saxena,sophia.saxena612@example.com,Male,55,2021-01-24,Coimbatore,Tamil Nadu,India,Bronze
CUST3261,Sai Kumar,sai.kumar98@example.com,Male,26,2020-12-29,Bengaluru,Karnataka,India,Silver
CUST3262,Olivia Trivedi,olivia.trivedi933@example.com,Male,50,2019-09-16,Kolkata,West Bengal,India,Silver
CUST3263,Rohan Bose,rohan.bose611@example.com,Female,36,2018-01-05,Kolkata,West Bengal,India,Platinum
CUST3264,Priya Singh,priya.singh35@example.com,Female,50,2018-10-14,Thiruvananthapuram,Kerala,India,Bronze
CUST3265,Rahul Singh,rahul.singh479@example.com,Male,40,2025-02-22,Pune,Maharashtra,India,Bronze
CUST3266,Ananya Iyer,ananya.iyer353@example.com,Other,19,2018-02-04,Ahmedabad,Gujarat,India,Bronze
CUST3267,Aria Patel,aria.patel791@example.com,Female,26,2024-03-09,Surat,Gujarat,India,Bronze
CUST3268,Arjun Chopra,arjun.chopra961@example.com,Male,29,2025-01-30,Surat,Gujarat,India,Bronze
CUST3269,Aarav Dasgupta,aarav.dasgupta682@example.com,Female,43,2019-04-14,Mumbai,Maharashtra,India,Bronze
CUST3270,Aria Gupta,aria.gupta225@example.com,Male,45,2022-07-31,Bengaluru,Karnataka,India,Bronze
CUST3271,Sai Trivedi,sai.trivedi249@example.com,Female,47,2018-12-21,Bengaluru,Karnataka,India,Bronze
CUST3272,Chloe Gupta,chloe.gupta206@example.com,Other,26,2024-05-14,Nagpur,Maharashtra,India,Bronze
CUST3273,Aditya Singh,aditya.singh31@example.com,Female,34,2023-12-21,Visakhapatnam,Andhra Pradesh,India,Bronze
CUST3274,Emma Chopra,emma.chopra446@example.com,Female,32,2020-11-25,Ahmedabad,Gujarat,India,Bronze
CUST3275,Vivaan Dasgupta,vivaan.dasgupta671@example.com,Male,27,2022-12-07,Nagpur,Maharashtra,India,Platinum
CUST3276,Isabella Dasgupta,isabella.dasgupta393@example.com,Female,19,2019-03-15,Vadodara,Gujarat,India,Bronze
CUST3277,Diya Sharma,diya.sharma375@example.com,Female,65,2025-01-07,Pune,Maharashtra,India,Platinum
CUST3278,Riya Khan,riya.khan866@example.com,Male,33,2021-12-03,Patna,Bihar,India,Platinum
CUST3279,Aditya Khan,aditya.khan420@example.com,Female,28,2021-07-25,Chennai,Tamil Nadu,India,Silver
CUST3280,Sai Bose,sai.bose685@example.com,Female,43,2023-01-30,Bengaluru,Karnataka,India,Bronze
CUST3281,Isabella Chopra,isabella.chopra721@example.com,Female,40,2022-06-28,Kolkata,West Bengal,India,Gold
CUST3282,Isha Reddy,isha.reddy980@example.com,Female,46,2022-08-02,Patna,Bihar,India,Bronze
CUST3283,Isabella Das,isabella.das810@example.com,Female,48,2023-03-29,Delhi,Delhi,India,Silver
CUST3284,Sophia Kumar,sophia.kumar655@example.com,Male,18,2018-05-30,Nagpur,Maharashtra,India,Platinum
CUST3285,Arjun Kapoor,arjun.kapoor311@example.com,Female,48,2021-05-19,Kolkata,West Bengal,India,Bronze
CUST3286,Rahul Das,rahul.das832@example.com,Male,21,2021-06-12,Nagpur,Maharashtra,India,Gold
CUST3287,Mia Joshi,mia.joshi561@example.com,Male,25,2019-09-10,Delhi,Delhi,India,Bronze
CUST3288,Liam Chopra,liam.chopra864@example.com,Male,65,2021-12-30,Hyderabad,Telangana,India,Bronze
CUST3289,Sophia Gupta,sophia.gupta18@example.com,Other,60,2025-10-01,Lucknow,Uttar Pradesh,India,Silver
CUST3290,Liam Reddy,liam.reddy785@example.com,Male,60,2024-11-13,Thiruvananthapuram,Kerala,India,Silver
CUST3291,Maya Trivedi,maya.trivedi83@example.com,Female,47,2020-10-17,Bengaluru,Karnataka,India,Gold
CUST3292,Neha Iyer,neha.iyer315@example.com,Male,61,2024-07-31,Ahmedabad,Gujarat,India,Bronze
CUST3293,Isabella Kapoor,isabella.kapoor826@example.com,Male,22,2023-12-04,Bhopal,Madhya Pradesh,India,Bronze
CUST3294,Lucas Chopra,lucas.chopra550@example.com,Male,43,2022-07-18,Lucknow,Uttar Pradesh,India,Gold
CUST3295,Aarav Verma,aarav.verma868@example.com,Male,24,2018-06-29,Hyderabad,Telangana,India,Bronze
CUST3296,Ethan Verma,ethan.verma319@example.com,Male,65,2021-02-16,Delhi,Delhi,India,Silver
CUST3297,Ananya Iyer,ananya.iyer884@example.com,Male,63,2022-07-03,Mumbai,Maharashtra,India,Bronze
CUST3298,Emma Kapoor,emma.kapoor435@example.com,Male,33,2023-07-28,Kolkata,West Bengal,India,Bronze
CUST3299,Emma Kapoor,emma.kapoor395@example.com,Male,21,2020-04-09,Hyderabad,Telangana,India,Bronze
CUST3300,Olivia Nair,olivia.nair108@example.com,Female,53,2024-08-22,Vadodara,Gujarat,India,Silver
CUST3301,Vivaan Reddy,vivaan.reddy92@example.com,Female,20,2018-02-24,Pune,Maharashtra,India,Bronze
CUST3302,Amelia Khan,amelia.khan833@example.com,Male,24,2025-09-26,Thiruvananthapuram,Kerala,India,Silver
CUST3303,Sophia Bose,sophia.bose781@example.com,Female,44,2018-07-06,Chennai,Tamil Nadu,India,Gold
CUST3304,Mia Joshi,mia.joshi906@example.com,Female,66,2021-12-24,Vadodara,Gujarat,India,Platinum
CUST3305,Vivaan Kapoor,vivaan.kapoor265@example.com,Male,59,2021-03-12,Indore,Madhya Pradesh,India,Silver
CUST3306,Rahul Verma,rahul.verma944@example.com,Male,25,2018-11-12,Pune,Maharashtra,India,Platinum
CUST3307,Rahul Iyer,rahul.iyer346@example.com,Female,63,2019-05-04,Bengaluru,Karnataka,India,Bronze
CUST3308,Ananya Trivedi,ananya.trivedi542@example.com,Female,46,2023-11-11,Bengaluru,Karnataka,India,Bronze
CUST3309,Mia Bose,mia.bose614@example.com,Female,63,2020-07-17,Indore,Madhya Pradesh,India,Bronze
CUST3310,Neha Patel,neha.patel437@example.com,Male,62,2023-09-29,Chennai,Tamil Nadu,India,Silver
CUST3311,Kabir Singh,kabir.singh133@example.com,Female,61,2024-09-06,Vijayawada,Andhra Pradesh,India,Silver
CUST3312,Priya Das,priya.das493@example.com,Female,25,2024-01-03,Pune,Maharashtra,India,Bronze
CUST3313,Ethan Iyer,ethan.iyer42@example.com,Male,44,2024-04-11,Chennai,Tamil Nadu,India,Gold
CUST3314,Aarav Gupta,aarav.gupta818@example.com,Male,18,2025-07-22,Patna,Bihar,India,Bronze
CUST3315,Karthik Bose,karthik.bose888@example.com,Other,20,2018-03-02,Hyderabad,Telangana,India,Silver
CUST3316,Noah Dasgupta,noah.dasgupta199@example.com,Female,26,2020-05-23,Coimbatore,Tamil Nadu,India,Platinum
CUST3317,Ananya Patel,ananya.patel401@example.com,Female,68,2022-04-24,Vadodara,Gujarat,India,Silver
CUST3318,Priya Trivedi,priya.trivedi361@example.com,Female,34,2022-06-20,Thiruvananthapuram,Kerala,India,Bronze
CUST3319,Lucas Bose,lucas.bose699@example.com,Female,22,2022-11-25,Vadodara,Gujarat,India,Silver
CUST3320,Diya Nath,diya.nath871@example.com,Other,41,2025-10-25,Kolkata,West Bengal,India,Bronze
CUST3321,Vivaan Patel,vivaan.patel859@example.com,Male,37,2019-08-18,Coimbatore,Tamil Nadu,India,Bronze
CUST3322,Kabir Sharma,kabir.sharma223@example.com,Male,20,2025-04-11,Bhopal,Madhya Pradesh,India,Silver
CUST3323,Chloe Gupta,chloe.gupta289@example.com,Female,62,2025-10-17,Chennai,Tamil Nadu,India,Silver
CUST3324,Isabella Iyer,isabella.iyer592@example.com,Male,52,2021-04-14,Bhopal,Madhya Pradesh,India,Bronze
CUST3325,Aarav Sharma,aarav.sharma309@example.com,Female,65,2022-10-08,Vadodara,Gujarat,India,Silver
CUST3326,Aditya Sharma,aditya.sharma324@example.com,Female,20,2019-08-27,Chennai,Tamil Nadu,India,Bronze
CUST3327,Aditya Joshi,aditya.joshi488@example.com,Female,66,2024-03-03,Coimbatore,Tamil Nadu,India,Silver
CUST3328,Priya Iyer,priya.iyer237@example.com,Female,57,2021-09-13,Jaipur,Rajasthan,India,Bronze
CUST3329,Aditya Reddy,aditya.reddy4@example.com,Male,70,2019-05-01,Lucknow,Uttar Pradesh,India,Gold
CUST3330,Neha Das,neha.das788@example.com,Other,49,2023-09-02,Vijayawada,Andhra Pradesh,India,Silver
CUST3331,Isabella Patel,isabella.patel328@example.com,Male,53,2021-10-12,Surat,Gujarat,India,Silver
CUST3332,Amelia Patel,amelia.patel141@example.com,Female,22,2023-01-14,Thiruvananthapuram,Kerala,India,Bronze
CUST3333,Arjun Singh,arjun.singh240@example.com,Female,66,2024-04-24,Thiruvananthapuram,Kerala,India,Bronze
CUST3334,Rahul Verma,rahul.verma266@example.com,Male,58,2018-07-06,Vadodara,Gujarat,India,Bronze
CUST3335,Diya Joshi,diya.joshi20@example.com,Male,68,2021-04-13,Nagpur,Maharashtra,India,Silver
CUST3336,Ethan Verma,ethan.verma791@example.com,Male,67,2023-03-10,Indore,Madhya Pradesh,India,Bronze
CUST3337,Karthik Reddy,karthik.reddy453@example.com,Male,47,2020-04-13,Mumbai,Maharashtra,India,Silver
CUST3338,Aditi Patel,aditi.patel371@example.com,Male,34,2025-04-25,Thiruvananthapuram,Kerala,India,Bronze
CUST3339,Liam Iyer,liam.iyer493@example.com,Female,21,2020-06-05,Chennai,Tamil Nadu,India,Bronze
CUST3340,Riya Iyer,riya.iyer543@example.com,Male,29,2022-12-17,Ahmedabad,Gujarat,India,Silver
CUST3341,Ethan Dasgupta,ethan.dasgupta516@example.com,Female,63,2023-02-24,Hyderabad,Telangana,India,Bronze
CUST3342,Ananya Nath,ananya.nath177@example.com,Male,67,2022-06-04,Bhopal,Madhya Pradesh,India,Bronze
CUST3343,Sai Bose,sai.bose191@example.com,Female,37,2018-07-07,Indore,Madhya Pradesh,India,Bronze
CUST3344,Isha Singh,isha.singh11@example.com,Male,42,2025-08-30,Pune,Maharashtra,India,Bronze
CUST3345,Aditya Nair,aditya.nair966@example.com,Male,64,2024-02-25,Coimbatore,Tamil Nadu,India,Bronze
CUST3346,Olivia Singh,olivia.singh367@example.com,Female,31,2023-12-07,Nagpur,Maharashtra,India,Silver
CUST3347,Ethan Khan,ethan.khan622@example.com,Male,60,2025-10-13,Bengaluru,Karnataka,India,Silver
CUST3348,Rohan Kapoor,rohan.kapoor403@example.com,Female,32,2019-12-24,Mumbai,Maharashtra,India,Silver
CUST3349,Mia Verma,mia.verma797@example.com,Male,18,2021-11-21,Bengaluru,Karnataka,India,Silver
CUST3350,Ethan Saxena,ethan.saxena791@example.com,Male,30,2024-06-24,Nagpur,Maharashtra,India,Silver
CUST3351,Chloe Mehta,chloe.mehta611@example.com,Female,45,2020-11-20,Bengaluru,Karnataka,India,Bronze
CUST3352,Noah Mehta,noah.mehta422@example.com,Male,65,2023-04-25,Bhopal,Madhya Pradesh,India,Bronze
CUST3353,Aditi Khan,aditi.khan728@example.com,Male,34,2019-10-13,Nagpur,Maharashtra,India,Gold
CUST3354,Sophia Sharma,sophia.sharma248@example.com,Female,51,2020-11-29,Kolkata,West Bengal,India,Silver
CUST3355,Kabir Nair,kabir.nair881@example.com,Male,26,2023-02-09,Pune,Maharashtra,India,Bronze
CUST3356,Olivia Gupta,olivia.gupta180@example.com,Female,27,2023-05-29,Chennai,Tamil Nadu,India,Bronze
CUST3357,Aditya Bose,aditya.bose851@example.com,Male,49,2022-10-11,Vadodara,Gujarat,India,Bronze
CUST3358,Kabir Patel,kabir.patel434@example.com,Male,67,2021-04-21,Hyderabad,Telangana,India,Silver
CUST3359,Maya Verma,maya.verma117@example.com,Male,53,2022-07-14,Vijayawada,Andhra Pradesh,India,Bronze
CUST3360,Vivaan Verma,vivaan.verma180@example.com,Female,45,2024-06-27,Bengaluru,Karnataka,India,Bronze
CUST3361,Isabella Gupta,isabella.gupta192@example.com,Male,29,2022-08-20,Vijayawada,Andhra Pradesh,India,Silver
CUST3362,Aarav Patel,aarav.patel912@example.com,Male,61,2022-06-17,Lucknow,Uttar Pradesh,India,Bronze
CUST3363,Aditya Kumar,aditya.kumar433@example.com,Female,22,2023-01-20,Indore,Madhya Pradesh,India,Gold
CUST3364,Mia Sharma,mia.sharma944@example.com,Male,23,2022-06-27,Pune,Maharashtra,India,Bronze
CUST3365,Mia Kumar,mia.kumar910@example.com,Male,18,2018-05-15,Ahmedabad,Gujarat,India,Bronze
CUST3366,Saanvi Gupta,saanvi.gupta424@example.com,Female,29,2020-11-05,Lucknow,Uttar Pradesh,India,Bronze
CUST3367,Diya Patel,diya.patel884@example.com,Female,28,2024-04-25,Lucknow,Uttar Pradesh,India,Silver
CUST3368,Neha Iyer,neha.iyer938@example.com,Female,52,2020-06-29,Vijayawada,Andhra Pradesh,India,Bronze
CUST3369,Priya Mehta,priya.mehta267@example.com,Male,40,2024-11-27,Vadodara,Gujarat,India,Silver
CUST3370,Maya Mehta,maya.mehta112@example.com,Female,32,2024-10-12,Jaipur,Rajasthan,India,Bronze
CUST3371,Olivia Gupta,olivia.gupta777@example.com,Female,52,2018-12-23,Hyderabad,Telangana,India,Gold
CUST3372,Arjun Joshi,arjun.joshi228@example.com,Male,21,2021-05-07,Vijayawada,Andhra Pradesh,India,Silver
CUST3373,Vivaan Singh,vivaan.singh851@example.com,Male,44,2023-01-28,Coimbatore,Tamil Nadu,India,Silver
CUST3374,Ethan Gupta,ethan.gupta465@example.com,Female,53,2025-03-24,Ahmedabad,Gujarat,India,Bronze
CUST3375,Saanvi Nath,saanvi.nath5338@example.com,Female,58,2024-07-29,Visakhapatnam,Andhra Pradesh,India,Bronze
CUST3376,Emma Sharma,emma.sharma518@example.com,Female,45,2021-05-19,Bengaluru,Karnataka,India,Bronze
CUST3377,Kabir Verma,kabir.verma772@example.com,Male,19,2019-11-26,Mumbai,Maharashtra,India,Bronze
CUST3378,Noah Patel,noah.patel579@example.com,Female,28,2024-09-03,Mumbai,Maharashtra,India,Bronze
CUST3379,Mia Reddy,mia.reddy926@example.com,Male,70,2021-05-10,Jaipur,Rajasthan,India,Silver
CUST3380,Isha Das,isha.das556@example.com,Female,20,2024-07-23,Jaipur,Rajasthan,India,Bronze
CUST3381,Ananya Verma,ananya.verma981@example.com,Male,31,2019-12-11,Bengaluru,Karnataka,India,Platinum
CUST3382,Diya Verma,diya.verma69@example.com,Male,69,2022-03-13,Surat,Gujarat,India,Bronze
CUST3383,Vivaan Patel,vivaan.patel634@example.com,Female,32,2021-10-14,Ahmedabad,Gujarat,India,Bronze
CUST3384,Olivia Kumar,olivia.kumar232@example.com,Female,55,2023-08-28,Patna,Bihar,India,Silver
CUST3385,Riya Nair,riya.nair639@example.com,Male,67,2020-10-02,Pune,Maharashtra,India,Gold
CUST3386,Riya Iyer,riya.iyer404@example.com,Female,55,2022-10-14,Kolkata,West Bengal,India,Bronze
CUST3387,Maya Sharma,maya.sharma356@example.com,Female,65,2024-01-15,Jaipur,Rajasthan,India,Bronze
CUST3388,Ethan Das,ethan.das771@example.com,Male,28,2024-07-02,Mumbai,Maharashtra,India,Bronze
CUST3389,Rahul Saxena,rahul.saxena403@example.com,Male,57,2024-09-28,Vadodara,Gujarat,India,Bronze
CUST3390,Vivaan Patel,vivaan.patel147@example.com,Male,49,2022-07-03,Pune,Maharashtra,India,Bronze
CUST3391,Aditi Dasgupta,aditi.dasgupta603@example.com,Male,28,2018-09-26,Bengaluru,Karnataka,India,Bronze
CUST3392,Aria Das,aria.das657@example.com,Male,31,2023-01-10,Surat,Gujarat,India,Silver
CUST3393,Lucas Patel,lucas.patel601@example.com,Male,43,2023-01-03,Delhi,Delhi,India,Silver
CUST3394,Arjun Khan,arjun.khan382@example.com,Male,43,2019-06-09,Nagpur,Maharashtra,India,Gold
CUST3395,Isha Khan,isha.khan327@example.com,Male,50,2025-01-22,Coimbatore,Tamil Nadu,India,Bronze
CUST3396,Arjun Singh,arjun.singh719@example.com,Male,57,2022-10-10,Chennai,Tamil Nadu,India,Bronze
CUST3397,Mia Iyer,mia.iyer28@example.com,Male,55,2019-10-11,Patna,Bihar,India,Gold
CUST3398,Rahul Singh,rahul.singh277@example.com,Male,28,2019-03-10,Delhi,Delhi,India,Bronze
CUST3399,Diya Mehta,diya.mehta364@example.com,Male,24,2021-01-14,Pune,Maharashtra,India,Silver
CUST3400,Sai Patel,sai.patel596@example.com,Female,37,2020-08-31,Mumbai,Maharashtra,India,Bronze
CUST3401,Aditi Khan,aditi.khan940@example.com,Female,58,2019-07-27,Lucknow,Uttar Pradesh,India,Bronze
CUST3402,Sai Verma,sai.verma710@example.com,Female,26,2019-09-21,Delhi,Delhi,India,Bronze
CUST3403,Diya Das,diya.das644@example.com,Female,38,2024-01-20,Chennai,Tamil Nadu,India,Bronze
CUST3404,Emma Sharma,emma.sharma310@example.com,Female,48,2023-07-11,Mumbai,Maharashtra,India,Bronze
CUST3405,Liam Joshi,liam.joshi850@example.com,Female,31,2020-08-18,Hyderabad,Telangana,India,Bronze
CUST3406,Maya Chopra,maya.chopra363@example.com,Male,57,2018-08-23,Hyderabad,Telangana,India,Bronze
CUST3407,Olivia Trivedi,olivia.trivedi682@example.com,Male,45,2021-01-31,Mumbai,Maharashtra,India,Gold
CUST3408,Rahul Kapoor,rahul.kapoor805@example.com,Female,65,2023-11-30,Bhopal,Madhya Pradesh,India,Bronze
CUST3409,Emma Trivedi,emma.trivedi176@example.com,Other,38,2022-11-26,Thiruvananthapuram,Kerala,India,Bronze
CUST3410,Lucas Gupta,lucas.gupta19@example.com,Female,35,2022-06-18,Thiruvananthapuram,Kerala,India,Bronze
CUST3411,Sophia Gupta,sophia.gupta372@example.com,Male,31,2025-02-24,Surat,Gujarat,India,Silver
CUST3412,Aditya Nath,aditya.nath402@example.com,Male,28,2019-12-09,Hyderabad,Telangana,India,Gold
CUST3413,Aarav Patel,aarav.patel547@example.com,Male,64,2025-06-11,Coimbatore,Tamil Nadu,India,Bronze
CUST3414,Chloe Dasgupta,chloe.dasgupta458@example.com,Male,44,2020-02-12,Vijayawada,Andhra Pradesh,India,Silver
CUST3415,Chloe Gupta,chloe.gupta662@example.com,Male,28,2019-10-28,Jaipur,Rajasthan,India,Gold
CUST3416,Aditya Dasgupta,aditya.dasgupta584@example.com,Female,56,2018-02-16,Bengaluru,Karnataka,India,Silver
CUST3417,Liam Chopra,liam.chopra404@example.com,Male,62,2022-12-22,Mumbai,Maharashtra,India,Bronze
CUST3418,Priya Sharma,priya.sharma269@example.com,Female,39,2018-08-04,Vijayawada,Andhra Pradesh,India,Bronze
CUST3419,Saanvi Gupta,saanvi.gupta69@example.com,Male,36,2025-04-04,Mumbai,Maharashtra,India,Bronze
CUST3420,Diya Saxena,diya.saxena77@example.com,Male,66,2018-12-12,Vijayawada,Andhra Pradesh,India,Bronze
CUST3421,Karthik Nair,karthik.nair552@example.com,Female,26,2019-10-19,Ahmedabad,Gujarat,India,Silver
CUST3422,Aditya Reddy,aditya.reddy973@example.com,Female,42,2018-01-24,Mumbai,Maharashtra,India,Bronze
CUST3423,Aarav Kapoor,aarav.kapoor148@example.com,Male,60,2018-06-02,Surat,Gujarat,India,Bronze
CUST3424,Priya Patel,priya.patel946@example.com,Female,44,2018-08-13,Thiruvananthapuram,Kerala,India,Platinum
CUST3425,Isabella Singh,isabella.singh401@example.com,Male,63,2023-11-24,Visakhapatnam,Andhra Pradesh,India,Bronze
CUST3426,Sophia Mehta,sophia.mehta234@example.com,Male,30,2021-01-16,Nagpur,Maharashtra,India,Bronze
CUST3427,Ethan Chopra,ethan.chopra675@example.com,Male,32,2025-07-20,Chennai,Tamil Nadu,India,Bronze
CUST3428,Isabella Nair,isabella.nair806@example.com,Male,18,2025-03-18,Vadodara,Gujarat,India,Bronze
CUST3429,Olivia Reddy,olivia.reddy989@example.com,Male,26,2020-03-30,Chennai,Tamil Nadu,India,Bronze
CUST3430,Isha Dasgupta,isha.dasgupta120@example.com,Female,30,2023-02-27,Hyderabad,Telangana,India,Bronze
CUST3431,Noah Joshi,noah.joshi536@example.com,Male,44,2018-05-10,Nagpur,Maharashtra,India,Gold
CUST3432,Saanvi Das,saanvi.das619@example.com,Male,57,2018-07-04,Lucknow,Uttar Pradesh,India,Gold
CUST3433,Lucas Reddy,lucas.reddy485@example.com,Male,39,2019-02-14,Bhopal,Madhya Pradesh,India,Bronze
CUST3434,Aarav Reddy,aarav.reddy856@example.com,Female,57,2024-11-26,Vijayawada,Andhra Pradesh,India,Bronze
CUST3435,Riya Gupta,riya.gupta43@example.com,Female,36,2024-04-14,Jaipur,Rajasthan,India,Bronze
CUST3436,Isha Das,isha.das80@example.com,Female,28,2020-06-16,Lucknow,Uttar Pradesh,India,Bronze
CUST3437,Mia Mehta,mia.mehta816@example.com,Male,70,2022-05-12,Vijayawada,Andhra Pradesh,India,Bronze
CUST3438,Sophia Sharma,sophia.sharma170@example.com,Male,36,2024-01-05,Visakhapatnam,Andhra Pradesh,India,Silver
CUST3439,Priya Singh,priya.singh429@example.com,Female,20,2021-02-24,Indore,Madhya Pradesh,India,Bronze
CUST3440,Rohan Chopra,rohan.chopra752@example.com,Female,22,2025-04-28,Bengaluru,Karnataka,India,Platinum
CUST3441,Aarav Saxena,aarav.saxena348@example.com,Male,39,2025-01-07,Surat,Gujarat,India,Bronze
CUST3442,Isha Gupta,isha.gupta94@example.com,Male,35,2020-08-18,Surat,Gujarat,India,Silver
CUST3443,Aria Sharma,aria.sharma856@example.com,Female,55,2020-06-21,Thiruvananthapuram,Kerala,India,Bronze
CUST3444,Isha Chopra,isha.chopra52@example.com,Male,59,2025-02-14,Nagpur,Maharashtra,India,Silver
CUST3445,Riya Iyer,riya.iyer467@example.com,Female,51,2020-12-08,Lucknow,Uttar Pradesh,India,Bronze
CUST3446,Vivaan Joshi,vivaan.joshi746@example.com,Male,52,2023-01-23,Visakhapatnam,Andhra Pradesh,India,Gold
CUST3447,Isha Chopra,isha.chopra870@example.com,Male,61,2022-05-08,Jaipur,Rajasthan,India,Bronze
CUST3448,Amelia Reddy,amelia.reddy377@example.com,Female,62,2018-12-23,Bhopal,Madhya Pradesh,India,Bronze
CUST3449,Rohan Saxena,rohan.saxena585@example.com,Male,21,2019-09-03,Indore,Madhya Pradesh,India,Bronze
CUST3450,Olivia Gupta,olivia.gupta591@example.com,Female,18,2023-10-19,Ahmedabad,Gujarat,India,Bronze
CUST3451,Olivia Bose,olivia.bose7308@example.com,Male,33,2022-01-28,Nagpur,Maharashtra,India,Silver
CUST3452,Neha Kumar,neha.kumar346@example.com,Female,32,2020-10-12,Indore,Madhya Pradesh,India,Bronze
CUST3453,Neha Nath,neha.nath522@example.com,Male,19,2022-06-12,Thiruvananthapuram,Kerala,India,Silver
CUST3454,Noah Nair,noah.nair23@example.com,Female,48,2019-05-08,Patna,Bihar,India,Gold
CUST3455,Ananya Gupta,ananya.gupta431@example.com,Male,48,2024-06-11,Lucknow,Uttar Pradesh,India,Silver
CUST3456,Aria Sharma,aria.sharma790@example.com,Female,50,2025-04-04,Bhopal,Madhya Pradesh,India,Bronze
CUST3457,Saanvi Kapoor,saanvi.kapoor779@example.com,Male,56,2018-07-11,Coimbatore,Tamil Nadu,India,Bronze
CUST3458,Saanvi Nath,saanvi.nath425@example.com,Male,61,2019-11-24,Bhopal,Madhya Pradesh,India,Silver
CUST3459,Isabella Kapoor,isabella.kapoor775@example.com,Female,43,2018-04-09,Surat,Gujarat,India,Silver
CUST3460,Liam Mehta,liam.mehta869@example.com,Male,60,2025-02-21,Ahmedabad,Gujarat,India,Bronze
CUST3461,Sai Patel,sai.patel712@example.com,Male,34,2025-04-07,Patna,Bihar,India,Bronze
CUST3462,Olivia Reddy,olivia.reddy559@example.com,Female,61,2022-12-19,Bengaluru,Karnataka,India,Bronze
CUST3463,Saanvi Gupta,saanvi.gupta860@example.com,Male,22,2022-07-06,Hyderabad,Telangana,India,Bronze
CUST3464,Noah Sharma,noah.sharma4140@example.com,Female,55,2024-07-09,Hyderabad,Telangana,India,Silver
CUST3465,Rohan Saxena,rohan.saxena83@example.com,Female,54,2024-01-07,Hyderabad,Telangana,India,Bronze
CUST3466,Maya Singh,maya.singh429@example.com,Female,67,2020-04-15,Jaipur,Rajasthan,India,Bronze
CUST3467,Aditi Sharma,aditi.sharma547@example.com,Male,37,2024-11-06,Lucknow,Uttar Pradesh,India,Bronze
CUST3468,Sophia Dasgupta,sophia.dasgupta162@example.com,Male,63,2025-10-19,Vijayawada,Andhra Pradesh,India,Bronze
CUST3469,Noah Iyer,noah.iyer996@example.com,Female,61,2020-08-30,Surat,Gujarat,India,Bronze
CUST3470,Liam Saxena,liam.saxena709@example.com,Male,36,2022-01-09,Vijayawada,Andhra Pradesh,India,Silver
CUST3471,Neha Bose,neha.bose28@example.com,Other,56,2020-01-06,Delhi,Delhi,India,Silver
CUST3472,Ethan Trivedi,ethan.trivedi450@example.com,Male,41,2020-11-24,Vadodara,Gujarat,India,Bronze
CUST3473,Isha Iyer,isha.iyer575@example.com,Female,65,2021-02-12,Jaipur,Rajasthan,India,Silver
CUST3474,Olivia Singh,olivia.singh802@example.com,Female,61,2018-11-05,Indore,Madhya Pradesh,India,Silver
CUST3475,Arjun Chopra,arjun.chopra483@example.com,Female,18,2022-05-02,Coimbatore,Tamil Nadu,India,Platinum
CUST3476,Isha Iyer,isha.iyer695@example.com,Male,59,2023-12-02,Vijayawada,Andhra Pradesh,India,Gold
CUST3477,Mia Kumar,mia.kumar106@example.com,Male,34,2024-07-07,Kolkata,West Bengal,India,Gold
CUST3478,Liam Kapoor,liam.kapoor96@example.com,Male,30,2023-01-13,Mumbai,Maharashtra,India,Bronze
CUST3479,Vivaan Saxena,vivaan.saxena160@example.com,Male,37,2018-06-24,Indore,Madhya Pradesh,India,Gold
CUST3480,Saanvi Sharma,saanvi.sharma526@example.com,Female,20,2023-10-22,Delhi,Delhi,India,Bronze
CUST3481,Priya Singh,priya.singh542@example.com,Male,44,2024-03-03,Hyderabad,Telangana,India,Silver
CUST3482,Mia Dasgupta,mia.dasgupta853@example.com,Male,51,2021-08-29,Bengaluru,Karnataka,India,Silver
CUST3483,Aarav Bose,aarav.bose151@example.com,Female,60,2024-07-01,Surat,Gujarat,India,Platinum
CUST3484,Ananya Bose,ananya.bose647@example.com,Male,22,2022-09-13,Patna,Bihar,India,Bronze
CUST3485,Amelia Nath,amelia.nath702@example.com,Male,56,2022-04-26,Chennai,Tamil Nadu,India,Bronze
CUST3486,Kabir Joshi,kabir.joshi402@example.com,Male,53,2018-05-16,Bhopal,Madhya Pradesh,India,Bronze
CUST3487,Aarav Iyer,aarav.iyer640@example.com,Male,21,2025-02-16,Hyderabad,Telangana,India,Platinum
CUST3488,Neha Nair,neha.nair689@example.com,Female,34,2021-02-23,Lucknow,Uttar Pradesh,India,Bronze
CUST3489,Lucas Saxena,lucas.saxena391@example.com,Female,29,2025-03-14,Lucknow,Uttar Pradesh,India,Bronze
CUST3490,Rohan Khan,rohan.khan922@example.com,Male,29,2018-02-14,Ahmedabad,Gujarat,India,Silver
CUST3491,Amelia Singh,amelia.singh306@example.com,Male,41,2020-05-30,Nagpur,Maharashtra,India,Bronze
CUST3492,Sophia Reddy,sophia.reddy962@example.com,Female,32,2023-02-22,Visakhapatnam,Andhra Pradesh,India,Bronze
CUST3493,Ananya Trivedi,ananya.trivedi932@example.com,Male,46,2022-07-18,Mumbai,Maharashtra,India,Bronze
CUST3494,Priya Bose,priya.bose1@example.com,Male,66,2021-04-17,Jaipur,Rajasthan,India,Bronze
CUST3495,Sai Dasgupta,sai.dasgupta44@example.com,Male,32,2025-10-31,Nagpur,Maharashtra,India,Bronze
CUST3496,Mia Reddy,mia.reddy717@example.com,Female,46,2022-02-13,Lucknow,Uttar Pradesh,India,Silver
CUST3497,Diya Joshi,diya.joshi847@example.com,Female,50,2024-02-18,Kolkata,West Bengal,India,Bronze
CUST3498,Isabella Nath,isabella.nath463@example.com,Other,33,2023-10-22,Visakhapatnam,Andhra Pradesh,India,Bronze
CUST3499,Olivia Joshi,olivia.joshi421@example.com,Male,30,2019-06-05,Jaipur,Rajasthan,India,Bronze
CUST3500,Priya Joshi,priya.joshi827@example.com,Male,67,2025-01-03,Bhopal,Madhya Pradesh,India,Bronze
CUST3501,Sophia Reddy,sophia.reddy133@example.com,Male,37,2024-05-11,Thiruvananthapuram,Kerala,India,Platinum
CUST3502,Isabella Gupta,isabella.gupta139@example.com,Female,34,2020-02-01,Vadodara,Gujarat,India,Bronze
CUST3503,Ananya Gupta,ananya.gupta985@example.com,Male,57,2019-06-12,Bengaluru,Karnataka,India,Bronze
CUST3504,Priya Reddy,priya.reddy990@example.com,Male,54,2024-07-17,Nagpur,Maharashtra,India,Bronze
CUST3505,Chloe Verma,chloe.verma387@example.com,Female,55,2024-09-26,Kolkata,West Bengal,India,Bronze
CUST3506,Emma Saxena,emma.saxena811@example.com,Female,53,2020-10-12,Pune,Maharashtra,India,Bronze
CUST3507,Maya Khan,maya.khan886@example.com,Other,53,2023-10-10,Indore,Madhya Pradesh,India,Silver
CUST3508,Aditi Saxena,aditi.saxena192@example.com,Male,67,2022-11-12,Bengaluru,Karnataka,India,Bronze
CUST3509,Diya Das,diya.das538@example.com,Male,51,2020-10-27,Vadodara,Gujarat,India,Silver
CUST3510,Arjun Mehta,arjun.mehta205@example.com,Female,65,2020-02-16,Vadodara,Gujarat,India,Bronze
CUST3511,Sai Joshi,sai.joshi11@example.com,Male,22,2021-04-01,Ahmedabad,Gujarat,India,Bronze
CUST3512,Noah Bose,noah.bose953@example.com,Male,57,2018-10-03,Ahmedabad,Gujarat,India,Silver
CUST3513,Noah Iyer,noah.iyer874@example.com,Male,36,2024-04-29,Delhi,Delhi,India,Bronze
CUST3514,Arjun Sharma,arjun.sharma210@example.com,Female,54,2023-07-24,Surat,Gujarat,India,Bronze
CUST3515,Liam Trivedi,liam.trivedi482@example.com,Male,55,2024-11-15,Patna,Bihar,India,Bronze
CUST3516,Rahul Joshi,rahul.joshi305@example.com,Male,68,2025-06-25,Kolkata,West Bengal,India,Bronze
CUST3517,Aarav Mehta,aarav.mehta636@example.com,Other,59,2019-09-12,Mumbai,Maharashtra,India,Bronze
CUST3518,Diya Mehta,diya.mehta852@example.com,Male,54,2023-06-08,Nagpur,Maharashtra,India,Bronze
CUST3519,Lucas Patel,lucas.patel638@example.com,Female,53,2024-12-16,Coimbatore,Tamil Nadu,India,Bronze
CUST3520,Sophia Trivedi,sophia.trivedi944@example.com,Other,70,2018-05-20,Visakhapatnam,Andhra Pradesh,India,Bronze
CUST3521,Sai Sharma,sai.sharma88@example.com,Male,41,2020-10-04,Bengaluru,Karnataka,India,Bronze
CUST3522,Neha Chopra,neha.chopra103@example.com,Female,45,2024-05-31,Surat,Gujarat,India,Platinum
CUST3523,Sai Dasgupta,sai.dasgupta870@example.com,Female,37,2020-10-12,Ahmedabad,Gujarat,India,Bronze
CUST3524,Arjun Gupta,arjun.gupta326@example.com,Male,22,2025-05-13,Pune,Maharashtra,India,Bronze
CUST3525,Aria Mehta,aria.mehta871@example.com,Male,18,2018-08-01,Thiruvananthapuram,Kerala,India,Bronze
CUST3526,Saanvi Gupta,saanvi.gupta76@example.com,Female,40,2018-09-12,Jaipur,Rajasthan,India,Bronze
CUST3527,Mia Nath,mia.nath781@example.com,Female,20,2019-08-24,Surat,Gujarat,India,Silver
CUST3528,Emma Nath,emma.nath612@example.com,Female,55,2020-03-23,Bhopal,Madhya Pradesh,India,Bronze
CUST3529,Saanvi Bose,saanvi.bose42@example.com,Male,64,2020-01-24,Ahmedabad,Gujarat,India,Gold
CUST3530,Riya Das,riya.das867@example.com,Male,53,2024-10-30,Bengaluru,Karnataka,India,Silver
CUST3531,Kabir Chopra,kabir.chopra27@example.com,Male,52,2022-08-31,Kolkata,West Bengal,India,Silver
CUST3532,Rahul Reddy,rahul.reddy946@example.com,Other,18,2025-10-04,Thiruvananthapuram,Kerala,India,Bronze
CUST3533,Aditya Saxena,aditya.saxena74@example.com,Female,58,2018-05-20,Patna,Bihar,India,Gold
CUST3534,Karthik Reddy,karthik.reddy495@example.com,Female,60,2019-11-13,Patna,Bihar,India,Bronze
CUST3535,Aditya Das,aditya.das361@example.com,Male,34,2018-06-01,Vadodara,Gujarat,India,Silver
CUST3536,Maya Verma,maya.verma522@example.com,Male,40,2024-02-09,Delhi,Delhi,India,Silver
CUST3537,Lucas Patel,lucas.patel329@example.com,Female,46,2020-12-03,Lucknow,Uttar Pradesh,India,Silver
CUST3538,Aria Joshi,aria.joshi686@example.com,Male,56,2025-06-22,Chennai,Tamil Nadu,India,Gold
CUST3539,Vivaan Khan,vivaan.khan841@example.com,Male,21,2021-03-13,Bengaluru,Karnataka,India,Bronze
CUST3540,Chloe Sharma,chloe.sharma735@example.com,Male,37,2019-04-26,Patna,Bihar,India,Bronze
CUST3541,Aarav Iyer,aarav.iyer619@example.com,Female,63,2024-02-15,Kolkata,West Bengal,India,Bronze
CUST3542,Lucas Trivedi,lucas.trivedi25@example.com,Female,55,2022-04-17,Coimbatore,Tamil Nadu,India,Silver
CUST3543,Mia Kumar,mia.kumar245@example.com,Female,70,2024-02-07,Patna,Bihar,India,Bronze
CUST3544,Isha Sharma,isha.sharma676@example.com,Male,52,2018-02-20,Kolkata,West Bengal,India,Bronze
CUST3545,Ananya Saxena,ananya.saxena715@example.com,Male,42,2021-03-03,Nagpur,Maharashtra,India,Silver
CUST3546,Saanvi Nair,saanvi.nair740@example.com,Male,64,2022-09-07,Kolkata,West Bengal,India,Bronze
CUST3547,Amelia Nair,amelia.nair620@example.com,Other,37,2020-12-15,Bengaluru,Karnataka,India,Bronze
CUST3548,Rohan Kumar,rohan.kumar781@example.com,Female,45,2023-06-20,Mumbai,Maharashtra,India,Bronze
CUST3549,Aria Trivedi,aria.trivedi495@example.com,Other,20,2024-09-09,Hyderabad,Telangana,India,Bronze
CUST3550,Noah Patel,noah.patel614@example.com,Female,23,2024-01-25,Ahmedabad,Gujarat,India,Gold
CUST3551,Aditya Reddy,aditya.reddy205@example.com,Female,27,2022-05-16,Coimbatore,Tamil Nadu,India,Bronze
CUST3552,Rahul Trivedi,rahul.trivedi283@example.com,Female,53,2018-07-12,Surat,Gujarat,India,Bronze
CUST3553,Priya Iyer,priya.iyer191@example.com,Female,25,2024-08-30,Coimbatore,Tamil Nadu,India,Bronze
CUST3554,Aditi Gupta,aditi.gupta151@example.com,Male,32,2024-09-26,Thiruvananthapuram,Kerala,India,Silver
CUST3555,Kabir Khan,kabir.khan975@example.com,Male,63,2021-02-14,Ahmedabad,Gujarat,India,Bronze
CUST3556,Olivia Kumar,olivia.kumar885@example.com,Female,61,2019-07-18,Pune,Maharashtra,India,Bronze
CUST3557,Mia Reddy,mia.reddy297@example.com,Male,22,2024-12-04,Vijayawada,Andhra Pradesh,India,Bronze
CUST3558,Diya Nath,diya.nath279@example.com,Male,68,2023-06-14,Coimbatore,Tamil Nadu,India,Platinum
CUST3559,Sai Chopra,sai.chopra185@example.com,Male,62,2024-06-18,Coimbatore,Tamil Nadu,India,Gold
CUST3560,Karthik Iyer,karthik.iyer14@example.com,Male,42,2018-10-29,Patna,Bihar,India,Bronze
CUST3561,Sai Verma,sai.verma498@example.com,Female,46,2018-01-25,Pune,Maharashtra,India,Gold
CUST3562,Rohan Joshi,rohan.joshi50@example.com,Male,70,2018-08-01,Coimbatore,Tamil Nadu,India,Bronze
CUST3563,Priya Joshi,priya.joshi245@example.com,Male,18,2022-02-28,Mumbai,Maharashtra,India,Bronze
CUST3564,Rohan Reddy,rohan.reddy663@example.com,Female,35,2018-02-02,Vadodara,Gujarat,India,Bronze
CUST3565,Arjun Sharma,arjun.sharma881@example.com,Male,20,2024-08-23,Chennai,Tamil Nadu,India,Platinum
CUST3566,Vivaan Iyer,vivaan.iyer655@example.com,Male,41,2019-07-09,Bengaluru,Karnataka,India,Silver
CUST3567,Rahul Gupta,rahul.gupta706@example.com,Male,47,2022-02-28,Vijayawada,Andhra Pradesh,India,Bronze
CUST3568,Aria Verma,aria.verma237@example.com,Female,54,2025-04-13,Hyderabad,Telangana,India,Platinum
CUST3569,Vivaan Kumar,vivaan.kumar639@example.com,Female,45,2018-06-26,Kolkata,West Bengal,India,Gold
CUST3570,Aditi Verma,aditi.verma940@example.com,Female,49,2021-04-24,Surat,Gujarat,India,Bronze
CUST3571,Isha Nath,isha.nath975@example.com,Male,38,2021-03-16,Patna,Bihar,India,Platinum
CUST3572,Riya Dasgupta,riya.dasgupta948@example.com,Male,50,2019-01-06,Chennai,Tamil Nadu,India,Bronze
CUST3573,Liam Trivedi,liam.trivedi124@example.com,Female,56,2022-05-14,Visakhapatnam,Andhra Pradesh,India,Silver
CUST3574,Rohan Nair,rohan.nair291@example.com,Female,36,2021-09-14,Coimbatore,Tamil Nadu,India,Platinum
CUST3575,Ananya Gupta,ananya.gupta612@example.com,Female,41,2019-09-04,Chennai,Tamil Nadu,India,Bronze
CUST3576,Kabir Kumar,kabir.kumar323@example.com,Female,42,2018-02-19,Jaipur,Rajasthan,India,Platinum
CUST3577,Neha Patel,neha.patel831@example.com,Male,26,2021-06-22,Patna,Bihar,India,Bronze
CUST3578,Aditi Sharma,aditi.sharma304@example.com,Male,58,2019-09-24,Nagpur,Maharashtra,India,Gold
CUST3579,Priya Sharma,priya.sharma135@example.com,Male,69,2018-09-15,Visakhapatnam,Andhra Pradesh,India,Bronze
CUST3580,Aarav Reddy,aarav.reddy384@example.com,Female,61,2018-01-18,Delhi,Delhi,India,Bronze
CUST3581,Noah Reddy,noah.reddy434@example.com,Female,24,2021-07-18,Nagpur,Maharashtra,India,Bronze
CUST3582,Rohan Bose,rohan.bose586@example.com,Male,26,2020-01-05,Lucknow,Uttar Pradesh,India,Bronze
CUST3583,Saanvi Iyer,saanvi.iyer605@example.com,Male,46,2024-05-12,Lucknow,Uttar Pradesh,India,Bronze
CUST3584,Priya Das,priya.das750@example.com,Female,31,2019-02-02,Surat,Gujarat,India,Silver
CUST3585,Amelia Bose,amelia.bose598@example.com,Male,64,2023-03-01,Chennai,Tamil Nadu,India,Bronze
CUST3586,Emma Reddy,emma.reddy777@example.com,Female,51,2025-02-23,Vijayawada,Andhra Pradesh,India,Bronze
CUST3587,Neha Dasgupta,neha.dasgupta868@example.com,Female,55,2020-05-29,Nagpur,Maharashtra,India,Bronze
CUST3588,Chloe Patel,chloe.patel568@example.com,Male,38,2024-10-23,Thiruvananthapuram,Kerala,India,Bronze
CUST3589,Noah Trivedi,noah.trivedi472@example.com,Male,18,2022-03-13,Indore,Madhya Pradesh,India,Bronze
CUST3590,Ananya Iyer,ananya.iyer764@example.com,Female,48,2018-12-30,Patna,Bihar,India,Bronze
CUST3591,Isabella Sharma,isabella.sharma826@example.com,Female,54,2020-01-31,Hyderabad,Telangana,India,Bronze
CUST3592,Karthik Chopra,karthik.chopra501@example.com,Male,30,2019-08-12,Vadodara,Gujarat,India,Silver
CUST3593,Saanvi Singh,saanvi.singh216@example.com,Female,43,2021-03-30,Lucknow,Uttar Pradesh,India,Bronze
CUST3594,Isabella Trivedi,isabella.trivedi944@example.com,Male,33,2019-11-03,Coimbatore,Tamil Nadu,India,Gold
CUST3595,Chloe Bose,chloe.bose386@example.com,Female,55,2025-04-27,Hyderabad,Telangana,India,Bronze
CUST3596,Aditi Khan,aditi.khan941@example.com,Male,63,2019-10-16,Jaipur,Rajasthan,India,Silver
CUST3597,Isabella Mehta,isabella.mehta668@example.com,Male,26,2020-09-03,Hyderabad,Telangana,India,Bronze
CUST3598,Arjun Das,arjun.das706@example.com,Other,22,2022-09-30,Vadodara,Gujarat,India,Bronze
CUST3599,Mia Gupta,mia.gupta529@example.com,Male,26,2020-05-20,Ahmedabad,Gujarat,India,Bronze
CUST3600,Aditya Saxena,aditya.saxena606@example.com,Female,56,2018-02-07,Thiruvananthapuram,Kerala,India,Bronze
CUST3601,Rahul Reddy,rahul.reddy337@example.com,Female,62,2021-11-02,Kolkata,West Bengal,India,Gold
CUST3602,Vivaan Bose,vivaan.bose332@example.com,Male,62,2024-10-31,Vadodara,Gujarat,India,Bronze
CUST3603,Maya Iyer,maya.iyer128@example.com,Male,63,2022-05-31,Ahmedabad,Gujarat,India,Platinum
CUST3604,Saanvi Singh,saanvi.singh189@example.com,Female,45,2025-01-05,Kolkata,West Bengal,India,Gold
CUST3605,Kabir Bose,kabir.bose479@example.com,Male,31,2018-11-05,Nagpur,Maharashtra,India,Gold
CUST3606,Rohan Kumar,rohan.kumar978@example.com,Male,37,2023-05-13,Bengaluru,Karnataka,India,Gold
CUST3607,Aditi Sharma,aditi.sharma213@example.com,Female,21,2020-09-02,Coimbatore,Tamil Nadu,India,Silver
CUST3608,Rahul Saxena,rahul.saxena321@example.com,Male,50,2021-05-31,Kolkata,West Bengal,India,Silver
CUST3609,Aditya Kumar,aditya.kumar656@example.com,Male,63,2021-05-03,Mumbai,Maharashtra,India,Bronze
CUST3610,Kabir Das,kabir.das19@example.com,Female,45,2023-04-23,Visakhapatnam,Andhra Pradesh,India,Bronze
CUST3611,Neha Bose,neha.bose431@example.com,Male,54,2018-01-10,Nagpur,Maharashtra,India,Silver
CUST3612,Aarav Kumar,aarav.kumar251@example.com,Female,30,2023-09-14,Visakhapatnam,Andhra Pradesh,India,Silver
CUST3613,Lucas Joshi,lucas.joshi905@example.com,Female,34,2022-08-14,Delhi,Delhi,India,Bronze
CUST3614,Aditi Das,aditi.das323@example.com,Female,59,2024-07-29,Pune,Maharashtra,India,Bronze
CUST3615,Amelia Nair,amelia.nair602@example.com,Female,54,2025-08-14,Thiruvananthapuram,Kerala,India,Silver
CUST3616,Ethan Trivedi,ethan.trivedi726@example.com,Male,56,2018-11-13,Lucknow,Uttar Pradesh,India,Bronze
CUST3617,Olivia Kapoor,olivia.kapoor438@example.com,Male,65,2024-12-15,Surat,Gujarat,India,Silver
CUST3618,Aarav Dasgupta,aarav.dasgupta612@example.com,Female,60,2020-04-30,Kolkata,West Bengal,India,Silver
CUST3619,Mia Chopra,mia.chopra304@example.com,Male,26,2020-06-30,Vijayawada,Andhra Pradesh,India,Bronze
CUST3620,Priya Patel,priya.patel134@example.com,Male,63,2024-02-23,Vijayawada,Andhra Pradesh,India,Silver
CUST3621,Chloe Trivedi,chloe.trivedi825@example.com,Female,60,2019-03-04,Surat,Gujarat,India,Silver
CUST3622,Maya Mehta,maya.mehta234@example.com,Male,18,2018-10-27,Hyderabad,Telangana,India,Silver
CUST3623,Neha Gupta,neha.gupta141@example.com,Female,70,2024-08-20,Bhopal,Madhya Pradesh,India,Silver
CUST3624,Riya Khan,riya.khan308@example.com,Male,58,2019-10-24,Surat,Gujarat,India,Bronze
CUST3625,Aditi Kapoor,aditi.kapoor713@example.com,Female,50,2023-08-15,Bhopal,Madhya Pradesh,India,Bronze
CUST3626,Sai Nair,sai.nair462@example.com,Female,52,2025-04-12,Thiruvananthapuram,Kerala,India,Bronze
CUST3627,Noah Trivedi,noah.trivedi996@example.com,Female,22,2022-05-08,Bhopal,Madhya Pradesh,India,Bronze
CUST3628,Olivia Reddy,olivia.reddy749@example.com,Male,64,2020-11-12,Vijayawada,Andhra Pradesh,India,Silver
CUST3629,Priya Dasgupta,priya.dasgupta479@example.com,Female,54,2024-09-21,Patna,Bihar,India,Platinum
CUST3630,Isha Joshi,isha.joshi26@example.com,Female,38,2023-10-12,Nagpur,Maharashtra,India,Silver
CUST3631,Aria Das,aria.das581@example.com,Female,42,2020-02-29,Patna,Bihar,India,Bronze
CUST3632,Aarav Saxena,aarav.saxena879@example.com,Female,27,2020-04-04,Coimbatore,Tamil Nadu,India,Silver
CUST3633,Vivaan Trivedi,vivaan.trivedi61@example.com,Female,27,2022-09-05,Delhi,Delhi,India,Bronze
CUST3634,Sai Sharma,sai.sharma7859@example.com,Male,38,2023-01-16,Bhopal,Madhya Pradesh,India,Bronze
CUST3635,Isha Mehta,isha.mehta512@example.com,Female,51,2022-06-21,Surat,Gujarat,India,Bronze
CUST3636,Mia Verma,mia.verma910@example.com,Female,24,2019-12-07,Lucknow,Uttar Pradesh,India,Bronze
CUST3637,Isha Sharma,isha.sharma8@example.com,Male,51,2023-01-03,Surat,Gujarat,India,Bronze
CUST3638,Lucas Chopra,lucas.chopra828@example.com,Female,26,2021-04-07,Mumbai,Maharashtra,India,Bronze
CUST3639,Neha Joshi,neha.joshi362@example.com,Male,24,2019-09-23,Hyderabad,Telangana,India,Gold
CUST3640,Isabella Dasgupta,isabella.dasgupta267@example.com,Male,50,2024-08-08,Vadodara,Gujarat,India,Bronze
CUST3641,Riya Sharma,riya.sharma148@example.com,Female,30,2020-04-05,Bhopal,Madhya Pradesh,India,Bronze
CUST3642,Maya Chopra,maya.chopra18@example.com,Female,32,2021-07-27,Thiruvananthapuram,Kerala,India,Gold
CUST3643,Emma Reddy,emma.reddy464@example.com,Male,33,2022-07-31,Pune,Maharashtra,India,Bronze
CUST3644,Aria Dasgupta,aria.dasgupta830@example.com,Female,27,2020-05-19,Bhopal,Madhya Pradesh,India,Silver
CUST3645,Vivaan Gupta,vivaan.gupta47@example.com,Female,39,2018-07-18,Patna,Bihar,India,Silver
CUST3646,Maya Iyer,maya.iyer32@example.com,Other,67,2021-02-12,Delhi,Delhi,India,Bronze
CUST3647,Noah Nath,noah.nath13@example.com,Female,45,2025-02-26,Delhi,Delhi,India,Silver
CUST3648,Kabir Saxena,kabir.saxena497@example.com,Female,70,2024-06-16,Thiruvananthapuram,Kerala,India,Bronze
CUST3649,Isha Mehta,isha.mehta157@example.com,Female,25,2020-05-09,Visakhapatnam,Andhra Pradesh,India,Bronze
CUST3650,Isha Kapoor,isha.kapoor14@example.com,Male,20,2023-03-16,Pune,Maharashtra,India,Bronze
CUST3651,Mia Joshi,mia.joshi770@example.com,Female,37,2023-09-18,Bengaluru,Karnataka,India,Bronze
CUST3652,Kabir Iyer,kabir.iyer587@example.com,Male,19,2021-10-11,Vijayawada,Andhra Pradesh,India,Silver
CUST3653,Mia Trivedi,mia.trivedi47@example.com,Male,45,2018-01-05,Hyderabad,Telangana,India,Silver
CUST3654,Isha Das,isha.das151@example.com,Female,69,2018-07-01,Jaipur,Rajasthan,India,Platinum
CUST3655,Karthik Kapoor,karthik.kapoor615@example.com,Other,26,2021-09-22,Bhopal,Madhya Pradesh,India,Bronze
CUST3656,Ethan Sharma,ethan.sharma480@example.com,Male,37,2019-09-22,Mumbai,Maharashtra,India,Bronze
CUST3657,Sophia Bose,sophia.bose681@example.com,Male,36,2023-12-22,Nagpur,Maharashtra,India,Bronze
CUST3658,Aria Verma,aria.verma979@example.com,Female,60,2021-06-18,Delhi,Delhi,India,Bronze
CUST3659,Neha Das,neha.das931@example.com,Female,64,2019-10-14,Pune,Maharashtra,India,Bronze
CUST3660,Rohan Singh,rohan.singh860@example.com,Female,68,2025-03-12,Bhopal,Madhya Pradesh,India,Gold
CUST3661,Olivia Kapoor,olivia.kapoor826@example.com,Female,24,2024-05-25,Nagpur,Maharashtra,India,Bronze
CUST3662,Liam Iyer,liam.iyer173@example.com,Other,45,2018-05-08,Visakhapatnam,Andhra Pradesh,India,Silver
CUST3663,Priya Saxena,priya.saxena775@example.com,Male,47,2022-09-17,Thiruvananthapuram,Kerala,India,Bronze
CUST3664,Rohan Nair,rohan.nair102@example.com,Female,46,2020-02-28,Bengaluru,Karnataka,India,Bronze
CUST3665,Ananya Nath,ananya.nath219@example.com,Female,59,2025-08-22,Delhi,Delhi,India,Bronze
CUST3666,Lucas Kapoor,lucas.kapoor946@example.com,Female,66,2019-01-05,Indore,Madhya Pradesh,India,Bronze
CUST3667,Sai Dasgupta,sai.dasgupta798@example.com,Male,42,2022-01-21,Surat,Gujarat,India,Bronze
CUST3668,Neha Saxena,neha.saxena562@example.com,Female,19,2022-09-18,Kolkata,West Bengal,India,Bronze
CUST3669,Aditi Singh,aditi.singh226@example.com,Female,25,2023-01-19,Vadodara,Gujarat,India,Bronze
CUST3670,Sophia Sharma,sophia.sharma156@example.com,Female,32,2023-04-16,Vijayawada,Andhra Pradesh,India,Bronze
CUST3671,Olivia Chopra,olivia.chopra324@example.com,Female,69,2024-01-30,Indore,Madhya Pradesh,India,Bronze
CUST3672,Chloe Trivedi,chloe.trivedi288@example.com,Female,46,2024-07-07,Surat,Gujarat,India,Silver
CUST3673,Aditya Bose,aditya.bose431@example.com,Female,38,2020-04-09,Vijayawada,Andhra Pradesh,India,Bronze
CUST3674,Ethan Trivedi,ethan.trivedi554@example.com,Female,20,2023-01-28,Pune,Maharashtra,India,Bronze
CUST3675,Aditya Verma,aditya.verma598@example.com,Male,49,2024-10-03,Mumbai,Maharashtra,India,Bronze
CUST3676,Riya Verma,riya.verma523@example.com,Other,66,2025-01-12,Coimbatore,Tamil Nadu,India,Bronze
CUST3677,Ethan Trivedi,ethan.trivedi216@example.com,Female,53,2023-09-28,Indore,Madhya Pradesh,India,Bronze
CUST3678,Rohan Sharma,rohan.sharma882@example.com,Male,19,2025-09-07,Thiruvananthapuram,Kerala,India,Bronze
CUST3679,Sai Iyer,sai.iyer608@example.com,Male,24,2020-01-09,Chennai,Tamil Nadu,India,Gold
CUST3680,Lucas Saxena,lucas.saxena29@example.com,Female,39,2018-12-28,Patna,Bihar,India,Gold
CUST3681,Maya Patel,maya.patel159@example.com,Female,59,2024-01-21,Bhopal,Madhya Pradesh,India,Silver
CUST3682,Isabella Patel,isabella.patel524@example.com,Female,70,2018-04-19,Thiruvananthapuram,Kerala,India,Bronze
CUST3683,Priya Joshi,priya.joshi733@example.com,Female,56,2018-05-31,Chennai,Tamil Nadu,India,Bronze
CUST3684,Sophia Singh,sophia.singh225@example.com,Female,27,2024-08-11,Patna,Bihar,India,Bronze
CUST3685,Maya Saxena,maya.saxena915@example.com,Male,35,2023-09-26,Nagpur,Maharashtra,India,Silver
CUST3686,Aria Bose,aria.bose944@example.com,Male,63,2021-07-19,Mumbai,Maharashtra,India,Bronze
CUST3687,Rahul Bose,rahul.bose524@example.com,Female,51,2020-07-11,Pune,Maharashtra,India,Bronze
CUST3688,Olivia Bose,olivia.bose14@example.com,Female,46,2020-08-25,Chennai,Tamil Nadu,India,Silver
CUST3689,Ethan Nair,ethan.nair103@example.com,Male,39,2025-02-02,Mumbai,Maharashtra,India,Silver
CUST3690,Mia Mehta,mia.mehta451@example.com,Female,20,2022-01-04,Kolkata,West Bengal,India,Silver
CUST3691,Rohan Khan,rohan.khan633@example.com,Female,65,2020-06-30,Bhopal,Madhya Pradesh,India,Bronze
CUST3692,Ethan Das,ethan.das270@example.com,Male,41,2023-09-17,Patna,Bihar,India,Bronze
CUST3693,Aditya Dasgupta,aditya.dasgupta66@example.com,Male,48,2018-07-30,Chennai,Tamil Nadu,India,Silver
CUST3694,Amelia Iyer,amelia.iyer664@example.com,Female,21,2020-03-23,Coimbatore,Tamil Nadu,India,Bronze
CUST3695,Aditi Patel,aditi.patel333@example.com,Female,43,2023-12-27,Vadodara,Gujarat,India,Bronze
CUST3696,Vivaan Nath,vivaan.nath655@example.com,Male,46,2024-12-05,Indore,Madhya Pradesh,India,Bronze
CUST3697,Isabella Singh,isabella.singh238@example.com,Female,37,2025-01-14,Lucknow,Uttar Pradesh,India,Bronze
CUST3698,Rohan Dasgupta,rohan.dasgupta270@example.com,Male,48,2024-06-11,Ahmedabad,Gujarat,India,Bronze
CUST3699,Mia Iyer,mia.iyer840@example.com,Female,64,2022-10-17,Ahmedabad,Gujarat,India,Silver
CUST3700,Aditya Chopra,aditya.chopra224@example.com,Female,57,2021-07-31,Thiruvananthapuram,Kerala,India,Bronze
CUST3701,Kabir Kapoor,kabir.kapoor678@example.com,Male,25,2021-12-25,Vijayawada,Andhra Pradesh,India,Gold
CUST3702,Karthik Bose,karthik.bose724@example.com,Female,56,2025-07-04,Kolkata,West Bengal,India,Silver
CUST3703,Diya Patel,diya.patel522@example.com,Male,53,2020-05-03,Mumbai,Maharashtra,India,Bronze
CUST3704,Ethan Reddy,ethan.reddy340@example.com,Female,63,2025-06-04,Ahmedabad,Gujarat,India,Silver
CUST3705,Ethan Iyer,ethan.iyer233@example.com,Male,23,2022-03-20,Visakhapatnam,Andhra Pradesh,India,Bronze
CUST3706,Karthik Das,karthik.das551@example.com,Male,45,2022-05-13,Bengaluru,Karnataka,India,Gold
CUST3707,Amelia Nair,amelia.nair308@example.com,Male,42,2023-04-13,Lucknow,Uttar Pradesh,India,Bronze
CUST3708,Emma Patel,emma.patel354@example.com,Female,54,2022-01-01,Patna,Bihar,India,Bronze
CUST3709,Aditya Khan,aditya.khan275@example.com,Female,57,2019-04-16,Nagpur,Maharashtra,India,Bronze
CUST3710,Aarav Mehta,aarav.mehta14@example.com,Female,28,2018-11-12,Bhopal,Madhya Pradesh,India,Silver
CUST3711,Priya Nath,priya.nath566@example.com,Male,36,2019-02-10,Jaipur,Rajasthan,India,Silver
CUST3712,Riya Das,riya.das684@example.com,Male,62,2018-08-28,Vijayawada,Andhra Pradesh,India,Bronze
CUST3713,Maya Nair,maya.nair711@example.com,Female,46,2021-03-24,Bengaluru,Karnataka,India,Silver
CUST3714,Sai Nath,sai.nath830@example.com,Female,26,2024-01-05,Coimbatore,Tamil Nadu,India,Bronze
CUST3715,Liam Iyer,liam.iyer995@example.com,Male,19,2019-09-13,Nagpur,Maharashtra,India,Platinum
CUST3716,Liam Verma,liam.verma993@example.com,Female,19,2024-06-13,Vijayawada,Andhra Pradesh,India,Bronze
CUST3717,Ethan Gupta,ethan.gupta120@example.com,Female,30,2022-08-30,Coimbatore,Tamil Nadu,India,Bronze
CUST3718,Arjun Saxena,arjun.saxena765@example.com,Male,44,2022-08-23,Nagpur,Maharashtra,India,Platinum
CUST3719,Aarav Singh,aarav.singh321@example.com,Female,33,2021-02-12,Hyderabad,Telangana,India,Silver
CUST3720,Amelia Kumar,amelia.kumar138@example.com,Female,26,2019-07-02,Jaipur,Rajasthan,India,Bronze
CUST3721,Sophia Trivedi,sophia.trivedi41@example.com,Male,31,2022-11-28,Nagpur,Maharashtra,India,Bronze
CUST3722,Chloe Chopra,chloe.chopra500@example.com,Male,65,2018-03-08,Chennai,Tamil Nadu,India,Bronze
CUST3723,Aditi Saxena,aditi.saxena74@example.com,Male,58,2021-05-31,Lucknow,Uttar Pradesh,India,Silver
CUST3724,Arjun Das,arjun.das301@example.com,Male,28,2020-05-15,Jaipur,Rajasthan,India,Silver
CUST3725,Karthik Reddy,karthik.reddy469@example.com,Male,43,2022-01-16,Nagpur,Maharashtra,India,Gold
CUST3726,Sai Joshi,sai.joshi834@example.com,Male,53,2022-04-21,Jaipur,Rajasthan,India,Bronze
CUST3727,Sai Joshi,sai.joshi224@example.com,Male,55,2022-01-01,Coimbatore,Tamil Nadu,India,Gold
CUST3728,Liam Mehta,liam.mehta365@example.com,Female,28,2025-03-03,Hyderabad,Telangana,India,Bronze
CUST3729,Aditi Joshi,aditi.joshi872@example.com,Female,69,2019-01-15,Ahmedabad,Gujarat,India,Silver
CUST3730,Aarav Nair,aarav.nair950@example.com,Female,68,2024-02-21,Surat,Gujarat,India,Bronze
CUST3731,Ananya Mehta,ananya.mehta352@example.com,Male,64,2020-05-03,Lucknow,Uttar Pradesh,India,Silver
CUST3732,Amelia Das,amelia.das897@example.com,Female,48,2019-07-31,Hyderabad,Telangana,India,Bronze
CUST3733,Maya Iyer,maya.iyer587@example.com,Male,48,2020-09-14,Jaipur,Rajasthan,India,Bronze
CUST3734,Amelia Verma,amelia.verma283@example.com,Male,65,2025-10-20,Delhi,Delhi,India,Bronze
CUST3735,Kabir Dasgupta,kabir.dasgupta595@example.com,Female,27,2022-01-04,Delhi,Delhi,India,Bronze
CUST3736,Olivia Nath,olivia.nath469@example.com,Female,47,2024-08-12,Surat,Gujarat,India,Bronze
CUST3737,Sai Sharma,sai.sharma297@example.com,Male,38,2021-03-15,Jaipur,Rajasthan,India,Bronze
CUST3738,Liam Chopra,liam.chopra436@example.com,Male,30,2018-08-01,Bhopal,Madhya Pradesh,India,Silver
CUST3739,Rohan Kumar,rohan.kumar62@example.com,Male,62,2024-01-05,Thiruvananthapuram,Kerala,India,Platinum
CUST3740,Aditya Dasgupta,aditya.dasgupta212@example.com,Female,38,2019-01-13,Delhi,Delhi,India,Bronze
CUST3741,Neha Khan,neha.khan548@example.com,Male,58,2019-03-02,Bengaluru,Karnataka,India,Bronze
CUST3742,Maya Reddy,maya.reddy562@example.com,Male,20,2024-11-24,Coimbatore,Tamil Nadu,India,Silver
CUST3743,Rahul Chopra,rahul.chopra309@example.com,Male,66,2023-02-04,Mumbai,Maharashtra,India,Bronze
CUST3744,Maya Sharma,maya.sharma147@example.com,Female,70,2024-06-26,Pune,Maharashtra,India,Bronze
CUST3745,Lucas Reddy,lucas.reddy382@example.com,Female,29,2020-03-14,Bengaluru,Karnataka,India,Bronze
CUST3746,Vivaan Gupta,vivaan.gupta200@example.com,Male,50,2022-11-04,Surat,Gujarat,India,Platinum
CUST3747,Olivia Mehta,olivia.mehta932@example.com,Female,61,2021-08-30,Kolkata,West Bengal,India,Bronze
CUST3748,Emma Patel,emma.patel99@example.com,Male,27,2018-04-22,Coimbatore,Tamil Nadu,India,Bronze
CUST3749,Vivaan Patel,vivaan.patel323@example.com,Male,38,2024-08-08,Vijayawada,Andhra Pradesh,India,Bronze
CUST3750,Arjun Joshi,arjun.joshi435@example.com,Female,31,2023-10-29,Kolkata,West Bengal,India,Bronze
CUST3751,Isabella Singh,isabella.singh285@example.com,Male,38,2020-08-08,Vijayawada,Andhra Pradesh,India,Bronze
CUST3752,Noah Gupta,noah.gupta49@example.com,Male,26,2025-05-06,Bengaluru,Karnataka,India,Bronze
CUST3753,Noah Saxena,noah.saxena776@example.com,Male,22,2019-04-12,Pune,Maharashtra,India,Bronze
CUST3754,Riya Nair,riya.nair229@example.com,Female,30,2020-07-22,Hyderabad,Telangana,India,Bronze
CUST3755,Rohan Joshi,rohan.joshi979@example.com,Other,68,2020-05-29,Hyderabad,Telangana,India,Bronze
CUST3756,Aria Das,aria.das344@example.com,Female,44,2025-08-14,Ahmedabad,Gujarat,India,Bronze
CUST3757,Saanvi Dasgupta,saanvi.dasgupta191@example.com,Female,37,2021-05-05,Vadodara,Gujarat,India,Bronze
CUST3758,Lucas Sharma,lucas.sharma178@example.com,Male,50,2022-10-28,Nagpur,Maharashtra,India,Bronze
CUST3759,Ananya Kumar,ananya.kumar748@example.com,Female,40,2020-10-10,Nagpur,Maharashtra,India,Silver
CUST3760,Liam Khan,liam.khan641@example.com,Female,70,2020-09-20,Lucknow,Uttar Pradesh,India,Silver
CUST3761,Maya Verma,maya.verma182@example.com,Female,32,2021-12-30,Coimbatore,Tamil Nadu,India,Silver
CUST3762,Aditya Mehta,aditya.mehta705@example.com,Male,42,2022-07-14,Visakhapatnam,Andhra Pradesh,India,Silver
CUST3763,Sophia Reddy,sophia.reddy274@example.com,Female,42,2019-10-08,Visakhapatnam,Andhra Pradesh,India,Silver
CUST3764,Isabella Kapoor,isabella.kapoor63@example.com,Female,44,2022-09-02,Ahmedabad,Gujarat,India,Bronze
CUST3765,Kabir Verma,kabir.verma225@example.com,Male,55,2025-10-29,Visakhapatnam,Andhra Pradesh,India,Bronze
CUST3766,Chloe Bose,chloe.bose797@example.com,Other,35,2022-06-02,Nagpur,Maharashtra,India,Silver
CUST3767,Noah Iyer,noah.iyer347@example.com,Male,55,2025-09-24,Nagpur,Maharashtra,India,Bronze
CUST3768,Liam Nath,liam.nath565@example.com,Female,65,2020-10-20,Kolkata,West Bengal,India,Bronze
CUST3769,Chloe Joshi,chloe.joshi506@example.com,Female,27,2021-05-04,Chennai,Tamil Nadu,India,Bronze
CUST3770,Aditya Gupta,aditya.gupta657@example.com,Male,59,2025-10-29,Nagpur,Maharashtra,India,Platinum
CUST3771,Emma Trivedi,emma.trivedi954@example.com,Male,35,2020-05-20,Ahmedabad,Gujarat,India,Bronze
CUST3772,Rahul Kapoor,rahul.kapoor768@example.com,Male,60,2024-06-24,Bengaluru,Karnataka,India,Bronze
CUST3773,Arjun Joshi,arjun.joshi749@example.com,Female,36,2024-05-05,Thiruvananthapuram,Kerala,India,Bronze
CUST3774,Diya Saxena,diya.saxena624@example.com,Female,66,2024-02-16,Delhi,Delhi,India,Bronze
CUST3775,Karthik Iyer,karthik.iyer690@example.com,Female,23,2019-02-20,Coimbatore,Tamil Nadu,India,Gold
CUST3776,Rohan Nair,rohan.nair712@example.com,Male,19,2020-09-29,Bengaluru,Karnataka,India,Bronze
CUST3777,Saanvi Khan,saanvi.khan134@example.com,Male,48,2025-10-01,Hyderabad,Telangana,India,Silver
CUST3778,Mia Sharma,mia.sharma966@example.com,Male,52,2024-11-18,Nagpur,Maharashtra,India,Silver
CUST3779,Maya Sharma,maya.sharma570@example.com,Female,42,2021-01-31,Vijayawada,Andhra Pradesh,India,Bronze
CUST3780,Sai Patel,sai.patel293@example.com,Male,30,2024-08-22,Ahmedabad,Gujarat,India,Silver
CUST3781,Aditi Joshi,aditi.joshi189@example.com,Male,35,2019-08-14,Vijayawada,Andhra Pradesh,India,Platinum
CUST3782,Liam Gupta,liam.gupta398@example.com,Female,36,2021-11-11,Coimbatore,Tamil Nadu,India,Bronze
CUST3783,Ethan Nair,ethan.nair613@example.com,Male,26,2024-07-24,Vijayawada,Andhra Pradesh,India,Silver
CUST3784,Riya Sharma,riya.sharma221@example.com,Male,54,2020-12-10,Bhopal,Madhya Pradesh,India,Silver
CUST3785,Aditya Patel,aditya.patel186@example.com,Female,62,2022-04-19,Ahmedabad,Gujarat,India,Bronze
CUST3786,Aditya Saxena,aditya.saxena420@example.com,Male,61,2018-04-15,Nagpur,Maharashtra,India,Silver
CUST3787,Maya Iyer,maya.iyer224@example.com,Male,56,2019-03-31,Mumbai,Maharashtra,India,Bronze
CUST3788,Priya Patel,priya.patel174@example.com,Male,67,2024-05-28,Bengaluru,Karnataka,India,Bronze
CUST3789,Mia Iyer,mia.iyer582@example.com,Female,64,2024-07-24,Mumbai,Maharashtra,India,Silver
CUST3790,Aditya Nair,aditya.nair232@example.com,Male,35,2020-06-01,Thiruvananthapuram,Kerala,India,Gold
CUST3791,Neha Khan,neha.khan673@example.com,Female,61,2021-01-25,Patna,Bihar,India,Silver
CUST3792,Riya Kumar,riya.kumar846@example.com,Female,69,2025-10-02,Lucknow,Uttar Pradesh,India,Bronze
CUST3793,Vivaan Reddy,vivaan.reddy886@example.com,Male,56,2020-06-05,Mumbai,Maharashtra,India,Bronze
CUST3794,Isha Trivedi,isha.trivedi94@example.com,Male,18,2021-03-04,Vijayawada,Andhra Pradesh,India,Silver
CUST3795,Sophia Reddy,sophia.reddy791@example.com,Male,37,2025-05-11,Hyderabad,Telangana,India,Gold
CUST3796,Vivaan Singh,vivaan.singh543@example.com,Female,44,2022-09-05,Chennai,Tamil Nadu,India,Bronze
CUST3797,Maya Kumar,maya.kumar766@example.com,Other,57,2024-10-02,Mumbai,Maharashtra,India,Bronze
CUST3798,Sai Patel,sai.patel978@example.com,Female,30,2020-11-22,Bhopal,Madhya Pradesh,India,Gold
CUST3799,Amelia Mehta,amelia.mehta310@example.com,Female,27,2018-09-03,Pune,Maharashtra,India,Bronze
CUST3800,Aditya Chopra,aditya.chopra63@example.com,Female,54,2025-07-12,Chennai,Tamil Nadu,India,Bronze
CUST3801,Amelia Nath,amelia.nath103@example.com,Male,52,2022-04-15,Mumbai,Maharashtra,India,Bronze
CUST3802,Lucas Khan,lucas.khan102@example.com,Female,23,2023-07-23,Chennai,Tamil Nadu,India,Bronze
CUST3803,Sai Patel,sai.patel597@example.com,Female,70,2018-03-08,Kolkata,West Bengal,India,Bronze
CUST3804,Aditi Sharma,aditi.sharma166@example.com,Other,51,2024-03-25,Delhi,Delhi,India,Bronze
CUST3805,Arjun Singh,arjun.singh861@example.com,Female,58,2021-05-10,Surat,Gujarat,India,Bronze
CUST3806,Kabir Reddy,kabir.reddy792@example.com,Female,31,2022-11-22,Thiruvananthapuram,Kerala,India,Silver
CUST3807,Karthik Khan,karthik.khan390@example.com,Male,45,2020-02-08,Vadodara,Gujarat,India,Bronze
CUST3808,Maya Reddy,maya.reddy39@example.com,Female,49,2021-05-20,Vadodara,Gujarat,India,Platinum
CUST3809,Noah Joshi,noah.joshi126@example.com,Female,36,2019-11-25,Jaipur,Rajasthan,India,Silver
CUST3810,Arjun Verma,arjun.verma291@example.com,Female,22,2020-08-30,Delhi,Delhi,India,Gold
CUST3811,Saanvi Mehta,saanvi.mehta53@example.com,Male,60,2022-11-10,Hyderabad,Telangana,India,Bronze
CUST3812,Neha Trivedi,neha.trivedi260@example.com,Female,39,2019-11-16,Surat,Gujarat,India,Bronze
CUST3813,Liam Khan,liam.khan758@example.com,Male,22,2018-01-09,Kolkata,West Bengal,India,Silver
CUST3814,Riya Khan,riya.khan738@example.com,Female,63,2023-03-26,Vijayawada,Andhra Pradesh,India,Bronze
CUST3815,Olivia Saxena,olivia.saxena283@example.com,Female,40,2022-10-11,Coimbatore,Tamil Nadu,India,Silver
CUST3816,Rohan Nath,rohan.nath973@example.com,Female,21,2018-05-06,Visakhapatnam,Andhra Pradesh,India,Bronze
CUST3817,Liam Mehta,liam.mehta444@example.com,Male,60,2022-07-05,Pune,Maharashtra,India,Bronze
CUST3818,Mia Kapoor,mia.kapoor304@example.com,Female,29,2023-01-11,Delhi,Delhi,India,Bronze
CUST3819,Priya Joshi,priya.joshi137@example.com,Female,41,2022-07-18,Visakhapatnam,Andhra Pradesh,India,Bronze
CUST3820,Priya Sharma,priya.sharma488@example.com,Male,20,2018-12-06,Ahmedabad,Gujarat,India,Gold
CUST3821,Liam Das,liam.das114@example.com,Female,18,2022-03-29,Bhopal,Madhya Pradesh,India,Silver
CUST3822,Neha Gupta,neha.gupta267@example.com,Male,62,2023-09-28,Indore,Madhya Pradesh,India,Silver
CUST3823,Arjun Sharma,arjun.sharma4@example.com,Other,70,2022-08-14,Nagpur,Maharashtra,India,Bronze
CUST3824,Vivaan Das,vivaan.das996@example.com,Female,24,2023-06-14,Kolkata,West Bengal,India,Bronze
CUST3825,Aarav Khan,aarav.khan418@example.com,Male,50,2019-04-01,Chennai,Tamil Nadu,India,Bronze
CUST3826,Lucas Gupta,lucas.gupta144@example.com,Male,53,2019-08-30,Hyderabad,Telangana,India,Bronze
CUST3827,Sai Dasgupta,sai.dasgupta14@example.com,Female,48,2021-08-31,Kolkata,West Bengal,India,Bronze
CUST3828,Karthik Saxena,karthik.saxena606@example.com,Female,20,2018-01-06,Lucknow,Uttar Pradesh,India,Bronze
CUST3829,Emma Trivedi,emma.trivedi275@example.com,Male,69,2019-04-20,Jaipur,Rajasthan,India,Bronze
CUST3830,Lucas Patel,lucas.patel722@example.com,Male,33,2021-11-22,Bengaluru,Karnataka,India,Silver
CUST3831,Mia Mehta,mia.mehta199@example.com,Male,67,2022-12-20,Kolkata,West Bengal,India,Bronze
CUST3832,Liam Kapoor,liam.kapoor607@example.com,Male,70,2018-02-01,Nagpur,Maharashtra,India,Bronze
CUST3833,Liam Verma,liam.verma980@example.com,Female,20,2024-09-18,Indore,Madhya Pradesh,India,Bronze
CUST3834,Aarav Singh,aarav.singh949@example.com,Female,22,2018-04-08,Ahmedabad,Gujarat,India,Bronze
CUST3835,Riya Mehta,riya.mehta249@example.com,Male,57,2021-09-25,Kolkata,West Bengal,India,Silver
CUST3836,Rohan Patel,rohan.patel953@example.com,Female,36,2023-04-08,Patna,Bihar,India,Bronze
CUST3837,Aditi Dasgupta,aditi.dasgupta751@example.com,Female,26,2024-03-05,Mumbai,Maharashtra,India,Bronze
CUST3838,Liam Kapoor,liam.kapoor691@example.com,Female,57,2020-07-03,Bengaluru,Karnataka,India,Bronze
CUST3839,Mia Verma,mia.verma510@example.com,Other,53,2025-03-16,Bengaluru,Karnataka,India,Silver
CUST3840,Diya Bose,diya.bose572@example.com,Female,25,2025-06-27,Kolkata,West Bengal,India,Bronze
CUST3841,Ethan Saxena,ethan.saxena743@example.com,Female,46,2020-10-23,Jaipur,Rajasthan,India,Silver
CUST3842,Priya Saxena,priya.saxena590@example.com,Male,70,2021-09-21,Patna,Bihar,India,Bronze
CUST3843,Karthik Khan,karthik.khan804@example.com,Male,54,2021-06-07,Bengaluru,Karnataka,India,Bronze
CUST3844,Isha Gupta,isha.gupta590@example.com,Female,18,2022-09-13,Vadodara,Gujarat,India,Platinum
CUST3845,Sophia Kumar,sophia.kumar707@example.com,Male,27,2023-10-31,Vadodara,Gujarat,India,Silver
CUST3846,Neha Sharma,neha.sharma387@example.com,Male,21,2022-05-11,Surat,Gujarat,India,Bronze
CUST3847,Diya Iyer,diya.iyer464@example.com,Female,41,2022-12-24,Mumbai,Maharashtra,India,Bronze
CUST3848,Rahul Singh,rahul.singh455@example.com,Male,32,2022-09-10,Patna,Bihar,India,Bronze
CUST3849,Sophia Trivedi,sophia.trivedi60@example.com,Male,32,2025-02-14,Bengaluru,Karnataka,India,Bronze
CUST3850,Saanvi Khan,saanvi.khan741@example.com,Male,57,2019-10-21,Vadodara,Gujarat,India,Silver
CUST3851,Riya Das,riya.das309@example.com,Male,49,2020-01-09,Surat,Gujarat,India,Silver
CUST3852,Lucas Sharma,lucas.sharma545@example.com,Male,29,2020-09-11,Kolkata,West Bengal,India,Gold
CUST3853,Ananya Nair,ananya.nair309@example.com,Female,67,2018-05-11,Lucknow,Uttar Pradesh,India,Bronze
CUST3854,Olivia Singh,olivia.singh316@example.com,Male,39,2021-11-01,Jaipur,Rajasthan,India,Gold
CUST3855,Priya Saxena,priya.saxena111@example.com,Male,39,2021-07-15,Indore,Madhya Pradesh,India,Bronze
CUST3856,Sophia Sharma,sophia.sharma394@example.com,Male,49,2024-04-25,Coimbatore,Tamil Nadu,India,Bronze
CUST3857,Isha Gupta,isha.gupta378@example.com,Male,33,2020-05-22,Jaipur,Rajasthan,India,Silver
CUST3858,Aria Mehta,aria.mehta692@example.com,Female,40,2020-01-13,Jaipur,Rajasthan,India,Silver
CUST3859,Rahul Trivedi,rahul.trivedi944@example.com,Female,51,2022-05-04,Jaipur,Rajasthan,India,Bronze
CUST3860,Aarav Singh,aarav.singh620@example.com,Male,29,2025-09-27,Vadodara,Gujarat,India,Silver
CUST3861,Aditi Gupta,aditi.gupta102@example.com,Female,28,2024-09-24,Kolkata,West Bengal,India,Silver
CUST3862,Aarav Dasgupta,aarav.dasgupta90@example.com,Male,52,2019-12-26,Chennai,Tamil Nadu,India,Bronze
CUST3863,Diya Nath,diya.nath181@example.com,Female,42,2024-10-10,Pune,Maharashtra,India,Bronze
CUST3864,Ethan Sharma,ethan.sharma406@example.com,Male,26,2021-12-24,Mumbai,Maharashtra,India,Platinum
CUST3865,Arjun Iyer,arjun.iyer601@example.com,Male,20,2021-05-22,Patna,Bihar,India,Silver
CUST3866,Ethan Verma,ethan.verma8@example.com,Male,20,2022-09-09,Chennai,Tamil Nadu,India,Silver
CUST3867,Vivaan Patel,vivaan.patel591@example.com,Male,33,2020-05-16,Visakhapatnam,Andhra Pradesh,India,Silver
CUST3868,Kabir Saxena,kabir.saxena499@example.com,Male,21,2018-01-09,Mumbai,Maharashtra,India,Silver
CUST3869,Ananya Nath,ananya.nath664@example.com,Male,24,2022-03-24,Kolkata,West Bengal,India,Bronze
CUST3870,Rahul Joshi,rahul.joshi733@example.com,Female,35,2023-07-10,Delhi,Delhi,India,Bronze
CUST3871,Karthik Verma,karthik.verma994@example.com,Female,18,2023-01-16,Vijayawada,Andhra Pradesh,India,Platinum
CUST3872,Lucas Singh,lucas.singh233@example.com,Male,68,2021-11-10,Pune,Maharashtra,India,Bronze
CUST3873,Diya Reddy,diya.reddy986@example.com,Male,58,2023-04-04,Indore,Madhya Pradesh,India,Gold
CUST3874,Maya Reddy,maya.reddy292@example.com,Male,36,2022-12-12,Ahmedabad,Gujarat,India,Silver
CUST3875,Aditi Sharma,aditi.sharma802@example.com,Female,57,2021-04-26,Visakhapatnam,Andhra Pradesh,India,Bronze
CUST3876,Aria Patel,aria.patel943@example.com,Male,46,2023-08-06,Nagpur,Maharashtra,India,Platinum
CUST3877,Olivia Chopra,olivia.chopra349@example.com,Male,29,2025-05-22,Thiruvananthapuram,Kerala,India,Silver
CUST3878,Mia Chopra,mia.chopra69@example.com,Male,68,2024-06-15,Hyderabad,Telangana,India,Bronze
CUST3879,Ethan Mehta,ethan.mehta489@example.com,Female,44,2025-06-05,Delhi,Delhi,India,Silver
CUST3880,Aria Kumar,aria.kumar160@example.com,Male,22,2025-07-28,Chennai,Tamil Nadu,India,Bronze
CUST3881,Liam Trivedi,liam.trivedi697@example.com,Female,19,2022-05-02,Thiruvananthapuram,Kerala,India,Silver
CUST3882,Saanvi Mehta,saanvi.mehta252@example.com,Male,30,2025-09-02,Thiruvananthapuram,Kerala,India,Bronze
CUST3883,Karthik Nath,karthik.nath160@example.com,Male,26,2022-03-31,Bhopal,Madhya Pradesh,India,Silver
CUST3884,Liam Kapoor,liam.kapoor377@example.com,Male,49,2018-12-10,Delhi,Delhi,India,Bronze
CUST3885,Sai Saxena,sai.saxena320@example.com,Male,20,2018-04-29,Jaipur,Rajasthan,India,Bronze
CUST3886,Rahul Iyer,rahul.iyer584@example.com,Female,54,2025-10-25,Kolkata,West Bengal,India,Gold
CUST3887,Olivia Reddy,olivia.reddy213@example.com,Male,45,2021-11-12,Vadodara,Gujarat,India,Silver
CUST3888,Rohan Joshi,rohan.joshi390@example.com,Female,26,2023-05-15,Patna,Bihar,India,Silver
CUST3889,Arjun Khan,arjun.khan675@example.com,Female,69,2025-08-29,Thiruvananthapuram,Kerala,India,Bronze
CUST3890,Sophia Reddy,sophia.reddy904@example.com,Other,31,2023-11-16,Kolkata,West Bengal,India,Bronze
CUST3891,Arjun Das,arjun.das684@example.com,Female,70,2022-05-08,Visakhapatnam,Andhra Pradesh,India,Bronze
CUST3892,Neha Joshi,neha.joshi300@example.com,Male,46,2020-06-21,Visakhapatnam,Andhra Pradesh,India,Bronze
CUST3893,Sai Khan,sai.khan188@example.com,Other,38,2021-11-15,Jaipur,Rajasthan,India,Platinum
CUST3894,Amelia Iyer,amelia.iyer501@example.com,Female,41,2025-07-18,Coimbatore,Tamil Nadu,India,Bronze
CUST3895,Mia Joshi,mia.joshi629@example.com,Male,44,2020-12-01,Bhopal,Madhya Pradesh,India,Bronze
CUST3896,Riya Nath,riya.nath437@example.com,Male,35,2024-06-24,Ahmedabad,Gujarat,India,Silver
CUST3897,Ethan Patel,ethan.patel23@example.com,Male,58,2019-07-20,Surat,Gujarat,India,Bronze
CUST3898,Neha Nath,neha.nath133@example.com,Other,44,2021-09-01,Coimbatore,Tamil Nadu,India,Bronze
CUST3899,Rahul Patel,rahul.patel147@example.com,Female,21,2022-09-24,Kolkata,West Bengal,India,Silver
CUST3900,Chloe Chopra,chloe.chopra729@example.com,Female,56,2020-08-05,Surat,Gujarat,India,Silver
CUST3901,Aria Bose,aria.bose599@example.com,Female,34,2025-09-06,Lucknow,Uttar Pradesh,India,Gold
CUST3902,Aditya Singh,aditya.singh590@example.com,Male,45,2025-05-14,Visakhapatnam,Andhra Pradesh,India,Gold
CUST3903,Ananya Singh,ananya.singh807@example.com,Male,49,2023-03-06,Patna,Bihar,India,Platinum
CUST3904,Olivia Sharma,olivia.sharma294@example.com,Female,49,2024-05-12,Indore,Madhya Pradesh,India,Gold
CUST3905,Sai Verma,sai.verma120@example.com,Female,36,2025-10-30,Mumbai,Maharashtra,India,Bronze
CUST3906,Saanvi Iyer,saanvi.iyer666@example.com,Female,26,2019-01-19,Ahmedabad,Gujarat,India,Bronze
CUST3907,Noah Singh,noah.singh793@example.com,Male,46,2025-03-27,Kolkata,West Bengal,India,Silver
CUST3908,Amelia Nath,amelia.nath716@example.com,Female,38,2018-09-20,Coimbatore,Tamil Nadu,India,Bronze
CUST3909,Mia Bose,mia.bose13@example.com,Male,44,2025-01-25,Jaipur,Rajasthan,India,Silver
CUST3910,Isabella Kapoor,isabella.kapoor437@example.com,Male,25,2018-10-03,Kolkata,West Bengal,India,Gold
CUST3911,Ethan Singh,ethan.singh28@example.com,Female,21,2025-07-31,Bhopal,Madhya Pradesh,India,Bronze
CUST3912,Amelia Das,amelia.das130@example.com,Male,34,2024-02-03,Pune,Maharashtra,India,Bronze
CUST3913,Mia Nair,mia.nair434@example.com,Female,61,2024-06-18,Coimbatore,Tamil Nadu,India,Bronze
CUST3914,Lucas Kapoor,lucas.kapoor171@example.com,Female,62,2024-01-22,Vadodara,Gujarat,India,Bronze
CUST3915,Emma Reddy,emma.reddy715@example.com,Male,18,2021-10-06,Lucknow,Uttar Pradesh,India,Silver
CUST3916,Riya Chopra,riya.chopra898@example.com,Female,26,2018-04-09,Patna,Bihar,India,Platinum
CUST3917,Amelia Chopra,amelia.chopra287@example.com,Female,21,2019-04-11,Pune,Maharashtra,India,Bronze
CUST3918,Aria Verma,aria.verma782@example.com,Female,54,2020-05-31,Visakhapatnam,Andhra Pradesh,India,Bronze
CUST3919,Liam Sharma,liam.sharma80@example.com,Male,39,2021-04-10,Coimbatore,Tamil Nadu,India,Bronze
CUST3920,Karthik Kapoor,karthik.kapoor733@example.com,Female,63,2025-03-15,Mumbai,Maharashtra,India,Bronze
CUST3921,Vivaan Nair,vivaan.nair975@example.com,Female,50,2024-06-21,Mumbai,Maharashtra,India,Bronze
CUST3922,Liam Reddy,liam.reddy63@example.com,Male,35,2020-09-18,Delhi,Delhi,India,Bronze
CUST3923,Priya Kapoor,priya.kapoor349@example.com,Male,31,2021-09-14,Pune,Maharashtra,India,Bronze
CUST3924,Liam Patel,liam.patel282@example.com,Female,31,2023-05-10,Ahmedabad,Gujarat,India,Bronze
CUST3925,Karthik Kapoor,karthik.kapoor52@example.com,Male,57,2025-03-03,Bengaluru,Karnataka,India,Bronze
CUST3926,Priya Kapoor,priya.kapoor954@example.com,Male,36,2023-01-07,Chennai,Tamil Nadu,India,Bronze
CUST3927,Ethan Bose,ethan.bose563@example.com,Male,23,2024-10-27,Mumbai,Maharashtra,India,Bronze
CUST3928,Aditi Patel,aditi.patel415@example.com,Female,51,2025-10-13,Patna,Bihar,India,Silver
CUST3929,Saanvi Khan,saanvi.khan719@example.com,Male,23,2019-03-14,Visakhapatnam,Andhra Pradesh,India,Bronze
CUST3930,Priya Chopra,priya.chopra819@example.com,Female,45,2019-04-08,Delhi,Delhi,India,Bronze
CUST3931,Kabir Joshi,kabir.joshi450@example.com,Male,65,2023-11-06,Pune,Maharashtra,India,Silver
CUST3932,Ananya Chopra,ananya.chopra68@example.com,Male,20,2021-08-07,Bengaluru,Karnataka,India,Bronze
CUST3933,Maya Nair,maya.nair384@example.com,Male,40,2025-03-21,Patna,Bihar,India,Bronze
CUST3934,Karthik Chopra,karthik.chopra336@example.com,Male,27,2024-02-13,Visakhapatnam,Andhra Pradesh,India,Bronze
CUST3935,Diya Iyer,diya.iyer593@example.com,Female,67,2023-09-17,Hyderabad,Telangana,India,Bronze
CUST3936,Priya Joshi,priya.joshi676@example.com,Male,47,2023-05-29,Surat,Gujarat,India,Bronze
CUST3937,Aditya Mehta,aditya.mehta553@example.com,Female,45,2022-10-19,Patna,Bihar,India,Bronze
CUST3938,Isabella Nair,isabella.nair5@example.com,Female,67,2020-04-09,Bengaluru,Karnataka,India,Bronze
CUST3939,Rohan Mehta,rohan.mehta210@example.com,Male,70,2023-03-08,Hyderabad,Telangana,India,Bronze
CUST3940,Priya Chopra,priya.chopra607@example.com,Female,59,2020-06-28,Lucknow,Uttar Pradesh,India,Bronze
CUST3941,Liam Verma,liam.verma831@example.com,Female,21,2019-11-06,Surat,Gujarat,India,Bronze
CUST3942,Rohan Verma,rohan.verma967@example.com,Male,24,2020-09-04,Bengaluru,Karnataka,India,Silver
CUST3943,Aditi Nair,aditi.nair964@example.com,Female,52,2024-04-30,Thiruvananthapuram,Kerala,India,Bronze
CUST3944,Emma Sharma,emma.sharma655@example.com,Male,32,2024-03-25,Hyderabad,Telangana,India,Platinum
CUST3945,Lucas Khan,lucas.khan481@example.com,Male,65,2019-04-20,Chennai,Tamil Nadu,India,Gold
CUST3946,Rohan Dasgupta,rohan.dasgupta144@example.com,Male,62,2023-05-24,Bhopal,Madhya Pradesh,India,Gold
CUST3947,Saanvi Sharma,saanvi.sharma799@example.com,Female,18,2022-12-18,Delhi,Delhi,India,Bronze
CUST3948,Vivaan Singh,vivaan.singh734@example.com,Female,27,2020-03-03,Ahmedabad,Gujarat,India,Silver
CUST3949,Kabir Nair,kabir.nair910@example.com,Female,21,2021-11-29,Thiruvananthapuram,Kerala,India,Silver
CUST3950,Olivia Bose,olivia.bose481@example.com,Male,57,2022-10-16,Chennai,Tamil Nadu,India,Silver
CUST3951,Sophia Khan,sophia.khan111@example.com,Male,63,2024-11-03,Nagpur,Maharashtra,India,Bronze
CUST3952,Priya Joshi,priya.joshi789@example.com,Male,36,2018-06-16,Vadodara,Gujarat,India,Silver
CUST3953,Noah Joshi,noah.joshi537@example.com,Female,30,2021-03-23,Lucknow,Uttar Pradesh,India,Bronze
CUST3954,Aria Verma,aria.verma156@example.com,Male,70,2021-02-27,Kolkata,West Bengal,India,Platinum
CUST3955,Priya Verma,priya.verma201@example.com,Female,57,2020-03-31,Hyderabad,Telangana,India,Bronze
CUST3956,Aditya Nath,aditya.nath78@example.com,Female,33,2024-12-29,Bengaluru,Karnataka,India,Bronze
CUST3957,Karthik Dasgupta,karthik.dasgupta490@example.com,Female,44,2018-07-25,Chennai,Tamil Nadu,India,Bronze
CUST3958,Lucas Nath,lucas.nath118@example.com,Male,39,2018-06-02,Chennai,Tamil Nadu,India,Bronze
CUST3959,Priya Singh,priya.singh1146@example.com,Male,20,2019-07-06,Coimbatore,Tamil Nadu,India,Bronze
CUST3960,Sophia Nair,sophia.nair686@example.com,Male,47,2021-10-09,Vadodara,Gujarat,India,Bronze
CUST3961,Maya Nair,maya.nair226@example.com,Male,50,2023-08-12,Pune,Maharashtra,India,Bronze
CUST3962,Chloe Reddy,chloe.reddy615@example.com,Male,36,2024-05-25,Coimbatore,Tamil Nadu,India,Bronze
CUST3963,Aditya Das,aditya.das394@example.com,Male,63,2023-09-01,Nagpur,Maharashtra,India,Platinum
CUST3964,Priya Dasgupta,priya.dasgupta696@example.com,Female,69,2019-10-01,Bengaluru,Karnataka,India,Gold
CUST3965,Aditya Khan,aditya.khan710@example.com,Male,60,2022-07-28,Nagpur,Maharashtra,India,Bronze
CUST3966,Mia Kapoor,mia.kapoor146@example.com,Male,52,2021-09-26,Lucknow,Uttar Pradesh,India,Gold
CUST3967,Sophia Gupta,sophia.gupta738@example.com,Female,26,2021-04-03,Bengaluru,Karnataka,India,Bronze
CUST3968,Vivaan Singh,vivaan.singh22@example.com,Female,60,2018-07-23,Delhi,Delhi,India,Bronze
CUST3969,Emma Joshi,emma.joshi809@example.com,Male,23,2024-08-10,Bengaluru,Karnataka,India,Bronze
CUST3970,Rahul Das,rahul.das214@example.com,Female,49,2019-04-15,Coimbatore,Tamil Nadu,India,Platinum
CUST3971,Saanvi Kumar,saanvi.kumar901@example.com,Female,64,2020-03-22,Jaipur,Rajasthan,India,Bronze
CUST3972,Neha Nair,neha.nair391@example.com,Female,66,2020-04-02,Bengaluru,Karnataka,India,Bronze
CUST3973,Vivaan Kumar,vivaan.kumar740@example.com,Male,21,2023-11-26,Vadodara,Gujarat,India,Bronze
CUST3974,Aditya Trivedi,aditya.trivedi455@example.com,Female,64,2018-01-15,Ahmedabad,Gujarat,India,Gold
CUST3975,Maya Kumar,maya.kumar178@example.com,Female,32,2021-10-07,Lucknow,Uttar Pradesh,India,Bronze
CUST3976,Maya Saxena,maya.saxena775@example.com,Male,61,2018-07-27,Vadodara,Gujarat,India,Silver
CUST3977,Vivaan Das,vivaan.das724@example.com,Male,46,2022-09-05,Nagpur,Maharashtra,India,Bronze
CUST3978,Mia Chopra,mia.chopra404@example.com,Male,59,2018-04-12,Bhopal,Madhya Pradesh,India,Silver
CUST3979,Aditya Singh,aditya.singh141@example.com,Female,45,2023-10-31,Delhi,Delhi,India,Bronze
CUST3980,Isabella Nath,isabella.nath311@example.com,Female,62,2020-11-16,Indore,Madhya Pradesh,India,Silver
CUST3981,Isabella Verma,isabella.verma934@example.com,Female,22,2018-12-28,Mumbai,Maharashtra,India,Platinum
CUST3982,Noah Trivedi,noah.trivedi970@example.com,Male,67,2020-09-28,Bengaluru,Karnataka,India,Gold
CUST3983,Neha Khan,neha.khan953@example.com,Male,46,2024-12-09,Bhopal,Madhya Pradesh,India,Bronze
CUST3984,Sai Patel,sai.patel572@example.com,Female,25,2021-06-17,Kolkata,West Bengal,India,Silver
CUST3985,Aria Iyer,aria.iyer486@example.com,Other,64,2021-12-29,Bengaluru,Karnataka,India,Silver
CUST3986,Arjun Joshi,arjun.joshi832@example.com,Female,48,2025-09-27,Chennai,Tamil Nadu,India,Bronze
CUST3987,Kabir Joshi,kabir.joshi891@example.com,Female,60,2023-12-15,Patna,Bihar,India,Silver
CUST3988,Saanvi Chopra,saanvi.chopra950@example.com,Male,52,2023-11-25,Visakhapatnam,Andhra Pradesh,India,Bronze
CUST3989,Emma Joshi,emma.joshi901@example.com,Female,58,2019-10-24,Indore,Madhya Pradesh,India,Gold
CUST3990,Ananya Nath,ananya.nath163@example.com,Male,45,2022-11-17,Indore,Madhya Pradesh,India,Bronze
CUST3991,Olivia Kapoor,olivia.kapoor12@example.com,Female,62,2020-03-08,Indore,Madhya Pradesh,India,Silver
CUST3992,Aditya Joshi,aditya.joshi837@example.com,Male,29,2024-03-04,Vadodara,Gujarat,India,Silver
CUST3993,Olivia Trivedi,olivia.trivedi991@example.com,Female,47,2021-04-08,Vijayawada,Andhra Pradesh,India,Bronze
CUST3994,Lucas Mehta,lucas.mehta580@example.com,Female,26,2021-08-17,Surat,Gujarat,India,Silver
CUST3995,Kabir Bose,kabir.bose156@example.com,Male,56,2023-07-25,Coimbatore,Tamil Nadu,India,Bronze
CUST3996,Maya Nair,maya.nair935@example.com,Female,65,2023-12-20,Bengaluru,Karnataka,India,Bronze
CUST3997,Amelia Reddy,amelia.reddy941@example.com,Female,36,2019-05-27,Indore,Madhya Pradesh,India,Bronze
CUST3998,Mia Joshi,mia.joshi338@example.com,Female,55,2020-02-11,Vijayawada,Andhra Pradesh,India,Bronze
CUST3999,Ethan Singh,ethan.singh605@example.com,Female,40,2022-06-12,Visakhapatnam,Andhra Pradesh,India,Silver
CUST4000,Maya Trivedi,maya.trivedi452@example.com,Male,25,2021-06-17,Bhopal,Madhya Pradesh,India,Bronze
CUST4001,Vivaan Verma,vivaan.verma793@example.com,Male,63,2024-10-07,Hyderabad,Telangana,India,Bronze
CUST4002,Aria Gupta,aria.gupta536@example.com,Female,53,2023-07-06,Visakhapatnam,Andhra Pradesh,India,Silver
CUST4003,Vivaan Iyer,vivaan.iyer658@example.com,Male,27,2024-08-12,Pune,Maharashtra,India,Bronze
CUST4004,Arjun Singh,arjun.singh349@example.com,Female,22,2025-03-21,Bhopal,Madhya Pradesh,India,Bronze
CUST4005,Liam Kumar,liam.kumar506@example.com,Male,54,2018-04-05,Coimbatore,Tamil Nadu,India,Silver
CUST4006,Aria Verma,aria.verma153@example.com,Other,28,2020-07-19,Pune,Maharashtra,India,Bronze
CUST4007,Saanvi Patel,saanvi.patel650@example.com,Female,42,2019-11-20,Mumbai,Maharashtra,India,Bronze
CUST4008,Kabir Nair,kabir.nair21@example.com,Female,69,2020-12-07,Hyderabad,Telangana,India,Gold
CUST4009,Liam Chopra,liam.chopra143@example.com,Male,69,2024-06-09,Indore,Madhya Pradesh,India,Bronze
CUST4010,Kabir Dasgupta,kabir.dasgupta26@example.com,Female,38,2023-07-20,Delhi,Delhi,India,Silver
CUST4011,Mia Das,mia.das313@example.com,Male,60,2024-09-13,Visakhapatnam,Andhra Pradesh,India,Gold
CUST4012,Noah Khan,noah.khan1814@example.com,Female,52,2023-07-13,Pune,Maharashtra,India,Bronze
CUST4013,Riya Das,riya.das963@example.com,Male,34,2021-09-14,Delhi,Delhi,India,Bronze
CUST4014,Liam Chopra,liam.chopra918@example.com,Female,52,2025-06-07,Nagpur,Maharashtra,India,Bronze
CUST4015,Isabella Kapoor,isabella.kapoor204@example.com,Female,35,2023-09-07,Pune,Maharashtra,India,Silver
CUST4016,Maya Iyer,maya.iyer678@example.com,Female,40,2025-05-06,Patna,Bihar,India,Gold
CUST4017,Liam Gupta,liam.gupta876@example.com,Male,49,2020-06-03,Nagpur,Maharashtra,India,Platinum
CUST4018,Ethan Dasgupta,ethan.dasgupta531@example.com,Male,27,2018-05-01,Indore,Madhya Pradesh,India,Bronze
CUST4019,Rohan Khan,rohan.khan5@example.com,Female,56,2021-04-05,Jaipur,Rajasthan,India,Bronze
CUST4020,Chloe Chopra,chloe.chopra790@example.com,Female,53,2020-06-13,Lucknow,Uttar Pradesh,India,Bronze
CUST4021,Isabella Chopra,isabella.chopra612@example.com,Female,52,2018-05-10,Visakhapatnam,Andhra Pradesh,India,Bronze
CUST4022,Emma Dasgupta,emma.dasgupta327@example.com,Female,41,2018-05-11,Vadodara,Gujarat,India,Bronze
CUST4023,Isha Joshi,isha.joshi475@example.com,Male,70,2018-02-03,Mumbai,Maharashtra,India,Bronze
CUST4024,Isha Gupta,isha.gupta940@example.com,Other,56,2020-03-14,Vijayawada,Andhra Pradesh,India,Bronze
CUST4025,Aditi Bose,aditi.bose233@example.com,Female,49,2019-08-05,Vijayawada,Andhra Pradesh,India,Bronze
CUST4026,Liam Verma,liam.verma683@example.com,Female,61,2018-01-20,Jaipur,Rajasthan,India,Bronze
CUST4027,Aarav Reddy,aarav.reddy432@example.com,Male,53,2021-12-09,Chennai,Tamil Nadu,India,Bronze
CUST4028,Noah Singh,noah.singh706@example.com,Female,18,2021-05-13,Surat,Gujarat,India,Bronze
CUST4029,Ananya Trivedi,ananya.trivedi97@example.com,Male,39,2020-07-18,Delhi,Delhi,India,Bronze
CUST4030,Aditi Saxena,aditi.saxena272@example.com,Female,61,2025-07-16,Jaipur,Rajasthan,India,Silver
CUST4031,Mia Khan,mia.khan636@example.com,Female,66,2021-09-16,Pune,Maharashtra,India,Bronze
CUST4032,Emma Patel,emma.patel115@example.com,Male,60,2021-12-15,Vijayawada,Andhra Pradesh,India,Bronze
CUST4033,Isabella Gupta,isabella.gupta411@example.com,Male,47,2020-12-18,Kolkata,West Bengal,India,Bronze
CUST4034,Ethan Joshi,ethan.joshi928@example.com,Male,60,2021-11-09,Chennai,Tamil Nadu,India,Silver
CUST4035,Rohan Verma,rohan.verma508@example.com,Male,30,2024-03-19,Visakhapatnam,Andhra Pradesh,India,Bronze
CUST4036,Rahul Reddy,rahul.reddy266@example.com,Female,45,2018-06-17,Vadodara,Gujarat,India,Silver
CUST4037,Liam Reddy,liam.reddy599@example.com,Male,24,2018-11-18,Thiruvananthapuram,Kerala,India,Silver
CUST4038,Amelia Dasgupta,amelia.dasgupta353@example.com,Female,38,2025-09-03,Jaipur,Rajasthan,India,Silver
CUST4039,Olivia Kumar,olivia.kumar946@example.com,Female,26,2023-04-26,Hyderabad,Telangana,India,Bronze
CUST4040,Arjun Chopra,arjun.chopra467@example.com,Male,46,2020-10-21,Coimbatore,Tamil Nadu,India,Bronze
CUST4041,Ethan Singh,ethan.singh867@example.com,Male,38,2023-05-03,Visakhapatnam,Andhra Pradesh,India,Platinum
CUST4042,Emma Gupta,emma.gupta780@example.com,Male,24,2019-12-13,Nagpur,Maharashtra,India,Bronze
CUST4043,Isha Kapoor,isha.kapoor122@example.com,Female,68,2025-05-06,Indore,Madhya Pradesh,India,Bronze
CUST4044,Aarav Nath,aarav.nath637@example.com,Female,45,2024-05-27,Jaipur,Rajasthan,India,Bronze
CUST4045,Ethan Chopra,ethan.chopra247@example.com,Male,33,2024-12-08,Vadodara,Gujarat,India,Bronze
CUST4046,Aditya Chopra,aditya.chopra763@example.com,Female,21,2021-06-26,Surat,Gujarat,India,Bronze
CUST4047,Rahul Saxena,rahul.saxena842@example.com,Female,27,2019-05-28,Nagpur,Maharashtra,India,Bronze
CUST4048,Noah Patel,noah.patel971@example.com,Male,66,2020-05-31,Lucknow,Uttar Pradesh,India,Silver
CUST4049,Ethan Kapoor,ethan.kapoor942@example.com,Female,20,2021-06-17,Bhopal,Madhya Pradesh,India,Bronze
CUST4050,Amelia Reddy,amelia.reddy5780@example.com,Female,21,2019-08-18,Visakhapatnam,Andhra Pradesh,India,Silver
CUST4051,Diya Joshi,diya.joshi305@example.com,Male,61,2019-08-16,Patna,Bihar,India,Bronze
CUST4052,Emma Iyer,emma.iyer110@example.com,Male,26,2023-04-15,Visakhapatnam,Andhra Pradesh,India,Silver
CUST4053,Aditi Joshi,aditi.joshi478@example.com,Male,57,2018-09-19,Chennai,Tamil Nadu,India,Silver
CUST4054,Riya Nath,riya.nath25@example.com,Female,58,2020-11-25,Pune,Maharashtra,India,Gold
CUST4055,Rohan Nair,rohan.nair663@example.com,Male,45,2024-11-24,Visakhapatnam,Andhra Pradesh,India,Bronze
CUST4056,Lucas Reddy,lucas.reddy908@example.com,Male,59,2019-10-05,Vijayawada,Andhra Pradesh,India,Bronze
CUST4057,Arjun Patel,arjun.patel329@example.com,Male,27,2025-08-30,Vijayawada,Andhra Pradesh,India,Bronze
CUST4058,Noah Bose,noah.bose620@example.com,Male,68,2021-10-23,Delhi,Delhi,India,Gold
CUST4059,Saanvi Gupta,saanvi.gupta522@example.com,Male,45,2019-08-02,Vadodara,Gujarat,India,Bronze
CUST4060,Vivaan Kapoor,vivaan.kapoor501@example.com,Male,57,2019-09-30,Hyderabad,Telangana,India,Bronze
CUST4061,Maya Iyer,maya.iyer407@example.com,Female,22,2021-08-12,Indore,Madhya Pradesh,India,Bronze
CUST4062,Aditi Chopra,aditi.chopra797@example.com,Female,67,2018-04-21,Visakhapatnam,Andhra Pradesh,India,Bronze
CUST4063,Rohan Bose,rohan.bose500@example.com,Male,59,2021-04-11,Visakhapatnam,Andhra Pradesh,India,Gold
CUST4064,Emma Saxena,emma.saxena861@example.com,Female,41,2020-03-15,Mumbai,Maharashtra,India,Bronze
CUST4065,Rahul Kumar,rahul.kumar11@example.com,Female,29,2018-01-25,Kolkata,West Bengal,India,Silver
CUST4066,Priya Kapoor,priya.kapoor250@example.com,Female,53,2024-11-15,Mumbai,Maharashtra,India,Gold
CUST4067,Emma Dasgupta,emma.dasgupta654@example.com,Male,21,2019-11-28,Vadodara,Gujarat,India,Bronze
CUST4068,Priya Bose,priya.bose780@example.com,Male,33,2025-04-10,Mumbai,Maharashtra,India,Bronze
CUST4069,Aria Nair,aria.nair280@example.com,Male,62,2023-02-25,Visakhapatnam,Andhra Pradesh,India,Bronze
CUST4070,Aditya Trivedi,aditya.trivedi729@example.com,Female,33,2022-10-03,Patna,Bihar,India,Bronze
CUST4071,Vivaan Reddy,vivaan.reddy910@example.com,Male,53,2025-06-16,Kolkata,West Bengal,India,Bronze
CUST4072,Aditya Kumar,aditya.kumar893@example.com,Female,24,2020-09-25,Jaipur,Rajasthan,India,Bronze
CUST4073,Vivaan Patel,vivaan.patel559@example.com,Male,27,2018-01-12,Chennai,Tamil Nadu,India,Bronze
CUST4074,Noah Trivedi,noah.trivedi174@example.com,Male,33,2019-12-13,Mumbai,Maharashtra,India,Silver
CUST4075,Emma Nair,emma.nair702@example.com,Female,66,2025-07-15,Coimbatore,Tamil Nadu,India,Bronze
CUST4076,Emma Chopra,emma.chopra228@example.com,Male,18,2020-08-31,Patna,Bihar,India,Bronze
CUST4077,Noah Reddy,noah.reddy665@example.com,Female,48,2020-10-02,Coimbatore,Tamil Nadu,India,Silver
CUST4078,Aditi Kapoor,aditi.kapoor607@example.com,Female,59,2023-06-15,Nagpur,Maharashtra,India,Bronze
CUST4079,Vivaan Kumar,vivaan.kumar24@example.com,Male,23,2020-11-18,Chennai,Tamil Nadu,India,Silver
CUST4080,Kabir Sharma,kabir.sharma468@example.com,Male,33,2021-01-06,Patna,Bihar,India,Bronze
CUST4081,Lucas Sharma,lucas.sharma814@example.com,Female,52,2024-10-20,Surat,Gujarat,India,Bronze
CUST4082,Saanvi Bose,saanvi.bose7@example.com,Female,23,2019-03-28,Vijayawada,Andhra Pradesh,India,Silver
CUST4083,Aria Das,aria.das818@example.com,Female,41,2020-11-29,Visakhapatnam,Andhra Pradesh,India,Bronze
CUST4084,Kabir Singh,kabir.singh632@example.com,Male,39,2022-05-15,Chennai,Tamil Nadu,India,Silver
CUST4085,Aditi Chopra,aditi.chopra511@example.com,Male,46,2023-01-02,Chennai,Tamil Nadu,India,Silver
CUST4086,Noah Kapoor,noah.kapoor513@example.com,Male,27,2022-10-10,Jaipur,Rajasthan,India,Bronze
CUST4087,Priya Patel,priya.patel138@example.com,Female,66,2022-04-13,Indore,Madhya Pradesh,India,Bronze
CUST4088,Aarav Verma,aarav.verma373@example.com,Female,47,2019-02-08,Pune,Maharashtra,India,Bronze
CUST4089,Isabella Kapoor,isabella.kapoor490@example.com,Female,70,2018-07-10,Hyderabad,Telangana,India,Silver
CUST4090,Saanvi Dasgupta,saanvi.dasgupta684@example.com,Male,22,2021-05-21,Ahmedabad,Gujarat,India,Silver
CUST4091,Chloe Joshi,chloe.joshi181@example.com,Female,31,2020-06-13,Bengaluru,Karnataka,India,Bronze
CUST4092,Noah Patel,noah.patel74@example.com,Female,44,2019-02-01,Ahmedabad,Gujarat,India,Bronze
CUST4093,Noah Patel,noah.patel384@example.com,Male,50,2020-07-17,Chennai,Tamil Nadu,India,Silver
CUST4094,Maya Chopra,maya.chopra213@example.com,Female,44,2020-12-08,Thiruvananthapuram,Kerala,India,Bronze
CUST4095,Isha Joshi,isha.joshi321@example.com,Male,54,2022-05-07,Vijayawada,Andhra Pradesh,India,Bronze
CUST4096,Kabir Sharma,kabir.sharma222@example.com,Male,53,2020-08-05,Bengaluru,Karnataka,India,Bronze
CUST4097,Maya Iyer,maya.iyer499@example.com,Female,59,2020-07-22,Coimbatore,Tamil Nadu,India,Silver
CUST4098,Olivia Reddy,olivia.reddy784@example.com,Male,29,2019-08-17,Vadodara,Gujarat,India,Bronze
CUST4099,Liam Gupta,liam.gupta495@example.com,Female,42,2021-09-12,Vadodara,Gujarat,India,Bronze
CUST4100,Aditya Kumar,aditya.kumar930@example.com,Male,42,2025-09-09,Kolkata,West Bengal,India,Bronze
CUST4101,Aditya Trivedi,aditya.trivedi463@example.com,Male,50,2019-10-05,Lucknow,Uttar Pradesh,India,Bronze
CUST4102,Rohan Nair,rohan.nair21@example.com,Male,25,2023-01-03,Vijayawada,Andhra Pradesh,India,Silver
CUST4103,Priya Kumar,priya.kumar869@example.com,Female,39,2025-08-05,Indore,Madhya Pradesh,India,Bronze
CUST4104,Emma Kapoor,emma.kapoor672@example.com,Male,54,2023-05-09,Ahmedabad,Gujarat,India,Bronze
CUST4105,Aditi Saxena,aditi.saxena615@example.com,Male,28,2019-07-07,Chennai,Tamil Nadu,India,Bronze
CUST4106,Arjun Das,arjun.das560@example.com,Female,68,2021-10-07,Nagpur,Maharashtra,India,Bronze
CUST4107,Emma Patel,emma.patel567@example.com,Female,60,2019-02-22,Bengaluru,Karnataka,India,Bronze
CUST4108,Kabir Nair,kabir.nair648@example.com,Female,63,2021-07-07,Nagpur,Maharashtra,India,Gold
CUST4109,Arjun Chopra,arjun.chopra205@example.com,Female,28,2024-09-08,Indore,Madhya Pradesh,India,Platinum
CUST4110,Karthik Verma,karthik.verma460@example.com,Female,65,2022-08-25,Chennai,Tamil Nadu,India,Bronze
CUST4111,Riya Saxena,riya.saxena421@example.com,Male,53,2023-09-09,Delhi,Delhi,India,Bronze
CUST4112,Ethan Nair,ethan.nair539@example.com,Female,63,2024-08-13,Vijayawada,Andhra Pradesh,India,Gold
CUST4113,Vivaan Joshi,vivaan.joshi544@example.com,Other,28,2025-10-28,Mumbai,Maharashtra,India,Bronze
CUST4114,Saanvi Sharma,saanvi.sharma512@example.com,Male,49,2021-11-26,Pune,Maharashtra,India,Silver
CUST4115,Olivia Gupta,olivia.gupta118@example.com,Male,69,2025-10-01,Pune,Maharashtra,India,Bronze
CUST4116,Arjun Iyer,arjun.iyer79@example.com,Male,51,2021-09-11,Lucknow,Uttar Pradesh,India,Bronze
CUST4117,Mia Kumar,mia.kumar318@example.com,Female,21,2020-09-20,Thiruvananthapuram,Kerala,India,Silver
CUST4118,Aria Verma,aria.verma768@example.com,Male,51,2021-09-25,Bhopal,Madhya Pradesh,India,Bronze
CUST4119,Olivia Chopra,olivia.chopra926@example.com,Other,33,2025-08-17,Vadodara,Gujarat,India,Gold
CUST4120,Maya Patel,maya.patel157@example.com,Female,35,2020-06-11,Vadodara,Gujarat,India,Silver
CUST4121,Sai Mehta,sai.mehta796@example.com,Other,39,2019-03-10,Indore,Madhya Pradesh,India,Silver
CUST4122,Aditya Saxena,aditya.saxena718@example.com,Female,38,2024-04-03,Delhi,Delhi,India,Silver
CUST4123,Ethan Das,ethan.das853@example.com,Female,44,2020-01-06,Chennai,Tamil Nadu,India,Silver
CUST4124,Ananya Nair,ananya.nair416@example.com,Female,25,2025-10-22,Patna,Bihar,India,Bronze
CUST4125,Sophia Saxena,sophia.saxena268@example.com,Male,24,2020-05-01,Patna,Bihar,India,Bronze
CUST4126,Diya Patel,diya.patel322@example.com,Male,67,2018-08-04,Vadodara,Gujarat,India,Bronze
CUST4127,Chloe Khan,chloe.khan613@example.com,Male,60,2021-10-15,Vadodara,Gujarat,India,Bronze
CUST4128,Sophia Chopra,sophia.chopra713@example.com,Female,41,2024-06-30,Patna,Bihar,India,Bronze
CUST4129,Liam Das,liam.das937@example.com,Female,53,2024-11-08,Vadodara,Gujarat,India,Gold
CUST4130,Olivia Patel,olivia.patel472@example.com,Female,67,2020-02-10,Surat,Gujarat,India,Silver
CUST4131,Mia Reddy,mia.reddy429@example.com,Male,22,2018-09-30,Pune,Maharashtra,India,Bronze
CUST4132,Aria Khan,aria.khan197@example.com,Female,46,2018-04-28,Thiruvananthapuram,Kerala,India,Silver
CUST4133,Arjun Khan,arjun.khan673@example.com,Male,36,2018-02-15,Hyderabad,Telangana,India,Bronze
CUST4134,Liam Gupta,liam.gupta662@example.com,Male,35,2019-01-21,Vadodara,Gujarat,India,Bronze
CUST4135,Lucas Iyer,lucas.iyer831@example.com,Female,44,2025-07-22,Jaipur,Rajasthan,India,Bronze
CUST4136,Diya Chopra,diya.chopra321@example.com,Male,18,2019-01-21,Patna,Bihar,India,Bronze
CUST4137,Lucas Dasgupta,lucas.dasgupta298@example.com,Male,36,2024-03-14,Lucknow,Uttar Pradesh,India,Bronze
CUST4138,Noah Sharma,noah.sharma162@example.com,Female,33,2022-02-15,Bengaluru,Karnataka,India,Silver
CUST4139,Riya Bose,riya.bose422@example.com,Male,23,2019-04-29,Bhopal,Madhya Pradesh,India,Bronze
CUST4140,Aditya Mehta,aditya.mehta427@example.com,Other,18,2024-11-14,Vijayawada,Andhra Pradesh,India,Bronze
CUST4141,Riya Khan,riya.khan360@example.com,Male,52,2024-12-14,Delhi,Delhi,India,Gold
CUST4142,Aditi Kumar,aditi.kumar328@example.com,Male,58,2019-07-04,Ahmedabad,Gujarat,India,Silver
CUST4143,Aditya Saxena,aditya.saxena58@example.com,Female,70,2020-01-04,Coimbatore,Tamil Nadu,India,Gold
CUST4144,Noah Reddy,noah.reddy28@example.com,Female,38,2022-04-20,Surat,Gujarat,India,Silver
CUST4145,Ananya Nath,ananya.nath608@example.com,Other,20,2025-02-10,Hyderabad,Telangana,India,Bronze
CUST4146,Priya Joshi,priya.joshi444@example.com,Female,45,2024-09-23,Hyderabad,Telangana,India,Silver
CUST4147,Sophia Verma,sophia.verma240@example.com,Male,42,2019-01-18,Vijayawada,Andhra Pradesh,India,Bronze
CUST4148,Ethan Reddy,ethan.reddy641@example.com,Female,68,2020-02-25,Vadodara,Gujarat,India,Silver
CUST4149,Ethan Saxena,ethan.saxena813@example.com,Male,68,2021-06-05,Kolkata,West Bengal,India,Bronze
CUST4150,Liam Singh,liam.singh302@example.com,Male,45,2025-07-21,Hyderabad,Telangana,India,Bronze
CUST4151,Saanvi Das,saanvi.das420@example.com,Male,69,2021-05-13,Bhopal,Madhya Pradesh,India,Bronze
CUST4152,Diya Iyer,diya.iyer264@example.com,Male,41,2019-02-24,Bhopal,Madhya Pradesh,India,Bronze
CUST4153,Chloe Saxena,chloe.saxena261@example.com,Female,50,2022-11-16,Visakhapatnam,Andhra Pradesh,India,Silver
CUST4154,Ananya Dasgupta,ananya.dasgupta256@example.com,Female,29,2022-04-21,Vadodara,Gujarat,India,Gold
CUST4155,Maya Mehta,maya.mehta352@example.com,Male,35,2020-04-16,Surat,Gujarat,India,Silver
CUST4156,Aarav Nath,aarav.nath883@example.com,Male,66,2024-04-10,Bhopal,Madhya Pradesh,India,Silver
CUST4157,Karthik Saxena,karthik.saxena279@example.com,Female,48,2025-01-30,Bengaluru,Karnataka,India,Bronze
CUST4158,Neha Saxena,neha.saxena895@example.com,Other,36,2021-08-31,Pune,Maharashtra,India,Bronze
CUST4159,Arjun Khan,arjun.khan415@example.com,Male,34,2023-02-19,Chennai,Tamil Nadu,India,Silver
CUST4160,Rohan Nair,rohan.nair5@example.com,Male,55,2024-08-08,Surat,Gujarat,India,Bronze
CUST4161,Maya Kapoor,maya.kapoor973@example.com,Male,35,2021-03-12,Vadodara,Gujarat,India,Silver
CUST4162,Noah Joshi,noah.joshi529@example.com,Other,45,2023-01-18,Vijayawada,Andhra Pradesh,India,Bronze
CUST4163,Sophia Das,sophia.das468@example.com,Male,62,2019-03-13,Indore,Madhya Pradesh,India,Silver
CUST4164,Isabella Sharma,isabella.sharma894@example.com,Female,45,2024-07-21,Mumbai,Maharashtra,India,Bronze
CUST4165,Isha Saxena,isha.saxena451@example.com,Female,23,2018-04-18,Pune,Maharashtra,India,Silver
CUST4166,Isha Bose,isha.bose106@example.com,Male,48,2022-01-08,Nagpur,Maharashtra,India,Bronze
CUST4167,Rahul Sharma,rahul.sharma669@example.com,Male,52,2023-09-01,Nagpur,Maharashtra,India,Gold
CUST4168,Noah Patel,noah.patel394@example.com,Female,36,2020-12-04,Vijayawada,Andhra Pradesh,India,Gold
CUST4169,Noah Gupta,noah.gupta210@example.com,Male,31,2022-02-16,Vadodara,Gujarat,India,Gold
CUST4170,Neha Nath,neha.nath530@example.com,Male,35,2021-08-20,Bengaluru,Karnataka,India,Silver
CUST4171,Lucas Chopra,lucas.chopra419@example.com,Female,54,2020-07-28,Thiruvananthapuram,Kerala,India,Bronze
CUST4172,Vivaan Singh,vivaan.singh5330@example.com,Female,68,2024-04-16,Nagpur,Maharashtra,India,Bronze
CUST4173,Ethan Trivedi,ethan.trivedi602@example.com,Male,39,2022-12-31,Chennai,Tamil Nadu,India,Bronze
CUST4174,Vivaan Singh,vivaan.singh339@example.com,Male,61,2020-09-12,Patna,Bihar,India,Bronze
CUST4175,Olivia Khan,olivia.khan439@example.com,Female,66,2022-03-22,Ahmedabad,Gujarat,India,Bronze
CUST4176,Lucas Reddy,lucas.reddy645@example.com,Male,66,2020-10-18,Bhopal,Madhya Pradesh,India,Silver
CUST4177,Sophia Iyer,sophia.iyer777@example.com,Female,53,2018-08-01,Coimbatore,Tamil Nadu,India,Bronze
CUST4178,Rohan Verma,rohan.verma227@example.com,Male,23,2018-03-31,Delhi,Delhi,India,Gold
CUST4179,Sai Bose,sai.bose563@example.com,Female,56,2021-09-27,Delhi,Delhi,India,Platinum
CUST4180,Aria Nair,aria.nair2@example.com,Female,59,2023-08-26,Visakhapatnam,Andhra Pradesh,India,Bronze
CUST4181,Isabella Khan,isabella.khan471@example.com,Male,42,2023-04-29,Mumbai,Maharashtra,India,Gold
CUST4182,Priya Mehta,priya.mehta425@example.com,Male,30,2022-09-27,Pune,Maharashtra,India,Bronze
CUST4183,Noah Dasgupta,noah.dasgupta217@example.com,Female,34,2022-07-09,Bhopal,Madhya Pradesh,India,Silver
CUST4184,Priya Iyer,priya.iyer239@example.com,Male,22,2025-07-24,Kolkata,West Bengal,India,Bronze
CUST4185,Karthik Bose,karthik.bose696@example.com,Male,48,2018-07-15,Indore,Madhya Pradesh,India,Gold
CUST4186,Ethan Patel,ethan.patel908@example.com,Male,35,2022-01-03,Indore,Madhya Pradesh,India,Bronze
CUST4187,Neha Gupta,neha.gupta692@example.com,Male,26,2022-05-09,Jaipur,Rajasthan,India,Gold
CUST4188,Aditi Trivedi,aditi.trivedi321@example.com,Female,50,2024-11-20,Patna,Bihar,India,Gold
CUST4189,Aria Khan,aria.khan834@example.com,Female,68,2023-07-24,Visakhapatnam,Andhra Pradesh,India,Silver
CUST4190,Noah Dasgupta,noah.dasgupta666@example.com,Male,36,2023-08-20,Surat,Gujarat,India,Bronze
CUST4191,Karthik Nair,karthik.nair457@example.com,Female,68,2020-11-05,Bengaluru,Karnataka,India,Platinum
CUST4192,Lucas Iyer,lucas.iyer488@example.com,Male,44,2024-04-02,Thiruvananthapuram,Kerala,India,Bronze
CUST4193,Isha Singh,isha.singh24@example.com,Female,48,2022-09-22,Indore,Madhya Pradesh,India,Bronze
CUST4194,Riya Saxena,riya.saxena456@example.com,Male,37,2018-12-28,Delhi,Delhi,India,Bronze
CUST4195,Kabir Nair,kabir.nair668@example.com,Female,21,2024-12-22,Vijayawada,Andhra Pradesh,India,Bronze
CUST4196,Vivaan Kumar,vivaan.kumar585@example.com,Female,65,2018-05-18,Nagpur,Maharashtra,India,Bronze
CUST4197,Karthik Kapoor,karthik.kapoor154@example.com,Male,36,2020-12-14,Surat,Gujarat,India,Bronze
CUST4198,Lucas Mehta,lucas.mehta671@example.com,Female,41,2020-10-04,Surat,Gujarat,India,Platinum
CUST4199,Amelia Nair,amelia.nair886@example.com,Female,44,2022-10-27,Mumbai,Maharashtra,India,Silver
CUST4200,Amelia Sharma,amelia.sharma883@example.com,Female,34,2023-03-26,Bengaluru,Karnataka,India,Gold
CUST4201,Sophia Reddy,sophia.reddy72@example.com,Male,33,2021-06-14,Vijayawada,Andhra Pradesh,India,Platinum
CUST4202,Noah Verma,noah.verma845@example.com,Male,23,2024-09-23,Vadodara,Gujarat,India,Bronze
CUST4203,Sophia Joshi,sophia.joshi854@example.com,Male,23,2018-12-22,Patna,Bihar,India,Bronze
CUST4204,Chloe Mehta,chloe.mehta515@example.com,Male,46,2021-02-07,Coimbatore,Tamil Nadu,India,Bronze
CUST4205,Riya Dasgupta,riya.dasgupta482@example.com,Male,23,2023-09-23,Nagpur,Maharashtra,India,Bronze
CUST4206,Noah Sharma,noah.sharma288@example.com,Female,64,2024-07-18,Nagpur,Maharashtra,India,Bronze
CUST4207,Liam Joshi,liam.joshi561@example.com,Female,63,2024-11-20,Bengaluru,Karnataka,India,Silver
CUST4208,Olivia Singh,olivia.singh378@example.com,Male,56,2024-07-28,Visakhapatnam,Andhra Pradesh,India,Bronze
CUST4209,Liam Saxena,liam.saxena70@example.com,Male,28,2020-08-11,Jaipur,Rajasthan,India,Bronze
CUST4210,Ananya Nath,ananya.nath722@example.com,Male,45,2021-03-16,Bengaluru,Karnataka,India,Bronze
CUST4211,Ethan Khan,ethan.khan697@example.com,Male,52,2022-09-26,Hyderabad,Telangana,India,Gold
CUST4212,Aditya Das,aditya.das57@example.com,Male,31,2018-12-28,Patna,Bihar,India,Bronze
CUST4213,Vivaan Dasgupta,vivaan.dasgupta497@example.com,Male,33,2020-05-23,Patna,Bihar,India,Bronze
CUST4214,Aditya Das,aditya.das465@example.com,Female,50,2021-10-22,Hyderabad,Telangana,India,Bronze
CUST4215,Riya Dasgupta,riya.dasgupta848@example.com,Male,30,2021-09-02,Vadodara,Gujarat,India,Bronze
CUST4216,Arjun Sharma,arjun.sharma953@example.com,Female,61,2019-11-13,Jaipur,Rajasthan,India,Silver
CUST4217,Kabir Iyer,kabir.iyer859@example.com,Male,23,2024-01-10,Nagpur,Maharashtra,India,Bronze
CUST4218,Amelia Khan,amelia.khan491@example.com,Male,31,2019-01-05,Pune,Maharashtra,India,Gold
CUST4219,Aditya Kapoor,aditya.kapoor691@example.com,Male,27,2021-12-26,Bhopal,Madhya Pradesh,India,Bronze
CUST4220,Isha Chopra,isha.chopra791@example.com,Male,70,2018-11-18,Visakhapatnam,Andhra Pradesh,India,Bronze
CUST4221,Aria Kapoor,aria.kapoor795@example.com,Female,58,2019-11-19,Chennai,Tamil Nadu,India,Bronze
CUST4222,Aria Mehta,aria.mehta352@example.com,Female,69,2024-12-14,Mumbai,Maharashtra,India,Silver
CUST4223,Rohan Dasgupta,rohan.dasgupta723@example.com,Female,68,2018-11-08,Hyderabad,Telangana,India,Platinum
CUST4224,Maya Joshi,maya.joshi339@example.com,Male,51,2019-03-30,Coimbatore,Tamil Nadu,India,Bronze
CUST4225,Mia Saxena,mia.saxena183@example.com,Male,31,2019-02-02,Vijayawada,Andhra Pradesh,India,Bronze
CUST4226,Maya Nath,maya.nath94@example.com,Female,63,2018-06-18,Mumbai,Maharashtra,India,Platinum
CUST4227,Maya Reddy,maya.reddy839@example.com,Male,42,2020-02-14,Lucknow,Uttar Pradesh,India,Bronze
CUST4228,Aria Gupta,aria.gupta320@example.com,Female,24,2025-09-23,Vadodara,Gujarat,India,Gold
CUST4229,Sophia Bose,sophia.bose763@example.com,Female,66,2018-08-02,Vijayawada,Andhra Pradesh,India,Silver
CUST4230,Arjun Gupta,arjun.gupta65@example.com,Female,27,2023-04-19,Pune,Maharashtra,India,Bronze
CUST4231,Aditya Dasgupta,aditya.dasgupta742@example.com,Male,30,2020-10-18,Delhi,Delhi,India,Bronze
CUST4232,Liam Verma,liam.verma372@example.com,Male,21,2018-09-15,Surat,Gujarat,India,Bronze
CUST4233,Saanvi Kumar,saanvi.kumar828@example.com,Male,18,2023-01-17,Indore,Madhya Pradesh,India,Bronze
CUST4234,Noah Patel,noah.patel916@example.com,Male,65,2022-07-27,Visakhapatnam,Andhra Pradesh,India,Silver
CUST4235,Riya Mehta,riya.mehta328@example.com,Male,65,2022-11-06,Jaipur,Rajasthan,India,Silver
CUST4236,Riya Mehta,riya.mehta908@example.com,Male,68,2024-04-06,Hyderabad,Telangana,India,Bronze
CUST4237,Arjun Singh,arjun.singh417@example.com,Female,56,2020-12-29,Surat,Gujarat,India,Bronze
CUST4238,Neha Dasgupta,neha.dasgupta701@example.com,Male,57,2019-02-26,Bengaluru,Karnataka,India,Bronze
CUST4239,Arjun Joshi,arjun.joshi657@example.com,Male,57,2019-01-18,Bengaluru,Karnataka,India,Bronze
CUST4240,Mia Kapoor,mia.kapoor652@example.com,Male,60,2020-10-21,Kolkata,West Bengal,India,Silver
CUST4241,Arjun Joshi,arjun.joshi549@example.com,Male,70,2023-08-25,Kolkata,West Bengal,India,Bronze
CUST4242,Aditya Khan,aditya.khan365@example.com,Female,43,2019-11-30,Coimbatore,Tamil Nadu,India,Silver
CUST4243,Sophia Joshi,sophia.joshi978@example.com,Male,51,2020-03-03,Lucknow,Uttar Pradesh,India,Bronze
CUST4244,Lucas Reddy,lucas.reddy764@example.com,Male,40,2024-05-18,Jaipur,Rajasthan,India,Bronze
CUST4245,Lucas Verma,lucas.verma505@example.com,Male,26,2024-03-07,Indore,Madhya Pradesh,India,Bronze
CUST4246,Saanvi Gupta,saanvi.gupta150@example.com,Male,59,2025-05-31,Indore,Madhya Pradesh,India,Gold
CUST4247,Isha Trivedi,isha.trivedi348@example.com,Female,65,2019-06-12,Lucknow,Uttar Pradesh,India,Silver
CUST4248,Maya Bose,maya.bose962@example.com,Male,57,2021-12-03,Delhi,Delhi,India,Bronze
CUST4249,Ananya Kumar,ananya.kumar340@example.com,Female,50,2025-03-16,Bengaluru,Karnataka,India,Silver
CUST4250,Sai Kapoor,sai.kapoor410@example.com,Male,42,2018-06-29,Ahmedabad,Gujarat,India,Bronze
CUST4251,Ananya Gupta,ananya.gupta269@example.com,Male,68,2022-01-08,Ahmedabad,Gujarat,India,Gold
CUST4252,Isha Bose,isha.bose978@example.com,Female,62,2024-10-22,Surat,Gujarat,India,Bronze
CUST4253,Sophia Sharma,sophia.sharma264@example.com,Female,58,2023-08-21,Vijayawada,Andhra Pradesh,India,Bronze
CUST4254,Neha Joshi,neha.joshi987@example.com,Female,31,2018-05-25,Chennai,Tamil Nadu,India,Gold
CUST4255,Rahul Verma,rahul.verma442@example.com,Female,32,2023-10-10,Patna,Bihar,India,Bronze
CUST4256,Rohan Kapoor,rohan.kapoor454@example.com,Female,42,2021-11-24,Nagpur,Maharashtra,India,Silver
CUST4257,Amelia Saxena,amelia.saxena639@example.com,Female,22,2020-04-23,Coimbatore,Tamil Nadu,India,Silver
CUST4258,Vivaan Chopra,vivaan.chopra663@example.com,Male,26,2024-08-20,Bengaluru,Karnataka,India,Gold
CUST4259,Arjun Nair,arjun.nair570@example.com,Male,35,2023-05-29,Vijayawada,Andhra Pradesh,India,Bronze
CUST4260,Mia Bose,mia.bose925@example.com,Female,66,2024-06-23,Vadodara,Gujarat,India,Bronze
CUST4261,Rohan Sharma,rohan.sharma213@example.com,Male,66,2020-11-16,Bhopal,Madhya Pradesh,India,Bronze
CUST4262,Mia Mehta,mia.mehta5028@example.com,Female,63,2024-05-21,Ahmedabad,Gujarat,India,Bronze
CUST4263,Sophia Patel,sophia.patel266@example.com,Male,54,2018-07-15,Visakhapatnam,Andhra Pradesh,India,Bronze
CUST4264,Aditi Singh,aditi.singh575@example.com,Male,40,2019-01-16,Nagpur,Maharashtra,India,Bronze
CUST4265,Liam Kumar,liam.kumar840@example.com,Female,64,2020-06-24,Kolkata,West Bengal,India,Silver
CUST4266,Priya Khan,priya.khan9@example.com,Female,34,2023-09-23,Bhopal,Madhya Pradesh,India,Bronze
CUST4267,Liam Kapoor,liam.kapoor767@example.com,Female,69,2021-09-20,Coimbatore,Tamil Nadu,India,Silver
CUST4268,Sai Nath,sai.nath913@example.com,Male,67,2025-06-10,Patna,Bihar,India,Silver
CUST4269,Isabella Gupta,isabella.gupta539@example.com,Female,63,2024-01-07,Bengaluru,Karnataka,India,Silver
CUST4270,Arjun Kapoor,arjun.kapoor224@example.com,Male,41,2020-05-08,Mumbai,Maharashtra,India,Bronze
CUST4271,Rohan Kapoor,rohan.kapoor352@example.com,Male,64,2021-05-05,Nagpur,Maharashtra,India,Bronze
CUST4272,Neha Khan,neha.khan515@example.com,Male,43,2021-02-14,Surat,Gujarat,India,Silver
CUST4273,Diya Khan,diya.khan997@example.com,Male,35,2024-06-11,Surat,Gujarat,India,Silver
CUST4274,Kabir Mehta,kabir.mehta151@example.com,Male,40,2025-02-18,Pune,Maharashtra,India,Bronze
CUST4275,Kabir Mehta,kabir.mehta919@example.com,Male,68,2021-09-12,Vadodara,Gujarat,India,Silver
CUST4276,Amelia Kapoor,amelia.kapoor717@example.com,Female,35,2024-01-11,Indore,Madhya Pradesh,India,Platinum
CUST4277,Aditya Reddy,aditya.reddy723@example.com,Female,51,2022-04-30,Hyderabad,Telangana,India,Bronze
CUST4278,Rahul Patel,rahul.patel860@example.com,Female,25,2024-12-02,Vadodara,Gujarat,India,Bronze
CUST4279,Isha Mehta,isha.mehta230@example.com,Male,44,2021-12-27,Surat,Gujarat,India,Bronze
CUST4280,Karthik Chopra,karthik.chopra319@example.com,Female,57,2022-07-10,Indore,Madhya Pradesh,India,Bronze
CUST4281,Neha Iyer,neha.iyer958@example.com,Female,69,2018-07-24,Vijayawada,Andhra Pradesh,India,Platinum
CUST4282,Karthik Kapoor,karthik.kapoor838@example.com,Male,25,2022-06-11,Pune,Maharashtra,India,Silver
CUST4283,Aditya Mehta,aditya.mehta590@example.com,Male,58,2019-09-28,Hyderabad,Telangana,India,Gold
CUST4284,Sai Singh,sai.singh537@example.com,Male,52,2020-05-30,Ahmedabad,Gujarat,India,Silver
CUST4285,Aria Gupta,aria.gupta492@example.com,Male,53,2018-07-19,Vijayawada,Andhra Pradesh,India,Silver
CUST4286,Mia Das,mia.das447@example.com,Female,21,2018-12-06,Bhopal,Madhya Pradesh,India,Platinum
CUST4287,Isha Sharma,isha.sharma813@example.com,Male,37,2024-03-17,Bengaluru,Karnataka,India,Bronze
CUST4288,Isabella Mehta,isabella.mehta892@example.com,Male,65,2020-09-18,Visakhapatnam,Andhra Pradesh,India,Silver
CUST4289,Rohan Joshi,rohan.joshi410@example.com,Other,49,2019-03-04,Visakhapatnam,Andhra Pradesh,India,Bronze
CUST4290,Isha Chopra,isha.chopra902@example.com,Male,33,2024-07-27,Kolkata,West Bengal,India,Gold
CUST4291,Vivaan Saxena,vivaan.saxena912@example.com,Male,35,2022-07-09,Kolkata,West Bengal,India,Bronze
CUST4292,Vivaan Mehta,vivaan.mehta768@example.com,Male,62,2021-05-09,Vadodara,Gujarat,India,Bronze
CUST4293,Arjun Saxena,arjun.saxena708@example.com,Male,51,2021-11-30,Nagpur,Maharashtra,India,Bronze
CUST4294,Liam Singh,liam.singh823@example.com,Female,65,2018-06-24,Hyderabad,Telangana,India,Platinum
CUST4295,Chloe Verma,chloe.verma994@example.com,Male,68,2025-04-12,Pune,Maharashtra,India,Bronze
CUST4296,Isabella Sharma,isabella.sharma690@example.com,Female,39,2021-08-03,Patna,Bihar,India,Bronze
CUST4297,Amelia Gupta,amelia.gupta396@example.com,Male,34,2020-06-10,Vadodara,Gujarat,India,Bronze
CUST4298,Kabir Kapoor,kabir.kapoor274@example.com,Male,43,2018-01-11,Indore,Madhya Pradesh,India,Bronze
CUST4299,Mia Sharma,mia.sharma852@example.com,Female,39,2018-12-03,Vijayawada,Andhra Pradesh,India,Silver
CUST4300,Arjun Saxena,arjun.saxena517@example.com,Male,48,2022-03-15,Visakhapatnam,Andhra Pradesh,India,Bronze
CUST4301,Sophia Das,sophia.das307@example.com,Male,37,2024-10-10,Hyderabad,Telangana,India,Bronze
CUST4302,Noah Patel,noah.patel440@example.com,Female,57,2024-01-27,Hyderabad,Telangana,India,Bronze
CUST4303,Noah Iyer,noah.iyer530@example.com,Female,39,2025-06-08,Vijayawada,Andhra Pradesh,India,Bronze
CUST4304,Aditi Bose,aditi.bose445@example.com,Male,67,2021-07-31,Vijayawada,Andhra Pradesh,India,Gold
CUST4305,Kabir Sharma,kabir.sharma371@example.com,Male,64,2024-11-14,Lucknow,Uttar Pradesh,India,Silver
CUST4306,Olivia Nair,olivia.nair654@example.com,Female,32,2022-11-05,Patna,Bihar,India,Bronze
CUST4307,Kabir Patel,kabir.patel345@example.com,Female,69,2024-04-27,Hyderabad,Telangana,India,Platinum
CUST4308,Emma Sharma,emma.sharma850@example.com,Female,67,2024-11-13,Mumbai,Maharashtra,India,Bronze
CUST4309,Olivia Iyer,olivia.iyer306@example.com,Female,40,2020-05-12,Visakhapatnam,Andhra Pradesh,India,Bronze
CUST4310,Aditi Patel,aditi.patel53@example.com,Female,25,2019-05-20,Surat,Gujarat,India,Silver
CUST4311,Aditi Bose,aditi.bose880@example.com,Male,36,2024-11-22,Lucknow,Uttar Pradesh,India,Bronze
CUST4312,Aditya Das,aditya.das711@example.com,Female,26,2019-12-10,Visakhapatnam,Andhra Pradesh,India,Gold
CUST4313,Aditi Kapoor,aditi.kapoor345@example.com,Male,24,2020-07-03,Surat,Gujarat,India,Bronze
CUST4314,Emma Khan,emma.khan317@example.com,Male,52,2021-09-08,Visakhapatnam,Andhra Pradesh,India,Bronze
CUST4315,Aria Mehta,aria.mehta156@example.com,Male,27,2024-01-07,Visakhapatnam,Andhra Pradesh,India,Platinum
CUST4316,Karthik Trivedi,karthik.trivedi19@example.com,Female,61,2024-07-12,Visakhapatnam,Andhra Pradesh,India,Bronze
CUST4317,Aria Dasgupta,aria.dasgupta853@example.com,Female,50,2019-02-05,Nagpur,Maharashtra,India,Bronze
CUST4318,Sai Kapoor,sai.kapoor792@example.com,Female,58,2025-03-07,Chennai,Tamil Nadu,India,Silver
CUST4319,Neha Gupta,neha.gupta245@example.com,Male,65,2025-05-07,Ahmedabad,Gujarat,India,Bronze
CUST4320,Riya Sharma,riya.sharma477@example.com,Male,43,2024-08-25,Indore,Madhya Pradesh,India,Silver
CUST4321,Arjun Das,arjun.das748@example.com,Other,60,2024-08-13,Thiruvananthapuram,Kerala,India,Silver
CUST4322,Lucas Iyer,lucas.iyer998@example.com,Male,53,2021-12-01,Surat,Gujarat,India,Bronze
CUST4323,Vivaan Kapoor,vivaan.kapoor730@example.com,Male,36,2022-03-08,Coimbatore,Tamil Nadu,India,Bronze
CUST4324,Aditi Sharma,aditi.sharma196@example.com,Female,42,2019-02-17,Bengaluru,Karnataka,India,Bronze
CUST4325,Karthik Saxena,karthik.saxena695@example.com,Male,20,2019-03-06,Indore,Madhya Pradesh,India,Silver
CUST4326,Priya Bose,priya.bose587@example.com,Female,35,2024-06-11,Mumbai,Maharashtra,India,Bronze
CUST4327,Neha Saxena,neha.saxena183@example.com,Female,38,2021-07-09,Chennai,Tamil Nadu,India,Bronze
CUST4328,Olivia Singh,olivia.singh113@example.com,Female,41,2024-06-26,Jaipur,Rajasthan,India,Silver
CUST4329,Mia Nath,mia.nath435@example.com,Male,61,2020-10-20,Visakhapatnam,Andhra Pradesh,India,Platinum
CUST4330,Lucas Chopra,lucas.chopra499@example.com,Other,41,2025-07-22,Visakhapatnam,Andhra Pradesh,India,Silver
CUST4331,Aria Chopra,aria.chopra47@example.com,Female,47,2019-06-09,Kolkata,West Bengal,India,Bronze
CUST4332,Saanvi Das,saanvi.das798@example.com,Male,31,2020-08-02,Visakhapatnam,Andhra Pradesh,India,Silver
CUST4333,Mia Nair,mia.nair627@example.com,Male,35,2020-02-16,Mumbai,Maharashtra,India,Silver
CUST4334,Amelia Dasgupta,amelia.dasgupta169@example.com,Female,37,2024-11-21,Jaipur,Rajasthan,India,Bronze
CUST4335,Isabella Iyer,isabella.iyer322@example.com,Male,67,2024-05-14,Nagpur,Maharashtra,India,Bronze
CUST4336,Ethan Reddy,ethan.reddy974@example.com,Female,51,2018-04-02,Pune,Maharashtra,India,Silver
CUST4337,Isabella Sharma,isabella.sharma681@example.com,Male,47,2025-07-21,Jaipur,Rajasthan,India,Silver
CUST4338,Mia Chopra,mia.chopra864@example.com,Male,70,2019-09-21,Coimbatore,Tamil Nadu,India,Silver
CUST4339,Rohan Gupta,rohan.gupta998@example.com,Female,29,2025-07-04,Nagpur,Maharashtra,India,Bronze
CUST4340,Emma Khan,emma.khan830@example.com,Female,34,2018-10-07,Kolkata,West Bengal,India,Gold
CUST4341,Isabella Kapoor,isabella.kapoor400@example.com,Male,55,2019-03-01,Delhi,Delhi,India,Silver
CUST4342,Noah Singh,noah.singh980@example.com,Male,69,2019-11-12,Delhi,Delhi,India,Bronze
CUST4343,Noah Gupta,noah.gupta331@example.com,Female,69,2022-03-27,Delhi,Delhi,India,Gold
CUST4344,Sophia Khan,sophia.khan809@example.com,Female,54,2019-08-25,Surat,Gujarat,India,Silver
CUST4345,Isabella Dasgupta,isabella.dasgupta404@example.com,Other,66,2021-07-28,Indore,Madhya Pradesh,India,Platinum
CUST4346,Liam Das,liam.das387@example.com,Female,62,2020-05-29,Hyderabad,Telangana,India,Bronze
CUST4347,Ethan Mehta,ethan.mehta287@example.com,Male,22,2019-03-25,Bhopal,Madhya Pradesh,India,Bronze
CUST4348,Mia Trivedi,mia.trivedi682@example.com,Female,62,2021-11-04,Delhi,Delhi,India,Bronze
CUST4349,Amelia Bose,amelia.bose193@example.com,Female,19,2025-09-15,Surat,Gujarat,India,Bronze
CUST4350,Saanvi Trivedi,saanvi.trivedi846@example.com,Female,52,2019-02-15,Vijayawada,Andhra Pradesh,India,Bronze
CUST4351,Ethan Chopra,ethan.chopra526@example.com,Male,24,2024-01-09,Lucknow,Uttar Pradesh,India,Gold
CUST4352,Aditya Das,aditya.das392@example.com,Female,28,2018-04-25,Delhi,Delhi,India,Bronze
CUST4353,Rohan Iyer,rohan.iyer204@example.com,Male,35,2018-09-02,Chennai,Tamil Nadu,India,Bronze
CUST4354,Aditi Gupta,aditi.gupta555@example.com,Male,42,2018-02-16,Pune,Maharashtra,India,Bronze
CUST4355,Kabir Joshi,kabir.joshi943@example.com,Male,48,2018-07-09,Vijayawada,Andhra Pradesh,India,Bronze
CUST4356,Neha Khan,neha.khan446@example.com,Male,52,2020-08-29,Indore,Madhya Pradesh,India,Bronze
CUST4357,Emma Saxena,emma.saxena1042@example.com,Female,59,2023-06-01,Delhi,Delhi,India,Silver
CUST4358,Ananya Patel,ananya.patel511@example.com,Male,36,2024-02-13,Bhopal,Madhya Pradesh,India,Silver
CUST4359,Priya Trivedi,priya.trivedi51@example.com,Female,24,2023-08-15,Coimbatore,Tamil Nadu,India,Silver
CUST4360,Diya Kumar,diya.kumar232@example.com,Female,60,2019-10-25,Coimbatore,Tamil Nadu,India,Silver
CUST4361,Liam Mehta,liam.mehta815@example.com,Male,57,2022-10-25,Indore,Madhya Pradesh,India,Bronze
CUST4362,Sophia Saxena,sophia.saxena86@example.com,Male,38,2025-09-05,Jaipur,Rajasthan,India,Silver
CUST4363,Aarav Joshi,aarav.joshi804@example.com,Female,68,2024-05-20,Mumbai,Maharashtra,India,Platinum
CUST4364,Emma Khan,emma.khan661@example.com,Male,37,2019-06-20,Surat,Gujarat,India,Silver
CUST4365,Arjun Saxena,arjun.saxena462@example.com,Female,25,2024-03-12,Delhi,Delhi,India,Silver
CUST4366,Karthik Trivedi,karthik.trivedi588@example.com,Male,43,2024-02-10,Kolkata,West Bengal,India,Bronze
CUST4367,Aditi Sharma,aditi.sharma474@example.com,Male,25,2021-09-22,Jaipur,Rajasthan,India,Bronze
CUST4368,Diya Joshi,diya.joshi747@example.com,Male,39,2019-12-05,Coimbatore,Tamil Nadu,India,Silver
CUST4369,Sai Gupta,sai.gupta116@example.com,Male,65,2018-04-13,Patna,Bihar,India,Silver
CUST4370,Aditi Verma,aditi.verma812@example.com,Male,18,2019-08-03,Vadodara,Gujarat,India,Bronze
CUST4371,Mia Verma,mia.verma559@example.com,Male,50,2021-05-05,Pune,Maharashtra,India,Silver
CUST4372,Aria Reddy,aria.reddy5@example.com,Male,46,2020-09-07,Surat,Gujarat,India,Gold
CUST4373,Kabir Dasgupta,kabir.dasgupta347@example.com,Female,42,2024-06-08,Pune,Maharashtra,India,Silver
CUST4374,Olivia Verma,olivia.verma126@example.com,Male,28,2018-11-30,Ahmedabad,Gujarat,India,Bronze
CUST4375,Lucas Reddy,lucas.reddy155@example.com,Female,33,2020-02-15,Delhi,Delhi,India,Bronze
CUST4376,Karthik Kapoor,karthik.kapoor975@example.com,Female,63,2023-05-30,Vijayawada,Andhra Pradesh,India,Bronze
CUST4377,Amelia Iyer,amelia.iyer348@example.com,Female,56,2023-02-02,Chennai,Tamil Nadu,India,Bronze
CUST4378,Kabir Reddy,kabir.reddy878@example.com,Female,19,2020-02-27,Mumbai,Maharashtra,India,Bronze
CUST4379,Rohan Bose,rohan.bose930@example.com,Male,54,2021-05-27,Delhi,Delhi,India,Bronze
CUST4380,Amelia Joshi,amelia.joshi5@example.com,Male,43,2020-11-03,Patna,Bihar,India,Silver
CUST4381,Mia Trivedi,mia.trivedi605@example.com,Male,33,2023-01-10,Coimbatore,Tamil Nadu,India,Bronze
CUST4382,Arjun Trivedi,arjun.trivedi465@example.com,Female,43,2023-02-17,Indore,Madhya Pradesh,India,Gold
CUST4383,Neha Kumar,neha.kumar10@example.com,Male,32,2021-06-24,Surat,Gujarat,India,Gold
CUST4384,Liam Nath,liam.nath819@example.com,Female,61,2025-02-14,Jaipur,Rajasthan,India,Silver
CUST4385,Liam Khan,liam.khan779@example.com,Male,32,2020-07-13,Hyderabad,Telangana,India,Bronze
CUST4386,Lucas Chopra,lucas.chopra767@example.com,Female,64,2023-01-23,Surat,Gujarat,India,Gold
CUST4387,Kabir Das,kabir.das890@example.com,Male,67,2018-01-02,Ahmedabad,Gujarat,India,Bronze
CUST4388,Chloe Trivedi,chloe.trivedi880@example.com,Male,37,2022-12-03,Pune,Maharashtra,India,Silver
CUST4389,Maya Reddy,maya.reddy353@example.com,Male,39,2021-03-31,Hyderabad,Telangana,India,Bronze
CUST4390,Aditi Saxena,aditi.saxena799@example.com,Female,41,2024-07-02,Ahmedabad,Gujarat,India,Silver
CUST4391,Neha Patel,neha.patel108@example.com,Male,48,2024-06-17,Thiruvananthapuram,Kerala,India,Bronze
CUST4392,Chloe Bose,chloe.bose371@example.com,Male,65,2021-12-09,Nagpur,Maharashtra,India,Bronze
CUST4393,Sai Kapoor,sai.kapoor579@example.com,Female,27,2019-11-13,Coimbatore,Tamil Nadu,India,Silver
CUST4394,Saanvi Dasgupta,saanvi.dasgupta520@example.com,Male,61,2018-04-12,Pune,Maharashtra,India,Bronze
CUST4395,Aria Kapoor,aria.kapoor265@example.com,Female,42,2023-12-05,Visakhapatnam,Andhra Pradesh,India,Silver
CUST4396,Aarav Chopra,aarav.chopra389@example.com,Female,64,2024-09-13,Hyderabad,Telangana,India,Gold
CUST4397,Liam Chopra,liam.chopra70@example.com,Male,26,2022-08-06,Patna,Bihar,India,Bronze
CUST4398,Aria Bose,aria.bose905@example.com,Male,47,2022-12-04,Vadodara,Gujarat,India,Bronze
CUST4399,Vivaan Nair,vivaan.nair584@example.com,Female,70,2022-07-23,Kolkata,West Bengal,India,Bronze
CUST4400,Kabir Bose,kabir.bose604@example.com,Male,65,2022-12-24,Delhi,Delhi,India,Silver
CUST4401,Aditya Kumar,aditya.kumar970@example.com,Male,33,2022-01-04,Chennai,Tamil Nadu,India,Bronze
CUST4402,Aria Chopra,aria.chopra177@example.com,Male,68,2018-05-14,Nagpur,Maharashtra,India,Bronze
CUST4403,Chloe Gupta,chloe.gupta295@example.com,Male,32,2020-02-28,Jaipur,Rajasthan,India,Bronze
CUST4404,Sai Nair,sai.nair632@example.com,Female,32,2020-10-30,Lucknow,Uttar Pradesh,India,Bronze
CUST4405,Lucas Joshi,lucas.joshi834@example.com,Female,19,2022-03-28,Vijayawada,Andhra Pradesh,India,Platinum
CUST4406,Isha Iyer,isha.iyer697@example.com,Female,43,2024-11-11,Visakhapatnam,Andhra Pradesh,India,Silver
CUST4407,Saanvi Mehta,saanvi.mehta449@example.com,Female,43,2021-08-16,Kolkata,West Bengal,India,Bronze
CUST4408,Aditya Singh,aditya.singh518@example.com,Male,48,2018-07-18,Mumbai,Maharashtra,India,Silver
CUST4409,Isabella Das,isabella.das260@example.com,Female,70,2024-03-26,Surat,Gujarat,India,Bronze
CUST4410,Kabir Mehta,kabir.mehta252@example.com,Male,55,2025-01-31,Bhopal,Madhya Pradesh,India,Silver
CUST4411,Isha Gupta,isha.gupta371@example.com,Male,37,2019-08-10,Bhopal,Madhya Pradesh,India,Silver
CUST4412,Rahul Iyer,rahul.iyer998@example.com,Male,66,2021-05-24,Kolkata,West Bengal,India,Bronze
CUST4413,Lucas Sharma,lucas.sharma492@example.com,Female,45,2024-03-05,Bhopal,Madhya Pradesh,India,Silver
CUST4414,Aditi Trivedi,aditi.trivedi407@example.com,Male,29,2018-06-22,Jaipur,Rajasthan,India,Silver
CUST4415,Sai Gupta,sai.gupta126@example.com,Male,22,2023-05-23,Mumbai,Maharashtra,India,Gold
CUST4416,Aditya Saxena,aditya.saxena993@example.com,Female,38,2024-04-13,Coimbatore,Tamil Nadu,India,Platinum
CUST4417,Amelia Nair,amelia.nair975@example.com,Female,54,2025-06-03,Kolkata,West Bengal,India,Bronze
CUST4418,Kabir Nath,kabir.nath538@example.com,Female,28,2023-10-29,Thiruvananthapuram,Kerala,India,Bronze
CUST4419,Lucas Reddy,lucas.reddy258@example.com,Female,69,2021-06-22,Vijayawada,Andhra Pradesh,India,Bronze
CUST4420,Neha Gupta,neha.gupta591@example.com,Female,48,2025-06-23,Vijayawada,Andhra Pradesh,India,Bronze
CUST4421,Riya Patel,riya.patel438@example.com,Male,30,2020-01-19,Patna,Bihar,India,Bronze
CUST4422,Aarav Khan,aarav.khan5@example.com,Male,23,2018-06-19,Hyderabad,Telangana,India,Bronze
CUST4423,Riya Mehta,riya.mehta702@example.com,Male,19,2019-08-26,Hyderabad,Telangana,India,Silver
CUST4424,Liam Sharma,liam.sharma85@example.com,Female,49,2022-01-18,Ahmedabad,Gujarat,India,Bronze
CUST4425,Isha Reddy,isha.reddy408@example.com,Male,49,2024-12-12,Kolkata,West Bengal,India,Silver
CUST4426,Olivia Reddy,olivia.reddy57@example.com,Female,35,2022-07-21,Nagpur,Maharashtra,India,Bronze
CUST4427,Aditi Mehta,aditi.mehta666@example.com,Female,67,2019-02-05,Visakhapatnam,Andhra Pradesh,India,Bronze
CUST4428,Noah Nath,noah.nath459@example.com,Male,28,2018-07-28,Jaipur,Rajasthan,India,Gold
CUST4429,Priya Kumar,priya.kumar493@example.com,Female,67,2021-10-31,Ahmedabad,Gujarat,India,Silver
CUST4430,Amelia Nair,amelia.nair207@example.com,Male,41,2023-09-11,Thiruvananthapuram,Kerala,India,Bronze
CUST4431,Diya Trivedi,diya.trivedi222@example.com,Male,63,2025-03-23,Bengaluru,Karnataka,India,Bronze
CUST4432,Lucas Reddy,lucas.reddy886@example.com,Male,46,2024-08-31,Kolkata,West Bengal,India,Bronze
CUST4433,Priya Khan,priya.khan78@example.com,Male,60,2023-12-18,Surat,Gujarat,India,Bronze
CUST4434,Arjun Saxena,arjun.saxena650@example.com,Male,24,2022-02-03,Mumbai,Maharashtra,India,Silver
CUST4435,Sophia Chopra,sophia.chopra509@example.com,Female,48,2025-07-04,Kolkata,West Bengal,India,Bronze
CUST4436,Sai Verma,sai.verma76@example.com,Female,20,2019-05-04,Patna,Bihar,India,Bronze
CUST4437,Emma Verma,emma.verma130@example.com,Male,63,2019-09-04,Vijayawada,Andhra Pradesh,India,Bronze
CUST4438,Aarav Das,aarav.das590@example.com,Female,30,2023-05-07,Vijayawada,Andhra Pradesh,India,Bronze
CUST4439,Ananya Nath,ananya.nath932@example.com,Male,52,2025-01-31,Visakhapatnam,Andhra Pradesh,India,Gold
CUST4440,Lucas Patel,lucas.patel80@example.com,Male,31,2024-10-11,Indore,Madhya Pradesh,India,Bronze
CUST4441,Aria Gupta,aria.gupta997@example.com,Male,68,2023-03-27,Surat,Gujarat,India,Silver
CUST4442,Aditi Dasgupta,aditi.dasgupta713@example.com,Female,68,2021-06-22,Hyderabad,Telangana,India,Bronze
CUST4443,Lucas Bose,lucas.bose847@example.com,Male,44,2019-10-12,Coimbatore,Tamil Nadu,India,Bronze
CUST4444,Aria Reddy,aria.reddy530@example.com,Female,33,2025-10-09,Delhi,Delhi,India,Bronze
CUST4445,Liam Nath,liam.nath976@example.com,Other,68,2023-04-09,Indore,Madhya Pradesh,India,Bronze
CUST4446,Amelia Chopra,amelia.chopra726@example.com,Female,48,2019-12-05,Lucknow,Uttar Pradesh,India,Bronze
CUST4447,Liam Dasgupta,liam.dasgupta203@example.com,Female,39,2021-05-31,Vadodara,Gujarat,India,Gold
CUST4448,Rohan Khan,rohan.khan169@example.com,Female,42,2022-01-22,Thiruvananthapuram,Kerala,India,Bronze
CUST4449,Chloe Joshi,chloe.joshi771@example.com,Female,37,2020-07-01,Bhopal,Madhya Pradesh,India,Gold
CUST4450,Liam Kumar,liam.kumar855@example.com,Male,54,2018-07-12,Jaipur,Rajasthan,India,Bronze
CUST4451,Maya Sharma,maya.sharma657@example.com,Male,36,2023-04-13,Vijayawada,Andhra Pradesh,India,Gold
CUST4452,Vivaan Sharma,vivaan.sharma739@example.com,Male,36,2018-02-08,Vadodara,Gujarat,India,Bronze
CUST4453,Olivia Verma,olivia.verma495@example.com,Male,44,2019-06-07,Ahmedabad,Gujarat,India,Gold
CUST4454,Priya Joshi,priya.joshi3267@example.com,Male,34,2024-08-29,Kolkata,West Bengal,India,Gold
CUST4455,Diya Chopra,diya.chopra801@example.com,Female,21,2024-09-04,Delhi,Delhi,India,Silver
CUST4456,Isha Kumar,isha.kumar935@example.com,Male,39,2019-08-31,Indore,Madhya Pradesh,India,Bronze
CUST4457,Olivia Patel,olivia.patel771@example.com,Male,70,2020-01-17,Coimbatore,Tamil Nadu,India,Bronze
CUST4458,Aditya Das,aditya.das504@example.com,Other,39,2022-09-21,Vijayawada,Andhra Pradesh,India,Platinum
CUST4459,Aarav Sharma,aarav.sharma650@example.com,Male,35,2019-05-31,Vadodara,Gujarat,India,Silver
CUST4460,Saanvi Mehta,saanvi.mehta626@example.com,Female,65,2021-01-22,Indore,Madhya Pradesh,India,Silver
CUST4461,Ananya Gupta,ananya.gupta590@example.com,Female,33,2025-04-05,Surat,Gujarat,India,Silver
CUST4462,Noah Chopra,noah.chopra934@example.com,Female,68,2023-05-07,Delhi,Delhi,India,Platinum
CUST4463,Diya Saxena,diya.saxena21@example.com,Female,28,2022-11-02,Hyderabad,Telangana,India,Silver
CUST4464,Aditi Iyer,aditi.iyer413@example.com,Male,20,2020-04-10,Kolkata,West Bengal,India,Silver
CUST4465,Aarav Nath,aarav.nath39@example.com,Female,58,2018-08-16,Nagpur,Maharashtra,India,Bronze
CUST4466,Aditi Chopra,aditi.chopra70@example.com,Female,59,2021-06-30,Ahmedabad,Gujarat,India,Bronze
CUST4467,Rohan Khan,rohan.khan256@example.com,Female,63,2021-08-23,Surat,Gujarat,India,Bronze
CUST4468,Vivaan Dasgupta,vivaan.dasgupta181@example.com,Female,25,2022-06-29,Vadodara,Gujarat,India,Bronze
CUST4469,Sai Kumar,sai.kumar753@example.com,Male,41,2021-01-01,Vijayawada,Andhra Pradesh,India,Bronze
CUST4470,Saanvi Dasgupta,saanvi.dasgupta979@example.com,Male,54,2022-06-28,Vijayawada,Andhra Pradesh,India,Bronze
CUST4471,Rahul Nair,rahul.nair758@example.com,Female,55,2020-01-21,Visakhapatnam,Andhra Pradesh,India,Bronze
CUST4472,Kabir Trivedi,kabir.trivedi711@example.com,Male,47,2020-03-22,Jaipur,Rajasthan,India,Silver
CUST4473,Ethan Kapoor,ethan.kapoor101@example.com,Female,33,2018-03-22,Thiruvananthapuram,Kerala,India,Bronze
CUST4474,Rahul Iyer,rahul.iyer645@example.com,Female,61,2020-05-02,Mumbai,Maharashtra,India,Bronze
CUST4475,Diya Chopra,diya.chopra318@example.com,Male,29,2019-09-17,Ahmedabad,Gujarat,India,Silver
CUST4476,Amelia Das,amelia.das23@example.com,Female,52,2022-03-14,Pune,Maharashtra,India,Silver
CUST4477,Aditi Gupta,aditi.gupta57@example.com,Male,40,2018-07-03,Surat,Gujarat,India,Gold
CUST4478,Priya Kumar,priya.kumar129@example.com,Male,26,2021-08-30,Chennai,Tamil Nadu,India,Silver
CUST4479,Kabir Reddy,kabir.reddy375@example.com,Female,38,2023-12-29,Thiruvananthapuram,Kerala,India,Bronze
CUST4480,Sophia Das,sophia.das650@example.com,Other,21,2021-01-24,Kolkata,West Bengal,India,Bronze
CUST4481,Liam Dasgupta,liam.dasgupta970@example.com,Male,37,2018-10-19,Delhi,Delhi,India,Bronze
CUST4482,Ananya Verma,ananya.verma833@example.com,Male,23,2019-06-24,Surat,Gujarat,India,Bronze
CUST4483,Lucas Kumar,lucas.kumar964@example.com,Female,51,2018-11-05,Vijayawada,Andhra Pradesh,India,Bronze
CUST4484,Diya Verma,diya.verma926@example.com,Male,63,2020-07-03,Ahmedabad,Gujarat,India,Silver
CUST4485,Isha Reddy,isha.reddy632@example.com,Female,48,2019-03-27,Surat,Gujarat,India,Silver
CUST4486,Isabella Mehta,isabella.mehta367@example.com,Female,25,2022-05-26,Nagpur,Maharashtra,India,Silver
CUST4487,Ananya Kapoor,ananya.kapoor647@example.com,Female,35,2022-08-05,Jaipur,Rajasthan,India,Bronze
CUST4488,Lucas Chopra,lucas.chopra124@example.com,Female,26,2018-11-01,Patna,Bihar,India,Silver
CUST4489,Chloe Chopra,chloe.chopra244@example.com,Male,18,2018-01-04,Indore,Madhya Pradesh,India,Bronze
CUST4490,Aditya Mehta,aditya.mehta43@example.com,Male,21,2021-07-11,Vadodara,Gujarat,India,Bronze
CUST4491,Priya Kapoor,priya.kapoor829@example.com,Male,59,2022-09-17,Vadodara,Gujarat,India,Bronze
CUST4492,Chloe Reddy,chloe.reddy314@example.com,Male,31,2025-10-08,Nagpur,Maharashtra,India,Bronze
CUST4493,Amelia Kapoor,amelia.kapoor44@example.com,Female,55,2018-06-05,Chennai,Tamil Nadu,India,Bronze
CUST4494,Amelia Dasgupta,amelia.dasgupta784@example.com,Female,64,2019-01-29,Mumbai,Maharashtra,India,Silver
CUST4495,Aria Singh,aria.singh498@example.com,Female,51,2023-08-14,Patna,Bihar,India,Bronze
CUST4496,Aria Nair,aria.nair40@example.com,Male,43,2025-05-12,Chennai,Tamil Nadu,India,Bronze
CUST4497,Diya Trivedi,diya.trivedi536@example.com,Male,50,2023-04-22,Patna,Bihar,India,Silver
CUST4498,Aditya Kapoor,aditya.kapoor6787@example.com,Female,56,2018-07-07,Visakhapatnam,Andhra Pradesh,India,Silver
CUST4499,Noah Nath,noah.nath391@example.com,Male,43,2024-03-30,Patna,Bihar,India,Silver
CUST4500,Priya Khan,priya.khan181@example.com,Female,18,2023-05-17,Kolkata,West Bengal,India,Silver
CUST4501,Ananya Sharma,ananya.sharma742@example.com,Female,53,2019-04-05,Ahmedabad,Gujarat,India,Bronze
CUST4502,Liam Nair,liam.nair470@example.com,Male,44,2021-03-04,Bengaluru,Karnataka,India,Bronze
CUST4503,Diya Sharma,diya.sharma983@example.com,Female,21,2022-06-28,Vadodara,Gujarat,India,Bronze
CUST4504,Chloe Kapoor,chloe.kapoor779@example.com,Female,58,2024-05-22,Visakhapatnam,Andhra Pradesh,India,Bronze
CUST4505,Isha Verma,isha.verma291@example.com,Female,31,2022-08-14,Indore,Madhya Pradesh,India,Gold
CUST4506,Isha Joshi,isha.joshi493@example.com,Male,20,2022-11-16,Coimbatore,Tamil Nadu,India,Bronze
CUST4507,Emma Chopra,emma.chopra461@example.com,Male,53,2021-10-14,Thiruvananthapuram,Kerala,India,Gold
CUST4508,Aditya Chopra,aditya.chopra312@example.com,Male,20,2021-12-09,Vadodara,Gujarat,India,Silver
CUST4509,Ethan Joshi,ethan.joshi213@example.com,Other,33,2019-01-02,Bhopal,Madhya Pradesh,India,Bronze
CUST4510,Liam Bose,liam.bose215@example.com,Female,27,2018-03-08,Mumbai,Maharashtra,India,Bronze
CUST4511,Rohan Verma,rohan.verma439@example.com,Male,68,2020-05-26,Jaipur,Rajasthan,India,Silver
CUST4512,Olivia Khan,olivia.khan494@example.com,Female,19,2025-08-05,Pune,Maharashtra,India,Bronze
CUST4513,Kabir Trivedi,kabir.trivedi493@example.com,Male,68,2019-10-21,Nagpur,Maharashtra,India,Bronze
CUST4514,Riya Trivedi,riya.trivedi493@example.com,Female,18,2019-02-28,Kolkata,West Bengal,India,Bronze
CUST4515,Vivaan Singh,vivaan.singh977@example.com,Male,70,2021-04-03,Surat,Gujarat,India,Bronze
CUST4516,Noah Kumar,noah.kumar351@example.com,Male,20,2023-09-09,Mumbai,Maharashtra,India,Silver
CUST4517,Sophia Trivedi,sophia.trivedi864@example.com,Male,49,2022-07-03,Indore,Madhya Pradesh,India,Bronze
CUST4518,Rohan Khan,rohan.khan139@example.com,Male,24,2022-05-24,Pune,Maharashtra,India,Bronze
CUST4519,Lucas Dasgupta,lucas.dasgupta255@example.com,Female,67,2025-07-12,Mumbai,Maharashtra,India,Bronze
CUST4520,Sophia Reddy,sophia.reddy299@example.com,Male,28,2024-11-24,Ahmedabad,Gujarat,India,Silver
CUST4521,Diya Sharma,diya.sharma504@example.com,Female,63,2021-02-12,Chennai,Tamil Nadu,India,Bronze
CUST4522,Sophia Nath,sophia.nath985@example.com,Female,38,2021-01-16,Nagpur,Maharashtra,India,Silver
CUST4523,Sai Kapoor,sai.kapoor635@example.com,Female,30,2022-01-11,Chennai,Tamil Nadu,India,Bronze
CUST4524,Lucas Joshi,lucas.joshi161@example.com,Male,27,2023-01-27,Surat,Gujarat,India,Silver
CUST4525,Vivaan Sharma,vivaan.sharma170@example.com,Male,20,2019-06-16,Jaipur,Rajasthan,India,Gold
CUST4526,Riya Kumar,riya.kumar382@example.com,Male,47,2023-01-24,Chennai,Tamil Nadu,India,Bronze
CUST4527,Aditya Verma,aditya.verma532@example.com,Female,20,2020-12-10,Chennai,Tamil Nadu,India,Gold
CUST4528,Isabella Gupta,isabella.gupta791@example.com,Female,18,2021-10-11,Delhi,Delhi,India,Bronze
CUST4529,Neha Kumar,neha.kumar727@example.com,Female,25,2020-01-07,Pune,Maharashtra,India,Bronze
CUST4530,Kabir Kapoor,kabir.kapoor567@example.com,Male,35,2023-06-14,Vadodara,Gujarat,India,Bronze
CUST4531,Maya Joshi,maya.joshi819@example.com,Male,23,2021-08-29,Kolkata,West Bengal,India,Bronze
CUST4532,Aria Mehta,aria.mehta850@example.com,Female,69,2021-02-28,Ahmedabad,Gujarat,India,Bronze
CUST4533,Aarav Singh,aarav.singh164@example.com,Female,34,2025-10-13,Patna,Bihar,India,Bronze
CUST4534,Maya Trivedi,maya.trivedi857@example.com,Male,64,2018-10-16,Jaipur,Rajasthan,India,Gold
CUST4535,Diya Bose,diya.bose79@example.com,Male,20,2020-07-16,Delhi,Delhi,India,Silver
CUST4536,Isabella Patel,isabella.patel936@example.com,Female,62,2019-09-17,Coimbatore,Tamil Nadu,India,Silver
CUST4537,Liam Nath,liam.nath832@example.com,Male,34,2019-05-13,Vadodara,Gujarat,India,Silver
CUST4538,Noah Nath,noah.nath419@example.com,Male,23,2018-04-11,Lucknow,Uttar Pradesh,India,Bronze
CUST4539,Lucas Reddy,lucas.reddy895@example.com,Female,65,2019-05-24,Chennai,Tamil Nadu,India,Silver
CUST4540,Lucas Saxena,lucas.saxena129@example.com,Female,42,2025-05-18,Vadodara,Gujarat,India,Bronze
CUST4541,Riya Khan,riya.khan420@example.com,Female,60,2020-05-15,Ahmedabad,Gujarat,India,Bronze
CUST4542,Vivaan Iyer,vivaan.iyer269@example.com,Male,23,2020-03-22,Delhi,Delhi,India,Bronze
CUST4543,Arjun Trivedi,arjun.trivedi649@example.com,Male,18,2021-11-01,Delhi,Delhi,India,Silver
CUST4544,Diya Gupta,diya.gupta323@example.com,Female,46,2024-08-02,Bengaluru,Karnataka,India,Bronze
CUST4545,Aditi Kumar,aditi.kumar515@example.com,Male,18,2024-06-03,Lucknow,Uttar Pradesh,India,Silver
CUST4546,Lucas Joshi,lucas.joshi465@example.com,Male,60,2023-08-24,Indore,Madhya Pradesh,India,Bronze
CUST4547,Aditya Sharma,aditya.sharma203@example.com,Male,69,2021-12-19,Coimbatore,Tamil Nadu,India,Bronze
CUST4548,Kabir Singh,kabir.singh970@example.com,Female,47,2021-09-05,Thiruvananthapuram,Kerala,India,Bronze
CUST4549,Lucas Kumar,lucas.kumar466@example.com,Female,19,2020-06-30,Pune,Maharashtra,India,Gold
CUST4550,Amelia Bose,amelia.bose272@example.com,Male,58,2024-07-06,Vadodara,Gujarat,India,Gold
CUST4551,Rohan Bose,rohan.bose4@example.com,Female,32,2020-10-08,Vadodara,Gujarat,India,Bronze
CUST4552,Diya Joshi,diya.joshi766@example.com,Other,57,2021-03-29,Delhi,Delhi,India,Bronze
CUST4553,Liam Joshi,liam.joshi987@example.com,Male,18,2022-04-28,Bengaluru,Karnataka,India,Bronze
CUST4554,Neha Bose,neha.bose360@example.com,Male,22,2025-03-30,Patna,Bihar,India,Bronze
CUST4555,Kabir Joshi,kabir.joshi248@example.com,Male,20,2018-11-29,Bengaluru,Karnataka,India,Platinum
CUST4556,Aria Joshi,aria.joshi660@example.com,Male,44,2019-01-23,Hyderabad,Telangana,India,Bronze
CUST4557,Priya Kumar,priya.kumar398@example.com,Female,19,2018-09-09,Lucknow,Uttar Pradesh,India,Bronze
CUST4558,Rohan Joshi,rohan.joshi476@example.com,Female,53,2022-03-31,Vijayawada,Andhra Pradesh,India,Silver
CUST4559,Sophia Das,sophia.das521@example.com,Male,22,2023-03-30,Bengaluru,Karnataka,India,Gold
CUST4560,Diya Joshi,diya.joshi828@example.com,Male,21,2023-02-11,Indore,Madhya Pradesh,India,Bronze
CUST4561,Aditya Bose,aditya.bose498@example.com,Female,66,2020-06-27,Thiruvananthapuram,Kerala,India,Bronze
CUST4562,Amelia Dasgupta,amelia.dasgupta610@example.com,Male,30,2018-06-01,Indore,Madhya Pradesh,India,Bronze
CUST4563,Arjun Reddy,arjun.reddy453@example.com,Male,63,2022-09-30,Mumbai,Maharashtra,India,Platinum
CUST4564,Isha Saxena,isha.saxena25@example.com,Male,23,2021-01-02,Ahmedabad,Gujarat,India,Bronze
CUST4565,Lucas Verma,lucas.verma343@example.com,Female,45,2023-01-08,Lucknow,Uttar Pradesh,India,Bronze
CUST4566,Diya Kapoor,diya.kapoor311@example.com,Female,64,2022-07-26,Surat,Gujarat,India,Bronze
CUST4567,Ananya Iyer,ananya.iyer582@example.com,Other,48,2025-08-16,Bengaluru,Karnataka,India,Silver
CUST4568,Emma Iyer,emma.iyer369@example.com,Male,18,2018-08-15,Ahmedabad,Gujarat,India,Silver
CUST4569,Lucas Nath,lucas.nath598@example.com,Male,58,2022-07-14,Visakhapatnam,Andhra Pradesh,India,Bronze
CUST4570,Priya Patel,priya.patel981@example.com,Female,48,2025-04-06,Indore,Madhya Pradesh,India,Bronze
CUST4571,Aditi Nair,aditi.nair985@example.com,Female,37,2022-10-18,Kolkata,West Bengal,India,Bronze
CUST4572,Kabir Singh,kabir.singh952@example.com,Female,68,2024-04-13,Visakhapatnam,Andhra Pradesh,India,Silver
CUST4573,Priya Mehta,priya.mehta994@example.com,Female,57,2019-09-21,Thiruvananthapuram,Kerala,India,Silver
CUST4574,Priya Trivedi,priya.trivedi465@example.com,Female,34,2018-11-17,Jaipur,Rajasthan,India,Bronze
CUST4575,Saanvi Patel,saanvi.patel917@example.com,Female,56,2022-05-19,Indore,Madhya Pradesh,India,Gold
CUST4576,Neha Sharma,neha.sharma375@example.com,Male,59,2019-02-19,Thiruvananthapuram,Kerala,India,Gold
CUST4577,Ethan Mehta,ethan.mehta474@example.com,Female,25,2019-05-13,Coimbatore,Tamil Nadu,India,Bronze
CUST4578,Aarav Joshi,aarav.joshi715@example.com,Female,53,2024-11-13,Pune,Maharashtra,India,Gold
CUST4579,Karthik Das,karthik.das403@example.com,Male,31,2024-08-24,Patna,Bihar,India,Silver
CUST4580,Aditi Sharma,aditi.sharma105@example.com,Female,60,2025-01-17,Surat,Gujarat,India,Bronze
CUST4581,Aarav Iyer,aarav.iyer614@example.com,Female,34,2025-06-02,Kolkata,West Bengal,India,Bronze
CUST4582,Ethan Patel,ethan.patel742@example.com,Female,43,2022-06-17,Vijayawada,Andhra Pradesh,India,Platinum
CUST4583,Karthik Mehta,karthik.mehta130@example.com,Female,59,2018-08-13,Surat,Gujarat,India,Bronze
CUST4584,Amelia Gupta,amelia.gupta399@example.com,Other,18,2018-07-16,Delhi,Delhi,India,Silver
CUST4585,Lucas Patel,lucas.patel684@example.com,Female,21,2018-12-07,Surat,Gujarat,India,Bronze
CUST4586,Neha Reddy,neha.reddy867@example.com,Female,30,2024-04-20,Lucknow,Uttar Pradesh,India,Silver
CUST4587,Mia Saxena,mia.saxena642@example.com,Female,26,2018-12-26,Jaipur,Rajasthan,India,Bronze
CUST4588,Noah Trivedi,noah.trivedi525@example.com,Male,66,2020-03-02,Bhopal,Madhya Pradesh,India,Gold
CUST4589,Noah Joshi,noah.joshi853@example.com,Female,21,2025-08-18,Patna,Bihar,India,Gold
CUST4590,Kabir Singh,kabir.singh202@example.com,Female,31,2018-10-29,Mumbai,Maharashtra,India,Bronze
CUST4591,Isha Kapoor,isha.kapoor128@example.com,Female,47,2025-01-16,Jaipur,Rajasthan,India,Silver
CUST4592,Neha Verma,neha.verma993@example.com,Male,44,2018-10-15,Vadodara,Gujarat,India,Bronze
CUST4593,Aditya Kapoor,aditya.kapoor561@example.com,Male,26,2018-03-27,Nagpur,Maharashtra,India,Bronze
CUST4594,Aditya Kapoor,aditya.kapoor745@example.com,Other,70,2021-03-23,Chennai,Tamil Nadu,India,Bronze
CUST4595,Aditya Iyer,aditya.iyer849@example.com,Male,30,2022-08-21,Lucknow,Uttar Pradesh,India,Silver
CUST4596,Olivia Chopra,olivia.chopra623@example.com,Male,50,2020-02-15,Surat,Gujarat,India,Gold
CUST4597,Aria Nath,aria.nath68@example.com,Male,47,2022-11-15,Lucknow,Uttar Pradesh,India,Bronze
CUST4598,Diya Singh,diya.singh231@example.com,Female,60,2018-10-05,Vijayawada,Andhra Pradesh,India,Silver
CUST4599,Noah Gupta,noah.gupta352@example.com,Male,52,2019-09-04,Coimbatore,Tamil Nadu,India,Silver
CUST4600,Amelia Patel,amelia.patel180@example.com,Male,56,2020-09-11,Indore,Madhya Pradesh,India,Bronze
CUST4601,Aria Saxena,aria.saxena582@example.com,Male,28,2020-02-03,Surat,Gujarat,India,Bronze
CUST4602,Aria Chopra,aria.chopra780@example.com,Male,37,2025-09-01,Bhopal,Madhya Pradesh,India,Bronze
CUST4603,Diya Chopra,diya.chopra786@example.com,Female,52,2022-11-17,Bhopal,Madhya Pradesh,India,Bronze
CUST4604,Chloe Patel,chloe.patel77@example.com,Male,32,2020-06-23,Mumbai,Maharashtra,India,Bronze
CUST4605,Aarav Saxena,aarav.saxena725@example.com,Female,38,2024-04-20,Thiruvananthapuram,Kerala,India,Bronze
CUST4606,Ethan Mehta,ethan.mehta325@example.com,Female,56,2025-07-27,Mumbai,Maharashtra,India,Silver
CUST4607,Amelia Joshi,amelia.joshi716@example.com,Female,67,2023-05-27,Bhopal,Madhya Pradesh,India,Bronze
CUST4608,Aria Kumar,aria.kumar176@example.com,Female,54,2019-02-06,Kolkata,West Bengal,India,Bronze
CUST4609,Emma Das,emma.das978@example.com,Male,33,2023-04-01,Hyderabad,Telangana,India,Bronze
CUST4610,Ananya Joshi,ananya.joshi405@example.com,Female,31,2019-08-21,Pune,Maharashtra,India,Bronze
CUST4611,Riya Reddy,riya.reddy549@example.com,Female,29,2024-12-24,Surat,Gujarat,India,Bronze
CUST4612,Aria Nath,aria.nath582@example.com,Female,47,2020-07-20,Indore,Madhya Pradesh,India,Platinum
CUST4613,Lucas Nath,lucas.nath201@example.com,Female,40,2023-06-26,Vijayawada,Andhra Pradesh,India,Bronze
CUST4614,Karthik Reddy,karthik.reddy578@example.com,Other,70,2019-08-22,Lucknow,Uttar Pradesh,India,Silver
CUST4615,Isha Reddy,isha.reddy76@example.com,Male,61,2020-06-06,Coimbatore,Tamil Nadu,India,Platinum
CUST4616,Aditi Sharma,aditi.sharma224@example.com,Female,45,2019-08-31,Visakhapatnam,Andhra Pradesh,India,Bronze
CUST4617,Liam Bose,liam.bose884@example.com,Male,24,2019-10-19,Visakhapatnam,Andhra Pradesh,India,Gold
CUST4618,Riya Gupta,riya.gupta211@example.com,Male,68,2018-03-01,Patna,Bihar,India,Bronze
CUST4619,Priya Iyer,priya.iyer33@example.com,Female,50,2019-08-22,Vijayawada,Andhra Pradesh,India,Platinum
CUST4620,Liam Das,liam.das653@example.com,Female,50,2023-03-26,Jaipur,Rajasthan,India,Platinum
CUST4621,Ethan Gupta,ethan.gupta819@example.com,Male,48,2025-08-29,Bhopal,Madhya Pradesh,India,Bronze
CUST4622,Aditya Gupta,aditya.gupta652@example.com,Male,63,2022-10-15,Visakhapatnam,Andhra Pradesh,India,Silver
CUST4623,Riya Trivedi,riya.trivedi358@example.com,Male,18,2023-04-18,Kolkata,West Bengal,India,Bronze
CUST4624,Aria Bose,aria.bose866@example.com,Male,36,2019-07-19,Patna,Bihar,India,Bronze
CUST4625,Ethan Reddy,ethan.reddy448@example.com,Female,28,2023-07-01,Vadodara,Gujarat,India,Silver
CUST4626,Mia Nair,mia.nair645@example.com,Male,22,2019-10-06,Vadodara,Gujarat,India,Silver
CUST4627,Rahul Verma,rahul.verma340@example.com,Male,63,2018-03-21,Bengaluru,Karnataka,India,Platinum
CUST4628,Chloe Reddy,chloe.reddy34@example.com,Female,57,2021-05-28,Patna,Bihar,India,Silver
CUST4629,Olivia Singh,olivia.singh132@example.com,Male,29,2020-05-01,Mumbai,Maharashtra,India,Bronze
CUST4630,Neha Sharma,neha.sharma463@example.com,Male,33,2021-08-12,Mumbai,Maharashtra,India,Bronze
CUST4631,Liam Kapoor,liam.kapoor237@example.com,Male,30,2025-07-05,Lucknow,Uttar Pradesh,India,Silver
CUST4632,Chloe Das,chloe.das203@example.com,Other,39,2020-04-18,Vijayawada,Andhra Pradesh,India,Bronze
CUST4633,Neha Nath,neha.nath145@example.com,Female,53,2018-05-04,Vadodara,Gujarat,India,Bronze
CUST4634,Neha Joshi,neha.joshi227@example.com,Male,68,2022-10-13,Vadodara,Gujarat,India,Bronze
CUST4635,Maya Khan,maya.khan745@example.com,Female,18,2020-10-15,Pune,Maharashtra,India,Gold
CUST4636,Isha Verma,isha.verma286@example.com,Female,22,2018-03-19,Coimbatore,Tamil Nadu,India,Bronze
CUST4637,Priya Das,priya.das595@example.com,Male,19,2025-09-09,Patna,Bihar,India,Bronze
CUST4638,Lucas Mehta,lucas.mehta566@example.com,Male,39,2025-05-10,Chennai,Tamil Nadu,India,Bronze
CUST4639,Riya Singh,riya.singh595@example.com,Female,62,2019-11-28,Bhopal,Madhya Pradesh,India,Bronze
CUST4640,Sai Dasgupta,sai.dasgupta99@example.com,Male,18,2021-07-25,Bengaluru,Karnataka,India,Silver
CUST4641,Lucas Chopra,lucas.chopra631@example.com,Female,63,2022-08-30,Chennai,Tamil Nadu,India,Silver
CUST4642,Mia Nair,mia.nair126@example.com,Male,28,2021-09-19,Visakhapatnam,Andhra Pradesh,India,Bronze
CUST4643,Diya Gupta,diya.gupta137@example.com,Female,53,2018-07-16,Surat,Gujarat,India,Bronze
CUST4644,Maya Nair,maya.nair467@example.com,Female,58,2021-05-30,Jaipur,Rajasthan,India,Bronze
CUST4645,Isha Kumar,isha.kumar978@example.com,Female,63,2021-06-07,Thiruvananthapuram,Kerala,India,Platinum
CUST4646,Ananya Mehta,ananya.mehta765@example.com,Female,30,2024-09-06,Visakhapatnam,Andhra Pradesh,India,Bronze
CUST4647,Arjun Reddy,arjun.reddy119@example.com,Female,67,2019-10-14,Surat,Gujarat,India,Bronze
CUST4648,Noah Chopra,noah.chopra855@example.com,Male,46,2024-02-04,Patna,Bihar,India,Bronze
CUST4649,Priya Kumar,priya.kumar227@example.com,Male,46,2021-02-05,Patna,Bihar,India,Bronze
CUST4650,Diya Sharma,diya.sharma261@example.com,Female,40,2023-12-26,Bhopal,Madhya Pradesh,India,Bronze
CUST4651,Mia Nath,mia.nath483@example.com,Male,52,2022-11-04,Delhi,Delhi,India,Silver
CUST4652,Isabella Dasgupta,isabella.dasgupta847@example.com,Female,29,2024-10-31,Jaipur,Rajasthan,India,Bronze
CUST4653,Olivia Mehta,olivia.mehta983@example.com,Female,36,2025-05-30,Visakhapatnam,Andhra Pradesh,India,Bronze
CUST4654,Ananya Kumar,ananya.kumar334@example.com,Female,40,2024-04-27,Nagpur,Maharashtra,India,Bronze
CUST4655,Aditi Khan,aditi.khan614@example.com,Female,23,2019-03-15,Pune,Maharashtra,India,Silver
CUST4656,Sophia Trivedi,sophia.trivedi229@example.com,Male,37,2021-09-19,Indore,Madhya Pradesh,India,Bronze
CUST4657,Sai Bose,sai.bose896@example.com,Male,67,2025-08-28,Chennai,Tamil Nadu,India,Bronze
CUST4658,Priya Sharma,priya.sharma563@example.com,Female,40,2023-12-14,Vijayawada,Andhra Pradesh,India,Bronze
CUST4659,Vivaan Patel,vivaan.patel900@example.com,Male,28,2020-01-14,Chennai,Tamil Nadu,India,Silver
CUST4660,Saanvi Joshi,saanvi.joshi727@example.com,Female,67,2022-03-20,Mumbai,Maharashtra,India,Bronze
CUST4661,Rohan Nair,rohan.nair279@example.com,Male,61,2018-10-16,Kolkata,West Bengal,India,Silver
CUST4662,Liam Nath,liam.nath910@example.com,Female,57,2020-07-19,Bengaluru,Karnataka,India,Silver
CUST4663,Amelia Khan,amelia.khan288@example.com,Male,24,2019-04-24,Jaipur,Rajasthan,India,Silver
CUST4664,Sophia Saxena,sophia.saxena774@example.com,Female,54,2024-08-31,Kolkata,West Bengal,India,Bronze
CUST4665,Liam Mehta,liam.mehta713@example.com,Male,21,2020-06-21,Pune,Maharashtra,India,Bronze
CUST4666,Kabir Trivedi,kabir.trivedi904@example.com,Female,40,2019-08-20,Bhopal,Madhya Pradesh,India,Bronze
CUST4667,Liam Trivedi,liam.trivedi882@example.com,Female,43,2023-10-01,Chennai,Tamil Nadu,India,Bronze
CUST4668,Mia Das,mia.das795@example.com,Male,54,2023-03-30,Coimbatore,Tamil Nadu,India,Silver
CUST4669,Vivaan Nath,vivaan.nath9@example.com,Female,48,2020-08-29,Thiruvananthapuram,Kerala,India,Bronze
CUST4670,Aria Nath,aria.nath627@example.com,Female,64,2025-04-30,Ahmedabad,Gujarat,India,Silver
CUST4671,Rahul Bose,rahul.bose701@example.com,Female,60,2020-10-31,Ahmedabad,Gujarat,India,Bronze
CUST4672,Isabella Kumar,isabella.kumar463@example.com,Male,28,2022-10-12,Kolkata,West Bengal,India,Bronze
CUST4673,Mia Mehta,mia.mehta292@example.com,Female,37,2023-01-26,Visakhapatnam,Andhra Pradesh,India,Platinum
CUST4674,Arjun Joshi,arjun.joshi32@example.com,Female,64,2020-11-27,Jaipur,Rajasthan,India,Bronze
CUST4675,Liam Kapoor,liam.kapoor215@example.com,Female,51,2021-09-11,Vijayawada,Andhra Pradesh,India,Silver
CUST4676,Aditi Saxena,aditi.saxena721@example.com,Female,45,2022-01-30,Bhopal,Madhya Pradesh,India,Gold
CUST4677,Aditi Kapoor,aditi.kapoor775@example.com,Male,61,2023-07-29,Surat,Gujarat,India,Bronze
CUST4678,Lucas Trivedi,lucas.trivedi74@example.com,Male,51,2021-06-21,Pune,Maharashtra,India,Platinum
CUST4679,Noah Kumar,noah.kumar501@example.com,Female,62,2020-05-12,Mumbai,Maharashtra,India,Platinum
CUST4680,Liam Patel,liam.patel826@example.com,Female,47,2023-03-23,Coimbatore,Tamil Nadu,India,Bronze
CUST4681,Amelia Nair,amelia.nair324@example.com,Female,59,2025-01-09,Bengaluru,Karnataka,India,Bronze
CUST4682,Maya Nair,maya.nair398@example.com,Female,27,2020-02-21,Pune,Maharashtra,India,Silver
CUST4683,Rohan Mehta,rohan.mehta290@example.com,Male,30,2022-08-02,Vijayawada,Andhra Pradesh,India,Bronze
CUST4684,Rahul Singh,rahul.singh977@example.com,Female,61,2018-06-27,Hyderabad,Telangana,India,Bronze
CUST4685,Mia Singh,mia.singh953@example.com,Female,69,2022-05-28,Surat,Gujarat,India,Bronze
CUST4686,Aditi Iyer,aditi.iyer322@example.com,Female,63,2021-09-17,Chennai,Tamil Nadu,India,Bronze
CUST4687,Aditi Singh,aditi.singh269@example.com,Female,21,2020-02-11,Kolkata,West Bengal,India,Platinum
CUST4688,Diya Das,diya.das494@example.com,Female,36,2022-10-03,Vadodara,Gujarat,India,Bronze
CUST4689,Vivaan Nath,vivaan.nath249@example.com,Female,38,2022-02-16,Visakhapatnam,Andhra Pradesh,India,Silver
CUST4690,Vivaan Singh,vivaan.singh38@example.com,Male,25,2023-04-11,Lucknow,Uttar Pradesh,India,Bronze
CUST4691,Neha Dasgupta,neha.dasgupta272@example.com,Female,68,2022-01-16,Vijayawada,Andhra Pradesh,India,Bronze
CUST4692,Kabir Joshi,kabir.joshi114@example.com,Female,24,2024-03-06,Vijayawada,Andhra Pradesh,India,Bronze
CUST4693,Noah Saxena,noah.saxena96@example.com,Female,27,2023-05-11,Bengaluru,Karnataka,India,Silver
CUST4694,Rahul Sharma,rahul.sharma449@example.com,Female,24,2019-09-23,Hyderabad,Telangana,India,Gold
CUST4695,Amelia Trivedi,amelia.trivedi665@example.com,Male,63,2025-02-02,Bengaluru,Karnataka,India,Bronze
CUST4696,Riya Dasgupta,riya.dasgupta430@example.com,Female,40,2020-10-14,Bengaluru,Karnataka,India,Gold
CUST4697,Karthik Verma,karthik.verma332@example.com,Female,39,2024-07-06,Surat,Gujarat,India,Bronze
CUST4698,Neha Nair,neha.nair723@example.com,Male,18,2023-08-09,Thiruvananthapuram,Kerala,India,Bronze
CUST4699,Maya Saxena,maya.saxena822@example.com,Female,68,2020-06-05,Jaipur,Rajasthan,India,Silver
CUST4700,Kabir Chopra,kabir.chopra879@example.com,Other,54,2024-09-26,Mumbai,Maharashtra,India,Bronze
CUST4701,Ethan Chopra,ethan.chopra37@example.com,Male,29,2025-10-14,Jaipur,Rajasthan,India,Bronze
CUST4702,Priya Singh,priya.singh971@example.com,Female,54,2018-03-13,Hyderabad,Telangana,India,Gold
CUST4703,Ananya Singh,ananya.singh64@example.com,Female,41,2021-10-13,Bengaluru,Karnataka,India,Bronze
CUST4704,Aditi Saxena,aditi.saxena39@example.com,Male,47,2018-04-08,Delhi,Delhi,India,Platinum
CUST4705,Noah Patel,noah.patel177@example.com,Male,31,2024-07-20,Pune,Maharashtra,India,Bronze
CUST4706,Aria Kumar,aria.kumar469@example.com,Male,48,2019-11-02,Chennai,Tamil Nadu,India,Bronze
CUST4707,Emma Reddy,emma.reddy565@example.com,Female,61,2020-08-31,Jaipur,Rajasthan,India,Bronze
CUST4708,Liam Reddy,liam.reddy759@example.com,Female,54,2022-03-28,Vadodara,Gujarat,India,Bronze
CUST4709,Aarav Mehta,aarav.mehta230@example.com,Male,23,2019-10-16,Hyderabad,Telangana,India,Gold
CUST4710,Vivaan Kumar,vivaan.kumar920@example.com,Female,27,2023-09-24,Jaipur,Rajasthan,India,Silver
CUST4711,Aditi Das,aditi.das187@example.com,Male,21,2021-07-16,Ahmedabad,Gujarat,India,Silver
CUST4712,Rahul Khan,rahul.khan753@example.com,Female,46,2019-11-14,Patna,Bihar,India,Gold
CUST4713,Vivaan Joshi,vivaan.joshi199@example.com,Male,62,2025-05-28,Bhopal,Madhya Pradesh,India,Silver
CUST4714,Emma Sharma,emma.sharma984@example.com,Male,28,2022-09-23,Vijayawada,Andhra Pradesh,India,Bronze
CUST4715,Chloe Dasgupta,chloe.dasgupta265@example.com,Male,44,2022-02-06,Bhopal,Madhya Pradesh,India,Bronze
CUST4716,Sai Das,sai.das503@example.com,Male,54,2022-09-04,Bengaluru,Karnataka,India,Silver
CUST4717,Chloe Das,chloe.das451@example.com,Male,58,2020-11-18,Surat,Gujarat,India,Bronze
CUST4718,Aditi Nair,aditi.nair464@example.com,Female,62,2020-10-23,Thiruvananthapuram,Kerala,India,Bronze
CUST4719,Chloe Trivedi,chloe.trivedi268@example.com,Male,18,2025-10-25,Vadodara,Gujarat,India,Bronze
CUST4720,Rahul Khan,rahul.khan480@example.com,Male,21,2022-11-13,Delhi,Delhi,India,Bronze
CUST4721,Aria Kapoor,aria.kapoor513@example.com,Female,27,2024-02-14,Ahmedabad,Gujarat,India,Bronze
CUST4722,Rohan Kumar,rohan.kumar815@example.com,Female,50,2019-08-24,Coimbatore,Tamil Nadu,India,Silver
CUST4723,Aditya Joshi,aditya.joshi264@example.com,Male,19,2018-01-06,Surat,Gujarat,India,Bronze
CUST4724,Kabir Reddy,kabir.reddy661@example.com,Female,45,2018-05-17,Surat,Gujarat,India,Bronze
CUST4725,Olivia Joshi,olivia.joshi556@example.com,Female,68,2020-04-04,Delhi,Delhi,India,Silver
CUST4726,Liam Joshi,liam.joshi388@example.com,Male,48,2024-06-22,Visakhapatnam,Andhra Pradesh,India,Silver
CUST4727,Sai Bose,sai.bose597@example.com,Female,25,2019-12-15,Lucknow,Uttar Pradesh,India,Bronze
CUST4728,Noah Verma,noah.verma244@example.com,Other,61,2025-09-09,Lucknow,Uttar Pradesh,India,Bronze
CUST4729,Priya Sharma,priya.sharma87@example.com,Female,23,2024-12-01,Patna,Bihar,India,Silver
CUST4730,Maya Sharma,maya.sharma535@example.com,Male,62,2019-05-01,Thiruvananthapuram,Kerala,India,Bronze
CUST4731,Rohan Joshi,rohan.joshi498@example.com,Female,24,2022-02-12,Hyderabad,Telangana,India,Bronze
CUST4732,Aditi Patel,aditi.patel742@example.com,Female,48,2021-03-14,Mumbai,Maharashtra,India,Bronze
CUST4733,Diya Chopra,diya.chopra999@example.com,Female,41,2022-12-19,Vadodara,Gujarat,India,Bronze
CUST4734,Olivia Singh,olivia.singh664@example.com,Female,44,2018-12-07,Mumbai,Maharashtra,India,Bronze
CUST4735,Aditya Reddy,aditya.reddy36@example.com,Female,54,2018-01-03,Mumbai,Maharashtra,India,Silver
CUST4736,Vivaan Patel,vivaan.patel509@example.com,Female,41,2018-04-26,Hyderabad,Telangana,India,Bronze
CUST4737,Vivaan Singh,vivaan.singh357@example.com,Female,54,2023-04-24,Hyderabad,Telangana,India,Silver
CUST4738,Amelia Iyer,amelia.iyer721@example.com,Female,29,2018-05-15,Delhi,Delhi,India,Bronze
CUST4739,Noah Gupta,noah.gupta635@example.com,Female,48,2022-02-01,Vadodara,Gujarat,India,Silver
CUST4740,Kabir Das,kabir.das664@example.com,Male,62,2025-05-02,Surat,Gujarat,India,Silver
CUST4741,Isabella Saxena,isabella.saxena433@example.com,Male,65,2023-01-23,Ahmedabad,Gujarat,India,Bronze
CUST4742,Mia Gupta,mia.gupta355@example.com,Male,60,2025-08-09,Vadodara,Gujarat,India,Silver
CUST4743,Isha Gupta,isha.gupta58@example.com,Male,43,2021-03-10,Chennai,Tamil Nadu,India,Bronze
CUST4744,Emma Nair,emma.nair452@example.com,Male,68,2025-08-17,Visakhapatnam,Andhra Pradesh,India,Bronze
CUST4745,Chloe Nair,chloe.nair245@example.com,Male,67,2024-11-14,Jaipur,Rajasthan,India,Gold
CUST4746,Lucas Chopra,lucas.chopra816@example.com,Female,65,2024-06-06,Vadodara,Gujarat,India,Bronze
CUST4747,Maya Patel,maya.patel762@example.com,Female,42,2018-01-20,Bhopal,Madhya Pradesh,India,Bronze
CUST4748,Kabir Reddy,kabir.reddy828@example.com,Female,37,2024-09-18,Mumbai,Maharashtra,India,Silver
CUST4749,Rohan Dasgupta,rohan.dasgupta631@example.com,Female,51,2023-09-17,Delhi,Delhi,India,Bronze
CUST4750,Sophia Saxena,sophia.saxena36@example.com,Female,31,2021-10-14,Bhopal,Madhya Pradesh,India,Bronze
CUST4751,Riya Kumar,riya.kumar691@example.com,Male,34,2020-12-23,Surat,Gujarat,India,Bronze
CUST4752,Aria Nath,aria.nath572@example.com,Male,29,2020-11-24,Visakhapatnam,Andhra Pradesh,India,Silver
CUST4753,Rahul Singh,rahul.singh998@example.com,Male,55,2019-03-24,Chennai,Tamil Nadu,India,Gold
CUST4754,Aditya Kumar,aditya.kumar933@example.com,Female,41,2025-10-09,Delhi,Delhi,India,Platinum
CUST4755,Isha Chopra,isha.chopra694@example.com,Male,50,2024-11-02,Patna,Bihar,India,Silver
CUST4756,Emma Mehta,emma.mehta611@example.com,Male,28,2018-11-09,Jaipur,Rajasthan,India,Bronze
CUST4757,Sophia Chopra,sophia.chopra121@example.com,Female,31,2018-08-03,Indore,Madhya Pradesh,India,Silver
CUST4758,Saanvi Das,saanvi.das710@example.com,Female,52,2018-02-04,Mumbai,Maharashtra,India,Gold
CUST4759,Sai Chopra,sai.chopra272@example.com,Male,57,2023-07-22,Kolkata,West Bengal,India,Bronze
CUST4760,Isabella Mehta,isabella.mehta304@example.com,Female,28,2024-06-10,Bhopal,Madhya Pradesh,India,Gold
CUST4761,Amelia Khan,amelia.khan944@example.com,Female,24,2024-11-02,Kolkata,West Bengal,India,Platinum
CUST4762,Isabella Dasgupta,isabella.dasgupta482@example.com,Other,34,2024-10-29,Patna,Bihar,India,Bronze
CUST4763,Riya Joshi,riya.joshi6@example.com,Male,55,2020-10-12,Indore,Madhya Pradesh,India,Platinum
CUST4764,Kabir Trivedi,kabir.trivedi941@example.com,Male,48,2020-01-09,Delhi,Delhi,India,Bronze
CUST4765,Aditya Bose,aditya.bose188@example.com,Female,52,2018-07-14,Lucknow,Uttar Pradesh,India,Bronze
CUST4766,Sai Saxena,sai.saxena853@example.com,Female,45,2023-01-01,Nagpur,Maharashtra,India,Silver
CUST4767,Rohan Kapoor,rohan.kapoor665@example.com,Female,55,2024-01-29,Bhopal,Madhya Pradesh,India,Bronze
CUST4768,Kabir Mehta,kabir.mehta301@example.com,Male,50,2020-11-22,Indore,Madhya Pradesh,India,Silver
CUST4769,Aditya Iyer,aditya.iyer285@example.com,Male,57,2019-07-12,Vijayawada,Andhra Pradesh,India,Platinum
CUST4770,Saanvi Chopra,saanvi.chopra912@example.com,Female,62,2021-09-06,Vadodara,Gujarat,India,Bronze
CUST4771,Olivia Bose,olivia.bose341@example.com,Female,22,2025-10-31,Vijayawada,Andhra Pradesh,India,Bronze
CUST4772,Priya Iyer,priya.iyer529@example.com,Female,25,2019-09-20,Lucknow,Uttar Pradesh,India,Silver
CUST4773,Rohan Dasgupta,rohan.dasgupta807@example.com,Male,56,2020-09-19,Nagpur,Maharashtra,India,Silver
CUST4774,Noah Verma,noah.verma417@example.com,Male,22,2022-01-15,Nagpur,Maharashtra,India,Bronze
CUST4775,Priya Singh,priya.singh723@example.com,Male,33,2018-09-12,Indore,Madhya Pradesh,India,Bronze
CUST4776,Neha Mehta,neha.mehta629@example.com,Male,19,2021-07-18,Jaipur,Rajasthan,India,Bronze
CUST4777,Vivaan Singh,vivaan.singh724@example.com,Male,58,2021-05-11,Jaipur,Rajasthan,India,Bronze
CUST4778,Saanvi Bose,saanvi.bose984@example.com,Female,69,2025-04-18,Thiruvananthapuram,Kerala,India,Bronze
CUST4779,Neha Gupta,neha.gupta292@example.com,Male,40,2022-09-10,Pune,Maharashtra,India,Gold
CUST4780,Lucas Patel,lucas.patel134@example.com,Female,31,2024-02-05,Bengaluru,Karnataka,India,Bronze
CUST4781,Isabella Gupta,isabella.gupta571@example.com,Female,52,2018-07-14,Coimbatore,Tamil Nadu,India,Bronze
CUST4782,Rahul Dasgupta,rahul.dasgupta356@example.com,Female,50,2021-09-19,Bhopal,Madhya Pradesh,India,Bronze
CUST4783,Diya Verma,diya.verma444@example.com,Male,36,2018-11-24,Bhopal,Madhya Pradesh,India,Gold
CUST4784,Ananya Trivedi,ananya.trivedi697@example.com,Female,39,2019-07-26,Delhi,Delhi,India,Gold
CUST4785,Amelia Kapoor,amelia.kapoor722@example.com,Female,45,2024-07-20,Mumbai,Maharashtra,India,Gold
CUST4786,Rahul Saxena,rahul.saxena280@example.com,Male,63,2024-10-17,Bhopal,Madhya Pradesh,India,Silver
CUST4787,Ananya Trivedi,ananya.trivedi514@example.com,Female,62,2023-12-22,Ahmedabad,Gujarat,India,Bronze
CUST4788,Vivaan Mehta,vivaan.mehta158@example.com,Male,23,2025-07-06,Jaipur,Rajasthan,India,Silver
CUST4789,Ananya Saxena,ananya.saxena554@example.com,Female,47,2019-01-09,Hyderabad,Telangana,India,Bronze
CUST4790,Ananya Sharma,ananya.sharma213@example.com,Female,42,2023-11-13,Nagpur,Maharashtra,India,Platinum
CUST4791,Sai Bose,sai.bose952@example.com,Female,48,2024-02-11,Coimbatore,Tamil Nadu,India,Bronze
CUST4792,Maya Mehta,maya.mehta191@example.com,Male,51,2023-03-11,Coimbatore,Tamil Nadu,India,Platinum
CUST4793,Emma Iyer,emma.iyer154@example.com,Male,48,2023-01-13,Patna,Bihar,India,Bronze
CUST4794,Isha Bose,isha.bose994@example.com,Male,65,2018-01-30,Nagpur,Maharashtra,India,Bronze
CUST4795,Maya Iyer,maya.iyer844@example.com,Male,58,2025-02-06,Visakhapatnam,Andhra Pradesh,India,Silver
CUST4796,Mia Verma,mia.verma492@example.com,Male,45,2019-12-12,Pune,Maharashtra,India,Platinum
CUST4797,Sai Bose,sai.bose512@example.com,Female,67,2018-05-30,Mumbai,Maharashtra,India,Bronze
CUST4798,Saanvi Mehta,saanvi.mehta544@example.com,Male,55,2023-04-09,Pune,Maharashtra,India,Bronze
CUST4799,Sai Bose,sai.bose226@example.com,Female,60,2019-06-03,Hyderabad,Telangana,India,Bronze
CUST4800,Ethan Bose,ethan.bose1371@example.com,Male,28,2020-11-08,Mumbai,Maharashtra,India,Silver
CUST4801,Sai Mehta,sai.mehta351@example.com,Male,44,2023-11-05,Vadodara,Gujarat,India,Silver
CUST4802,Olivia Iyer,olivia.iyer593@example.com,Female,47,2025-04-13,Mumbai,Maharashtra,India,Bronze
CUST4803,Arjun Chopra,arjun.chopra489@example.com,Other,52,2018-10-11,Visakhapatnam,Andhra Pradesh,India,Silver
CUST4804,Neha Dasgupta,neha.dasgupta410@example.com,Female,47,2020-08-11,Bhopal,Madhya Pradesh,India,Bronze
CUST4805,Lucas Mehta,lucas.mehta390@example.com,Female,37,2021-02-14,Bhopal,Madhya Pradesh,India,Silver
CUST4806,Chloe Das,chloe.das765@example.com,Female,49,2020-07-23,Pune,Maharashtra,India,Bronze
CUST4807,Ananya Saxena,ananya.saxena869@example.com,Male,62,2019-10-30,Ahmedabad,Gujarat,India,Bronze
CUST4808,Rahul Verma,rahul.verma548@example.com,Male,62,2022-11-28,Bengaluru,Karnataka,India,Bronze
CUST4809,Isabella Chopra,isabella.chopra913@example.com,Male,61,2024-11-23,Lucknow,Uttar Pradesh,India,Gold
CUST4810,Sophia Nath,sophia.nath694@example.com,Female,28,2022-09-24,Lucknow,Uttar Pradesh,India,Bronze
CUST4811,Neha Sharma,neha.sharma652@example.com,Female,38,2020-04-25,Mumbai,Maharashtra,India,Bronze
CUST4812,Olivia Kumar,olivia.kumar231@example.com,Female,33,2024-06-16,Bhopal,Madhya Pradesh,India,Bronze
CUST4813,Arjun Iyer,arjun.iyer739@example.com,Female,49,2019-01-09,Coimbatore,Tamil Nadu,India,Bronze
CUST4814,Diya Iyer,diya.iyer365@example.com,Male,57,2018-08-07,Surat,Gujarat,India,Gold
CUST4815,Maya Reddy,maya.reddy40@example.com,Female,19,2019-04-25,Visakhapatnam,Andhra Pradesh,India,Silver
CUST4816,Saanvi Bose,saanvi.bose287@example.com,Female,30,2021-08-28,Coimbatore,Tamil Nadu,India,Bronze
CUST4817,Sai Bose,sai.bose503@example.com,Male,67,2023-03-03,Delhi,Delhi,India,Platinum
CUST4818,Amelia Joshi,amelia.joshi375@example.com,Female,60,2024-12-18,Visakhapatnam,Andhra Pradesh,India,Bronze
CUST4819,Amelia Nath,amelia.nath684@example.com,Female,40,2023-07-20,Surat,Gujarat,India,Bronze
CUST4820,Aria Nath,aria.nath380@example.com,Other,19,2021-11-04,Surat,Gujarat,India,Gold
CUST4821,Diya Joshi,diya.joshi138@example.com,Female,58,2018-12-06,Indore,Madhya Pradesh,India,Bronze
CUST4822,Rohan Verma,rohan.verma897@example.com,Female,36,2018-11-01,Patna,Bihar,India,Bronze
CUST4823,Karthik Gupta,karthik.gupta707@example.com,Male,65,2025-06-07,Visakhapatnam,Andhra Pradesh,India,Bronze
CUST4824,Amelia Kumar,amelia.kumar966@example.com,Male,60,2023-12-10,Bhopal,Madhya Pradesh,India,Bronze
CUST4825,Mia Reddy,mia.reddy404@example.com,Female,24,2018-10-02,Vadodara,Gujarat,India,Silver
CUST4826,Ananya Reddy,ananya.reddy307@example.com,Female,41,2023-07-06,Ahmedabad,Gujarat,India,Silver
CUST4827,Rahul Singh,rahul.singh62@example.com,Female,20,2025-06-16,Kolkata,West Bengal,India,Bronze
CUST4828,Priya Saxena,priya.saxena903@example.com,Male,30,2018-04-16,Bhopal,Madhya Pradesh,India,Silver
CUST4829,Maya Singh,maya.singh308@example.com,Female,30,2022-01-24,Jaipur,Rajasthan,India,Bronze
CUST4830,Amelia Reddy,amelia.reddy805@example.com,Male,36,2021-03-16,Bengaluru,Karnataka,India,Silver
CUST4831,Ananya Nath,ananya.nath206@example.com,Other,45,2020-08-14,Ahmedabad,Gujarat,India,Silver
CUST4832,Lucas Sharma,lucas.sharma590@example.com,Male,29,2018-12-29,Patna,Bihar,India,Gold
CUST4833,Karthik Gupta,karthik.gupta363@example.com,Male,38,2024-07-15,Vijayawada,Andhra Pradesh,India,Bronze
CUST4834,Aarav Dasgupta,aarav.dasgupta948@example.com,Female,56,2020-11-01,Delhi,Delhi,India,Bronze
CUST4835,Amelia Iyer,amelia.iyer926@example.com,Male,37,2022-07-24,Bengaluru,Karnataka,India,Bronze
CUST4836,Chloe Saxena,chloe.saxena90@example.com,Female,68,2019-04-12,Pune,Maharashtra,India,Silver
CUST4837,Emma Iyer,emma.iyer269@example.com,Female,63,2022-02-11,Thiruvananthapuram,Kerala,India,Bronze
CUST4838,Saanvi Saxena,saanvi.saxena786@example.com,Female,45,2025-10-05,Hyderabad,Telangana,India,Gold
CUST4839,Neha Trivedi,neha.trivedi426@example.com,Male,49,2020-09-06,Ahmedabad,Gujarat,India,Silver
CUST4840,Arjun Patel,arjun.patel155@example.com,Male,28,2024-12-11,Delhi,Delhi,India,Gold
CUST4841,Olivia Nair,olivia.nair515@example.com,Male,32,2018-06-11,Delhi,Delhi,India,Bronze
CUST4842,Isabella Dasgupta,isabella.dasgupta574@example.com,Male,57,2023-11-24,Vadodara,Gujarat,India,Bronze
CUST4843,Maya Kapoor,maya.kapoor729@example.com,Male,42,2025-08-06,Nagpur,Maharashtra,India,Bronze
CUST4844,Karthik Gupta,karthik.gupta193@example.com,Male,54,2019-03-18,Vijayawada,Andhra Pradesh,India,Gold
CUST4845,Vivaan Kapoor,vivaan.kapoor158@example.com,Male,31,2020-02-27,Surat,Gujarat,India,Bronze
CUST4846,Maya Nair,maya.nair97@example.com,Male,27,2020-08-14,Nagpur,Maharashtra,India,Gold
CUST4847,Liam Joshi,liam.joshi501@example.com,Male,37,2025-10-20,Delhi,Delhi,India,Gold
CUST4848,Aditya Sharma,aditya.sharma879@example.com,Female,62,2024-02-23,Vijayawada,Andhra Pradesh,India,Bronze
CUST4849,Arjun Kapoor,arjun.kapoor813@example.com,Female,36,2018-05-27,Surat,Gujarat,India,Silver
CUST4850,Aarav Patel,aarav.patel245@example.com,Female,68,2019-10-13,Bengaluru,Karnataka,India,Silver
CUST4851,Diya Das,diya.das976@example.com,Female,55,2022-02-15,Nagpur,Maharashtra,India,Bronze
CUST4852,Kabir Reddy,kabir.reddy263@example.com,Female,48,2022-05-20,Visakhapatnam,Andhra Pradesh,India,Bronze
CUST4853,Olivia Khan,olivia.khan465@example.com,Male,63,2019-09-21,Visakhapatnam,Andhra Pradesh,India,Silver
CUST4854,Liam Bose,liam.bose156@example.com,Male,70,2022-03-26,Pune,Maharashtra,India,Bronze
CUST4855,Aarav Nair,aarav.nair679@example.com,Female,59,2023-08-26,Delhi,Delhi,India,Bronze
CUST4856,Isabella Kumar,isabella.kumar324@example.com,Female,62,2022-12-06,Bengaluru,Karnataka,India,Platinum
CUST4857,Mia Nath,mia.nath627@example.com,Male,67,2020-04-22,Mumbai,Maharashtra,India,Bronze
CUST4858,Isabella Bose,isabella.bose24@example.com,Male,56,2024-10-24,Lucknow,Uttar Pradesh,India,Bronze
CUST4859,Aria Joshi,aria.joshi407@example.com,Female,33,2019-07-15,Jaipur,Rajasthan,India,Bronze
CUST4860,Aditi Kumar,aditi.kumar30@example.com,Female,65,2025-08-22,Surat,Gujarat,India,Bronze
CUST4861,Aarav Sharma,aarav.sharma594@example.com,Female,22,2021-01-28,Mumbai,Maharashtra,India,Bronze
CUST4862,Saanvi Iyer,saanvi.iyer187@example.com,Male,31,2018-05-06,Coimbatore,Tamil Nadu,India,Bronze
CUST4863,Maya Khan,maya.khan301@example.com,Male,62,2024-01-28,Bhopal,Madhya Pradesh,India,Bronze
CUST4864,Aria Gupta,aria.gupta250@example.com,Male,56,2018-01-22,Vijayawada,Andhra Pradesh,India,Bronze
CUST4865,Sai Kapoor,sai.kapoor872@example.com,Female,52,2025-10-07,Kolkata,West Bengal,India,Silver
CUST4866,Maya Mehta,maya.mehta761@example.com,Male,38,2019-04-07,Pune,Maharashtra,India,Silver
CUST4867,Arjun Nath,arjun.nath978@example.com,Male,19,2020-05-29,Ahmedabad,Gujarat,India,Bronze
CUST4868,Ananya Iyer,ananya.iyer439@example.com,Female,53,2020-04-24,Patna,Bihar,India,Silver
CUST4869,Saanvi Joshi,saanvi.joshi900@example.com,Female,58,2020-02-28,Kolkata,West Bengal,India,Platinum
CUST4870,Maya Sharma,maya.sharma34@example.com,Male,33,2022-08-12,Lucknow,Uttar Pradesh,India,Bronze
CUST4871,Rohan Dasgupta,rohan.dasgupta424@example.com,Male,69,2021-01-25,Bhopal,Madhya Pradesh,India,Bronze
CUST4872,Kabir Das,kabir.das101@example.com,Male,49,2018-12-28,Kolkata,West Bengal,India,Bronze
CUST4873,Diya Patel,diya.patel469@example.com,Male,28,2024-06-13,Indore,Madhya Pradesh,India,Bronze
CUST4874,Vivaan Patel,vivaan.patel267@example.com,Male,37,2018-01-20,Bhopal,Madhya Pradesh,India,Bronze
CUST4875,Emma Das,emma.das260@example.com,Female,41,2022-12-05,Hyderabad,Telangana,India,Bronze
CUST4876,Olivia Dasgupta,olivia.dasgupta729@example.com,Male,42,2018-10-08,Delhi,Delhi,India,Bronze
CUST4877,Priya Patel,priya.patel105@example.com,Male,19,2020-03-23,Coimbatore,Tamil Nadu,India,Bronze
CUST4878,Rohan Saxena,rohan.saxena171@example.com,Male,65,2018-04-01,Surat,Gujarat,India,Bronze
CUST4879,Olivia Das,olivia.das389@example.com,Other,34,2019-12-20,Coimbatore,Tamil Nadu,India,Bronze
CUST4880,Diya Joshi,diya.joshi519@example.com,Female,67,2020-08-06,Thiruvananthapuram,Kerala,India,Bronze
CUST4881,Isha Sharma,isha.sharma204@example.com,Male,69,2025-08-03,Lucknow,Uttar Pradesh,India,Silver
CUST4882,Rahul Das,rahul.das347@example.com,Female,40,2025-07-26,Nagpur,Maharashtra,India,Silver
CUST4883,Aarav Sharma,aarav.sharma237@example.com,Other,23,2019-01-15,Vadodara,Gujarat,India,Platinum
CUST4884,Liam Singh,liam.singh156@example.com,Female,27,2020-06-22,Bhopal,Madhya Pradesh,India,Bronze
CUST4885,Sophia Khan,sophia.khan929@example.com,Male,26,2025-09-29,Chennai,Tamil Nadu,India,Silver
CUST4886,Emma Bose,emma.bose762@example.com,Female,31,2022-05-19,Bhopal,Madhya Pradesh,India,Bronze
CUST4887,Karthik Kumar,karthik.kumar965@example.com,Female,61,2025-01-28,Indore,Madhya Pradesh,India,Bronze
CUST4888,Lucas Nath,lucas.nath199@example.com,Male,67,2024-10-12,Vijayawada,Andhra Pradesh,India,Bronze
CUST4889,Noah Verma,noah.verma34@example.com,Female,22,2020-02-14,Nagpur,Maharashtra,India,Silver
CUST4890,Lucas Das,lucas.das877@example.com,Female,67,2018-03-20,Jaipur,Rajasthan,India,Bronze
CUST4891,Rohan Das,rohan.das576@example.com,Male,65,2023-04-25,Indore,Madhya Pradesh,India,Bronze
CUST4892,Olivia Chopra,olivia.chopra177@example.com,Female,54,2021-09-16,Vijayawada,Andhra Pradesh,India,Bronze
CUST4893,Olivia Patel,olivia.patel313@example.com,Female,56,2021-12-26,Lucknow,Uttar Pradesh,India,Bronze
CUST4894,Emma Joshi,emma.joshi439@example.com,Female,36,2019-07-21,Delhi,Delhi,India,Platinum
CUST4895,Mia Khan,mia.khan863@example.com,Female,40,2022-11-18,Kolkata,West Bengal,India,Bronze
CUST4896,Ananya Kapoor,ananya.kapoor8@example.com,Other,25,2022-08-27,Delhi,Delhi,India,Silver
CUST4897,Aditi Nair,aditi.nair278@example.com,Male,55,2025-06-05,Ahmedabad,Gujarat,India,Silver
CUST4898,Rahul Nath,rahul.nath189@example.com,Male,61,2019-04-27,Nagpur,Maharashtra,India,Silver
CUST4899,Maya Iyer,maya.iyer3659@example.com,Male,64,2023-10-08,Vadodara,Gujarat,India,Bronze
CUST4900,Aditya Kumar,aditya.kumar55@example.com,Male,18,2023-03-21,Patna,Bihar,India,Platinum
CUST4901,Arjun Singh,arjun.singh700@example.com,Female,36,2025-02-19,Surat,Gujarat,India,Bronze
CUST4902,Aditya Iyer,aditya.iyer42@example.com,Female,67,2024-05-08,Ahmedabad,Gujarat,India,Bronze
CUST4903,Aditya Dasgupta,aditya.dasgupta178@example.com,Female,58,2020-10-01,Surat,Gujarat,India,Silver
CUST4904,Mia Singh,mia.singh807@example.com,Other,70,2024-01-29,Pune,Maharashtra,India,Silver
CUST4905,Kabir Gupta,kabir.gupta691@example.com,Female,48,2022-01-11,Coimbatore,Tamil Nadu,India,Silver
CUST4906,Sophia Trivedi,sophia.trivedi128@example.com,Female,21,2019-07-22,Nagpur,Maharashtra,India,Gold
CUST4907,Priya Das,priya.das653@example.com,Male,63,2023-04-19,Chennai,Tamil Nadu,India,Silver
CUST4908,Rahul Kapoor,rahul.kapoor574@example.com,Male,64,2018-09-23,Bhopal,Madhya Pradesh,India,Gold
CUST4909,Aditi Kumar,aditi.kumar692@example.com,Female,68,2024-09-01,Lucknow,Uttar Pradesh,India,Bronze
CUST4910,Emma Sharma,emma.sharma500@example.com,Female,25,2019-04-21,Nagpur,Maharashtra,India,Bronze
CUST4911,Riya Joshi,riya.joshi264@example.com,Male,63,2025-04-14,Delhi,Delhi,India,Platinum
CUST4912,Sophia Kapoor,sophia.kapoor247@example.com,Male,54,2023-02-17,Visakhapatnam,Andhra Pradesh,India,Silver
CUST4913,Ananya Dasgupta,ananya.dasgupta895@example.com,Female,31,2025-07-09,Bhopal,Madhya Pradesh,India,Gold
CUST4914,Isabella Mehta,isabella.mehta994@example.com,Female,33,2023-07-29,Thiruvananthapuram,Kerala,India,Platinum
CUST4915,Maya Khan,maya.khan470@example.com,Male,48,2024-04-14,Patna,Bihar,India,Gold
CUST4916,Liam Singh,liam.singh349@example.com,Male,39,2019-01-24,Hyderabad,Telangana,India,Bronze
CUST4917,Liam Trivedi,liam.trivedi849@example.com,Male,28,2019-11-11,Coimbatore,Tamil Nadu,India,Bronze
CUST4918,Sophia Kumar,sophia.kumar630@example.com,Male,43,2022-08-15,Bengaluru,Karnataka,India,Bronze
CUST4919,Neha Verma,neha.verma933@example.com,Female,31,2024-02-28,Pune,Maharashtra,India,Silver
CUST4920,Liam Verma,liam.verma471@example.com,Male,37,2022-07-07,Bhopal,Madhya Pradesh,India,Bronze
CUST4921,Arjun Sharma,arjun.sharma850@example.com,Male,61,2023-04-19,Bengaluru,Karnataka,India,Silver
CUST4922,Emma Nath,emma.nath864@example.com,Other,46,2018-07-11,Jaipur,Rajasthan,India,Bronze
CUST4923,Mia Kumar,mia.kumar541@example.com,Female,66,2022-09-04,Nagpur,Maharashtra,India,Silver
CUST4924,Sophia Iyer,sophia.iyer169@example.com,Male,69,2018-05-24,Vijayawada,Andhra Pradesh,India,Platinum
CUST4925,Chloe Kapoor,chloe.kapoor241@example.com,Male,35,2024-08-29,Kolkata,West Bengal,India,Silver
CUST4926,Olivia Chopra,olivia.chopra504@example.com,Female,52,2022-12-09,Nagpur,Maharashtra,India,Gold
CUST4927,Ananya Saxena,ananya.saxena420@example.com,Male,48,2021-03-19,Lucknow,Uttar Pradesh,India,Silver
CUST4928,Priya Mehta,priya.mehta453@example.com,Male,48,2022-06-07,Visakhapatnam,Andhra Pradesh,India,Silver
CUST4929,Aditya Saxena,aditya.saxena523@example.com,Male,24,2023-01-04,Vijayawada,Andhra Pradesh,India,Bronze
CUST4930,Kabir Nath,kabir.nath359@example.com,Male,69,2018-06-15,Pune,Maharashtra,India,Bronze
CUST4931,Mia Singh,mia.singh773@example.com,Male,29,2022-11-27,Hyderabad,Telangana,India,Bronze
CUST4932,Diya Kumar,diya.kumar222@example.com,Male,65,2022-05-13,Lucknow,Uttar Pradesh,India,Bronze
CUST4933,Amelia Verma,amelia.verma976@example.com,Male,33,2018-02-11,Vadodara,Gujarat,India,Gold
CUST4934,Mia Kumar,mia.kumar473@example.com,Female,70,2020-11-22,Mumbai,Maharashtra,India,Silver
CUST4935,Diya Mehta,diya.mehta89@example.com,Male,39,2019-08-24,Kolkata,West Bengal,India,Bronze
CUST4936,Priya Khan,priya.khan377@example.com,Male,39,2024-04-04,Pune,Maharashtra,India,Bronze
CUST4937,Liam Nath,liam.nath608@example.com,Other,21,2022-01-07,Pune,Maharashtra,India,Bronze
CUST4938,Amelia Chopra,amelia.chopra615@example.com,Female,30,2019-07-12,Thiruvananthapuram,Kerala,India,Bronze
CUST4939,Saanvi Das,saanvi.das133@example.com,Male,40,2025-10-26,Coimbatore,Tamil Nadu,India,Bronze
CUST4940,Mia Kapoor,mia.kapoor237@example.com,Male,68,2020-06-16,Thiruvananthapuram,Kerala,India,Silver
CUST4941,Ananya Mehta,ananya.mehta769@example.com,Female,24,2018-05-25,Jaipur,Rajasthan,India,Silver
CUST4942,Olivia Khan,olivia.khan845@example.com,Female,62,2018-08-06,Bengaluru,Karnataka,India,Bronze
CUST4943,Sophia Dasgupta,sophia.dasgupta146@example.com,Female,34,2018-05-20,Pune,Maharashtra,India,Silver
CUST4944,Aarav Das,aarav.das203@example.com,Male,66,2020-03-16,Chennai,Tamil Nadu,India,Silver
CUST4945,Maya Kapoor,maya.kapoor216@example.com,Female,41,2022-06-21,Delhi,Delhi,India,Bronze
CUST4946,Liam Khan,liam.khan913@example.com,Female,18,2021-01-08,Indore,Madhya Pradesh,India,Bronze
CUST4947,Arjun Nath,arjun.nath7089@example.com,Female,61,2025-08-07,Chennai,Tamil Nadu,India,Bronze
CUST4948,Neha Nath,neha.nath675@example.com,Male,19,2025-04-26,Coimbatore,Tamil Nadu,India,Bronze
CUST4949,Isabella Verma,isabella.verma315@example.com,Male,62,2019-08-14,Chennai,Tamil Nadu,India,Bronze
CUST4950,Noah Trivedi,noah.trivedi811@example.com,Male,57,2025-07-02,Hyderabad,Telangana,India,Bronze
CUST4951,Aarav Mehta,aarav.mehta212@example.com,Female,58,2023-01-19,Pune,Maharashtra,India,Silver
CUST4952,Aria Chopra,aria.chopra535@example.com,Female,57,2020-04-16,Lucknow,Uttar Pradesh,India,Silver
CUST4953,Sai Kapoor,sai.kapoor570@example.com,Male,69,2024-06-01,Mumbai,Maharashtra,India,Bronze
CUST4954,Aditi Saxena,aditi.saxena933@example.com,Female,61,2025-07-16,Bhopal,Madhya Pradesh,India,Gold
CUST4955,Noah Nair,noah.nair83@example.com,Female,19,2020-09-01,Hyderabad,Telangana,India,Bronze
CUST4956,Rohan Verma,rohan.verma776@example.com,Female,61,2022-09-19,Visakhapatnam,Andhra Pradesh,India,Silver
CUST4957,Mia Reddy,mia.reddy698@example.com,Female,19,2019-06-08,Surat,Gujarat,India,Bronze
CUST4958,Neha Chopra,neha.chopra898@example.com,Female,59,2023-11-17,Coimbatore,Tamil Nadu,India,Silver
CUST4959,Mia Kumar,mia.kumar413@example.com,Female,32,2021-05-04,Thiruvananthapuram,Kerala,India,Bronze
CUST4960,Aditya Dasgupta,aditya.dasgupta849@example.com,Female,61,2023-12-19,Nagpur,Maharashtra,India,Bronze
CUST4961,Maya Nath,maya.nath367@example.com,Female,23,2018-01-04,Jaipur,Rajasthan,India,Bronze
CUST4962,Ananya Dasgupta,ananya.dasgupta151@example.com,Female,42,2019-11-23,Kolkata,West Bengal,India,Bronze
CUST4963,Karthik Nath,karthik.nath778@example.com,Male,61,2022-12-15,Ahmedabad,Gujarat,India,Bronze
CUST4964,Noah Chopra,noah.chopra234@example.com,Female,34,2024-11-24,Surat,Gujarat,India,Gold
CUST4965,Riya Sharma,riya.sharma206@example.com,Female,40,2021-08-05,Ahmedabad,Gujarat,India,Bronze
CUST4966,Neha Verma,neha.verma204@example.com,Male,21,2023-10-05,Thiruvananthapuram,Kerala,India,Bronze
CUST4967,Vivaan Singh,vivaan.singh757@example.com,Female,19,2025-06-05,Kolkata,West Bengal,India,Silver
CUST4968,Aditi Nair,aditi.nair390@example.com,Female,32,2025-08-29,Hyderabad,Telangana,India,Bronze
CUST4969,Priya Bose,priya.bose210@example.com,Female,70,2020-02-01,Hyderabad,Telangana,India,Gold
CUST4970,Saanvi Dasgupta,saanvi.dasgupta941@example.com,Female,35,2024-04-30,Pune,Maharashtra,India,Bronze
CUST4971,Aditya Chopra,aditya.chopra684@example.com,Male,69,2019-01-29,Vijayawada,Andhra Pradesh,India,Bronze
CUST4972,Aria Sharma,aria.sharma310@example.com,Female,45,2022-06-12,Bengaluru,Karnataka,India,Silver
CUST4973,Saanvi Singh,saanvi.singh424@example.com,Male,66,2023-01-07,Patna,Bihar,India,Gold
CUST4974,Liam Nair,liam.nair681@example.com,Male,40,2024-11-20,Visakhapatnam,Andhra Pradesh,India,Silver
CUST4975,Isha Reddy,isha.reddy496@example.com,Other,68,2018-08-27,Vadodara,Gujarat,India,Silver
CUST4976,Aria Nair,aria.nair508@example.com,Male,44,2021-04-13,Visakhapatnam,Andhra Pradesh,India,Silver
CUST4977,Maya Patel,maya.patel15@example.com,Male,66,2023-07-04,Jaipur,Rajasthan,India,Silver
CUST4978,Neha Chopra,neha.chopra985@example.com,Female,37,2020-11-10,Thiruvananthapuram,Kerala,India,Silver
CUST4979,Olivia Iyer,olivia.iyer553@example.com,Male,53,2018-08-22,Surat,Gujarat,India,Bronze
CUST4980,Sophia Sharma,sophia.sharma676@example.com,Male,45,2021-11-13,Delhi,Delhi,India,Bronze
CUST4981,Aditi Trivedi,aditi.trivedi819@example.com,Female,65,2023-01-15,Indore,Madhya Pradesh,India,Bronze
CUST4982,Rohan Trivedi,rohan.trivedi515@example.com,Male,46,2021-01-25,Jaipur,Rajasthan,India,Silver
CUST4983,Karthik Kumar,karthik.kumar621@example.com,Female,50,2021-07-30,Vadodara,Gujarat,India,Bronze
CUST4984,Vivaan Joshi,vivaan.joshi162@example.com,Female,21,2019-09-06,Jaipur,Rajasthan,India,Bronze
CUST4985,Isabella Nath,isabella.nath7388@example.com,Male,69,2024-10-27,Hyderabad,Telangana,India,Bronze
CUST4986,Diya Dasgupta,diya.dasgupta794@example.com,Female,40,2020-10-25,Bhopal,Madhya Pradesh,India,Bronze
CUST4987,Rahul Gupta,rahul.gupta115@example.com,Male,24,2025-09-10,Visakhapatnam,Andhra Pradesh,India,Bronze
CUST4988,Ethan Iyer,ethan.iyer517@example.com,Male,18,2023-11-05,Patna,Bihar,India,Bronze
CUST4989,Rahul Dasgupta,rahul.dasgupta430@example.com,Female,42,2022-10-16,Bengaluru,Karnataka,India,Gold
CUST4990,Sophia Kumar,sophia.kumar218@example.com,Male,34,2022-12-13,Lucknow,Uttar Pradesh,India,Bronze
CUST4991,Emma Nath,emma.nath126@example.com,Female,23,2022-10-12,Delhi,Delhi,India,Bronze
CUST4992,Arjun Mehta,arjun.mehta46@example.com,Other,33,2024-06-11,Coimbatore,Tamil Nadu,India,Silver
CUST4993,Karthik Trivedi,karthik.trivedi808@example.com,Male,50,2018-10-15,Vijayawada,Andhra Pradesh,India,Gold
CUST4994,Vivaan Kumar,vivaan.kumar807@example.com,Female,25,2021-07-09,Bhopal,Madhya Pradesh,India,Silver
CUST4995,Saanvi Nair,saanvi.nair382@example.com,Male,52,2022-08-31,Coimbatore,Tamil Nadu,India,Bronze
CUST4996,Ethan Iyer,ethan.iyer528@example.com,Male,65,2018-01-02,Bengaluru,Karnataka,India,Bronze
CUST4997,Rahul Khan,rahul.khan198@example.com,Female,18,2019-03-10,Bengaluru,Karnataka,India,Bronze
CUST4998,Isabella Dasgupta,isabella.dasgupta831@example.com,Male,47,2019-01-23,Patna,Bihar,India,Bronze
CUST4999,Karthik Trivedi,karthik.trivedi57@example.com,Male,59,2019-01-07,Vadodara,Gujarat,India,Bronze
CUST5000,Sophia Nath,sophia.nath119@example.com,Male,43,2025-01-05,Visakhapatnam,Andhra Pradesh,India,Bronze
