product_id,product_name,category,brand,price,stock_quantity,rating,added_date
P0001,Smart SofaCover 197,Home,ComfortLiving,8225.62,166,4.0,2024-07-10
P0002,Smart Smartwatch 111,Electronics,PixelPro,14937.54,1940,4.73,2025-04-06
P0003,Mini Table 203,Home,CasaPro,10446.26,398,3.65,2022-12-16
P0004,Smart Dress 992,Fashion,SilkRoute,5053.63,978,4.6,2019-10-27
P0005,Ultra FaceWash 669,Beauty,VelvetTouch,1184.51,1414,4.67,2021-01-12
P0006,Prime Moisturizer 765,Beauty,LuxeCare,2075.06,651,3.98,2020-01-18
P0007,Smart Dress 541,Fashion,UrbanWear,3131.04,1368,4.34,2021-07-31
P0008,Pro Dumbbell 160,Sports,PeakGear,5181.06,277,3.3,2020-09-09
P0009,Ultra Handbag 449,Fashion,UrbanWear,3716.58,1732,3.23,2025-07-14
P0010,Classic Perfume 980,Beauty,GlowMist,797.88,100,4.55,2023-09-26
P0011,Smart PowerBank 904,Electronics,ElectroMax,5545.0,1630,4.49,2019-06-24
P0012,Prime WaterBottle 611,Sports,FitFlex,2332.2,666,3.62,2025-05-07
P0013,Mini Blender 704,Home,CasaPro,4590.39,269,4.31,2024-02-14
P0014,Mini Lamp 708,Home,ComfortLiving,9268.17,997,3.61,2025-10-27
P0015,Ultra Vacuum 781,Home,CasaPro,9018.12,1858,3.89,2022-07-19
P0016,Ultra Jacket 515,Fashion,VogueLane,2903.61,1921,4.57,2022-03-16
P0017,Classic Mask 510,Beauty,LuxeCare,1061.87,29,3.42,2023-05-06
P0018,Mini Jacket 186,Fashion,VogueLane,1870.81,388,3.69,2024-11-08
P0019,Mini Dress 708,Fashion,Trendify,5368.14,775,3.45,2024-07-31
P0020,Smart Serum 164,Beauty,PureBloom,508.52,660,3.44,2021-01-04
P0021,Pro Sneakers 947,Fashion,Trendify,5438.66,632,4.16,2019-09-14
P0022,Smart Lipstick 969,Beauty,LuxeCare,869.02,407,4.43,2021-02-10
P0023,Ultra Charger 523,Electronics,ElectroMax,1017.01,259,4.36,2020-05-21
P0024,Smart Speaker 999,Electronics,ElectroMax,13891.68,1861,4.32,2019-11-04
P0025,Classic Lamp 624,Home,CasaPro,10603.36,1709,3.97,2025-02-06
P0026,Smart Jeans 198,Fashion,Trendify,2721.98,1158,4.58,2024-10-18
P0027,Smart Tablet 115,Electronics,ElectroMax,23811.48,704,4.79,2024-10-28
P0028,Pro TennisRacket 440,Sports,Endura,9373.31,854,3.54,2022-05-15
P0029,Classic Dumbbell 300,Sports,PeakGear,3413.13,262,4.22,2021-04-09
P0030,Smart Lamp 639,Home,CasaPro,6775.03,748,3.57,2024-11-29
P0031,Mini Jeans 107,Fashion,VogueLane,2127.01,263,4.06,2024-07-21
P0032,Prime Table 947,Home,ComfortLiving,7873.81,1400,4.55,2021-05-31
P0033,Ultra FaceWash 294,Beauty,AuraSkin,1149.1,984,4.55,2019-12-03
P0034,Pro Blender 750,Home,ComfortLiving,4618.46,1614,4.59,2023-04-14
P0035,Prime Lamp 419,Home,ComfortLiving,1149.78,250,4.29,2023-01-24
P0036,Pro Sneakers 904,Fashion,SilkRoute,2224.78,1536,3.27,2021-04-23
P0037,Ultra Cooker 714,Home,HomeEssence,10543.67,1283,3.31,2024-12-13
P0038,Smart CyclingHelmet 624,Sports,PeakGear,1386.75,1209,3.45,2025-10-22
P0039,Mini Lamp 324,Home,HomeEssence,3672.98,240,3.46,2021-02-01
P0040,Ultra Sneakers 670,Fashion,VogueLane,6050.0,1498,4.71,2024-11-21
P0041,Classic Jacket 417,Fashion,StyleHub,3982.63,841,4.58,2022-12-17
P0042,Smart Mask 560,Beauty,GlowMist,2118.88,1980,3.49,2025-01-15
P0043,Classic Jeans 979,Fashion,UrbanWear,2256.44,901,3.41,2021-12-06
P0044,Pro Jeans 970,Fashion,VogueLane,1844.37,340,4.26,2019-05-31
P0045,Prime Perfume 133,Beauty,VelvetTouch,356.44,541,3.53,2022-10-24
P0046,Classic WaterBottle 193,Sports,Sportify,3432.32,1980,3.62,2020-04-29
P0047,Prime Speaker 578,Electronics,PixelPro,12955.92,461,4.46,2021-10-30
P0048,Smart TennisRacket 520,Sports,FitFlex,8646.7,1453,3.8,2021-11-22
P0049,Classic Jeans 611,Fashion,UrbanWear,1602.51,806,3.74,2024-07-26
P0050,Mini Jacket 537,Fashion,StyleHub,2751.35,427,4.53,2022-06-18
P0051,Ultra Smartwatch 174,Electronics,PixelPro,13152.94,1637,3.68,2023-11-06
P0052,Pro Serum 722,Beauty,LuxeCare,872.12,192,3.32,2021-07-06
P0053,Ultra RunningShoes 638,Sports,FitFlex,8970.28,320,4.41,2021-12-07
P0054,Smart YogaMat 102,Sports,PeakGear,4258.55,1686,3.6,2024-02-29
P0055,Ultra TennisRacket 919,Sports,FitFlex,4658.83,1888,3.24,2024-02-04
P0056,Mini CyclingHelmet 782,Sports,PeakGear,3059.88,371,4.42,2024-02-20
P0057,Ultra Jeans 790,Fashion,StyleHub,1908.75,546,4.66,2024-04-04
P0058,Ultra Tablet 554,Electronics,NovaTech,14015.73,631,4.28,2020-01-28
P0059,Pro Mask 927,Beauty,VelvetTouch,2119.07,832,4.01,2025-01-04
P0060,Smart YogaMat 874,Sports,Endura,5792.94,980,4.58,2025-08-18
P0061,Prime Vacuum 975,Home,HomeEssence,6838.69,1719,3.99,2023-10-04
P0062,Mini Cooker 853,Home,Hearthstone,10377.28,542,4.76,2019-11-17
P0063,Prime Table 344,Home,ComfortLiving,3977.77,518,3.24,2023-02-02
P0064,Mini Jeans 714,Fashion,StyleHub,3140.13,1799,3.56,2021-11-25
P0065,Pro Lamp 924,Home,CasaPro,11746.03,767,3.57,2021-06-03
P0066,Ultra Jacket 694,Fashion,VogueLane,5020.53,1074,3.27,2022-02-07
P0067,Pro PowerBank 314,Electronics,PixelPro,1813.26,361,4.5,2021-11-20
P0068,Smart Headphones 921,Electronics,NovaTech,16231.49,884,3.53,2022-04-08
P0069,Ultra Mask 537,Beauty,VelvetTouch,2567.3,507,3.55,2020-07-13
P0070,Classic FaceWash 585,Beauty,LuxeCare,241.29,1675,4.51,2019-08-07
P0071,Pro Tablet 600,Electronics,SoundWave,7814.1,612,4.76,2021-12-10
P0072,Mini WaterBottle 749,Sports,Endura,409.58,515,3.54,2022-08-09
P0073,Ultra Mask 584,Beauty,PureBloom,2608.06,1573,4.23,2021-01-21
P0074,Pro Perfume 129,Beauty,GlowMist,1156.16,1303,4.55,2025-01-28
P0075,Classic Speaker 344,Electronics,Voltix,15701.57,945,3.61,2025-09-16
P0076,Ultra TennisRacket 204,Sports,PeakGear,3974.54,18,3.74,2024-08-30
P0077,Classic Headphones 876,Electronics,PixelPro,1350.79,875,3.63,2024-07-24
P0078,Classic Speaker 879,Electronics,PixelPro,9883.12,21,3.56,2024-10-20
P0079,Pro Lamp 986,Home,Nestoria,9689.02,981,3.5,2019-08-25
P0080,Pro YogaMat 987,Sports,FitFlex,8289.42,524,3.59,2019-12-05
P0081,Prime FaceWash 433,Beauty,VelvetTouch,594.1,1150,4.25,2022-07-16
P0082,Smart Dumbbell 290,Sports,ProActive,384.7,700,3.45,2019-08-10
P0083,Pro Speaker 953,Electronics,NovaTech,17962.91,401,3.55,2025-09-25
P0084,Ultra Jacket 461,Fashion,SilkRoute,269.25,723,3.64,2019-09-04
P0085,Pro Jeans 126,Fashion,StyleHub,5954.19,668,3.21,2022-04-11
P0086,Smart Handbag 644,Fashion,SilkRoute,429.88,1860,3.29,2024-12-04
P0087,Classic Speaker 157,Electronics,SoundWave,18851.96,908,4.41,2024-06-11
P0088,Pro WaterBottle 930,Sports,Endura,5542.25,1077,4.53,2023-03-15
P0089,Pro PowerBank 248,Electronics,ElectroMax,20475.53,1201,3.77,2020-02-08
P0090,Pro RunningShoes 473,Sports,Sportify,5058.34,1853,3.74,2019-06-18
P0091,Classic T-Shirt 688,Fashion,UrbanWear,4623.5,928,3.82,2022-10-18
P0092,Classic Smartwatch 388,Electronics,NovaTech,12726.3,1340,3.61,2023-07-26
P0093,Pro Cooker 127,Home,CasaPro,8505.65,1638,4.44,2021-05-11
P0094,Classic SofaCover 179,Home,ComfortLiving,10798.39,614,3.92,2024-01-26
P0095,Ultra Lipstick 688,Beauty,VelvetTouch,381.44,1743,3.66,2025-07-31
P0096,Classic Jacket 730,Fashion,StyleHub,3065.34,582,4.08,2022-06-25
P0097,Mini RunningShoes 836,Sports,Endura,6007.21,1349,4.55,2020-04-25
P0098,Ultra Dress 326,Fashion,Trendify,491.06,1620,3.23,2022-05-18
P0099,Pro PowerBank 251,Electronics,Voltix,13368.73,231,4.31,2021-04-07
P0100,Mini Table 938,Home,CasaPro,11633.58,728,4.2,2022-10-09
P0101,Pro Blender 534,Home,Nestoria,10706.17,990,4.32,2023-08-26
P0102,Smart FaceWash 940,Beauty,AuraSkin,2079.08,1029,3.87,2019-07-28
P0103,Smart Lamp 190,Home,HomeEssence,6914.98,1185,3.93,2021-08-06
P0104,Classic Jacket 147,Fashion,StyleHub,3464.37,1072,4.12,2024-10-21
P0105,Ultra TennisRacket 795,Sports,PeakGear,5450.88,190,3.37,2021-04-18
P0106,Pro Jacket 391,Fashion,UrbanWear,3121.04,1168,3.89,2024-08-09
P0107,Pro YogaMat 781,Sports,FitFlex,1942.18,1949,3.3,2024-12-20
P0108,Classic RunningShoes 390,Sports,ProActive,6984.99,508,4.4,2022-01-23
P0109,Classic Jeans 406,Fashion,UrbanWear,727.52,569,3.44,2023-08-19
P0110,Smart Cooker 574,Home,ComfortLiving,10583.31,832,3.58,2025-08-29
P0111,Smart Table 809,Home,Hearthstone,10512.17,1078,3.91,2019-12-28
P0112,Mini SofaCover 322,Home,ComfortLiving,8811.06,895,3.85,2020-08-13
P0113,Ultra T-Shirt 256,Fashion,VogueLane,4659.04,768,3.63,2025-08-10
P0114,Mini Mask 927,Beauty,VelvetTouch,2127.38,1600,4.47,2021-09-22
P0115,Mini Dress 602,Fashion,Trendify,5251.54,552,3.29,2023-05-04
P0116,Classic PowerBank 603,Electronics,Voltix,16801.24,1901,3.62,2022-09-12
P0117,Mini Table 919,Home,Hearthstone,11210.15,1619,4.77,2024-02-29
P0118,Classic TennisRacket 102,Sports,Endura,8990.72,980,4.24,2021-12-05
P0119,Ultra Vacuum 524,Home,Hearthstone,949.95,395,4.61,2021-11-03
P0120,Smart Sneakers 254,Fashion,UrbanWear,4592.48,281,3.28,2022-08-27
P0121,Smart Smartwatch 640,Electronics,ElectroMax,6318.95,458,3.71,2025-02-19
P0122,Classic Blender 740,Home,CasaPro,3356.78,974,4.64,2023-08-10
P0123,Mini Handbag 705,Fashion,SilkRoute,437.69,83,4.67,2024-09-01
P0124,Prime CyclingHelmet 144,Sports,FitFlex,4025.3,1340,4.45,2022-04-25
P0125,Ultra WaterBottle 712,Sports,Endura,3621.48,195,4.73,2022-04-02
P0126,Classic Jeans 145,Fashion,Trendify,5404.56,252,3.55,2023-10-20
P0127,Classic Speaker 243,Electronics,SoundWave,3378.6,225,3.65,2024-01-05
P0128,Smart Sneakers 351,Fashion,SilkRoute,947.18,719,3.84,2019-06-27
P0129,Pro Jacket 188,Fashion,SilkRoute,4867.41,667,3.73,2020-09-05
P0130,Pro Moisturizer 790,Beauty,VelvetTouch,222.97,15,3.21,2022-12-30
P0131,Mini Moisturizer 536,Beauty,AuraSkin,1635.75,1070,3.35,2023-04-19
P0132,Pro Serum 346,Beauty,AuraSkin,587.78,1289,4.58,2022-01-21
P0133,Prime WaterBottle 817,Sports,Sportify,8920.59,1191,3.67,2020-08-18
P0134,Pro Headphones 251,Electronics,ElectroMax,6506.71,1401,3.73,2020-03-28
P0135,Pro TennisRacket 135,Sports,FitFlex,6768.07,67,4.45,2020-02-08
P0136,Pro Speaker 391,Electronics,ElectroMax,7541.1,646,3.97,2023-02-17
P0137,Mini Table 991,Home,HomeEssence,9035.45,477,3.92,2024-01-13
P0138,Smart PowerBank 110,Electronics,Voltix,18654.73,1789,4.2,2025-03-10
P0139,Prime Dress 862,Fashion,SilkRoute,2235.92,775,4.17,2023-03-16
P0140,Classic Headphones 605,Electronics,NovaTech,21280.27,117,4.3,2023-01-27
P0141,Mini WaterBottle 887,Sports,FitFlex,2571.31,588,4.23,2019-04-25
P0142,Prime RunningShoes 840,Sports,PeakGear,3583.56,726,4.52,2022-09-30
P0143,Ultra CyclingHelmet 121,Sports,ProActive,327.84,368,4.59,2024-04-04
P0144,Mini Dumbbell 768,Sports,Sportify,1373.45,263,4.77,2023-04-18
P0145,Classic PowerBank 624,Electronics,SoundWave,20003.3,892,4.54,2025-08-03
P0146,Ultra Smartwatch 103,Electronics,ElectroMax,14156.75,1413,3.85,2020-11-19
P0147,Ultra TennisRacket 782,Sports,FitFlex,5973.5,1374,4.14,2020-07-03
P0148,Pro Moisturizer 207,Beauty,AuraSkin,1747.42,57,4.74,2024-01-16
P0149,Classic Sneakers 499,Fashion,Trendify,2634.59,1772,4.51,2020-05-07
P0150,Mini Jeans 976,Fashion,Trendify,5232.23,1602,4.27,2020-12-16
P0151,Smart Lamp 465,Home,CasaPro,4154.43,387,3.78,2020-05-09
P0152,Prime YogaMat 601,Sports,ProActive,4981.36,765,4.58,2022-09-26
P0153,Pro WaterBottle 340,Sports,Sportify,1594.11,73,4.55,2021-03-30
P0154,Ultra PowerBank 755,Electronics,PixelPro,11765.63,1198,4.12,2021-05-13
P0155,Prime Blender 317,Home,HomeEssence,8097.12,1086,3.41,2024-05-09
P0156,Pro Cooker 963,Home,HomeEssence,3038.88,1958,3.99,2024-05-20
P0157,Smart Dumbbell 671,Sports,FitFlex,5804.82,472,4.11,2020-11-07
P0158,Classic Jeans 184,Fashion,SilkRoute,2449.06,1333,3.64,2023-12-05
P0159,Ultra Cooker 593,Home,CasaPro,6107.9,151,4.66,2022-05-18
P0160,Prime Sneakers 311,Fashion,Trendify,2792.51,1755,4.14,2024-02-25
P0161,Classic Sneakers 627,Fashion,UrbanWear,4786.29,855,3.5,2021-11-16
P0162,Classic T-Shirt 516,Fashion,SilkRoute,5131.97,664,3.23,2025-06-03
P0163,Classic Table 379,Home,HomeEssence,12243.56,1596,4.4,2024-04-25
P0164,Pro Cooker 385,Home,Hearthstone,13929.13,1034,4.07,2023-08-30
P0165,Prime YogaMat 319,Sports,PeakGear,4348.69,657,3.54,2022-06-10
P0166,Smart YogaMat 432,Sports,FitFlex,4075.2,1783,4.76,2023-08-15
P0167,Mini Vacuum 409,Home,HomeEssence,5496.11,1969,3.4,2021-08-02
P0168,Mini SofaCover 826,Home,ComfortLiving,4301.23,1537,3.91,2022-04-23
P0169,Mini Jacket 163,Fashion,Trendify,4950.34,1476,4.26,2023-09-05
P0170,Classic Smartwatch 973,Electronics,Voltix,17457.88,273,3.32,2019-12-16
P0171,Pro Jeans 398,Fashion,UrbanWear,3042.37,893,3.6,2019-12-18
P0172,Ultra YogaMat 296,Sports,Sportify,419.73,1925,4.16,2019-10-03
P0173,Prime Cooker 665,Home,Nestoria,1521.33,121,4.33,2020-12-28
P0174,Pro Vacuum 187,Home,Hearthstone,9022.11,1864,4.17,2024-08-25
P0175,Smart Charger 107,Electronics,NovaTech,18348.54,1190,3.5,2020-05-10
P0176,Mini Cooker 257,Home,HomeEssence,2365.57,87,3.44,2024-09-03
P0177,Mini SofaCover 615,Home,ComfortLiving,6154.26,300,3.94,2025-09-23
P0178,Prime PowerBank 568,Electronics,Voltix,21936.47,1421,4.22,2020-05-21
P0179,Pro Table 216,Home,HomeEssence,2020.62,445,3.36,2023-07-08
P0180,Pro RunningShoes 287,Sports,ProActive,1783.6,1504,4.67,2023-06-05
P0181,Mini T-Shirt 744,Fashion,StyleHub,5122.65,1551,4.61,2020-10-12
P0182,Mini Jacket 919,Fashion,VogueLane,3190.79,405,4.24,2025-08-13
P0183,Prime TennisRacket 536,Sports,Endura,7694.73,1022,3.98,2020-07-03
P0184,Mini Tablet 446,Electronics,SoundWave,4709.76,1807,4.47,2019-10-27
P0185,Prime PowerBank 248,Electronics,ElectroMax,5969.56,1813,3.3,2024-12-18
P0186,Classic Dumbbell 597,Sports,ProActive,6904.31,653,4.32,2021-06-18
P0187,Classic Dumbbell 914,Sports,FitFlex,9456.41,1591,4.53,2025-02-27
P0188,Smart Perfume 855,Beauty,AuraSkin,659.99,1332,3.57,2024-11-04
P0189,Ultra WaterBottle 340,Sports,PeakGear,1611.44,391,3.71,2022-07-03
P0190,Ultra Moisturizer 934,Beauty,GlowMist,1450.12,1129,4.67,2022-05-03
P0191,Prime WaterBottle 724,Sports,Sportify,3540.93,1962,3.86,2019-10-17
P0192,Smart Sneakers 692,Fashion,VogueLane,3215.14,350,3.46,2023-02-27
P0193,Ultra YogaMat 300,Sports,Sportify,5389.76,197,4.13,2021-05-02
P0194,Prime Table 201,Home,CasaPro,5172.6,1908,3.89,2023-07-05
P0195,Smart Cooker 851,Home,Hearthstone,2992.1,534,3.41,2024-06-17
P0196,Smart TennisRacket 303,Sports,Endura,4349.73,164,3.91,2024-11-25
P0197,Pro RunningShoes 981,Sports,PeakGear,9751.26,245,3.31,2020-10-22
P0198,Classic Perfume 350,Beauty,PureBloom,315.61,421,3.58,2020-03-06
P0199,Classic PowerBank 265,Electronics,ElectroMax,20701.92,531,4.28,2019-04-18
P0200,Classic Headphones 621,Electronics,Voltix,13619.98,76,4.67,2020-06-12
P0201,Pro Charger 177,Electronics,ElectroMax,17775.24,128,3.88,2025-03-03
P0202,Mini Mask 911,Beauty,AuraSkin,1736.5,1749,3.22,2020-06-09
P0203,Pro Tablet 418,Electronics,NovaTech,11107.34,739,3.31,2019-07-04
P0204,Mini Headphones 167,Electronics,NovaTech,1267.93,932,4.11,2020-06-29
P0205,Pro Tablet 797,Electronics,PixelPro,3617.98,267,4.25,2024-06-26
P0206,Prime FaceWash 919,Beauty,GlowMist,1569.5,1738,4.52,2024-07-04
P0207,Prime Perfume 479,Beauty,VelvetTouch,1499.78,1099,3.33,2025-06-08
P0208,Mini Handbag 751,Fashion,VogueLane,439.9,517,3.71,2024-08-15
P0209,Smart Mask 854,Beauty,AuraSkin,411.62,1021,4.74,2025-06-28
P0210,Prime Mask 141,Beauty,PureBloom,2267.26,1269,3.51,2025-05-18
P0211,Prime Charger 344,Electronics,ElectroMax,14454.16,1571,3.58,2021-01-18
P0212,Prime FaceWash 423,Beauty,GlowMist,857.1,287,4.76,2024-04-01
P0213,Pro PowerBank 672,Electronics,NovaTech,12827.77,689,4.41,2022-08-02
P0214,Smart Lamp 877,Home,ComfortLiving,9781.77,1791,4.04,2025-08-04
P0215,Smart T-Shirt 858,Fashion,SilkRoute,4988.87,1266,3.7,2019-10-06
P0216,Ultra PowerBank 208,Electronics,Voltix,12970.21,1930,4.62,2022-06-26
P0217,Mini CyclingHelmet 183,Sports,Endura,1300.38,1686,4.72,2024-07-31
P0218,Classic Smartwatch 524,Electronics,NovaTech,11300.45,472,3.59,2022-08-29
P0219,Prime Lipstick 775,Beauty,GlowMist,664.22,866,4.44,2025-05-08
P0220,Prime RunningShoes 715,Sports,Endura,921.88,466,4.02,2020-02-19
P0221,Classic FaceWash 999,Beauty,VelvetTouch,633.08,956,3.24,2024-11-30
P0222,Prime Speaker 160,Electronics,SoundWave,3019.98,1888,3.77,2023-04-02
P0223,Classic Blender 270,Home,CasaPro,10804.8,1850,4.41,2022-01-14
P0224,Ultra Jacket 925,Fashion,SilkRoute,1744.12,778,3.42,2020-01-10
P0225,Smart T-Shirt 941,Fashion,SilkRoute,704.1,281,3.24,2019-02-17
P0226,Pro Mask 511,Beauty,GlowMist,804.03,1382,3.69,2020-11-02
P0227,Prime Serum 866,Beauty,VelvetTouch,1691.08,253,4.53,2020-03-21
P0228,Classic Table 725,Home,Hearthstone,6698.61,674,3.7,2023-12-02
P0229,Pro Lamp 642,Home,Hearthstone,5493.56,1673,4.56,2022-06-27
P0230,Pro Speaker 299,Electronics,Voltix,6667.43,1371,4.38,2022-09-27
P0231,Classic T-Shirt 444,Fashion,VogueLane,4618.87,1199,4.3,2024-01-22
P0232,Ultra Sneakers 234,Fashion,Trendify,1631.7,1863,3.64,2023-05-19
P0233,Pro Blender 413,Home,Hearthstone,1323.4,1892,3.42,2022-05-04
P0234,Pro TennisRacket 787,Sports,Endura,6301.89,1670,4.8,2022-12-11
P0235,Smart SofaCover 203,Home,Nestoria,10660.83,1658,4.76,2021-03-22
P0236,Smart YogaMat 873,Sports,Endura,6376.01,1294,4.39,2024-04-03
P0237,Classic Speaker 506,Electronics,PixelPro,17812.17,254,4.3,2019-08-21
P0238,Ultra T-Shirt 764,Fashion,SilkRoute,4629.97,1223,4.01,2024-12-15
P0239,Pro Lamp 670,Home,ComfortLiving,12355.13,1864,3.62,2023-08-24
P0240,Ultra SofaCover 815,Home,ComfortLiving,9897.84,354,3.92,2021-03-01
P0241,Prime Charger 797,Electronics,PixelPro,12701.84,297,4.69,2022-02-20
P0242,Pro Smartwatch 313,Electronics,Voltix,10149.81,554,4.34,2022-02-07
P0243,Prime PowerBank 444,Electronics,NovaTech,16667.41,1975,3.23,2019-01-27
P0244,Classic Handbag 717,Fashion,SilkRoute,2668.55,1624,4.71,2024-11-24
P0245,Mini Jacket 593,Fashion,StyleHub,1510.2,469,4.51,2024-02-15
P0246,Prime Jacket 632,Fashion,SilkRoute,4260.58,245,3.27,2020-07-19
P0247,Mini Perfume 874,Beauty,GlowMist,1785.04,789,4.73,2025-05-20
P0248,Pro Perfume 169,Beauty,PureBloom,1945.51,1162,4.1,2019-09-26
P0249,Pro YogaMat 781,Sports,Endura,7695.86,1740,4.53,2021-07-21
P0250,Classic PowerBank 297,Electronics,Voltix,21482.27,1571,3.46,2024-02-03
P0251,Prime Table 127,Home,Hearthstone,8202.14,56,4.1,2024-05-10
P0252,Smart Smartwatch 698,Electronics,Voltix,18983.94,1167,3.86,2019-06-04
P0253,Pro T-Shirt 932,Fashion,SilkRoute,4322.6,235,3.94,2023-12-30
P0254,Pro Dumbbell 301,Sports,FitFlex,3265.03,1239,3.65,2019-10-02
P0255,Smart Serum 914,Beauty,PureBloom,169.39,866,3.99,2022-12-02
P0256,Ultra RunningShoes 799,Sports,Endura,6416.59,88,3.67,2023-11-28
P0257,Mini Jacket 736,Fashion,SilkRoute,1985.64,1866,3.4,2020-07-04
P0258,Pro Tablet 666,Electronics,NovaTech,7236.51,299,3.37,2023-05-01
P0259,Ultra SofaCover 990,Home,HomeEssence,5004.5,1540,4.62,2024-01-14
P0260,Mini SofaCover 795,Home,CasaPro,7012.52,1839,4.54,2023-01-14
P0261,Mini RunningShoes 735,Sports,Sportify,8503.53,309,4.77,2022-04-01
P0262,Mini Smartwatch 341,Electronics,ElectroMax,10985.54,1980,3.46,2025-06-13
P0263,Mini Handbag 372,Fashion,UrbanWear,4698.37,1917,3.9,2019-03-01
P0264,Smart Cooker 140,Home,Nestoria,5367.53,806,4.46,2020-12-31
P0265,Pro Moisturizer 953,Beauty,AuraSkin,1484.06,1951,3.53,2022-11-03
P0266,Pro Lipstick 498,Beauty,GlowMist,381.13,1598,3.75,2024-09-03
P0267,Classic YogaMat 476,Sports,Sportify,2899.8,1105,4.46,2019-01-04
P0268,Classic Vacuum 517,Home,Nestoria,11438.17,1681,4.66,2021-10-04
P0269,Prime Serum 228,Beauty,PureBloom,1532.32,1759,3.91,2023-12-13
P0270,Smart PowerBank 145,Electronics,PixelPro,1163.81,911,3.25,2019-07-28
P0271,Smart Table 988,Home,Hearthstone,11610.28,1352,4.37,2023-04-12
P0272,Prime Jacket 547,Fashion,VogueLane,665.63,12,4.38,2021-11-10
P0273,Mini Lamp 224,Home,Hearthstone,6346.24,1036,3.78,2021-08-15
P0274,Smart Tablet 851,Electronics,NovaTech,13114.41,168,4.21,2020-07-12
P0275,Classic Dress 954,Fashion,SilkRoute,5725.44,29,3.94,2020-05-18
P0276,Prime Handbag 106,Fashion,SilkRoute,1726.05,1628,3.97,2023-01-28
P0277,Prime Lamp 765,Home,CasaPro,3802.99,173,4.63,2023-07-05
P0278,Mini Table 510,Home,ComfortLiving,10781.59,1672,3.96,2023-11-09
P0279,Ultra Perfume 503,Beauty,VelvetTouch,2021.87,286,4.14,2022-06-27
P0280,Pro Blender 602,Home,ComfortLiving,8844.25,1026,3.98,2020-08-11
P0281,Ultra Mask 382,Beauty,PureBloom,1455.37,1823,4.17,2025-09-02
P0282,Prime Dumbbell 760,Sports,Endura,6266.56,849,4.58,2023-11-04
P0283,Smart Jeans 266,Fashion,VogueLane,668.65,1160,4.51,2021-09-06
P0284,Smart T-Shirt 214,Fashion,UrbanWear,3057.84,702,4.04,2022-08-02
P0285,Prime Cooker 464,Home,HomeEssence,4822.11,518,3.75,2024-11-13
P0286,Smart Jacket 685,Fashion,Trendify,1215.41,714,4.75,2023-10-04
P0287,Pro TennisRacket 308,Sports,Endura,8334.4,1360,3.6,2024-03-15
P0288,Ultra TennisRacket 496,Sports,ProActive,10269.15,1876,4.38,2020-06-12
P0289,Classic Cooker 749,Home,Nestoria,2880.85,1099,3.65,2023-11-03
P0290,Smart CyclingHelmet 704,Sports,Sportify,6584.1,1664,4.6,2020-06-21
P0291,Classic Moisturizer 795,Beauty,GlowMist,2209.36,384,4.06,2024-02-04
P0292,Pro T-Shirt 894,Fashion,UrbanWear,2107.1,1631,3.81,2022-06-02
P0293,Prime Vacuum 254,Home,Nestoria,6222.86,1388,3.76,2024-11-07
P0294,Pro Handbag 234,Fashion,Trendify,1792.29,1317,3.99,2022-07-07
P0295,Ultra YogaMat 788,Sports,PeakGear,3288.43,709,3.28,2022-02-20
P0296,Prime SofaCover 317,Home,CasaPro,3424.98,1157,4.17,2024-03-22
P0297,Ultra Charger 104,Electronics,Voltix,6720.95,1370,4.09,2021-08-23
P0298,Pro Lamp 586,Home,HomeEssence,4934.58,260,3.91,2024-05-02
P0299,Ultra Sneakers 670,Fashion,Trendify,1783.82,695,4.63,2021-10-08
P0300,Classic TennisRacket 990,Sports,ProActive,1252.27,120,4.69,2020-02-07
P0301,Pro Handbag 355,Fashion,Trendify,2764.6,1813,3.73,2021-01-11
P0302,Mini Vacuum 320,Home,Nestoria,1631.83,452,3.92,2020-04-03
P0303,Pro CyclingHelmet 454,Sports,FitFlex,5128.87,589,4.48,2019-12-12
P0304,Prime Speaker 281,Electronics,PixelPro,1543.86,93,3.21,2022-02-04
P0305,Mini Cooker 997,Home,HomeEssence,3830.94,1626,3.87,2020-01-16
P0306,Pro Table 878,Home,HomeEssence,10188.84,1961,3.91,2024-08-10
P0307,Pro Jacket 620,Fashion,Trendify,3360.43,987,3.37,2025-09-30
P0308,Classic Sneakers 323,Fashion,SilkRoute,570.58,287,3.75,2023-10-04
P0309,Ultra Lipstick 512,Beauty,VelvetTouch,1437.17,56,3.59,2022-01-28
P0310,Pro Serum 828,Beauty,LuxeCare,2882.2,1082,3.66,2019-09-24
P0311,Prime Lamp 852,Home,ComfortLiving,5025.0,1674,4.78,2023-02-09
P0312,Mini Smartwatch 790,Electronics,PixelPro,9496.86,25,3.27,2021-07-25
P0313,Prime Sneakers 257,Fashion,StyleHub,3932.12,1154,3.46,2020-06-07
P0314,Prime Cooker 446,Home,CasaPro,9168.37,470,3.98,2023-08-20
P0315,Smart Charger 247,Electronics,NovaTech,19614.85,451,4.46,2020-09-27
P0316,Classic Jeans 224,Fashion,VogueLane,5397.08,389,4.17,2020-11-11
P0317,Smart YogaMat 833,Sports,Sportify,8520.32,52,3.94,2023-11-07
P0318,Pro WaterBottle 155,Sports,Sportify,6838.86,825,3.93,2019-04-09
P0319,Classic Speaker 418,Electronics,PixelPro,5961.97,1903,4.29,2019-01-20
P0320,Pro WaterBottle 518,Sports,Sportify,418.33,1186,3.49,2023-10-16
P0321,Mini Jeans 486,Fashion,VogueLane,3981.68,1504,4.5,2024-06-21
P0322,Prime Jacket 653,Fashion,Trendify,3178.85,362,3.51,2021-09-13
P0323,Mini Lamp 507,Home,ComfortLiving,11896.33,1119,3.28,2023-03-31
P0324,Pro WaterBottle 933,Sports,Endura,10544.99,1261,4.75,2022-01-18
P0325,Ultra Blender 872,Home,Hearthstone,8366.4,1960,3.88,2022-08-20
P0326,Pro Mask 406,Beauty,GlowMist,769.2,1115,3.6,2019-04-24
P0327,Classic Tablet 295,Electronics,PixelPro,7209.17,1011,4.74,2025-10-03
P0328,Classic T-Shirt 193,Fashion,VogueLane,4356.21,1026,4.42,2021-01-08
P0329,Prime Speaker 346,Electronics,SoundWave,13982.73,1304,4.42,2021-06-07
P0330,Smart Smartwatch 666,Electronics,NovaTech,5096.54,991,3.5,2020-04-05
P0331,Ultra Dress 118,Fashion,VogueLane,4939.12,1851,4.12,2019-02-26
P0332,Prime Headphones 771,Electronics,SoundWave,11422.45,1965,4.61,2020-12-14
P0333,Classic Vacuum 363,Home,ComfortLiving,8328.57,640,3.66,2024-07-11
P0334,Classic Blender 216,Home,Nestoria,10081.88,288,4.05,2021-02-02
P0335,Smart Headphones 738,Electronics,NovaTech,6535.42,413,3.65,2025-05-15
P0336,Pro Speaker 215,Electronics,Voltix,7265.65,543,4.32,2025-02-15
P0337,Prime Handbag 872,Fashion,SilkRoute,3275.86,335,3.34,2020-04-02
P0338,Mini Smartwatch 454,Electronics,PixelPro,14343.97,1391,3.24,2019-12-08
P0339,Classic Moisturizer 215,Beauty,VelvetTouch,2364.34,1951,4.16,2021-01-05
P0340,Ultra Vacuum 619,Home,CasaPro,2292.85,83,4.18,2022-05-09
P0341,Prime Charger 313,Electronics,PixelPro,10938.11,1068,3.65,2019-11-01
P0342,Smart PowerBank 430,Electronics,NovaTech,15841.62,1002,3.91,2021-08-11
P0343,Ultra Perfume 562,Beauty,AuraSkin,1354.72,920,3.83,2022-04-19
P0344,Classic Speaker 429,Electronics,NovaTech,7122.61,1218,4.77,2021-09-19
P0345,Pro Dress 126,Fashion,VogueLane,3265.28,322,3.3,2021-03-02
P0346,Mini Vacuum 970,Home,CasaPro,10188.03,84,3.84,2019-09-21
P0347,Prime Tablet 951,Electronics,PixelPro,6652.57,556,4.07,2023-12-07
P0348,Classic WaterBottle 515,Sports,Endura,6522.97,114,3.92,2025-10-10
P0349,Prime Charger 656,Electronics,NovaTech,11548.67,254,3.36,2022-01-28
P0350,Mini Table 511,Home,Nestoria,1464.39,1511,3.25,2024-06-05
P0351,Pro Headphones 560,Electronics,ElectroMax,10162.55,82,3.41,2020-09-16
P0352,Smart Sneakers 820,Fashion,VogueLane,5314.71,278,3.72,2021-02-15
P0353,Classic Sneakers 751,Fashion,UrbanWear,4478.98,738,4.33,2024-08-05
P0354,Pro Dress 722,Fashion,StyleHub,1427.01,32,3.46,2021-11-10
P0355,Pro Smartwatch 615,Electronics,ElectroMax,8265.36,1093,3.66,2020-07-08
P0356,Classic FaceWash 338,Beauty,LuxeCare,997.7,1132,4.37,2023-09-02
P0357,Pro Serum 584,Beauty,VelvetTouch,2516.17,1923,3.82,2020-10-09
P0358,Mini PowerBank 299,Electronics,SoundWave,5345.22,1412,3.51,2022-11-07
P0359,Pro Jacket 275,Fashion,StyleHub,3065.99,580,3.64,2023-01-30
P0360,Prime Table 413,Home,CasaPro,11599.45,1821,4.12,2022-04-15
P0361,Mini TennisRacket 395,Sports,Sportify,3440.73,1573,3.68,2021-08-31
P0362,Ultra YogaMat 265,Sports,FitFlex,4913.26,1847,3.6,2023-05-06
P0363,Classic SofaCover 999,Home,HomeEssence,4005.72,1273,4.19,2024-07-23
P0364,Smart Cooker 345,Home,Hearthstone,5450.17,154,4.48,2021-06-21
P0365,Classic Vacuum 803,Home,Nestoria,11437.48,1515,3.51,2019-11-09
P0366,Smart Speaker 357,Electronics,ElectroMax,9475.51,786,4.7,2022-06-17
P0367,Prime T-Shirt 375,Fashion,UrbanWear,414.39,773,4.49,2025-09-02
P0368,Prime Perfume 416,Beauty,LuxeCare,2614.0,1224,4.73,2019-06-01
P0369,Smart Perfume 179,Beauty,PureBloom,1800.7,652,3.2,2021-02-21
P0370,Smart Headphones 360,Electronics,PixelPro,16645.62,851,4.46,2024-09-25
P0371,Smart Jeans 161,Fashion,SilkRoute,4247.79,75,4.56,2023-06-07
P0372,Classic Mask 870,Beauty,AuraSkin,146.81,173,3.65,2022-01-09
P0373,Mini T-Shirt 757,Fashion,Trendify,4633.52,1471,4.77,2025-06-28
P0374,Classic Table 963,Home,HomeEssence,12436.52,1428,3.9,2024-06-29
P0375,Pro WaterBottle 335,Sports,PeakGear,8099.02,1737,4.53,2023-05-17
P0376,Smart Perfume 419,Beauty,VelvetTouch,687.2,211,3.71,2022-02-23
P0377,Smart Jeans 449,Fashion,VogueLane,2677.07,839,4.19,2023-04-19
P0378,Classic Perfume 316,Beauty,GlowMist,986.49,167,4.48,2019-12-23
P0379,Classic Charger 232,Electronics,SoundWave,7007.19,47,4.6,2020-06-19
P0380,Classic Cooker 162,Home,ComfortLiving,7338.83,322,4.48,2021-09-27
P0381,Prime FaceWash 438,Beauty,VelvetTouch,2651.71,660,3.93,2021-07-04
P0382,Classic Mask 918,Beauty,PureBloom,1091.72,1921,4.51,2025-03-06
P0383,Mini SofaCover 965,Home,Nestoria,5788.88,983,4.14,2020-12-18
P0384,Classic TennisRacket 879,Sports,Sportify,5863.13,1389,4.6,2025-04-28
P0385,Pro YogaMat 939,Sports,FitFlex,744.5,183,3.75,2019-12-03
P0386,Pro Jacket 677,Fashion,Trendify,2278.88,413,4.28,2025-10-27
P0387,Prime Serum 441,Beauty,VelvetTouch,361.56,555,3.3,2022-12-21
P0388,Mini Jeans 309,Fashion,UrbanWear,2140.43,294,4.03,2023-04-16
P0389,Pro Table 323,Home,Hearthstone,1491.37,1811,4.49,2019-07-17
P0390,Prime Handbag 336,Fashion,SilkRoute,4140.56,1336,4.49,2023-10-27
P0391,Prime Headphones 745,Electronics,Voltix,14014.47,1401,4.65,2019-05-09
P0392,Mini CyclingHelmet 842,Sports,ProActive,3935.47,852,3.75,2024-02-12
P0393,Ultra Lipstick 405,Beauty,PureBloom,2429.48,1650,4.58,2021-10-21
P0394,Prime Handbag 213,Fashion,Trendify,501.3,1684,3.28,2020-07-08
P0395,Pro Handbag 999,Fashion,SilkRoute,2272.92,688,4.39,2019-04-27
P0396,Pro Perfume 356,Beauty,GlowMist,149.44,655,4.21,2020-05-20
P0397,Classic Lamp 547,Home,ComfortLiving,14671.46,1504,4.78,2020-07-10
P0398,Mini Serum 155,Beauty,AuraSkin,774.61,343,4.27,2020-10-07
P0399,Classic Dress 311,Fashion,Trendify,4461.48,1569,4.09,2019-12-13
P0400,Ultra WaterBottle 466,Sports,PeakGear,988.18,1195,3.64,2023-06-01
P0401,Mini Cooker 885,Home,ComfortLiving,7541.3,620,4.6,2024-11-25
P0402,Classic Lipstick 438,Beauty,VelvetTouch,1329.65,1407,3.75,2019-07-04
P0403,Mini PowerBank 144,Electronics,NovaTech,16518.95,703,4.65,2020-06-09
P0404,Smart TennisRacket 417,Sports,FitFlex,5293.12,1435,4.56,2019-06-25
P0405,Mini T-Shirt 326,Fashion,UrbanWear,413.81,789,4.62,2022-12-04
P0406,Pro Perfume 453,Beauty,PureBloom,2752.51,1557,4.1,2023-06-25
P0407,Ultra Moisturizer 463,Beauty,AuraSkin,1290.71,1521,3.95,2022-08-24
P0408,Prime Lamp 182,Home,Nestoria,13520.47,861,4.69,2021-09-05
P0409,Mini Mask 114,Beauty,PureBloom,2136.16,448,3.53,2022-09-30
P0410,Pro Serum 367,Beauty,LuxeCare,825.89,263,3.33,2020-08-18
P0411,Mini Mask 419,Beauty,AuraSkin,1544.79,1169,4.41,2024-09-09
P0412,Prime Dumbbell 187,Sports,Endura,5275.79,419,3.82,2021-01-20
P0413,Classic Handbag 180,Fashion,Trendify,973.93,1877,4.35,2019-02-10
P0414,Mini Speaker 210,Electronics,PixelPro,19048.12,1334,3.23,2024-11-16
P0415,Pro Lamp 104,Home,ComfortLiving,2941.12,1313,4.38,2024-07-01
P0416,Mini FaceWash 848,Beauty,PureBloom,1886.79,17,4.54,2019-05-25
P0417,Mini Jeans 118,Fashion,SilkRoute,1143.76,780,3.53,2022-08-23
P0418,Ultra Jacket 182,Fashion,SilkRoute,3687.6,6,4.3,2023-10-25
P0419,Classic TennisRacket 522,Sports,Sportify,6538.56,131,4.34,2020-01-20
P0420,Smart Jacket 596,Fashion,VogueLane,444.62,803,4.24,2022-05-29
P0421,Classic Moisturizer 765,Beauty,LuxeCare,1202.54,411,4.76,2024-07-05
P0422,Prime Dumbbell 783,Sports,FitFlex,4103.02,1296,4.3,2020-03-16
P0423,Prime Sneakers 857,Fashion,SilkRoute,5510.81,1192,4.21,2019-07-14
P0424,Ultra Jacket 613,Fashion,UrbanWear,606.32,310,3.65,2022-04-11
P0425,Smart WaterBottle 464,Sports,PeakGear,4094.5,8,4.65,2019-10-30
P0426,Ultra SofaCover 578,Home,CasaPro,7553.1,720,3.9,2022-11-19
P0427,Pro Jeans 820,Fashion,VogueLane,3871.47,1902,4.1,2019-04-08
P0428,Ultra Dress 976,Fashion,VogueLane,4927.22,655,3.93,2023-08-04
P0429,Prime Serum 655,Beauty,GlowMist,165.74,69,4.33,2025-07-14
P0430,Classic Charger 837,Electronics,NovaTech,9273.64,1518,4.45,2023-02-02
P0431,Mini YogaMat 219,Sports,ProActive,3314.72,1587,3.72,2021-07-30
P0432,Prime FaceWash 604,Beauty,GlowMist,121.48,1849,3.56,2021-05-29
P0433,Smart YogaMat 261,Sports,PeakGear,5515.23,907,3.46,2019-03-13
P0434,Pro Sneakers 892,Fashion,StyleHub,1472.94,206,4.13,2019-01-11
P0435,Prime Cooker 602,Home,Nestoria,9033.7,533,3.83,2024-01-20
P0436,Pro T-Shirt 501,Fashion,VogueLane,4235.41,1831,4.08,2024-12-21
P0437,Prime Mask 151,Beauty,LuxeCare,1203.98,434,4.77,2020-07-13
P0438,Mini CyclingHelmet 230,Sports,ProActive,6606.96,1056,3.28,2019-02-27
P0439,Mini Headphones 951,Electronics,NovaTech,8312.32,1375,3.29,2019-05-24
P0440,Classic FaceWash 427,Beauty,LuxeCare,670.55,499,4.55,2025-06-02
P0441,Prime T-Shirt 667,Fashion,VogueLane,817.88,138,4.04,2020-08-10
P0442,Smart Charger 400,Electronics,Voltix,3090.96,138,3.37,2025-07-15
P0443,Ultra Smartwatch 407,Electronics,Voltix,20276.82,642,4.1,2025-08-12
P0444,Pro Speaker 671,Electronics,Voltix,9151.01,1295,3.82,2020-11-08
P0445,Ultra YogaMat 306,Sports,PeakGear,6961.74,1126,3.55,2024-03-03
P0446,Prime Table 768,Home,ComfortLiving,7846.04,1360,3.53,2024-01-08
P0447,Mini PowerBank 348,Electronics,Voltix,8850.12,667,3.39,2021-07-03
P0448,Mini Smartwatch 524,Electronics,SoundWave,2009.26,1442,4.45,2025-04-07
P0449,Pro YogaMat 995,Sports,PeakGear,4833.96,552,3.25,2024-08-24
P0450,Pro TennisRacket 956,Sports,ProActive,4797.64,1317,3.47,2025-09-11
P0451,Mini Lipstick 449,Beauty,LuxeCare,1056.13,1941,3.61,2023-01-28
P0452,Ultra Speaker 563,Electronics,NovaTech,8444.76,1943,4.52,2024-12-18
P0453,Pro Handbag 529,Fashion,Trendify,5408.6,1942,3.37,2020-02-26
P0454,Prime PowerBank 587,Electronics,NovaTech,17813.35,1507,3.87,2019-06-01
P0455,Prime Lamp 868,Home,CasaPro,694.99,138,4.58,2021-07-03
P0456,Ultra Table 161,Home,Nestoria,7422.83,1528,4.39,2022-11-10
P0457,Prime Serum 974,Beauty,LuxeCare,789.23,571,4.43,2024-01-26
P0458,Smart Charger 984,Electronics,NovaTech,15229.27,393,4.06,2019-01-31
P0459,Ultra Handbag 856,Fashion,SilkRoute,1162.66,1582,3.46,2024-09-25
P0460,Mini Mask 356,Beauty,AuraSkin,2265.59,428,4.3,2022-11-12
P0461,Classic Lamp 870,Home,Nestoria,8590.73,1631,4.18,2021-01-02
P0462,Smart TennisRacket 279,Sports,Sportify,375.93,1751,3.83,2022-11-28
P0463,Ultra Handbag 197,Fashion,VogueLane,2338.56,651,4.06,2024-12-10
P0464,Ultra T-Shirt 152,Fashion,UrbanWear,2161.63,882,3.96,2022-08-29
P0465,Smart Cooker 557,Home,Hearthstone,14529.45,1031,4.13,2023-11-24
P0466,Pro Jeans 898,Fashion,UrbanWear,2665.12,642,3.82,2021-05-11
P0467,Mini Blender 801,Home,Nestoria,10770.82,740,4.07,2020-12-26
P0468,Prime TennisRacket 396,Sports,PeakGear,871.37,33,4.56,2022-04-17
P0469,Smart Perfume 261,Beauty,GlowMist,1738.29,1823,3.85,2025-10-29
P0470,Ultra Tablet 611,Electronics,ElectroMax,7340.19,1448,3.56,2019-05-22
P0471,Smart Handbag 806,Fashion,UrbanWear,3020.31,1073,3.64,2022-07-27
P0472,Ultra Blender 646,Home,CasaPro,10410.66,1177,3.76,2020-03-02
P0473,Ultra Smartwatch 537,Electronics,ElectroMax,2557.07,123,3.49,2023-05-15
P0474,Mini Smartwatch 118,Electronics,NovaTech,14144.96,216,4.65,2023-04-05
P0475,Ultra T-Shirt 124,Fashion,Trendify,4243.67,452,4.56,2020-08-27
P0476,Ultra Headphones 995,Electronics,PixelPro,3738.25,544,4.39,2019-02-27
P0477,Smart Mask 115,Beauty,GlowMist,1096.09,52,4.78,2019-05-05
P0478,Mini Moisturizer 358,Beauty,VelvetTouch,660.05,521,3.93,2022-07-21
P0479,Prime Blender 274,Home,ComfortLiving,7852.32,320,3.21,2021-01-06
P0480,Smart RunningShoes 905,Sports,PeakGear,2872.89,902,4.6,2025-02-20
P0481,Pro PowerBank 721,Electronics,SoundWave,10248.16,1459,3.42,2025-09-24
P0482,Classic Charger 344,Electronics,Voltix,2096.78,996,3.6,2023-06-16
P0483,Classic Jeans 617,Fashion,SilkRoute,2030.57,475,3.97,2023-05-29
P0484,Pro SofaCover 698,Home,ComfortLiving,7795.74,460,4.78,2024-11-11
P0485,Smart Lipstick 669,Beauty,PureBloom,1930.28,681,4.76,2022-01-20
P0486,Prime YogaMat 442,Sports,Endura,2180.34,214,3.29,2019-08-01
P0487,Ultra Lipstick 581,Beauty,PureBloom,331.55,1749,4.34,2019-05-02
P0488,Ultra Jacket 640,Fashion,Trendify,3222.41,996,4.41,2024-05-15
P0489,Classic Lamp 514,Home,ComfortLiving,2505.79,1743,4.61,2024-04-08
P0490,Pro Blender 671,Home,CasaPro,5174.94,1720,4.57,2024-12-25
P0491,Smart RunningShoes 321,Sports,Sportify,4298.96,672,3.97,2023-12-12
P0492,Prime Lamp 528,Home,HomeEssence,12096.76,819,3.95,2019-10-12
P0493,Pro Lipstick 954,Beauty,PureBloom,1104.67,1699,4.61,2024-10-11
P0494,Pro T-Shirt 314,Fashion,VogueLane,4753.04,1739,3.84,2024-11-07
P0495,Pro Dumbbell 714,Sports,Sportify,6587.59,520,4.19,2025-10-03
P0496,Mini Lipstick 378,Beauty,PureBloom,1088.3,1205,4.72,2019-06-13
P0497,Mini WaterBottle 169,Sports,Endura,3276.17,923,3.57,2023-04-26
P0498,Prime Speaker 891,Electronics,SoundWave,16885.9,1493,4.13,2019-07-29
P0499,Ultra YogaMat 822,Sports,FitFlex,2435.82,970,4.57,2020-10-23
P0500,Prime Smartwatch 567,Electronics,ElectroMax,14378.29,792,3.71,2024-03-09
P0501,Mini Jeans 415,Fashion,SilkRoute,962.29,1462,3.87,2020-03-28
P0502,Ultra Jacket 810,Fashion,StyleHub,5448.34,340,4.56,2025-04-21
P0503,Classic RunningShoes 764,Sports,PeakGear,6450.73,1085,3.67,2022-11-25
P0504,Ultra Dumbbell 576,Sports,Sportify,7240.33,1084,3.71,2025-05-05
P0505,Smart Perfume 941,Beauty,VelvetTouch,840.69,554,4.4,2019-01-10
P0506,Prime Tablet 378,Electronics,SoundWave,1864.31,104,4.36,2022-07-03
P0507,Classic PowerBank 262,Electronics,PixelPro,14472.66,1534,4.47,2020-09-22
P0508,Prime Lipstick 364,Beauty,LuxeCare,2231.26,235,4.48,2025-09-09
P0509,Mini Perfume 746,Beauty,LuxeCare,2239.57,945,4.54,2021-09-23
P0510,Smart Mask 430,Beauty,GlowMist,783.62,880,4.31,2024-07-22
P0511,Classic Lipstick 299,Beauty,GlowMist,1383.08,526,3.3,2020-10-08
P0512,Smart Blender 400,Home,Nestoria,5378.48,983,4.44,2019-01-03
P0513,Pro Perfume 689,Beauty,GlowMist,1418.93,18,3.86,2022-04-25
P0514,Pro Dress 837,Fashion,StyleHub,429.36,1473,3.85,2023-06-17
P0515,Mini T-Shirt 247,Fashion,SilkRoute,1737.88,136,3.71,2022-06-19
P0516,Mini Serum 443,Beauty,PureBloom,1063.16,1338,3.27,2021-04-16
P0517,Smart Perfume 810,Beauty,AuraSkin,831.23,1864,3.3,2021-11-20
P0518,Mini Speaker 195,Electronics,ElectroMax,17311.83,899,3.9,2022-08-15
P0519,Ultra Vacuum 853,Home,CasaPro,8216.9,1157,3.64,2022-10-03
P0520,Classic Handbag 544,Fashion,SilkRoute,2473.17,1980,4.03,2022-09-25
P0521,Pro Moisturizer 328,Beauty,LuxeCare,2016.03,607,3.77,2023-03-05
P0522,Smart Sneakers 222,Fashion,StyleHub,286.87,1974,4.73,2023-03-10
P0523,Mini Smartwatch 604,Electronics,ElectroMax,19720.81,1193,4.54,2025-02-15
P0524,Prime Dumbbell 425,Sports,Endura,3301.9,1327,3.5,2022-11-17
P0525,Smart PowerBank 919,Electronics,NovaTech,18341.83,411,3.96,2024-11-03
P0526,Ultra Vacuum 168,Home,Hearthstone,12251.05,684,4.05,2019-03-23
P0527,Mini PowerBank 804,Electronics,ElectroMax,4276.42,157,3.71,2023-11-03
P0528,Pro Vacuum 230,Home,HomeEssence,13016.62,194,4.77,2019-01-10
P0529,Classic Tablet 210,Electronics,NovaTech,4618.28,1137,4.16,2021-10-25
P0530,Ultra Dress 782,Fashion,StyleHub,4128.56,822,4.02,2024-06-19
P0531,Smart TennisRacket 114,Sports,ProActive,4501.03,1746,4.25,2024-09-11
P0532,Smart Charger 116,Electronics,ElectroMax,5294.82,230,4.31,2019-07-17
P0533,Prime Vacuum 449,Home,Nestoria,11502.48,1299,3.5,2020-03-08
P0534,Smart Jacket 818,Fashion,UrbanWear,1637.38,1957,4.61,2023-10-28
P0535,Ultra Serum 617,Beauty,VelvetTouch,824.57,1591,3.45,2024-02-16
P0536,Classic SofaCover 902,Home,Hearthstone,8008.73,9,4.58,2020-08-31
P0537,Pro Headphones 841,Electronics,Voltix,19065.03,1785,3.39,2023-09-15
P0538,Mini FaceWash 746,Beauty,PureBloom,1494.27,1898,4.0,2023-06-11
P0539,Mini Cooker 460,Home,CasaPro,10818.84,1626,4.62,2020-06-04
P0540,Mini Jeans 377,Fashion,UrbanWear,6535.5,846,3.36,2021-06-10
P0541,Ultra CyclingHelmet 357,Sports,Sportify,3191.64,1180,3.59,2019-05-29
P0542,Ultra RunningShoes 748,Sports,ProActive,4582.2,1117,4.68,2020-05-26
P0543,Smart CyclingHelmet 726,Sports,ProActive,8152.42,290,4.72,2023-11-20
P0544,Pro Jacket 651,Fashion,SilkRoute,4669.05,1255,4.38,2022-11-11
P0545,Classic Table 897,Home,Nestoria,10774.46,1052,3.23,2024-02-05
P0546,Prime Moisturizer 530,Beauty,GlowMist,155.32,1170,3.66,2024-02-06
P0547,Prime Jeans 384,Fashion,Trendify,3968.15,444,3.5,2021-09-03
P0548,Mini Tablet 866,Electronics,ElectroMax,9787.08,1965,4.39,2024-04-11
P0549,Smart Mask 199,Beauty,LuxeCare,1295.71,959,4.55,2020-12-11
P0550,Smart Mask 659,Beauty,GlowMist,1686.42,1911,4.4,2022-03-03
P0551,Ultra Jeans 705,Fashion,SilkRoute,3577.81,923,4.43,2024-02-11
P0552,Ultra Perfume 790,Beauty,PureBloom,1938.36,190,3.36,2022-02-28
P0553,Mini YogaMat 332,Sports,Sportify,6751.27,1110,4.53,2022-05-04
P0554,Prime Handbag 392,Fashion,UrbanWear,4536.71,1358,4.0,2025-08-30
P0555,Mini Blender 492,Home,Nestoria,10357.31,267,4.23,2019-08-12
P0556,Ultra Jacket 183,Fashion,Trendify,3945.62,911,4.23,2024-11-21
P0557,Classic Smartwatch 906,Electronics,ElectroMax,9675.5,1266,4.35,2022-09-05
P0558,Prime YogaMat 217,Sports,ProActive,7151.59,105,3.34,2022-02-24
P0559,Mini Perfume 684,Beauty,LuxeCare,2749.05,723,3.67,2025-04-23
P0560,Prime CyclingHelmet 683,Sports,Endura,6736.46,90,4.08,2020-05-20
P0561,Smart Tablet 361,Electronics,SoundWave,3978.26,659,3.98,2025-07-28
P0562,Ultra SofaCover 885,Home,CasaPro,10654.03,1647,3.22,2024-09-25
P0563,Prime Charger 746,Electronics,SoundWave,16558.72,1756,4.28,2022-04-15
P0564,Mini RunningShoes 820,Sports,Endura,859.92,235,3.93,2025-07-29
P0565,Prime Lipstick 165,Beauty,LuxeCare,561.44,1934,3.89,2023-03-09
P0566,Mini Perfume 317,Beauty,VelvetTouch,979.38,1749,3.97,2019-07-16
P0567,Smart Sneakers 825,Fashion,UrbanWear,2146.53,1833,4.3,2021-01-16
P0568,Mini YogaMat 776,Sports,FitFlex,4473.07,844,4.17,2024-07-30
P0569,Pro Table 192,Home,Nestoria,2602.35,1344,4.5,2019-07-26
P0570,Ultra Jeans 496,Fashion,SilkRoute,4455.34,912,4.36,2023-04-05
P0571,Ultra Mask 110,Beauty,LuxeCare,240.09,458,4.24,2022-05-03
P0572,Ultra Mask 525,Beauty,VelvetTouch,1859.14,1308,4.46,2021-04-18
P0573,Smart FaceWash 504,Beauty,LuxeCare,941.49,1776,4.42,2025-07-16
P0574,Prime SofaCover 956,Home,CasaPro,5384.81,798,3.43,2020-04-28
P0575,Prime Headphones 498,Electronics,NovaTech,6467.01,1327,3.29,2022-05-15
P0576,Smart Dumbbell 858,Sports,FitFlex,9487.6,1533,4.21,2021-10-06
P0577,Ultra Dumbbell 594,Sports,Endura,5591.53,902,3.94,2019-09-08
P0578,Ultra SofaCover 706,Home,ComfortLiving,7801.63,786,4.17,2025-09-29
P0579,Ultra Tablet 662,Electronics,NovaTech,3931.4,1589,4.31,2020-03-05
P0580,Mini Dress 685,Fashion,SilkRoute,5179.05,1729,4.06,2019-11-07
P0581,Mini Blender 809,Home,Nestoria,1463.24,129,4.36,2022-12-17
P0582,Mini Perfume 782,Beauty,GlowMist,458.43,1808,3.41,2025-02-17
P0583,Mini Table 126,Home,Hearthstone,2544.12,1593,4.59,2020-12-27
P0584,Pro RunningShoes 247,Sports,ProActive,5870.87,1644,4.65,2023-08-07
P0585,Pro Lamp 638,Home,Nestoria,6360.24,931,4.3,2024-10-30
P0586,Smart T-Shirt 663,Fashion,UrbanWear,4139.59,825,4.38,2022-12-07
P0587,Classic Headphones 766,Electronics,NovaTech,1235.12,1686,3.87,2025-09-01
P0588,Ultra Perfume 545,Beauty,PureBloom,1936.15,397,4.53,2022-04-26
P0589,Pro Serum 339,Beauty,PureBloom,1313.43,982,4.12,2020-08-28
P0590,Pro Dress 217,Fashion,StyleHub,717.54,1308,4.0,2022-03-26
P0591,Ultra Vacuum 218,Home,CasaPro,13490.53,54,4.2,2025-04-27
P0592,Classic Moisturizer 376,Beauty,LuxeCare,1971.76,1090,4.4,2022-07-22
P0593,Classic WaterBottle 195,Sports,FitFlex,3649.97,903,4.23,2024-11-29
P0594,Mini Cooker 618,Home,Hearthstone,4115.81,231,4.48,2025-01-01
P0595,Ultra Table 715,Home,ComfortLiving,5656.35,513,3.96,2024-06-02
P0596,Mini Table 261,Home,HomeEssence,4735.26,148,4.46,2019-11-30
P0597,Classic CyclingHelmet 440,Sports,PeakGear,2507.09,1667,4.15,2019-04-27
P0598,Classic Headphones 427,Electronics,NovaTech,5848.76,660,4.37,2019-10-03
P0599,Ultra RunningShoes 289,Sports,ProActive,1029.65,1249,3.57,2019-08-15
P0600,Pro Serum 480,Beauty,PureBloom,1913.83,1681,4.14,2025-01-27
P0601,Mini Speaker 615,Electronics,ElectroMax,4595.8,1564,4.21,2024-04-11
P0602,Pro TennisRacket 905,Sports,PeakGear,867.47,933,3.55,2024-10-12
P0603,Mini Jacket 127,Fashion,StyleHub,3534.09,22,4.47,2019-08-15
P0604,Ultra Table 147,Home,ComfortLiving,6200.16,1988,4.44,2019-04-22
P0605,Mini Smartwatch 336,Electronics,SoundWave,12584.26,593,3.82,2019-03-06
P0606,Ultra Table 180,Home,Hearthstone,2138.76,1720,4.43,2023-12-17
P0607,Prime Sneakers 666,Fashion,Trendify,3972.15,1036,4.27,2022-05-30
P0608,Ultra Tablet 422,Electronics,PixelPro,14746.87,1283,3.96,2023-11-27
P0609,Classic RunningShoes 134,Sports,ProActive,8564.79,837,4.17,2024-01-11
P0610,Pro Dress 209,Fashion,UrbanWear,2776.14,1771,4.71,2022-09-28
P0611,Classic Dress 889,Fashion,StyleHub,1621.0,211,3.97,2019-01-11
P0612,Classic Moisturizer 948,Beauty,LuxeCare,1309.57,418,4.76,2023-10-08
P0613,Mini CyclingHelmet 265,Sports,FitFlex,8542.61,760,4.79,2022-12-04
P0614,Mini Dumbbell 852,Sports,Sportify,3484.75,1308,4.27,2023-12-16
P0615,Ultra Moisturizer 400,Beauty,LuxeCare,2145.97,1122,3.3,2025-01-23
P0616,Classic Lamp 254,Home,ComfortLiving,3596.93,1078,3.23,2022-03-26
P0617,Ultra Headphones 478,Electronics,SoundWave,1651.47,776,3.22,2020-05-01
P0618,Smart Lipstick 750,Beauty,GlowMist,729.79,902,4.26,2022-12-30
P0619,Smart Charger 443,Electronics,SoundWave,11567.15,831,4.6,2025-05-26
P0620,Prime CyclingHelmet 417,Sports,FitFlex,3705.94,1834,4.24,2024-09-04
P0621,Prime PowerBank 316,Electronics,Voltix,10975.23,1044,4.67,2020-02-03
P0622,Classic Mask 326,Beauty,GlowMist,716.2,557,4.24,2023-07-25
P0623,Prime FaceWash 136,Beauty,LuxeCare,679.69,37,3.64,2025-03-03
P0624,Mini TennisRacket 269,Sports,Endura,1247.66,1156,4.13,2024-01-09
P0625,Mini T-Shirt 704,Fashion,UrbanWear,947.89,456,4.63,2021-07-30
P0626,Mini WaterBottle 211,Sports,Sportify,2288.91,837,3.82,2020-09-20
P0627,Pro Blender 258,Home,Nestoria,1855.71,352,4.43,2020-10-24
P0628,Mini TennisRacket 754,Sports,Sportify,864.53,1035,4.19,2024-01-23
P0629,Pro Tablet 325,Electronics,PixelPro,2329.47,783,4.7,2019-12-04
P0630,Mini Blender 527,Home,ComfortLiving,3468.5,1983,3.75,2024-08-10
P0631,Mini Handbag 710,Fashion,VogueLane,6290.05,234,4.54,2024-03-11
P0632,Ultra WaterBottle 618,Sports,FitFlex,4488.56,504,4.15,2022-08-25
P0633,Pro Jacket 786,Fashion,Trendify,3951.1,1730,4.42,2022-01-11
P0634,Mini Tablet 226,Electronics,Voltix,4678.98,293,4.51,2023-10-29
P0635,Pro Dress 361,Fashion,UrbanWear,5266.51,559,4.69,2023-01-22
P0636,Ultra T-Shirt 476,Fashion,StyleHub,3718.77,1889,3.48,2019-02-24
P0637,Mini Moisturizer 254,Beauty,LuxeCare,1515.38,1084,4.7,2021-10-13
P0638,Mini Jeans 562,Fashion,StyleHub,1095.79,596,3.9,2022-10-07
P0639,Smart WaterBottle 749,Sports,PeakGear,7338.08,1195,4.3,2025-06-13
P0640,Classic SofaCover 298,Home,ComfortLiving,8228.98,1698,4.36,2023-07-10
P0641,Ultra Mask 934,Beauty,AuraSkin,883.07,899,4.23,2021-05-07
P0642,Pro T-Shirt 506,Fashion,UrbanWear,4282.34,699,3.59,2019-06-18
P0643,Prime Dress 326,Fashion,VogueLane,934.14,1048,3.23,2023-06-19
P0644,Classic Moisturizer 261,Beauty,PureBloom,394.92,1713,4.31,2023-02-05
P0645,Smart Sneakers 382,Fashion,UrbanWear,3629.11,503,3.62,2019-12-21
P0646,Smart Blender 789,Home,Hearthstone,6554.76,122,3.66,2019-06-05
P0647,Prime Jeans 929,Fashion,StyleHub,5838.03,1964,3.74,2025-03-03
P0648,Prime T-Shirt 911,Fashion,StyleHub,1909.68,158,3.72,2024-05-20
P0649,Mini TennisRacket 118,Sports,PeakGear,5600.92,1315,3.77,2023-09-28
P0650,Mini RunningShoes 150,Sports,Endura,5991.68,1910,3.46,2022-04-06
P0651,Pro PowerBank 300,Electronics,PixelPro,1944.91,399,4.19,2025-10-04
P0652,Smart Sneakers 965,Fashion,UrbanWear,4074.71,1335,4.7,2024-07-10
P0653,Ultra Table 559,Home,Hearthstone,9666.02,467,4.05,2022-09-14
P0654,Classic Jeans 277,Fashion,SilkRoute,2170.27,607,4.15,2021-10-16
P0655,Mini RunningShoes 398,Sports,Sportify,3167.06,1118,3.28,2024-05-01
P0656,Prime RunningShoes 871,Sports,ProActive,2836.71,736,4.76,2023-02-06
P0657,Ultra Smartwatch 349,Electronics,NovaTech,13796.5,1263,4.13,2021-02-10
P0658,Pro Headphones 745,Electronics,PixelPro,14156.58,395,3.54,2020-03-26
P0659,Classic Lamp 370,Home,Nestoria,4864.99,1886,4.67,2022-08-31
P0660,Mini Jeans 278,Fashion,UrbanWear,2599.87,267,4.42,2023-06-21
P0661,Smart Jacket 196,Fashion,SilkRoute,5070.09,1415,3.92,2025-10-02
P0662,Ultra CyclingHelmet 856,Sports,Sportify,4293.44,150,4.16,2019-02-17
P0663,Mini PowerBank 917,Electronics,NovaTech,17452.74,178,3.95,2023-11-06
P0664,Pro Sneakers 212,Fashion,Trendify,5408.52,1550,3.8,2020-02-05
P0665,Mini Charger 860,Electronics,PixelPro,8934.13,908,3.66,2022-05-17
P0666,Ultra CyclingHelmet 187,Sports,FitFlex,7596.95,1734,4.54,2022-11-25
P0667,Smart Sneakers 639,Fashion,StyleHub,5386.24,1462,3.38,2025-03-18
P0668,Mini T-Shirt 424,Fashion,UrbanWear,773.48,1437,4.49,2022-06-30
P0669,Mini Lamp 322,Home,ComfortLiving,3666.51,1812,4.34,2020-01-14
P0670,Prime CyclingHelmet 511,Sports,FitFlex,5091.27,1667,3.21,2021-11-07
P0671,Prime Headphones 604,Electronics,SoundWave,10204.9,232,3.37,2020-05-29
P0672,Classic Serum 977,Beauty,LuxeCare,1349.26,500,4.74,2024-04-09
P0673,Ultra CyclingHelmet 365,Sports,Endura,6734.32,649,3.67,2020-06-15
P0674,Prime Perfume 666,Beauty,GlowMist,351.8,1561,4.3,2022-05-25
P0675,Ultra PowerBank 424,Electronics,SoundWave,18314.86,259,3.57,2019-09-13
P0676,Pro Mask 175,Beauty,PureBloom,1232.55,1928,4.16,2022-11-25
P0677,Classic Speaker 343,Electronics,NovaTech,6298.05,869,3.61,2021-02-10
P0678,Mini Sneakers 694,Fashion,UrbanWear,295.15,1415,4.61,2024-05-02
P0679,Prime Tablet 397,Electronics,Voltix,10551.44,1016,4.07,2019-07-06
P0680,Mini FaceWash 955,Beauty,AuraSkin,260.34,465,4.77,2022-01-28
P0681,Prime Charger 754,Electronics,NovaTech,6035.87,1340,4.53,2025-10-29
P0682,Mini FaceWash 589,Beauty,LuxeCare,928.2,494,3.32,2024-06-04
P0683,Ultra Blender 914,Home,CasaPro,1653.52,1140,4.12,2024-01-08
P0684,Prime SofaCover 467,Home,CasaPro,10216.45,989,4.67,2020-09-19
P0685,Classic RunningShoes 557,Sports,FitFlex,2494.61,1240,4.22,2020-12-05
P0686,Mini Table 197,Home,CasaPro,4697.98,1303,4.53,2023-04-11
P0687,Classic Handbag 726,Fashion,StyleHub,5519.86,412,3.34,2020-05-17
P0688,Mini Dress 440,Fashion,UrbanWear,4421.09,166,3.5,2023-05-18
P0689,Pro Lipstick 102,Beauty,VelvetTouch,2573.5,252,3.88,2024-03-01
P0690,Smart Speaker 385,Electronics,NovaTech,17472.24,476,4.32,2021-11-07
P0691,Prime Sneakers 839,Fashion,UrbanWear,3524.11,229,3.79,2024-09-12
P0692,Classic Mask 731,Beauty,GlowMist,1454.55,1964,4.56,2022-09-13
P0693,Classic Sneakers 467,Fashion,UrbanWear,4630.65,458,3.83,2021-01-16
P0694,Mini FaceWash 456,Beauty,LuxeCare,389.67,146,3.4,2020-08-31
P0695,Ultra Headphones 204,Electronics,Voltix,13653.05,384,3.8,2019-07-01
P0696,Mini Dress 385,Fashion,Trendify,4056.57,285,4.52,2020-05-31
P0697,Pro T-Shirt 671,Fashion,SilkRoute,1616.79,1927,4.43,2025-06-15
P0698,Classic Blender 354,Home,HomeEssence,13112.45,982,4.19,2020-05-22
P0699,Mini Handbag 667,Fashion,UrbanWear,2406.8,914,3.31,2020-03-13
P0700,Smart CyclingHelmet 962,Sports,ProActive,6394.86,6,3.52,2022-02-13
P0701,Classic Moisturizer 198,Beauty,LuxeCare,612.81,1725,3.79,2022-06-17
P0702,Mini Headphones 115,Electronics,PixelPro,5975.48,418,4.67,2025-03-10
P0703,Classic Headphones 783,Electronics,SoundWave,9469.2,1905,3.42,2024-12-31
P0704,Mini SofaCover 666,Home,Nestoria,5772.8,760,3.88,2022-04-22
P0705,Pro Speaker 861,Electronics,NovaTech,1190.41,1823,4.26,2023-07-03
P0706,Smart T-Shirt 686,Fashion,SilkRoute,811.88,680,3.74,2021-06-21
P0707,Pro PowerBank 310,Electronics,ElectroMax,15929.12,1991,3.95,2021-05-30
P0708,Prime Mask 316,Beauty,AuraSkin,345.29,1883,3.79,2020-06-14
P0709,Pro Headphones 500,Electronics,PixelPro,4524.83,1908,3.97,2020-08-26
P0710,Smart Lamp 436,Home,ComfortLiving,7855.37,1874,4.7,2020-05-05
P0711,Mini Jeans 865,Fashion,UrbanWear,2860.27,479,3.7,2022-08-07
P0712,Smart Smartwatch 718,Electronics,ElectroMax,18630.65,538,3.64,2023-11-19
P0713,Prime Table 836,Home,Nestoria,7836.08,644,3.62,2023-01-20
P0714,Prime Tablet 433,Electronics,NovaTech,7554.38,806,4.23,2022-07-18
P0715,Prime Dumbbell 136,Sports,PeakGear,5393.7,68,3.76,2025-01-16
P0716,Prime PowerBank 119,Electronics,PixelPro,11045.43,527,3.21,2019-07-20
P0717,Ultra Headphones 123,Electronics,SoundWave,6665.17,432,3.67,2025-01-02
P0718,Pro Lipstick 516,Beauty,PureBloom,1517.44,275,3.71,2023-09-25
P0719,Pro Smartwatch 140,Electronics,SoundWave,12428.69,1827,3.37,2023-04-23
P0720,Prime Table 481,Home,HomeEssence,4632.04,692,4.7,2023-12-04
P0721,Ultra Headphones 747,Electronics,PixelPro,10246.15,793,4.6,2020-02-20
P0722,Pro Tablet 353,Electronics,Voltix,3037.59,846,4.02,2022-04-13
P0723,Classic Lamp 389,Home,Nestoria,7544.33,172,4.71,2025-01-30
P0724,Classic T-Shirt 987,Fashion,SilkRoute,5450.65,1398,4.29,2024-07-12
P0725,Classic CyclingHelmet 866,Sports,ProActive,7723.82,1085,4.66,2025-06-14
P0726,Smart SofaCover 776,Home,CasaPro,9063.3,1987,4.47,2020-09-25
P0727,Prime SofaCover 606,Home,Hearthstone,7020.48,1649,3.96,2021-11-09
P0728,Pro CyclingHelmet 643,Sports,Endura,6156.27,930,3.4,2020-06-03
P0729,Mini RunningShoes 552,Sports,PeakGear,7618.74,167,4.14,2025-09-29
P0730,Pro Jacket 958,Fashion,Trendify,2071.43,1186,3.99,2019-03-05
P0731,Mini CyclingHelmet 426,Sports,Sportify,5984.59,1824,4.37,2023-08-30
P0732,Prime Lipstick 976,Beauty,GlowMist,2120.36,727,4.49,2024-04-01
P0733,Ultra Tablet 118,Electronics,Voltix,15433.15,1606,4.19,2025-01-13
P0734,Ultra Vacuum 479,Home,Nestoria,7532.5,551,3.77,2022-10-11
P0735,Prime Perfume 315,Beauty,VelvetTouch,670.81,54,4.8,2022-10-30
P0736,Prime Jacket 264,Fashion,UrbanWear,3556.11,796,4.11,2024-09-09
P0737,Smart TennisRacket 668,Sports,Endura,9896.31,1673,3.84,2021-08-19
P0738,Classic FaceWash 131,Beauty,VelvetTouch,1809.54,1313,4.65,2025-09-23
P0739,Prime Cooker 147,Home,HomeEssence,9806.73,1015,4.59,2024-03-27
P0740,Pro RunningShoes 602,Sports,Sportify,1127.0,1393,3.89,2022-09-28
P0741,Pro Charger 721,Electronics,PixelPro,4237.02,126,3.97,2024-09-18
P0742,Smart Jacket 785,Fashion,SilkRoute,3540.7,1186,3.23,2021-05-04
P0743,Pro Serum 951,Beauty,PureBloom,1777.23,1130,3.21,2023-04-03
P0744,Classic WaterBottle 220,Sports,Sportify,6655.33,139,4.79,2025-01-30
P0745,Mini Dress 196,Fashion,VogueLane,4375.06,1658,3.5,2021-08-02
P0746,Ultra WaterBottle 494,Sports,FitFlex,2680.23,594,4.52,2025-04-03
P0747,Ultra Handbag 863,Fashion,StyleHub,1815.22,981,3.59,2025-03-02
P0748,Prime Vacuum 109,Home,CasaPro,13218.18,929,4.12,2019-11-02
P0749,Ultra Moisturizer 961,Beauty,LuxeCare,1877.69,1340,4.21,2024-09-24
P0750,Pro Jacket 671,Fashion,StyleHub,5097.88,1078,4.11,2022-01-04
P0751,Pro WaterBottle 546,Sports,FitFlex,6047.67,170,3.28,2019-03-15
P0752,Prime Serum 711,Beauty,VelvetTouch,789.04,1523,3.71,2021-06-21
P0753,Smart Speaker 118,Electronics,ElectroMax,6629.61,275,4.15,2022-02-20
P0754,Mini T-Shirt 284,Fashion,SilkRoute,2988.09,650,3.25,2025-07-13
P0755,Pro T-Shirt 777,Fashion,Trendify,4883.4,461,4.73,2020-01-11
P0756,Smart Handbag 147,Fashion,StyleHub,3561.87,1853,4.72,2023-01-12
P0757,Mini Serum 106,Beauty,GlowMist,2495.71,928,3.54,2025-09-05
P0758,Smart Moisturizer 200,Beauty,GlowMist,1266.13,1129,4.19,2020-10-09
P0759,Smart T-Shirt 525,Fashion,Trendify,3681.17,108,3.47,2022-07-06
P0760,Pro Charger 655,Electronics,NovaTech,16418.63,63,4.79,2019-05-14
P0761,Smart Blender 423,Home,ComfortLiving,11543.3,1831,4.74,2023-07-23
P0762,Mini PowerBank 714,Electronics,Voltix,18000.93,992,4.17,2023-09-05
P0763,Ultra Smartwatch 962,Electronics,NovaTech,15687.04,634,3.84,2021-12-04
P0764,Classic Charger 778,Electronics,PixelPro,14397.47,528,4.61,2024-10-23
P0765,Mini T-Shirt 912,Fashion,StyleHub,3973.74,43,4.72,2025-05-13
P0766,Ultra Perfume 143,Beauty,PureBloom,1216.68,537,3.63,2022-04-01
P0767,Ultra Tablet 240,Electronics,NovaTech,13844.79,1085,4.06,2022-11-20
P0768,Ultra Headphones 332,Electronics,SoundWave,9484.66,1797,4.19,2023-12-25
P0769,Pro Charger 164,Electronics,NovaTech,10576.46,911,4.76,2025-01-16
P0770,Prime Headphones 145,Electronics,PixelPro,7858.38,1908,3.56,2024-03-29
P0771,Prime Moisturizer 799,Beauty,VelvetTouch,1609.47,1012,3.89,2019-11-26
P0772,Smart Mask 860,Beauty,PureBloom,2015.79,581,4.76,2023-01-25
P0773,Smart FaceWash 740,Beauty,VelvetTouch,1264.22,1237,4.36,2020-12-25
P0774,Ultra WaterBottle 984,Sports,ProActive,1553.52,926,4.72,2023-01-29
P0775,Classic Dumbbell 300,Sports,Endura,7560.89,1388,4.12,2020-11-29
P0776,Classic Smartwatch 927,Electronics,NovaTech,6711.99,1092,4.78,2025-01-18
P0777,Pro Tablet 892,Electronics,SoundWave,3347.82,29,4.58,2025-01-19
P0778,Ultra PowerBank 943,Electronics,Voltix,11034.62,1338,3.84,2021-09-13
P0779,Pro Lipstick 445,Beauty,GlowMist,1038.68,1542,3.32,2023-08-21
P0780,Mini Sneakers 654,Fashion,VogueLane,4386.56,736,3.59,2023-03-19
P0781,Pro Dumbbell 928,Sports,Endura,732.29,1935,4.66,2023-05-06
P0782,Smart WaterBottle 549,Sports,Sportify,9718.9,1019,4.66,2025-01-03
P0783,Smart T-Shirt 152,Fashion,Trendify,3168.25,1970,3.59,2025-04-27
P0784,Smart Sneakers 540,Fashion,UrbanWear,4416.89,1247,4.31,2024-07-26
P0785,Ultra Smartwatch 982,Electronics,PixelPro,17279.37,1250,4.76,2022-07-13
P0786,Smart RunningShoes 581,Sports,ProActive,7617.57,754,3.38,2021-02-09
P0787,Ultra Tablet 914,Electronics,SoundWave,2130.36,672,3.68,2021-05-09
P0788,Smart WaterBottle 389,Sports,PeakGear,5373.26,910,3.46,2022-07-13
P0789,Smart Sneakers 810,Fashion,SilkRoute,2632.62,674,3.45,2024-04-01
P0790,Mini Smartwatch 622,Electronics,SoundWave,8847.35,1772,4.2,2020-05-08
P0791,Smart WaterBottle 125,Sports,Sportify,10648.45,6,3.99,2019-06-20
P0792,Smart Cooker 538,Home,ComfortLiving,3106.51,1279,3.43,2023-04-17
P0793,Classic RunningShoes 558,Sports,PeakGear,9312.6,364,4.56,2025-10-04
P0794,Smart Charger 522,Electronics,PixelPro,5451.12,416,3.96,2022-05-01
P0795,Pro TennisRacket 420,Sports,FitFlex,3425.61,388,3.89,2021-04-30
P0796,Prime Mask 299,Beauty,PureBloom,1059.46,573,3.8,2023-09-20
P0797,Ultra YogaMat 872,Sports,FitFlex,7394.31,1902,4.77,2024-12-27
P0798,Classic FaceWash 590,Beauty,AuraSkin,1526.14,575,3.45,2021-05-10
P0799,Prime Dress 637,Fashion,SilkRoute,1460.07,1250,4.36,2020-09-20
P0800,Ultra Moisturizer 124,Beauty,GlowMist,2283.33,620,3.95,2024-08-08
P0801,Smart Handbag 264,Fashion,StyleHub,2738.59,59,3.77,2024-06-11
P0802,Smart Dress 893,Fashion,VogueLane,5334.71,191,4.17,2025-07-06
P0803,Ultra CyclingHelmet 611,Sports,ProActive,7176.74,6,4.1,2023-08-23
P0804,Mini Dress 802,Fashion,StyleHub,3578.75,28,3.81,2023-06-23
P0805,Smart Dumbbell 598,Sports,PeakGear,4630.72,660,4.01,2019-04-06
P0806,Smart Mask 560,Beauty,AuraSkin,1706.07,1238,3.91,2021-06-07
P0807,Classic Headphones 643,Electronics,SoundWave,5837.77,529,3.61,2024-12-13
P0808,Classic Moisturizer 939,Beauty,AuraSkin,832.73,651,4.06,2024-02-19
P0809,Smart Jeans 202,Fashion,StyleHub,4299.04,849,3.68,2022-08-04
P0810,Mini TennisRacket 800,Sports,PeakGear,417.4,911,4.04,2022-10-01
P0811,Smart Jeans 528,Fashion,StyleHub,4052.2,1610,4.73,2024-06-16
P0812,Pro TennisRacket 851,Sports,FitFlex,10300.97,1369,3.74,2020-07-17
P0813,Classic SofaCover 382,Home,Nestoria,2574.55,462,4.36,2019-06-09
P0814,Mini Lamp 545,Home,Hearthstone,9982.43,1874,3.84,2019-02-25
P0815,Mini PowerBank 401,Electronics,NovaTech,9442.31,1725,3.88,2020-05-27
P0816,Prime Cooker 253,Home,ComfortLiving,6105.69,112,4.79,2020-10-25
P0817,Mini Dress 377,Fashion,StyleHub,3396.17,335,3.9,2021-08-13
P0818,Prime WaterBottle 638,Sports,Endura,5649.77,1074,3.82,2020-09-27
P0819,Mini Table 613,Home,ComfortLiving,5098.52,822,3.8,2022-01-05
P0820,Classic RunningShoes 305,Sports,FitFlex,5259.92,985,3.57,2023-02-06
P0821,Smart Headphones 847,Electronics,PixelPro,2673.79,1199,4.48,2019-11-06
P0822,Smart SofaCover 977,Home,Hearthstone,1950.9,661,3.69,2022-06-27
P0823,Smart T-Shirt 585,Fashion,UrbanWear,4920.08,610,4.58,2020-10-02
P0824,Pro Tablet 233,Electronics,NovaTech,8927.16,404,3.29,2021-03-23
P0825,Mini Jacket 482,Fashion,UrbanWear,4119.87,1089,4.29,2023-07-13
P0826,Mini Headphones 318,Electronics,SoundWave,13413.77,360,3.44,2024-02-21
P0827,Pro Lipstick 952,Beauty,PureBloom,1005.25,1872,3.77,2022-08-03
P0828,Mini Jacket 788,Fashion,Trendify,794.87,1796,3.76,2025-02-28
P0829,Ultra RunningShoes 713,Sports,Endura,5560.67,1482,3.31,2022-11-11
P0830,Classic Table 903,Home,HomeEssence,4077.45,560,4.37,2019-03-25
P0831,Classic Jacket 568,Fashion,SilkRoute,2270.28,1214,4.32,2022-11-14
P0832,Mini Perfume 809,Beauty,AuraSkin,817.01,930,3.41,2023-05-31
P0833,Mini Vacuum 905,Home,Hearthstone,7239.62,20,3.86,2019-11-02
P0834,Classic Smartwatch 552,Electronics,SoundWave,10511.11,776,4.22,2020-06-21
P0835,Classic Speaker 533,Electronics,Voltix,9255.42,1569,3.49,2024-10-13
P0836,Smart RunningShoes 758,Sports,FitFlex,7973.56,534,3.57,2022-12-07
P0837,Smart Mask 250,Beauty,PureBloom,876.16,1416,3.24,2019-03-24
P0838,Smart Mask 345,Beauty,LuxeCare,993.33,1343,4.67,2022-08-28
P0839,Prime CyclingHelmet 314,Sports,FitFlex,792.02,146,3.49,2022-06-17
P0840,Prime Dress 180,Fashion,UrbanWear,1906.14,1301,4.75,2019-08-01
P0841,Ultra Moisturizer 554,Beauty,GlowMist,126.13,1369,3.55,2023-12-23
P0842,Ultra Mask 772,Beauty,LuxeCare,901.51,1574,3.99,2024-11-21
P0843,Prime PowerBank 141,Electronics,NovaTech,10761.28,1059,4.0,2022-09-08
P0844,Classic Dress 736,Fashion,SilkRoute,4337.23,567,3.63,2025-07-29
P0845,Classic RunningShoes 563,Sports,ProActive,8316.77,36,3.36,2022-12-12
P0846,Classic Tablet 691,Electronics,NovaTech,7731.46,1011,4.73,2023-01-19
P0847,Pro Vacuum 172,Home,HomeEssence,10982.91,611,4.51,2022-09-11
P0848,Classic Perfume 867,Beauty,GlowMist,178.35,41,4.46,2020-12-03
P0849,Mini Lipstick 778,Beauty,AuraSkin,2360.79,1797,3.94,2019-01-21
P0850,Prime Vacuum 433,Home,CasaPro,983.43,1433,3.2,2021-06-02
P0851,Classic Serum 274,Beauty,VelvetTouch,2486.79,1956,4.0,2023-04-26
P0852,Mini Dress 792,Fashion,SilkRoute,2145.09,1555,4.47,2025-01-16
P0853,Prime Moisturizer 555,Beauty,LuxeCare,770.71,1246,3.63,2020-04-16
P0854,Mini TennisRacket 376,Sports,PeakGear,5246.87,538,4.27,2025-03-14
P0855,Classic Table 948,Home,CasaPro,14523.51,468,4.27,2023-08-23
P0856,Smart TennisRacket 555,Sports,Sportify,1293.7,1618,3.25,2021-02-23
P0857,Mini PowerBank 233,Electronics,ElectroMax,19306.88,879,4.72,2019-11-13
P0858,Mini TennisRacket 570,Sports,Endura,713.31,557,4.79,2019-11-29
P0859,Mini Tablet 480,Electronics,Voltix,8700.04,1715,4.68,2023-01-25
P0860,Prime Serum 702,Beauty,LuxeCare,1924.07,664,4.18,2020-09-14
P0861,Smart Dress 902,Fashion,SilkRoute,4924.5,47,4.58,2020-02-05
P0862,Pro Perfume 325,Beauty,PureBloom,1714.74,1221,3.2,2024-07-03
P0863,Prime CyclingHelmet 252,Sports,FitFlex,1510.03,980,3.38,2019-07-26
P0864,Smart Perfume 718,Beauty,VelvetTouch,218.71,244,3.94,2025-06-09
P0865,Classic Perfume 790,Beauty,VelvetTouch,1326.72,793,4.28,2025-02-28
P0866,Classic Perfume 947,Beauty,PureBloom,2403.42,1537,3.98,2024-10-18
P0867,Mini SofaCover 652,Home,Nestoria,3630.03,1087,4.39,2025-01-12
P0868,Mini Lipstick 614,Beauty,LuxeCare,2207.46,132,4.64,2021-11-20
P0869,Classic Lipstick 116,Beauty,PureBloom,2030.65,310,4.36,2019-12-26
P0870,Mini PowerBank 883,Electronics,NovaTech,13100.5,601,4.4,2023-07-20
P0871,Prime Blender 756,Home,Hearthstone,11315.25,1359,4.5,2021-06-06
P0872,Classic PowerBank 754,Electronics,NovaTech,6249.93,128,3.78,2024-09-30
P0873,Mini Smartwatch 922,Electronics,Voltix,1170.7,1225,3.62,2022-11-22
P0874,Ultra YogaMat 719,Sports,FitFlex,4387.43,1772,4.33,2019-10-25
P0875,Mini WaterBottle 710,Sports,ProActive,6745.84,1693,4.68,2019-10-25
P0876,Smart Lamp 754,Home,ComfortLiving,1475.68,1247,3.65,2019-01-09
P0877,Smart FaceWash 130,Beauty,VelvetTouch,1579.95,522,4.2,2024-05-18
P0878,Prime Lipstick 818,Beauty,AuraSkin,628.97,1528,4.46,2023-08-22
P0879,Ultra Smartwatch 671,Electronics,PixelPro,15217.47,858,3.62,2020-02-16
P0880,Classic RunningShoes 984,Sports,Sportify,4421.05,279,4.58,2023-07-11
P0881,Ultra Dress 955,Fashion,SilkRoute,868.07,670,4.12,2020-11-08
P0882,Pro Serum 731,Beauty,AuraSkin,599.7,372,3.35,2024-11-10
P0883,Smart Charger 763,Electronics,SoundWave,16693.4,1994,3.36,2025-02-13
P0884,Pro Vacuum 309,Home,ComfortLiving,10057.78,1837,3.47,2022-08-02
P0885,Pro Sneakers 340,Fashion,SilkRoute,1069.71,1179,4.62,2022-08-27
P0886,Classic Moisturizer 602,Beauty,LuxeCare,1230.56,1579,3.72,2024-11-13
P0887,Classic Speaker 727,Electronics,NovaTech,15855.57,1504,3.76,2023-12-11
P0888,Pro Handbag 867,Fashion,VogueLane,5101.13,1949,3.94,2021-06-10
P0889,Classic Moisturizer 476,Beauty,GlowMist,1346.73,1360,3.33,2023-08-02
P0890,Smart Moisturizer 186,Beauty,PureBloom,1352.51,1711,3.68,2020-01-26
P0891,Mini Cooker 875,Home,Nestoria,6998.73,484,4.78,2025-08-14
P0892,Mini YogaMat 637,Sports,PeakGear,4901.45,1194,4.08,2019-11-05
P0893,Prime Jeans 774,Fashion,SilkRoute,2748.61,1555,4.23,2023-05-13
P0894,Ultra Blender 262,Home,ComfortLiving,3002.1,1345,3.53,2022-02-23
P0895,Prime Lipstick 919,Beauty,PureBloom,847.84,153,4.09,2023-03-21
P0896,Classic Smartwatch 916,Electronics,PixelPro,14601.38,1083,3.52,2020-09-14
P0897,Smart CyclingHelmet 249,Sports,ProActive,6451.86,764,4.32,2020-03-09
P0898,Mini Tablet 295,Electronics,Voltix,12800.47,360,3.71,2019-05-22
P0899,Classic RunningShoes 175,Sports,Endura,6209.3,3,4.28,2025-02-24
P0900,Mini YogaMat 637,Sports,PeakGear,4816.58,1963,3.53,2023-06-28
P0901,Mini Smartwatch 130,Electronics,Voltix,12089.0,428,4.48,2024-06-21
P0902,Pro Jeans 541,Fashion,UrbanWear,4768.95,1600,4.72,2019-10-25
P0903,Prime WaterBottle 156,Sports,FitFlex,751.49,960,4.11,2024-06-22
P0904,Classic Table 905,Home,Nestoria,2350.76,1737,4.39,2022-02-17
P0905,Classic Moisturizer 830,Beauty,LuxeCare,519.64,902,3.69,2019-01-31
P0906,Pro Handbag 317,Fashion,UrbanWear,632.99,1440,3.59,2020-07-29
P0907,Classic FaceWash 664,Beauty,PureBloom,1839.53,1755,3.62,2023-04-10
P0908,Mini Vacuum 997,Home,HomeEssence,6393.86,87,3.23,2019-10-12
P0909,Prime Serum 875,Beauty,AuraSkin,554.16,153,3.54,2024-01-13
P0910,Smart Smartwatch 768,Electronics,Voltix,21216.01,1547,3.64,2023-05-07
P0911,Mini Headphones 576,Electronics,Voltix,8472.79,1460,4.11,2025-03-08
P0912,Prime Speaker 806,Electronics,PixelPro,11867.37,823,4.34,2023-09-22
P0913,Smart T-Shirt 419,Fashion,Trendify,3938.81,743,4.26,2022-10-16
P0914,Pro Tablet 228,Electronics,Voltix,1601.21,1693,4.47,2022-04-16
P0915,Ultra Headphones 753,Electronics,PixelPro,15386.18,102,3.56,2023-04-22
P0916,Ultra Jacket 384,Fashion,VogueLane,2774.13,1628,4.08,2020-02-22
P0917,Prime Perfume 599,Beauty,LuxeCare,1238.97,742,3.21,2019-03-14
P0918,Ultra Handbag 479,Fashion,VogueLane,2120.18,1521,3.66,2020-10-22
P0919,Classic Headphones 881,Electronics,SoundWave,16359.9,215,4.16,2025-02-20
P0920,Mini TennisRacket 116,Sports,FitFlex,4076.13,1882,4.77,2025-06-27
P0921,Mini Jacket 749,Fashion,StyleHub,447.56,1379,4.22,2024-10-11
P0922,Prime SofaCover 790,Home,HomeEssence,13121.4,1022,4.46,2020-11-05
P0923,Smart Charger 965,Electronics,Voltix,18886.84,1379,3.74,2022-03-10
P0924,Ultra Moisturizer 358,Beauty,VelvetTouch,2399.65,1192,4.7,2022-04-25
P0925,Smart Cooker 472,Home,HomeEssence,13494.14,1838,3.23,2023-10-14
P0926,Ultra CyclingHelmet 300,Sports,Sportify,3627.87,520,3.53,2020-01-16
P0927,Smart Smartwatch 633,Electronics,ElectroMax,18737.49,608,3.91,2020-09-09
P0928,Smart Jacket 402,Fashion,StyleHub,577.36,1859,4.67,2019-11-25
P0929,Prime T-Shirt 560,Fashion,Trendify,6652.65,1007,3.79,2019-05-10
P0930,Pro PowerBank 728,Electronics,PixelPro,1321.11,418,3.54,2023-07-22
P0931,Smart WaterBottle 267,Sports,FitFlex,7394.36,124,4.45,2023-04-17
P0932,Ultra Table 518,Home,Nestoria,5054.17,677,4.64,2025-03-23
P0933,Smart Table 796,Home,ComfortLiving,13568.17,1174,4.13,2020-09-27
P0934,Smart SofaCover 692,Home,Nestoria,1898.2,1705,3.37,2021-09-03
P0935,Ultra TennisRacket 441,Sports,ProActive,7548.31,690,4.53,2020-04-27
P0936,Classic WaterBottle 136,Sports,FitFlex,8389.44,1741,4.58,2021-03-08
P0937,Mini Speaker 115,Electronics,PixelPro,13852.68,214,4.38,2024-04-28
P0938,Classic Serum 812,Beauty,VelvetTouch,317.65,1002,4.61,2025-06-28
P0939,Classic Lipstick 596,Beauty,GlowMist,2773.67,1210,4.71,2020-04-21
P0940,Classic Lamp 917,Home,HomeEssence,10393.26,650,4.39,2023-03-07
P0941,Mini FaceWash 422,Beauty,VelvetTouch,905.68,1466,3.96,2020-11-16
P0942,Mini Blender 295,Home,HomeEssence,1460.95,1566,3.71,2020-03-23
P0943,Prime Vacuum 415,Home,CasaPro,6705.03,1597,4.01,2023-04-25
P0944,Prime TennisRacket 866,Sports,FitFlex,5434.9,15,3.46,2022-01-02
P0945,Mini Handbag 346,Fashion,SilkRoute,3672.25,154,4.04,2021-12-12
P0946,Smart Jeans 452,Fashion,Trendify,2764.71,133,3.37,2022-03-21
P0947,Pro Moisturizer 555,Beauty,VelvetTouch,1907.28,247,3.65,2022-08-18
P0948,Ultra Lamp 298,Home,Nestoria,5356.36,473,3.96,2019-03-19
P0949,Prime Smartwatch 718,Electronics,ElectroMax,6033.85,1506,4.79,2020-03-02
P0950,Mini Moisturizer 631,Beauty,PureBloom,2432.5,1271,3.26,2020-06-15
P0951,Mini Table 289,Home,ComfortLiving,5724.17,1899,4.7,2025-02-10
P0952,Mini Serum 180,Beauty,LuxeCare,261.42,310,4.14,2021-04-05
P0953,Ultra RunningShoes 106,Sports,FitFlex,6217.34,229,4.25,2023-07-04
P0954,Mini Cooker 694,Home,Nestoria,6331.46,1797,3.57,2024-04-29
P0955,Prime Jacket 929,Fashion,SilkRoute,3512.11,379,3.78,2024-08-25
P0956,Smart Dumbbell 190,Sports,ProActive,2279.14,1871,4.36,2024-11-04
P0957,Smart Serum 623,Beauty,VelvetTouch,535.08,1086,4.01,2019-01-16
P0958,Pro SofaCover 190,Home,CasaPro,2867.8,453,4.16,2025-01-21
P0959,Pro Blender 895,Home,Hearthstone,15371.81,197,3.64,2025-06-01
P0960,Classic Cooker 350,Home,HomeEssence,7995.05,87,3.9,2022-05-15
P0961,Smart TennisRacket 187,Sports,Endura,6188.41,106,4.51,2023-05-12
P0962,Smart Moisturizer 795,Beauty,AuraSkin,252.26,308,4.1,2019-01-04
P0963,Mini Blender 984,Home,ComfortLiving,3021.03,1031,3.73,2021-01-31
P0964,Classic Handbag 669,Fashion,StyleHub,666.45,1984,3.85,2023-08-31
P0965,Prime Handbag 439,Fashion,VogueLane,3937.87,1582,3.96,2019-11-01
P0966,Classic Lipstick 759,Beauty,AuraSkin,1824.32,1708,4.53,2023-09-02
P0967,Ultra Charger 326,Electronics,ElectroMax,6360.85,1248,3.64,2022-10-21
P0968,Mini YogaMat 648,Sports,ProActive,3879.59,1794,4.1,2020-11-11
P0969,Mini T-Shirt 388,Fashion,VogueLane,1726.84,127,3.45,2024-05-17
P0970,Classic RunningShoes 908,Sports,ProActive,7768.62,1971,3.57,2023-08-11
P0971,Classic Sneakers 102,Fashion,SilkRoute,3960.42,523,3.34,2020-10-04
P0972,Classic Moisturizer 624,Beauty,AuraSkin,160.34,1258,4.52,2024-03-09
P0973,Prime Tablet 614,Electronics,PixelPro,3887.72,1384,3.95,2023-02-12
P0974,Pro RunningShoes 143,Sports,Sportify,2879.04,774,3.54,2020-08-31
P0975,Smart TennisRacket 782,Sports,FitFlex,978.19,644,3.97,2024-11-13
P0976,Smart SofaCover 514,Home,CasaPro,7045.37,1646,4.28,2019-10-01
P0977,Smart Lamp 487,Home,HomeEssence,2735.39,1438,4.14,2024-09-21
P0978,Pro Speaker 877,Electronics,NovaTech,14142.91,1734,4.47,2021-12-12
P0979,Mini FaceWash 295,Beauty,GlowMist,1029.5,322,4.5,2022-06-24
P0980,Mini WaterBottle 509,Sports,PeakGear,7331.75,1052,3.95,2022-08-04
P0981,Smart RunningShoes 210,Sports,PeakGear,2960.14,683,3.37,2023-05-18
P0982,Pro PowerBank 727,Electronics,ElectroMax,1526.07,1324,4.3,2022-04-20
P0983,Prime Jeans 186,Fashion,UrbanWear,1853.41,1221,3.25,2019-06-17
P0984,Ultra Perfume 496,Beauty,LuxeCare,401.99,429,4.71,2022-11-28
P0985,Pro Perfume 814,Beauty,AuraSkin,1802.56,994,3.93,2023-04-05
P0986,Ultra FaceWash 772,Beauty,AuraSkin,2552.67,981,3.55,2019-11-22
P0987,Mini RunningShoes 436,Sports,Endura,7111.68,540,4.27,2020-10-30
P0988,Prime RunningShoes 405,Sports,PeakGear,5315.33,571,4.73,2021-08-22
P0989,Mini Lipstick 884,Beauty,VelvetTouch,2951.24,1063,4.43,2024-10-23
P0990,Classic Moisturizer 404,Beauty,LuxeCare,205.94,1249,3.28,2022-02-26
P0991,Mini Cooker 290,Home,ComfortLiving,5109.17,843,3.3,2025-09-30
P0992,Mini Table 267,Home,ComfortLiving,1274.32,1251,3.4,2021-10-31
P0993,Pro Perfume 659,Beauty,GlowMist,794.25,1247,4.3,2019-03-18
P0994,Classic CyclingHelmet 591,Sports,Sportify,2149.34,1278,3.54,2025-09-26
P0995,Mini Jacket 957,Fashion,Trendify,6053.6,807,4.5,2020-01-12
P0996,Smart FaceWash 512,Beauty,VelvetTouch,1609.42,1847,3.57,2021-07-16
P0997,Pro WaterBottle 222,Sports,Endura,1583.01,1259,4.03,2022-05-26
P0998,Ultra PowerBank 506,Electronics,ElectroMax,7057.98,608,3.63,2021-10-14
P0999,Prime Cooker 394,Home,Hearthstone,6902.48,1736,3.32,2020-12-24
P1000,Pro RunningShoes 619,Sports,PeakGear,1387.48,504,4.57,2022-08-09
P1001,Prime Charger 508,Electronics,NovaTech,9526.43,447,3.5,2022-07-18
P1002,Smart Sneakers 225,Fashion,Trendify,3126.59,866,4.03,2020-01-17
P1003,Mini Handbag 962,Fashion,StyleHub,4700.94,1723,4.18,2020-09-25
P1004,Classic Charger 362,Electronics,SoundWave,18068.07,1934,3.48,2025-06-14
P1005,Prime Lamp 388,Home,CasaPro,8583.67,997,4.62,2021-01-09
P1006,Pro Serum 361,Beauty,PureBloom,2560.5,261,4.51,2019-09-10
P1007,Ultra Handbag 521,Fashion,VogueLane,1286.49,1683,4.41,2020-12-09
P1008,Smart RunningShoes 795,Sports,PeakGear,6879.53,702,4.21,2023-10-27
P1009,Prime Jacket 925,Fashion,VogueLane,283.64,1960,4.8,2022-03-08
P1010,Smart Serum 856,Beauty,PureBloom,899.04,649,3.23,2025-01-03
P1011,Smart Sneakers 787,Fashion,Trendify,4213.97,47,4.26,2023-10-31
P1012,Classic Tablet 457,Electronics,SoundWave,12493.8,243,3.7,2022-01-22
P1013,Pro FaceWash 901,Beauty,PureBloom,1291.03,34,3.3,2020-11-06
P1014,Classic Sneakers 148,Fashion,UrbanWear,2842.75,55,4.56,2021-09-09
P1015,Pro Table 737,Home,HomeEssence,909.62,1447,3.75,2023-04-17
P1016,Ultra Dress 609,Fashion,VogueLane,5220.84,1659,3.57,2021-09-22
P1017,Ultra Dumbbell 173,Sports,PeakGear,5397.19,1120,3.9,2021-02-04
P1018,Prime WaterBottle 448,Sports,FitFlex,3714.47,1396,4.57,2025-04-16
P1019,Mini RunningShoes 746,Sports,PeakGear,7464.74,1497,3.23,2024-01-21
P1020,Mini Vacuum 785,Home,ComfortLiving,7401.5,203,4.7,2024-09-10
P1021,Classic Perfume 942,Beauty,PureBloom,178.73,1814,4.77,2020-06-03
P1022,Mini Smartwatch 148,Electronics,NovaTech,16341.34,1091,3.6,2024-07-20
P1023,Pro T-Shirt 252,Fashion,VogueLane,4496.24,1301,3.36,2024-06-04
P1024,Prime Smartwatch 866,Electronics,ElectroMax,13984.65,368,4.18,2019-10-22
P1025,Prime Lipstick 228,Beauty,AuraSkin,2428.94,990,3.31,2019-04-30
P1026,Pro Lipstick 287,Beauty,AuraSkin,1623.91,1953,4.3,2021-02-28
P1027,Smart Tablet 495,Electronics,SoundWave,2466.7,95,3.3,2024-07-09
P1028,Prime Lamp 997,Home,CasaPro,3639.39,303,4.09,2021-08-21
P1029,Mini Speaker 317,Electronics,PixelPro,3352.8,78,3.81,2023-05-31
P1030,Mini Tablet 342,Electronics,PixelPro,8750.81,241,3.26,2024-02-24
P1031,Smart Dress 776,Fashion,VogueLane,2987.32,194,3.93,2022-11-13
P1032,Mini Mask 990,Beauty,PureBloom,990.28,43,4.62,2021-07-10
P1033,Prime Lipstick 748,Beauty,VelvetTouch,1066.09,1992,3.23,2025-07-16
P1034,Classic TennisRacket 322,Sports,PeakGear,7269.49,444,4.43,2025-01-12
P1035,Ultra Speaker 298,Electronics,NovaTech,6786.22,1738,3.25,2019-04-07
P1036,Mini Sneakers 445,Fashion,StyleHub,1958.85,1456,3.34,2023-10-05
P1037,Pro Sneakers 182,Fashion,VogueLane,4201.29,1657,3.76,2020-11-02
P1038,Pro PowerBank 330,Electronics,PixelPro,15864.42,528,4.09,2019-02-23
P1039,Prime CyclingHelmet 811,Sports,PeakGear,3526.15,123,3.84,2022-07-28
P1040,Pro Moisturizer 202,Beauty,VelvetTouch,424.99,1975,4.77,2024-02-03
P1041,Pro Lipstick 231,Beauty,VelvetTouch,497.08,25,3.92,2019-01-27
P1042,Mini FaceWash 760,Beauty,AuraSkin,1002.41,716,4.6,2022-06-27
P1043,Classic Lipstick 296,Beauty,AuraSkin,623.72,1102,4.13,2025-05-22
P1044,Pro Mask 949,Beauty,VelvetTouch,894.12,1368,4.24,2024-05-21
P1045,Ultra Tablet 841,Electronics,SoundWave,1302.75,1660,3.32,2020-02-04
P1046,Mini TennisRacket 783,Sports,PeakGear,4637.46,689,4.35,2023-09-11
P1047,Ultra Tablet 757,Electronics,SoundWave,14506.95,1034,4.44,2020-01-11
P1048,Prime FaceWash 799,Beauty,LuxeCare,559.19,657,4.35,2023-08-01
P1049,Prime Serum 127,Beauty,GlowMist,2115.88,1906,3.52,2025-05-13
P1050,Pro Sneakers 545,Fashion,StyleHub,4732.35,1978,4.67,2022-03-10
P1051,Ultra Mask 366,Beauty,LuxeCare,369.45,494,3.23,2023-07-26
P1052,Ultra Vacuum 717,Home,Nestoria,5759.16,1472,4.72,2020-12-06
P1053,Smart CyclingHelmet 788,Sports,Sportify,3007.18,773,3.42,2024-05-06
P1054,Smart Jeans 445,Fashion,SilkRoute,955.81,824,3.56,2019-01-29
P1055,Classic Lamp 987,Home,CasaPro,15182.51,264,3.69,2023-07-01
P1056,Smart CyclingHelmet 706,Sports,Sportify,3869.51,1288,4.09,2022-09-04
P1057,Smart Table 741,Home,Nestoria,871.04,1452,4.04,2019-06-28
P1058,Mini Lipstick 647,Beauty,VelvetTouch,1707.51,95,3.99,2021-08-20
P1059,Classic Sneakers 653,Fashion,Trendify,4709.73,1952,4.49,2025-01-25
P1060,Mini YogaMat 779,Sports,FitFlex,4678.34,637,3.85,2021-12-09
P1061,Prime Smartwatch 771,Electronics,SoundWave,3057.14,1352,4.29,2019-11-22
P1062,Classic Handbag 340,Fashion,VogueLane,1549.98,202,3.42,2024-04-28
P1063,Mini PowerBank 814,Electronics,Voltix,3310.7,9,4.53,2020-01-29
P1064,Ultra Perfume 683,Beauty,PureBloom,120.07,1988,4.6,2025-01-12
P1065,Pro WaterBottle 750,Sports,ProActive,6573.66,1533,3.67,2020-09-25
P1066,Mini CyclingHelmet 357,Sports,ProActive,9018.99,1902,3.47,2025-03-03
P1067,Mini Serum 523,Beauty,PureBloom,1774.64,1767,4.04,2025-03-09
P1068,Smart TennisRacket 353,Sports,FitFlex,4943.38,1072,4.38,2020-10-18
P1069,Pro T-Shirt 565,Fashion,UrbanWear,6137.24,1924,3.47,2025-08-14
P1070,Prime Perfume 271,Beauty,VelvetTouch,2593.38,1149,3.3,2019-01-11
P1071,Prime Jeans 734,Fashion,StyleHub,4021.47,1144,3.85,2022-09-22
P1072,Ultra WaterBottle 271,Sports,ProActive,6091.8,1320,4.25,2022-08-19
P1073,Smart Blender 724,Home,Hearthstone,3491.64,713,3.93,2020-08-31
P1074,Ultra CyclingHelmet 770,Sports,ProActive,1079.9,717,3.71,2025-03-23
P1075,Pro Moisturizer 814,Beauty,PureBloom,2083.62,1616,4.6,2022-05-04
P1076,Mini Smartwatch 435,Electronics,PixelPro,13208.98,1397,4.37,2020-01-28
P1077,Ultra SofaCover 182,Home,ComfortLiving,8452.82,690,4.45,2022-05-17
P1078,Ultra WaterBottle 363,Sports,Endura,5877.67,1986,3.84,2025-01-21
P1079,Prime Speaker 121,Electronics,PixelPro,13964.61,1850,4.0,2021-05-11
P1080,Ultra Table 250,Home,Nestoria,5281.84,1788,4.22,2024-08-10
P1081,Ultra PowerBank 937,Electronics,ElectroMax,10559.77,432,3.81,2020-09-16
P1082,Ultra SofaCover 761,Home,HomeEssence,7916.94,237,4.12,2019-06-12
P1083,Pro Lipstick 811,Beauty,VelvetTouch,1067.79,1838,3.45,2022-03-22
P1084,Mini RunningShoes 569,Sports,Endura,4676.21,270,4.27,2025-10-06
P1085,Smart Tablet 158,Electronics,ElectroMax,1632.81,1382,3.33,2019-02-28
P1086,Smart Table 257,Home,HomeEssence,10317.85,439,4.77,2023-11-08
P1087,Classic CyclingHelmet 487,Sports,ProActive,3142.02,663,4.71,2025-01-23
P1088,Prime Lamp 880,Home,CasaPro,6351.64,1993,4.02,2020-04-01
P1089,Smart T-Shirt 279,Fashion,UrbanWear,1538.84,1273,4.02,2020-07-12
P1090,Prime TennisRacket 620,Sports,Sportify,6173.21,673,4.27,2023-04-29
P1091,Mini T-Shirt 537,Fashion,SilkRoute,1993.88,247,3.52,2023-12-11
P1092,Ultra Cooker 677,Home,Hearthstone,8452.24,1326,3.44,2019-11-10
P1093,Mini CyclingHelmet 836,Sports,PeakGear,3990.01,943,3.67,2021-03-04
P1094,Ultra FaceWash 738,Beauty,GlowMist,1930.95,457,4.3,2025-06-06
P1095,Ultra SofaCover 310,Home,Nestoria,6901.67,1464,4.01,2019-11-30
P1096,Prime FaceWash 781,Beauty,GlowMist,1521.65,599,3.5,2023-08-24
P1097,Prime Blender 810,Home,HomeEssence,845.04,132,3.41,2023-09-16
P1098,Ultra Tablet 966,Electronics,NovaTech,12437.11,1897,3.74,2023-02-13
P1099,Mini WaterBottle 428,Sports,Endura,4318.82,1015,4.03,2024-01-22
P1100,Classic Handbag 806,Fashion,UrbanWear,3770.19,535,3.72,2020-12-07
P1101,Ultra Handbag 628,Fashion,SilkRoute,5086.64,1568,3.81,2021-01-03
P1102,Pro Lipstick 205,Beauty,PureBloom,2118.76,112,3.45,2020-02-13
P1103,Prime Moisturizer 232,Beauty,PureBloom,107.82,475,4.53,2022-01-26
P1104,Ultra Handbag 525,Fashion,SilkRoute,3285.58,1483,3.79,2022-02-11
P1105,Prime Speaker 706,Electronics,PixelPro,13691.28,1476,4.36,2019-12-28
P1106,Ultra Blender 586,Home,HomeEssence,5942.74,1626,4.25,2025-01-04
P1107,Mini Blender 748,Home,HomeEssence,9641.37,1796,3.47,2019-05-26
P1108,Pro Blender 882,Home,ComfortLiving,1791.92,1343,4.05,2025-10-11
P1109,Ultra Handbag 269,Fashion,StyleHub,656.16,1361,3.56,2022-10-01
P1110,Mini Vacuum 621,Home,ComfortLiving,6325.3,1154,4.44,2022-05-01
P1111,Classic WaterBottle 143,Sports,Endura,2511.42,414,4.65,2019-01-14
P1112,Prime Serum 515,Beauty,AuraSkin,147.47,758,3.24,2024-02-07
P1113,Ultra Lamp 795,Home,CasaPro,5605.76,79,4.23,2022-08-16
P1114,Classic CyclingHelmet 986,Sports,Endura,2307.35,491,3.23,2023-06-24
P1115,Classic T-Shirt 988,Fashion,UrbanWear,2992.52,781,4.41,2022-10-24
P1116,Prime YogaMat 965,Sports,FitFlex,1604.36,273,4.51,2021-06-04
P1117,Mini Handbag 976,Fashion,VogueLane,3952.13,675,3.68,2020-08-19
P1118,Pro Vacuum 394,Home,Hearthstone,7424.67,390,3.41,2024-11-26
P1119,Classic TennisRacket 788,Sports,ProActive,7992.01,1462,4.69,2022-10-06
P1120,Classic Sneakers 489,Fashion,SilkRoute,5874.51,1063,3.64,2024-06-22
P1121,Smart FaceWash 871,Beauty,PureBloom,1075.57,141,4.65,2019-01-15
P1122,Smart TennisRacket 576,Sports,ProActive,3068.54,1942,3.5,2020-05-14
P1123,Mini Table 267,Home,Nestoria,12939.11,596,3.71,2025-09-16
P1124,Mini TennisRacket 561,Sports,PeakGear,3573.74,319,3.3,2023-11-06
P1125,Pro Jeans 290,Fashion,VogueLane,4369.41,1024,4.7,2022-08-25
P1126,Pro Sneakers 715,Fashion,SilkRoute,2569.92,1882,4.78,2019-06-23
P1127,Ultra Headphones 275,Electronics,NovaTech,6551.69,906,4.28,2024-11-09
P1128,Classic TennisRacket 332,Sports,ProActive,9128.3,1256,4.31,2021-03-16
P1129,Smart Lipstick 301,Beauty,PureBloom,1985.35,1069,3.91,2025-07-13
P1130,Smart Table 925,Home,Hearthstone,3247.7,1149,3.97,2025-05-25
P1131,Classic Table 289,Home,CasaPro,1871.99,11,3.97,2025-04-10
P1132,Classic Perfume 717,Beauty,GlowMist,1948.37,1542,3.76,2020-02-06
P1133,Pro Table 475,Home,Hearthstone,5324.94,1361,4.54,2024-02-20
P1134,Ultra Speaker 793,Electronics,Voltix,11779.61,226,4.39,2019-09-12
P1135,Prime Lamp 282,Home,ComfortLiving,2748.99,1039,3.24,2025-05-22
P1136,Prime Cooker 682,Home,CasaPro,4247.07,1725,4.43,2021-03-24
P1137,Mini Sneakers 377,Fashion,UrbanWear,5113.85,611,4.59,2021-04-30
P1138,Ultra Serum 962,Beauty,GlowMist,1839.85,842,4.05,2019-05-04
P1139,Pro TennisRacket 179,Sports,Sportify,7631.09,1201,3.91,2023-11-30
P1140,Smart CyclingHelmet 548,Sports,Endura,4759.99,476,3.26,2019-05-03
P1141,Smart Mask 140,Beauty,AuraSkin,749.4,1579,3.21,2023-05-24
P1142,Pro YogaMat 215,Sports,Sportify,476.87,142,4.52,2019-09-10
P1143,Prime Serum 804,Beauty,LuxeCare,1360.61,1230,3.53,2023-08-24
P1144,Ultra Blender 233,Home,CasaPro,7411.83,1639,3.76,2019-02-08
P1145,Ultra Handbag 634,Fashion,UrbanWear,3157.71,1658,3.77,2020-04-19
P1146,Ultra SofaCover 333,Home,CasaPro,6223.41,1907,3.93,2019-07-31
P1147,Ultra Jeans 652,Fashion,UrbanWear,839.73,1771,4.36,2020-01-30
P1148,Ultra SofaCover 297,Home,HomeEssence,1458.08,521,4.73,2024-08-05
P1149,Ultra Jeans 224,Fashion,Trendify,390.61,297,3.72,2019-05-11
P1150,Ultra TennisRacket 865,Sports,Sportify,8136.4,877,4.28,2020-06-09
P1151,Pro Lamp 139,Home,HomeEssence,11002.92,152,4.53,2025-08-16
P1152,Smart Headphones 930,Electronics,NovaTech,12264.32,1448,3.38,2025-08-02
P1153,Classic Dress 558,Fashion,SilkRoute,1730.21,307,4.48,2021-12-20
P1154,Prime Sneakers 940,Fashion,Trendify,2939.01,887,4.2,2023-06-01
P1155,Classic Moisturizer 999,Beauty,PureBloom,438.74,1798,3.95,2022-01-15
P1156,Prime Jacket 604,Fashion,UrbanWear,2913.4,1010,3.2,2020-07-05
P1157,Classic SofaCover 911,Home,CasaPro,10713.9,198,4.79,2024-02-05
P1158,Smart WaterBottle 284,Sports,ProActive,3206.07,168,3.91,2020-09-10
P1159,Prime YogaMat 795,Sports,Sportify,7555.33,857,4.72,2023-09-30
P1160,Smart Smartwatch 377,Electronics,SoundWave,915.5,977,3.83,2024-06-03
P1161,Smart Dress 527,Fashion,StyleHub,4283.71,801,3.83,2023-07-15
P1162,Smart Mask 448,Beauty,VelvetTouch,154.19,1246,3.29,2021-06-12
P1163,Prime Smartwatch 291,Electronics,PixelPro,9598.5,1972,3.79,2023-11-01
P1164,Smart SofaCover 687,Home,ComfortLiving,10793.15,761,3.22,2021-01-07
P1165,Classic YogaMat 550,Sports,PeakGear,8139.14,1251,4.6,2021-05-12
P1166,Classic Lipstick 724,Beauty,VelvetTouch,1385.2,1424,3.35,2020-05-02
P1167,Mini Lipstick 480,Beauty,VelvetTouch,200.9,1314,4.59,2020-03-06
P1168,Ultra Table 780,Home,Nestoria,9666.74,806,3.26,2021-03-21
P1169,Pro CyclingHelmet 607,Sports,FitFlex,4252.16,416,4.44,2022-08-24
P1170,Pro Charger 777,Electronics,NovaTech,11378.21,214,3.47,2024-02-20
P1171,Prime YogaMat 312,Sports,FitFlex,6751.06,11,4.0,2021-09-07
P1172,Mini Blender 711,Home,CasaPro,7326.21,724,3.38,2023-06-29
P1173,Classic Moisturizer 610,Beauty,GlowMist,1772.06,591,4.39,2023-06-21
P1174,Prime Speaker 228,Electronics,PixelPro,11890.4,697,3.63,2019-06-04
P1175,Smart Handbag 969,Fashion,StyleHub,3909.53,1849,3.35,2024-12-12
P1176,Mini WaterBottle 619,Sports,Sportify,9587.79,1369,4.14,2022-01-29
P1177,Classic Blender 645,Home,HomeEssence,4539.92,621,3.61,2021-07-08
P1178,Mini Mask 761,Beauty,LuxeCare,1022.74,958,4.16,2023-12-19
P1179,Smart FaceWash 832,Beauty,LuxeCare,167.69,339,4.23,2025-01-09
P1180,Pro Cooker 509,Home,HomeEssence,3893.48,1547,4.5,2024-07-07
P1181,Classic FaceWash 518,Beauty,GlowMist,1347.47,912,4.0,2020-10-17
P1182,Prime Cooker 967,Home,HomeEssence,9074.74,1307,4.67,2022-05-16
P1183,Smart Table 338,Home,ComfortLiving,2668.97,1942,4.78,2025-10-04
P1184,Smart Charger 401,Electronics,ElectroMax,11819.11,461,3.49,2025-03-26
P1185,Ultra Handbag 306,Fashion,UrbanWear,315.85,596,4.33,2024-07-25
P1186,Smart YogaMat 467,Sports,Endura,10555.68,567,4.49,2019-10-16
P1187,Classic Jeans 717,Fashion,VogueLane,3707.42,1016,4.1,2020-03-18
P1188,Prime Cooker 248,Home,Nestoria,9056.78,1680,3.52,2022-12-27
P1189,Mini Smartwatch 538,Electronics,SoundWave,11613.35,652,3.97,2023-04-21
P1190,Mini PowerBank 313,Electronics,Voltix,4165.66,729,4.42,2020-01-17
P1191,Pro FaceWash 423,Beauty,LuxeCare,1527.26,320,4.74,2021-12-19
P1192,Ultra Dress 450,Fashion,StyleHub,3082.53,123,4.42,2019-10-07
P1193,Smart Blender 604,Home,Nestoria,6569.01,1690,4.37,2020-09-27
P1194,Prime SofaCover 909,Home,Nestoria,5424.89,913,4.03,2025-03-30
P1195,Mini Perfume 436,Beauty,VelvetTouch,2311.86,234,4.62,2024-01-25
P1196,Pro SofaCover 763,Home,CasaPro,6107.52,370,4.11,2023-03-22
P1197,Mini Serum 565,Beauty,PureBloom,674.15,1298,4.75,2025-06-02
P1198,Mini Sneakers 735,Fashion,VogueLane,1696.96,1753,4.13,2023-11-30
P1199,Ultra Charger 606,Electronics,NovaTech,21604.23,1449,4.57,2019-02-15
P1200,Prime Tablet 579,Electronics,ElectroMax,9716.02,1047,4.06,2020-08-24
P1201,Smart RunningShoes 887,Sports,Endura,2123.17,1685,4.13,2024-03-24
P1202,Ultra Sneakers 376,Fashion,VogueLane,1396.16,1679,4.62,2019-01-31
P1203,Classic SofaCover 494,Home,Nestoria,6773.8,1458,3.92,2021-03-27
P1204,Mini Vacuum 414,Home,HomeEssence,1922.55,1930,4.06,2022-10-30
P1205,Mini Serum 166,Beauty,GlowMist,2205.9,1014,3.52,2022-04-10
P1206,Smart Smartwatch 807,Electronics,Voltix,14892.14,1529,4.28,2023-06-15
P1207,Classic TennisRacket 691,Sports,PeakGear,7040.38,283,3.49,2024-03-17
P1208,Pro RunningShoes 605,Sports,ProActive,740.91,209,3.83,2023-12-21
P1209,Classic Tablet 684,Electronics,NovaTech,6824.22,646,4.79,2025-09-13
P1210,Smart WaterBottle 293,Sports,FitFlex,2802.39,585,3.97,2020-01-28
P1211,Ultra Smartwatch 290,Electronics,NovaTech,17264.23,1601,4.17,2019-01-08
P1212,Mini Perfume 583,Beauty,GlowMist,1757.59,1736,3.83,2022-05-04
P1213,Classic Vacuum 297,Home,HomeEssence,5988.16,501,3.59,2020-12-17
P1214,Smart Speaker 445,Electronics,SoundWave,17698.14,1205,4.27,2023-01-07
P1215,Mini YogaMat 338,Sports,Endura,5159.88,1130,3.51,2019-06-18
P1216,Pro Charger 413,Electronics,NovaTech,8531.92,1055,4.3,2021-08-01
P1217,Mini Serum 529,Beauty,AuraSkin,899.09,1794,3.39,2023-07-12
P1218,Mini Jacket 879,Fashion,SilkRoute,946.74,1776,4.79,2022-04-21
P1219,Classic Jeans 874,Fashion,VogueLane,3803.85,1621,4.21,2019-07-25
P1220,Prime Perfume 654,Beauty,AuraSkin,711.33,193,3.42,2019-03-17
P1221,Pro Handbag 706,Fashion,VogueLane,1572.96,214,3.79,2019-01-11
P1222,Ultra Cooker 601,Home,Hearthstone,9277.9,1050,3.26,2021-08-30
P1223,Prime Headphones 106,Electronics,NovaTech,14049.53,1646,4.32,2021-04-01
P1224,Pro Speaker 526,Electronics,NovaTech,693.77,1863,4.78,2021-12-25
P1225,Classic TennisRacket 856,Sports,Sportify,5001.66,220,4.15,2019-07-13
P1226,Pro CyclingHelmet 399,Sports,FitFlex,1716.51,1693,3.79,2025-06-08
P1227,Prime Vacuum 905,Home,Hearthstone,12736.49,1064,3.22,2019-12-03
P1228,Prime Lamp 118,Home,HomeEssence,7197.28,546,4.63,2024-07-11
P1229,Smart T-Shirt 970,Fashion,SilkRoute,512.14,1995,4.47,2023-01-09
P1230,Ultra Jacket 862,Fashion,SilkRoute,2002.27,1978,4.3,2025-01-18
P1231,Classic PowerBank 144,Electronics,NovaTech,7327.76,1399,3.85,2021-05-11
P1232,Smart Sneakers 883,Fashion,Trendify,2208.89,1311,4.11,2023-02-22
P1233,Smart Handbag 101,Fashion,VogueLane,3575.19,902,4.3,2023-01-15
P1234,Classic Sneakers 792,Fashion,UrbanWear,6708.06,1241,3.62,2025-08-13
P1235,Classic Tablet 776,Electronics,SoundWave,11935.97,991,4.02,2021-03-29
P1236,Smart Dumbbell 589,Sports,PeakGear,925.38,1618,4.09,2025-05-10
P1237,Ultra Vacuum 808,Home,Hearthstone,5705.8,45,4.36,2022-11-30
P1238,Smart Charger 158,Electronics,NovaTech,15414.6,68,3.2,2022-02-05
P1239,Ultra TennisRacket 772,Sports,Sportify,1800.23,1894,3.37,2025-07-14
P1240,Pro Cooker 434,Home,ComfortLiving,4438.35,550,3.36,2020-09-28
P1241,Mini YogaMat 164,Sports,PeakGear,3406.77,220,3.99,2023-11-02
P1242,Smart Charger 627,Electronics,SoundWave,18525.72,1550,3.42,2023-08-12
P1243,Smart PowerBank 937,Electronics,Voltix,18799.44,123,3.2,2019-09-21
P1244,Pro Handbag 123,Fashion,SilkRoute,3314.02,1332,3.94,2021-10-03
P1245,Classic Handbag 762,Fashion,SilkRoute,5083.79,805,4.63,2020-12-18
P1246,Prime CyclingHelmet 370,Sports,FitFlex,7313.47,1170,4.45,2019-02-25
P1247,Ultra Blender 729,Home,Hearthstone,12577.5,473,3.84,2022-09-19
P1248,Pro Moisturizer 126,Beauty,VelvetTouch,1964.07,1920,3.8,2019-11-22
P1249,Classic SofaCover 865,Home,Nestoria,5508.12,1470,4.76,2023-02-16
P1250,Mini Sneakers 352,Fashion,VogueLane,889.54,1591,4.04,2020-12-03
P1251,Smart TennisRacket 265,Sports,PeakGear,8660.84,1587,3.37,2021-09-26
P1252,Smart Cooker 740,Home,HomeEssence,9233.07,1963,4.42,2023-04-05
P1253,Pro T-Shirt 323,Fashion,Trendify,867.22,134,3.65,2022-05-23
P1254,Smart Cooker 354,Home,HomeEssence,8677.31,1359,4.65,2020-07-19
P1255,Mini T-Shirt 776,Fashion,StyleHub,628.3,1254,4.13,2024-10-23
P1256,Ultra Perfume 787,Beauty,LuxeCare,298.13,1415,3.9,2022-04-02
P1257,Mini CyclingHelmet 271,Sports,PeakGear,5761.67,907,3.38,2020-03-10
P1258,Mini RunningShoes 148,Sports,Sportify,974.48,1727,4.46,2024-06-03
P1259,Pro Speaker 816,Electronics,NovaTech,7058.68,1130,3.34,2022-06-01
P1260,Smart Jacket 176,Fashion,SilkRoute,2664.41,1866,4.6,2025-07-12
P1261,Mini Moisturizer 214,Beauty,GlowMist,757.91,757,3.99,2024-02-02
P1262,Classic T-Shirt 301,Fashion,SilkRoute,1739.98,617,3.41,2023-07-10
P1263,Ultra Dress 650,Fashion,Trendify,1482.87,575,3.94,2025-03-08
P1264,Smart FaceWash 786,Beauty,PureBloom,299.34,1019,4.05,2022-06-10
P1265,Smart Vacuum 850,Home,CasaPro,8382.3,904,4.17,2021-04-19
P1266,Mini Moisturizer 393,Beauty,VelvetTouch,1940.96,155,3.85,2024-11-24
P1267,Prime Jacket 760,Fashion,StyleHub,4733.29,597,3.8,2020-05-28
P1268,Prime Serum 757,Beauty,LuxeCare,1911.01,1014,3.72,2022-03-12
P1269,Ultra Charger 742,Electronics,Voltix,18070.2,1482,3.94,2019-09-07
P1270,Prime Moisturizer 952,Beauty,VelvetTouch,502.67,401,3.37,2021-12-09
P1271,Mini Speaker 459,Electronics,Voltix,12102.05,260,3.61,2023-02-11
P1272,Prime Table 266,Home,ComfortLiving,6684.37,319,4.68,2023-07-11
P1273,Prime Cooker 321,Home,HomeEssence,8404.43,563,3.32,2023-09-10
P1274,Mini Blender 568,Home,Hearthstone,7993.09,570,4.02,2023-09-14
P1275,Mini PowerBank 337,Electronics,ElectroMax,7870.96,1173,3.75,2021-03-10
P1276,Ultra Handbag 101,Fashion,UrbanWear,1791.82,1476,4.43,2022-10-07
P1277,Ultra RunningShoes 785,Sports,PeakGear,1119.38,55,4.48,2020-11-29
P1278,Classic PowerBank 603,Electronics,ElectroMax,10483.15,197,4.54,2020-05-05
P1279,Smart FaceWash 485,Beauty,PureBloom,1070.78,479,3.33,2022-01-13
P1280,Pro Jeans 133,Fashion,Trendify,660.52,936,3.47,2020-08-10
P1281,Ultra WaterBottle 711,Sports,Endura,4223.96,1107,4.36,2019-05-16
P1282,Mini Tablet 756,Electronics,PixelPro,11754.38,117,3.39,2019-09-19
P1283,Prime Sneakers 276,Fashion,UrbanWear,4095.05,302,3.54,2024-07-15
P1284,Ultra Cooker 914,Home,CasaPro,9073.75,1248,3.84,2021-10-22
P1285,Ultra Moisturizer 830,Beauty,GlowMist,839.89,1199,3.6,2025-08-05
P1286,Smart Dumbbell 223,Sports,Endura,6388.6,71,3.7,2023-04-06
P1287,Pro Smartwatch 977,Electronics,SoundWave,9580.04,91,4.41,2021-12-22
P1288,Mini T-Shirt 270,Fashion,StyleHub,2318.17,1594,4.52,2020-11-20
P1289,Pro Sneakers 506,Fashion,StyleHub,4491.57,1837,4.62,2019-12-20
P1290,Classic Headphones 514,Electronics,ElectroMax,7074.81,145,4.42,2019-11-12
P1291,Ultra Moisturizer 284,Beauty,AuraSkin,440.33,1222,3.67,2020-07-25
P1292,Classic Jeans 456,Fashion,SilkRoute,2021.29,799,3.34,2023-07-18
P1293,Pro Vacuum 785,Home,Nestoria,6259.3,1795,3.58,2023-11-09
P1294,Classic Smartwatch 321,Electronics,PixelPro,4711.96,1047,3.55,2020-04-05
P1295,Pro Lamp 524,Home,Hearthstone,7422.72,854,3.74,2019-07-28
P1296,Pro Speaker 596,Electronics,SoundWave,18505.39,1789,3.21,2020-09-28
P1297,Pro Dumbbell 563,Sports,FitFlex,4417.94,361,4.0,2025-05-18
P1298,Pro Handbag 247,Fashion,VogueLane,5157.76,323,4.0,2023-09-03
P1299,Pro Handbag 846,Fashion,VogueLane,4478.94,633,3.25,2024-04-14
P1300,Smart Dress 948,Fashion,VogueLane,3199.84,52,4.14,2024-09-04
P1301,Classic Smartwatch 841,Electronics,ElectroMax,1729.38,550,4.44,2022-09-10
P1302,Mini Sneakers 716,Fashion,SilkRoute,2599.26,367,3.5,2020-08-27
P1303,Ultra Speaker 249,Electronics,NovaTech,8286.29,1160,4.69,2023-12-18
P1304,Smart Blender 821,Home,ComfortLiving,7439.9,817,3.48,2022-04-28
P1305,Smart Dumbbell 304,Sports,Sportify,10045.71,662,4.55,2025-06-13
P1306,Prime Lipstick 590,Beauty,VelvetTouch,666.82,928,3.45,2025-06-06
P1307,Prime Headphones 650,Electronics,ElectroMax,7147.72,886,4.13,2024-09-14
P1308,Mini Lamp 855,Home,CasaPro,5313.82,1928,4.73,2023-04-02
P1309,Mini Perfume 162,Beauty,AuraSkin,2601.92,1635,3.76,2020-03-02
P1310,Mini Table 104,Home,HomeEssence,7617.29,856,3.45,2021-03-20
P1311,Mini PowerBank 882,Electronics,PixelPro,6649.95,268,4.75,2020-03-17
P1312,Pro WaterBottle 194,Sports,Endura,2321.68,212,3.93,2020-02-18
P1313,Classic Charger 653,Electronics,Voltix,5408.97,49,3.68,2021-04-28
P1314,Pro Cooker 765,Home,CasaPro,9910.55,1972,3.32,2019-09-22
P1315,Pro Lipstick 367,Beauty,LuxeCare,658.52,1308,4.21,2020-11-12
P1316,Smart Lamp 920,Home,ComfortLiving,2744.64,272,4.11,2025-08-21
P1317,Classic Table 142,Home,ComfortLiving,4242.66,1954,4.3,2020-02-14
P1318,Smart CyclingHelmet 861,Sports,PeakGear,7848.72,1494,3.87,2020-02-13
P1319,Classic Jacket 213,Fashion,SilkRoute,2073.49,1691,3.22,2022-01-21
P1320,Mini Handbag 120,Fashion,SilkRoute,3234.63,1435,3.62,2019-01-17
P1321,Ultra Serum 923,Beauty,AuraSkin,2436.69,1357,4.3,2024-01-22
P1322,Mini Jacket 244,Fashion,VogueLane,1850.34,216,4.23,2023-12-23
P1323,Ultra TennisRacket 806,Sports,Endura,486.92,239,4.17,2020-08-12
P1324,Pro Blender 563,Home,ComfortLiving,437.26,1445,3.57,2022-01-18
P1325,Classic PowerBank 228,Electronics,Voltix,18469.96,1191,3.67,2021-11-22
P1326,Prime T-Shirt 731,Fashion,Trendify,1441.48,328,4.01,2024-11-11
P1327,Smart Jeans 252,Fashion,SilkRoute,5122.59,1911,3.77,2023-02-03
P1328,Smart WaterBottle 574,Sports,PeakGear,9379.88,1346,4.12,2020-08-03
P1329,Pro Lamp 808,Home,ComfortLiving,3155.15,1976,4.49,2023-02-28
P1330,Classic Sneakers 455,Fashion,Trendify,3639.45,1260,3.74,2020-06-10
P1331,Classic CyclingHelmet 341,Sports,Sportify,1527.82,1422,4.2,2020-05-12
P1332,Pro Mask 952,Beauty,AuraSkin,724.01,325,4.66,2022-12-30
P1333,Prime Blender 693,Home,ComfortLiving,2870.73,1012,3.62,2022-06-20
P1334,Pro Tablet 785,Electronics,NovaTech,13597.83,1886,3.94,2023-04-07
P1335,Mini Handbag 552,Fashion,UrbanWear,2810.9,1441,4.25,2020-02-08
P1336,Smart CyclingHelmet 273,Sports,Sportify,1342.27,556,3.39,2019-09-14
P1337,Classic Serum 677,Beauty,GlowMist,770.85,58,3.21,2025-07-24
P1338,Smart Table 195,Home,CasaPro,9442.84,1450,3.76,2023-02-25
P1339,Pro Lamp 616,Home,HomeEssence,3713.3,1576,3.67,2023-03-24
P1340,Ultra Dumbbell 944,Sports,Sportify,8812.69,1114,4.63,2023-08-25
P1341,Classic Blender 312,Home,CasaPro,9294.48,240,3.88,2019-07-20
P1342,Prime Mask 369,Beauty,PureBloom,2352.62,1899,4.69,2024-06-10
P1343,Pro Lipstick 835,Beauty,LuxeCare,1800.13,1877,4.67,2020-03-30
P1344,Smart TennisRacket 971,Sports,ProActive,3603.93,337,4.74,2019-10-02
P1345,Mini TennisRacket 781,Sports,Endura,6172.7,124,3.45,2021-08-22
P1346,Pro CyclingHelmet 691,Sports,PeakGear,8801.89,921,4.17,2022-07-20
P1347,Mini Sneakers 376,Fashion,Trendify,6044.02,924,4.31,2024-11-13
P1348,Classic FaceWash 818,Beauty,LuxeCare,436.41,1275,3.43,2021-07-12
P1349,Prime Charger 737,Electronics,PixelPro,1989.05,1382,3.78,2024-05-17
P1350,Mini Dress 347,Fashion,VogueLane,1280.58,784,4.56,2024-05-23
P1351,Pro Dress 288,Fashion,SilkRoute,5574.37,107,4.57,2022-05-13
P1352,Mini WaterBottle 730,Sports,Endura,3133.05,373,3.24,2019-01-07
P1353,Prime Charger 410,Electronics,NovaTech,14434.05,750,3.37,2025-02-28
P1354,Pro Mask 237,Beauty,GlowMist,762.8,1592,3.6,2025-09-11
P1355,Classic YogaMat 126,Sports,ProActive,5952.75,996,3.41,2019-10-04
P1356,Classic PowerBank 276,Electronics,Voltix,10414.95,883,3.54,2019-08-17
P1357,Classic PowerBank 888,Electronics,PixelPro,16202.53,211,3.95,2023-10-25
P1358,Classic FaceWash 278,Beauty,AuraSkin,433.75,746,4.12,2022-11-24
P1359,Prime WaterBottle 476,Sports,ProActive,9196.29,1485,3.72,2025-09-16
P1360,Prime Smartwatch 411,Electronics,ElectroMax,17552.17,1732,3.51,2024-01-25
P1361,Ultra CyclingHelmet 399,Sports,ProActive,4573.35,733,4.64,2022-08-17
P1362,Prime Moisturizer 429,Beauty,VelvetTouch,2240.72,1585,4.13,2022-02-21
P1363,Smart Cooker 699,Home,CasaPro,2274.32,5,3.7,2020-11-09
P1364,Mini FaceWash 611,Beauty,PureBloom,235.37,834,4.54,2023-05-16
P1365,Prime Jeans 616,Fashion,VogueLane,3217.97,1635,4.21,2020-10-28
P1366,Pro Speaker 442,Electronics,ElectroMax,4409.83,1376,4.35,2021-12-23
P1367,Mini Perfume 349,Beauty,LuxeCare,856.43,965,4.21,2022-07-14
P1368,Prime Smartwatch 436,Electronics,Voltix,5734.26,1838,4.21,2021-07-18
P1369,Prime Cooker 684,Home,Hearthstone,9623.44,456,4.71,2025-09-23
P1370,Pro SofaCover 832,Home,HomeEssence,1220.46,1122,3.34,2022-05-21
P1371,Pro YogaMat 225,Sports,Endura,8115.37,1249,4.35,2019-08-09
P1372,Ultra Table 869,Home,CasaPro,10167.16,1970,3.63,2019-04-25
P1373,Mini Cooker 895,Home,Hearthstone,8215.13,182,3.23,2022-05-12
P1374,Prime Dress 401,Fashion,UrbanWear,4585.58,1167,3.26,2024-03-20
P1375,Pro RunningShoes 436,Sports,Endura,1109.2,419,3.93,2024-01-08
P1376,Mini FaceWash 488,Beauty,GlowMist,1053.72,564,3.38,2023-02-04
P1377,Classic Charger 907,Electronics,Voltix,16694.97,1699,3.78,2020-10-17
P1378,Prime Moisturizer 809,Beauty,VelvetTouch,467.17,1680,3.8,2025-04-26
P1379,Smart Lamp 121,Home,Hearthstone,7523.12,725,4.5,2020-07-17
P1380,Ultra Charger 700,Electronics,ElectroMax,16083.1,1230,3.62,2021-03-08
P1381,Prime TennisRacket 533,Sports,Sportify,7010.2,174,3.59,2025-01-23
P1382,Mini Moisturizer 215,Beauty,AuraSkin,1470.04,1476,3.57,2024-04-22
P1383,Prime Dumbbell 313,Sports,Sportify,6585.47,952,4.61,2020-02-07
P1384,Classic Jacket 890,Fashion,StyleHub,1687.17,1723,4.02,2019-10-08
P1385,Pro Handbag 151,Fashion,SilkRoute,4826.68,1667,4.35,2022-07-26
P1386,Mini Smartwatch 894,Electronics,ElectroMax,14990.2,1554,3.26,2022-04-06
P1387,Classic Dress 117,Fashion,Trendify,4031.28,199,4.0,2020-05-24
P1388,Prime YogaMat 344,Sports,ProActive,10737.03,1719,3.75,2024-04-21
P1389,Ultra TennisRacket 926,Sports,ProActive,4367.69,1025,3.46,2020-10-26
P1390,Prime Charger 977,Electronics,SoundWave,4740.52,827,3.48,2020-01-14
P1391,Smart Mask 154,Beauty,VelvetTouch,283.84,1719,4.44,2023-03-27
P1392,Prime Mask 751,Beauty,PureBloom,2379.38,502,4.62,2022-09-24
P1393,Smart Speaker 377,Electronics,SoundWave,6687.57,668,3.24,2020-06-27
P1394,Classic RunningShoes 620,Sports,FitFlex,8745.16,1505,4.15,2020-07-30
P1395,Mini Vacuum 774,Home,ComfortLiving,5668.04,220,3.92,2023-01-17
P1396,Classic Lipstick 700,Beauty,LuxeCare,312.61,861,4.31,2023-01-27
P1397,Classic Moisturizer 917,Beauty,PureBloom,1840.31,1364,4.48,2022-05-05
P1398,Smart FaceWash 725,Beauty,PureBloom,276.22,156,3.58,2025-09-07
P1399,Mini Tablet 723,Electronics,Voltix,12884.45,1833,4.8,2023-12-13
P1400,Ultra Speaker 267,Electronics,NovaTech,6443.82,1744,4.04,2021-05-12
P1401,Pro Cooker 586,Home,CasaPro,11311.42,1871,3.31,2024-06-01
P1402,Mini Blender 790,Home,HomeEssence,2641.32,1284,4.09,2024-06-28
P1403,Pro Lipstick 263,Beauty,LuxeCare,1379.28,729,4.29,2025-02-14
P1404,Pro Jeans 189,Fashion,StyleHub,1985.08,1140,4.04,2024-09-09
P1405,Classic TennisRacket 784,Sports,PeakGear,5021.7,245,4.0,2025-04-13
P1406,Pro Handbag 102,Fashion,Trendify,1596.39,695,3.5,2022-06-18
P1407,Ultra Dress 793,Fashion,SilkRoute,668.63,1895,4.59,2021-06-02
P1408,Pro Sneakers 893,Fashion,Trendify,3827.26,165,4.29,2024-02-26
P1409,Mini Jeans 326,Fashion,UrbanWear,3756.63,1967,3.47,2021-11-08
P1410,Pro FaceWash 854,Beauty,AuraSkin,288.95,1268,4.5,2025-08-05
P1411,Smart Moisturizer 250,Beauty,AuraSkin,2130.47,333,4.79,2022-04-06
P1412,Pro YogaMat 551,Sports,Sportify,7718.83,174,3.34,2025-05-05
P1413,Classic FaceWash 465,Beauty,VelvetTouch,243.76,107,3.8,2022-04-30
P1414,Mini PowerBank 499,Electronics,Voltix,2280.96,753,3.35,2019-05-18
P1415,Mini PowerBank 868,Electronics,Voltix,11269.72,1316,3.58,2022-01-11
P1416,Prime Mask 659,Beauty,GlowMist,1787.99,361,3.37,2025-08-22
P1417,Pro Speaker 516,Electronics,ElectroMax,3897.65,1359,4.03,2019-05-09
P1418,Smart Jeans 489,Fashion,UrbanWear,2416.02,1480,4.69,2022-12-06
P1419,Classic Jeans 433,Fashion,SilkRoute,5431.8,1012,3.8,2019-11-11
P1420,Smart Lipstick 479,Beauty,AuraSkin,570.21,1531,4.68,2022-03-01
P1421,Mini Jeans 361,Fashion,SilkRoute,3205.59,986,3.82,2024-07-12
P1422,Classic Blender 384,Home,Nestoria,5280.9,349,4.31,2023-01-14
P1423,Ultra Dumbbell 475,Sports,Endura,4844.7,1930,4.74,2023-06-19
P1424,Ultra Smartwatch 737,Electronics,Voltix,9833.39,702,3.58,2025-05-07
P1425,Pro YogaMat 198,Sports,Sportify,6734.1,191,3.76,2021-12-05
P1426,Classic T-Shirt 820,Fashion,StyleHub,4828.83,1532,3.79,2022-12-13
P1427,Mini RunningShoes 428,Sports,ProActive,6077.42,1456,3.97,2020-06-28
P1428,Pro Table 694,Home,ComfortLiving,8847.94,977,3.72,2024-10-10
P1429,Mini Table 640,Home,Hearthstone,13868.4,1858,4.48,2021-01-12
P1430,Smart SofaCover 209,Home,HomeEssence,12915.0,1814,4.15,2023-03-09
P1431,Classic Speaker 795,Electronics,SoundWave,19807.55,1263,4.15,2024-03-16
P1432,Pro Lamp 208,Home,HomeEssence,2255.02,1254,4.23,2021-02-19
P1433,Classic Lamp 459,Home,CasaPro,10354.4,453,4.29,2019-03-24
P1434,Ultra PowerBank 380,Electronics,NovaTech,19751.78,591,3.31,2019-08-23
P1435,Mini Sneakers 643,Fashion,StyleHub,2655.73,1480,4.04,2025-08-19
P1436,Smart Blender 567,Home,CasaPro,749.43,941,3.36,2021-12-19
P1437,Classic Moisturizer 665,Beauty,VelvetTouch,765.15,1642,4.11,2020-08-09
P1438,Classic Serum 602,Beauty,PureBloom,148.17,1334,4.5,2024-04-11
P1439,Smart SofaCover 805,Home,CasaPro,3677.18,780,4.39,2019-10-20
P1440,Mini YogaMat 103,Sports,FitFlex,294.22,42,3.36,2020-09-05
P1441,Prime T-Shirt 273,Fashion,SilkRoute,3027.26,1730,4.39,2020-05-14
P1442,Smart Tablet 487,Electronics,ElectroMax,14148.01,893,4.19,2024-05-07
P1443,Smart Charger 728,Electronics,SoundWave,7825.54,1144,3.44,2020-09-13
P1444,Classic Lamp 363,Home,CasaPro,11648.75,886,3.91,2020-03-20
P1445,Smart Speaker 932,Electronics,PixelPro,5772.93,321,4.33,2020-10-03
P1446,Prime Speaker 433,Electronics,ElectroMax,16058.57,1714,4.75,2019-01-09
P1447,Pro Sneakers 766,Fashion,Trendify,2717.15,1288,3.71,2024-08-23
P1448,Smart Mask 298,Beauty,VelvetTouch,1908.06,29,3.58,2024-11-16
P1449,Mini Mask 904,Beauty,VelvetTouch,510.39,22,4.0,2021-03-10
P1450,Smart RunningShoes 726,Sports,FitFlex,3712.03,1713,3.9,2025-05-14
P1451,Prime Serum 911,Beauty,GlowMist,704.75,1305,3.27,2024-07-11
P1452,Ultra Smartwatch 435,Electronics,PixelPro,19664.72,1862,3.85,2024-03-31
P1453,Pro Mask 934,Beauty,GlowMist,806.7,433,4.22,2020-12-15
P1454,Pro Dumbbell 901,Sports,Endura,3519.59,1094,4.21,2020-06-08
P1455,Classic Lipstick 538,Beauty,PureBloom,194.96,57,3.45,2020-02-15
P1456,Mini Lamp 434,Home,HomeEssence,7914.47,1132,3.48,2021-05-30
P1457,Ultra Sneakers 840,Fashion,SilkRoute,2428.11,1072,4.16,2023-08-29
P1458,Prime Cooker 410,Home,Nestoria,10378.21,1259,4.08,2020-04-08
P1459,Prime Jacket 754,Fashion,SilkRoute,5465.91,203,4.66,2020-01-01
P1460,Ultra Tablet 890,Electronics,SoundWave,11755.94,328,4.08,2020-04-08
P1461,Mini Table 514,Home,Hearthstone,1556.96,746,3.24,2023-12-04
P1462,Smart RunningShoes 165,Sports,ProActive,597.66,542,3.67,2019-03-03
P1463,Mini PowerBank 330,Electronics,Voltix,3458.01,845,4.21,2025-03-17
P1464,Pro PowerBank 984,Electronics,ElectroMax,5112.24,205,3.34,2021-10-06
P1465,Mini Charger 334,Electronics,SoundWave,15993.28,545,4.56,2021-01-31
P1466,Pro FaceWash 326,Beauty,PureBloom,609.29,1926,3.52,2021-04-06
P1467,Mini CyclingHelmet 407,Sports,FitFlex,2839.94,104,3.77,2022-03-10
P1468,Pro FaceWash 909,Beauty,PureBloom,2046.59,1686,3.46,2022-06-04
P1469,Mini SofaCover 669,Home,Hearthstone,3154.29,54,4.36,2022-02-19
P1470,Smart T-Shirt 215,Fashion,UrbanWear,3418.78,1078,3.71,2022-02-19
P1471,Classic Table 956,Home,HomeEssence,7322.09,1999,4.39,2025-09-01
P1472,Pro Dress 446,Fashion,SilkRoute,5540.74,261,4.25,2022-12-09
P1473,Ultra Handbag 287,Fashion,VogueLane,2442.43,446,3.37,2023-01-09
P1474,Ultra Dress 836,Fashion,Trendify,3831.63,911,3.76,2024-07-02
P1475,Ultra Dress 300,Fashion,SilkRoute,4140.52,878,4.13,2022-06-29
P1476,Mini Dress 587,Fashion,VogueLane,4614.99,1835,4.31,2024-10-04
P1477,Smart RunningShoes 902,Sports,FitFlex,2768.92,1860,3.97,2023-10-05
P1478,Prime Vacuum 976,Home,HomeEssence,2960.45,861,4.26,2024-05-02
P1479,Pro TennisRacket 811,Sports,Sportify,3553.65,1419,4.14,2022-12-19
P1480,Mini Smartwatch 707,Electronics,PixelPro,3309.05,810,4.03,2025-05-04
P1481,Smart Lamp 392,Home,ComfortLiving,1691.57,1305,4.33,2022-07-25
P1482,Pro Lamp 866,Home,CasaPro,816.55,502,4.4,2023-08-02
P1483,Pro Handbag 478,Fashion,SilkRoute,3134.27,725,3.84,2021-03-27
P1484,Prime Speaker 918,Electronics,PixelPro,14061.3,1952,3.63,2021-03-25
P1485,Mini Tablet 399,Electronics,SoundWave,15998.21,595,3.39,2022-04-17
P1486,Smart FaceWash 315,Beauty,PureBloom,2565.74,1820,3.59,2023-11-11
P1487,Ultra Jacket 852,Fashion,UrbanWear,4841.86,382,4.52,2022-10-10
P1488,Prime PowerBank 537,Electronics,PixelPro,10983.93,1457,3.44,2019-12-02
P1489,Classic Smartwatch 519,Electronics,PixelPro,7271.05,555,4.59,2021-11-29
P1490,Prime Charger 114,Electronics,Voltix,16217.31,651,4.13,2023-05-08
P1491,Smart Headphones 665,Electronics,SoundWave,12092.12,1817,4.08,2025-08-23
P1492,Prime Handbag 248,Fashion,VogueLane,3823.14,216,4.73,2024-12-28
P1493,Pro Moisturizer 523,Beauty,AuraSkin,278.13,1524,3.21,2024-09-25
P1494,Mini Tablet 550,Electronics,ElectroMax,16045.08,683,3.41,2024-10-24
P1495,Pro WaterBottle 209,Sports,ProActive,6023.56,1941,3.98,2019-11-15
P1496,Classic Jacket 396,Fashion,UrbanWear,918.77,1945,3.88,2021-01-16
P1497,Classic Vacuum 603,Home,ComfortLiving,1654.01,1797,3.88,2022-10-14
P1498,Pro Smartwatch 212,Electronics,PixelPro,9416.24,1095,3.35,2021-03-10
P1499,Pro Cooker 124,Home,CasaPro,645.27,1299,4.74,2023-12-12
P1500,Ultra Table 862,Home,Nestoria,4443.35,1820,4.57,2024-06-23
P1501,Classic Handbag 281,Fashion,VogueLane,979.41,964,3.65,2019-06-13
P1502,Pro Blender 448,Home,CasaPro,9681.77,661,4.31,2025-04-23
P1503,Classic Perfume 908,Beauty,LuxeCare,616.75,488,4.23,2024-10-25
P1504,Smart T-Shirt 534,Fashion,Trendify,3324.49,1933,3.91,2023-04-16
P1505,Pro Table 891,Home,Nestoria,7226.69,438,4.77,2023-12-10
P1506,Ultra Lipstick 967,Beauty,VelvetTouch,1850.25,1847,3.4,2020-04-03
P1507,Prime YogaMat 112,Sports,ProActive,2755.57,1046,3.49,2020-04-09
P1508,Prime Mask 238,Beauty,LuxeCare,1655.34,1845,3.9,2023-01-13
P1509,Ultra PowerBank 620,Electronics,ElectroMax,16465.81,623,3.76,2024-08-12
P1510,Prime Lipstick 576,Beauty,AuraSkin,2663.5,1232,4.55,2023-09-03
P1511,Smart PowerBank 703,Electronics,ElectroMax,13817.82,42,4.06,2021-04-16
P1512,Prime Dress 507,Fashion,StyleHub,4926.19,299,3.23,2021-07-26
P1513,Ultra T-Shirt 756,Fashion,StyleHub,514.32,344,3.26,2023-12-20
P1514,Smart Serum 321,Beauty,PureBloom,907.86,1291,4.41,2023-09-07
P1515,Classic Charger 905,Electronics,SoundWave,16080.9,1582,3.71,2024-11-06
P1516,Mini Perfume 171,Beauty,AuraSkin,1567.66,1925,4.57,2022-10-05
P1517,Mini Blender 387,Home,ComfortLiving,2430.77,1283,3.51,2022-05-30
P1518,Classic TennisRacket 986,Sports,PeakGear,6706.64,1568,3.73,2019-06-24
P1519,Smart Vacuum 386,Home,CasaPro,1077.19,1634,3.99,2021-10-13
P1520,Pro Sneakers 936,Fashion,UrbanWear,1976.67,1840,3.97,2023-05-31
P1521,Mini Jacket 720,Fashion,UrbanWear,4595.29,1314,4.18,2020-02-08
P1522,Mini Speaker 607,Electronics,SoundWave,21631.55,1570,3.74,2019-03-23
P1523,Mini Serum 182,Beauty,AuraSkin,2317.76,1672,3.33,2023-09-16
P1524,Classic Lamp 501,Home,CasaPro,5943.92,1088,4.64,2023-11-11
P1525,Pro Dumbbell 552,Sports,Endura,8059.17,364,3.31,2025-08-16
P1526,Prime TennisRacket 992,Sports,ProActive,366.03,1002,4.22,2019-01-06
P1527,Prime Jacket 691,Fashion,SilkRoute,4447.77,1736,3.66,2021-03-13
P1528,Pro Smartwatch 658,Electronics,SoundWave,10244.15,1948,3.74,2025-04-29
P1529,Smart Table 881,Home,Hearthstone,9365.08,996,4.32,2025-10-02
P1530,Smart Jeans 839,Fashion,SilkRoute,946.82,1402,3.53,2023-02-12
P1531,Classic Cooker 904,Home,Nestoria,8349.37,1187,3.43,2023-09-11
P1532,Smart SofaCover 214,Home,HomeEssence,4024.36,335,3.87,2022-06-07
P1533,Prime T-Shirt 685,Fashion,Trendify,4531.99,586,4.43,2020-09-09
P1534,Pro Serum 927,Beauty,VelvetTouch,677.07,1979,4.0,2024-05-25
P1535,Smart Speaker 361,Electronics,SoundWave,5844.79,941,4.25,2021-09-07
P1536,Mini WaterBottle 589,Sports,PeakGear,2601.25,1568,3.52,2024-09-01
P1537,Classic Jacket 938,Fashion,SilkRoute,3425.34,306,3.75,2020-05-17
P1538,Classic Mask 544,Beauty,LuxeCare,853.53,76,3.99,2025-10-06
P1539,Mini WaterBottle 602,Sports,ProActive,4699.77,1057,3.61,2025-09-10
P1540,Prime Serum 313,Beauty,GlowMist,1627.78,808,3.94,2020-09-23
P1541,Pro FaceWash 190,Beauty,VelvetTouch,2155.66,1747,3.86,2023-12-21
P1542,Mini T-Shirt 645,Fashion,VogueLane,6539.6,1026,4.72,2025-06-09
P1543,Pro YogaMat 470,Sports,ProActive,7576.31,240,3.29,2021-08-22
P1544,Ultra Dress 809,Fashion,SilkRoute,1368.12,1257,4.06,2023-08-02
P1545,Pro Serum 694,Beauty,GlowMist,2455.98,1737,3.53,2025-03-05
P1546,Pro Lamp 776,Home,Nestoria,715.11,1727,3.56,2022-12-24
P1547,Smart WaterBottle 736,Sports,FitFlex,8884.28,1605,4.32,2022-01-01
P1548,Ultra Blender 992,Home,CasaPro,7633.68,998,3.8,2021-07-13
P1549,Pro Lamp 961,Home,ComfortLiving,2126.76,1239,4.22,2024-02-13
P1550,Pro Jeans 814,Fashion,SilkRoute,4562.31,495,3.58,2019-05-20
P1551,Mini Headphones 239,Electronics,Voltix,11198.12,1252,3.95,2023-11-25
P1552,Classic TennisRacket 139,Sports,ProActive,3823.45,20,3.39,2023-11-17
P1553,Pro YogaMat 609,Sports,FitFlex,7546.59,165,4.72,2023-02-07
P1554,Classic Dumbbell 987,Sports,Sportify,2426.72,893,3.74,2021-05-18
P1555,Smart Sneakers 860,Fashion,SilkRoute,6296.17,1171,4.12,2019-12-16
P1556,Classic FaceWash 303,Beauty,VelvetTouch,914.63,85,3.97,2022-12-01
P1557,Ultra Mask 166,Beauty,AuraSkin,1252.43,1654,3.42,2024-06-08
P1558,Prime SofaCover 763,Home,CasaPro,3337.96,469,4.53,2020-08-18
P1559,Ultra Speaker 658,Electronics,NovaTech,9765.36,276,4.01,2021-08-18
P1560,Classic Charger 157,Electronics,Voltix,8123.19,388,4.39,2025-05-27
P1561,Prime PowerBank 154,Electronics,Voltix,5530.81,1255,4.7,2019-10-06
P1562,Ultra YogaMat 708,Sports,Sportify,8971.1,1274,4.43,2024-08-08
P1563,Ultra Smartwatch 568,Electronics,NovaTech,7917.18,1897,4.36,2023-03-02
P1564,Classic Mask 416,Beauty,GlowMist,146.35,1859,4.45,2021-06-24
P1565,Mini Lamp 743,Home,CasaPro,8905.94,714,4.19,2024-09-25
P1566,Prime Lamp 538,Home,ComfortLiving,8561.74,509,4.13,2025-10-01
P1567,Ultra Vacuum 572,Home,Nestoria,6878.04,1421,4.47,2025-05-09
P1568,Classic Moisturizer 127,Beauty,GlowMist,1480.88,631,3.5,2021-07-22
P1569,Smart T-Shirt 932,Fashion,UrbanWear,502.35,921,3.51,2025-03-11
P1570,Pro Headphones 726,Electronics,Voltix,16605.57,1093,4.67,2019-02-23
P1571,Mini Jeans 919,Fashion,Trendify,4709.72,655,3.85,2025-03-12
P1572,Classic Moisturizer 865,Beauty,VelvetTouch,210.61,1179,4.25,2021-05-31
P1573,Ultra CyclingHelmet 952,Sports,FitFlex,2929.91,1409,4.39,2022-09-26
P1574,Smart FaceWash 750,Beauty,AuraSkin,2464.7,1482,4.67,2022-03-01
P1575,Smart RunningShoes 785,Sports,PeakGear,2843.57,189,4.62,2025-08-29
P1576,Smart Lamp 195,Home,ComfortLiving,6753.68,800,3.89,2025-03-16
P1577,Ultra Table 440,Home,ComfortLiving,9272.62,887,3.78,2022-12-13
P1578,Smart Dumbbell 778,Sports,PeakGear,8501.19,1709,3.88,2021-01-25
P1579,Ultra FaceWash 966,Beauty,VelvetTouch,1246.87,1123,4.03,2023-07-13
P1580,Classic T-Shirt 775,Fashion,Trendify,1146.54,403,3.75,2020-04-10
P1581,Smart Speaker 596,Electronics,PixelPro,12159.86,912,3.47,2020-12-20
P1582,Prime T-Shirt 594,Fashion,VogueLane,831.51,709,4.04,2022-10-29
P1583,Prime Dumbbell 223,Sports,Sportify,3719.77,916,3.69,2022-01-26
P1584,Pro Smartwatch 588,Electronics,PixelPro,3698.86,1207,4.11,2019-08-16
P1585,Classic Serum 858,Beauty,GlowMist,1204.89,641,3.32,2020-05-31
P1586,Ultra Vacuum 626,Home,CasaPro,8660.8,178,4.27,2019-07-16
P1587,Classic Moisturizer 411,Beauty,PureBloom,1543.62,197,4.51,2023-04-11
P1588,Ultra CyclingHelmet 789,Sports,FitFlex,7188.39,973,3.88,2024-10-21
P1589,Prime SofaCover 190,Home,CasaPro,6768.54,1175,3.8,2020-02-23
P1590,Smart Cooker 696,Home,ComfortLiving,12880.39,1111,3.98,2021-05-21
P1591,Smart Perfume 279,Beauty,AuraSkin,2000.44,1832,4.03,2019-10-08
P1592,Ultra FaceWash 243,Beauty,AuraSkin,1776.52,64,3.93,2019-03-13
P1593,Ultra Cooker 448,Home,Nestoria,655.4,254,4.28,2019-07-14
P1594,Classic CyclingHelmet 336,Sports,FitFlex,2968.91,1654,4.8,2021-01-20
P1595,Mini Jeans 952,Fashion,SilkRoute,5193.71,1823,3.27,2025-07-24
P1596,Mini Speaker 465,Electronics,NovaTech,4676.22,1207,3.53,2022-11-09
P1597,Mini Jeans 887,Fashion,VogueLane,2361.32,606,3.43,2019-08-31
P1598,Prime Moisturizer 724,Beauty,GlowMist,669.93,529,4.25,2021-09-19
P1599,Ultra Headphones 910,Electronics,PixelPro,1993.26,101,4.76,2020-10-02
P1600,Pro Lamp 141,Home,ComfortLiving,8767.87,531,3.53,2024-03-09
P1601,Pro WaterBottle 761,Sports,PeakGear,4543.38,667,3.3,2024-05-30
P1602,Ultra Vacuum 710,Home,Nestoria,5097.79,1591,4.5,2022-09-26
P1603,Classic Serum 538,Beauty,LuxeCare,191.35,343,3.4,2019-10-20
P1604,Prime Handbag 628,Fashion,SilkRoute,3654.54,588,4.38,2021-05-28
P1605,Prime Cooker 872,Home,ComfortLiving,6770.09,1065,4.75,2025-04-20
P1606,Pro Sneakers 988,Fashion,Trendify,592.34,695,3.48,2019-09-20
P1607,Mini Vacuum 796,Home,CasaPro,5717.95,1090,4.36,2025-05-03
P1608,Mini T-Shirt 466,Fashion,Trendify,2379.85,79,4.48,2019-03-24
P1609,Smart Handbag 243,Fashion,SilkRoute,2032.97,1048,3.56,2021-02-21
P1610,Ultra Sneakers 201,Fashion,VogueLane,943.36,1528,3.4,2022-04-23
P1611,Pro Lamp 208,Home,ComfortLiving,4723.79,902,3.99,2024-08-10
P1612,Prime Headphones 754,Electronics,SoundWave,6727.68,358,4.33,2023-05-30
P1613,Ultra Sneakers 524,Fashion,Trendify,570.23,177,3.26,2022-10-29
P1614,Classic Perfume 353,Beauty,GlowMist,806.36,1923,4.09,2024-04-06
P1615,Prime Perfume 106,Beauty,LuxeCare,829.83,29,4.2,2024-12-27
P1616,Classic Moisturizer 714,Beauty,AuraSkin,1429.09,1166,4.11,2025-05-08
P1617,Smart Dress 761,Fashion,VogueLane,5480.39,558,3.82,2020-12-10
P1618,Classic Handbag 778,Fashion,UrbanWear,1256.17,1064,4.42,2021-06-10
P1619,Ultra Serum 307,Beauty,LuxeCare,1921.86,1971,3.9,2023-11-08
P1620,Classic TennisRacket 375,Sports,Sportify,7226.54,726,4.58,2019-12-12
P1621,Ultra Lamp 311,Home,Hearthstone,8614.66,37,3.74,2023-12-03
P1622,Prime Moisturizer 309,Beauty,GlowMist,986.73,1885,4.21,2025-06-26
P1623,Mini SofaCover 562,Home,Hearthstone,9898.16,204,3.62,2022-02-06
P1624,Prime Blender 272,Home,HomeEssence,13248.19,1559,3.21,2024-09-28
P1625,Smart Tablet 379,Electronics,ElectroMax,1824.15,649,3.4,2022-05-21
P1626,Smart Charger 906,Electronics,NovaTech,1973.4,558,4.34,2025-09-29
P1627,Mini Lipstick 173,Beauty,LuxeCare,1089.76,448,4.32,2020-12-31
P1628,Pro SofaCover 841,Home,ComfortLiving,2088.69,1449,4.21,2020-07-20
P1629,Classic Table 818,Home,HomeEssence,4860.65,1625,4.5,2023-11-07
P1630,Smart WaterBottle 200,Sports,ProActive,8581.0,251,4.7,2020-10-15
P1631,Classic CyclingHelmet 101,Sports,FitFlex,430.4,505,3.77,2020-02-20
P1632,Smart Blender 580,Home,Hearthstone,1881.96,417,3.58,2025-09-17
P1633,Classic Perfume 152,Beauty,GlowMist,1256.79,1574,3.79,2024-03-28
P1634,Pro Headphones 801,Electronics,PixelPro,2655.44,1947,3.81,2023-08-30
P1635,Ultra Blender 295,Home,Nestoria,12354.1,1249,3.67,2025-01-18
P1636,Pro Lamp 771,Home,HomeEssence,5031.93,60,4.79,2022-06-28
P1637,Pro YogaMat 464,Sports,FitFlex,3681.41,424,3.84,2023-09-12
P1638,Smart Handbag 408,Fashion,Trendify,1187.15,443,4.53,2024-09-26
P1639,Prime SofaCover 557,Home,HomeEssence,11637.28,934,3.7,2021-09-09
P1640,Pro T-Shirt 785,Fashion,Trendify,278.6,294,3.51,2019-11-09
P1641,Smart Vacuum 415,Home,ComfortLiving,2901.91,219,3.84,2020-08-03
P1642,Pro Mask 375,Beauty,GlowMist,2111.19,1287,3.83,2023-08-21
P1643,Mini Vacuum 847,Home,HomeEssence,6823.31,415,3.82,2023-09-09
P1644,Classic CyclingHelmet 590,Sports,Endura,3774.97,1452,3.51,2019-12-31
P1645,Pro Jeans 599,Fashion,SilkRoute,3747.5,1699,3.92,2020-12-01
P1646,Smart FaceWash 680,Beauty,VelvetTouch,1527.97,631,4.38,2022-12-23
P1647,Mini Mask 142,Beauty,GlowMist,863.77,1677,3.87,2021-01-23
P1648,Mini Dress 420,Fashion,VogueLane,652.12,143,4.28,2023-02-18
P1649,Classic Dumbbell 261,Sports,ProActive,8448.54,1631,4.62,2023-10-01
P1650,Pro YogaMat 933,Sports,FitFlex,5292.41,1493,4.74,2019-10-19
P1651,Smart Speaker 580,Electronics,Voltix,5277.62,1965,3.78,2025-06-06
P1652,Prime Table 242,Home,CasaPro,10178.74,419,3.59,2025-03-16
P1653,Pro Dress 653,Fashion,SilkRoute,2479.99,1269,4.13,2024-04-07
P1654,Prime Jacket 716,Fashion,VogueLane,3703.06,503,3.83,2025-03-08
P1655,Pro SofaCover 888,Home,HomeEssence,10154.69,532,4.47,2023-03-24
P1656,Ultra Vacuum 124,Home,Nestoria,871.62,1729,4.09,2022-05-08
P1657,Prime YogaMat 701,Sports,PeakGear,3951.3,20,4.41,2024-10-21
P1658,Prime Vacuum 699,Home,HomeEssence,1931.86,1435,4.74,2023-11-30
P1659,Pro Dumbbell 121,Sports,Endura,3364.21,108,4.59,2022-03-04
P1660,Mini T-Shirt 945,Fashion,SilkRoute,1299.61,575,4.76,2021-12-16
P1661,Smart Tablet 486,Electronics,PixelPro,10049.48,1517,4.04,2022-09-15
P1662,Pro Speaker 346,Electronics,PixelPro,11778.38,602,3.32,2021-09-21
P1663,Pro Serum 524,Beauty,VelvetTouch,2223.38,1630,4.05,2024-11-26
P1664,Mini Vacuum 422,Home,CasaPro,9700.69,888,3.86,2024-08-11
P1665,Smart Vacuum 274,Home,Nestoria,9154.36,1236,4.24,2022-10-18
P1666,Prime YogaMat 959,Sports,Sportify,7172.93,786,3.27,2021-02-22
P1667,Ultra Table 904,Home,HomeEssence,2338.26,98,4.06,2020-07-29
P1668,Mini Jeans 931,Fashion,Trendify,2812.63,1194,3.49,2024-12-05
P1669,Ultra CyclingHelmet 624,Sports,PeakGear,6872.49,1954,4.05,2022-06-12
P1670,Prime Moisturizer 456,Beauty,VelvetTouch,1700.68,3,4.78,2025-03-22
P1671,Classic Speaker 196,Electronics,Voltix,5348.22,1752,3.35,2022-05-17
P1672,Ultra Sneakers 416,Fashion,UrbanWear,2858.44,452,3.68,2019-03-06
P1673,Classic PowerBank 529,Electronics,SoundWave,9984.6,1266,3.78,2019-12-21
P1674,Pro T-Shirt 553,Fashion,UrbanWear,4040.21,1403,4.36,2025-03-28
P1675,Ultra Table 651,Home,Nestoria,8680.83,1087,3.7,2024-11-13
P1676,Smart Smartwatch 498,Electronics,ElectroMax,9753.86,757,3.9,2022-06-20
P1677,Pro Moisturizer 909,Beauty,VelvetTouch,1346.56,1990,4.13,2023-07-30
P1678,Classic Tablet 401,Electronics,NovaTech,20622.23,128,3.9,2023-05-18
P1679,Mini Serum 937,Beauty,AuraSkin,870.27,708,4.02,2021-10-21
P1680,Mini Headphones 897,Electronics,NovaTech,20427.7,650,3.82,2022-11-20
P1681,Smart Mask 538,Beauty,PureBloom,1106.74,1988,3.33,2020-05-01
P1682,Mini T-Shirt 207,Fashion,UrbanWear,3293.56,752,4.11,2024-07-02
P1683,Mini Dumbbell 470,Sports,ProActive,3740.28,1875,4.55,2021-08-31
P1684,Classic Handbag 625,Fashion,Trendify,3399.84,1370,4.31,2024-10-16
P1685,Ultra Jeans 386,Fashion,UrbanWear,1100.26,267,4.52,2020-05-22
P1686,Prime Speaker 324,Electronics,SoundWave,14538.86,506,3.98,2023-09-18
P1687,Ultra Table 772,Home,Hearthstone,1814.76,1506,3.2,2022-12-12
P1688,Mini Moisturizer 788,Beauty,AuraSkin,972.79,944,4.38,2025-04-27
P1689,Mini Speaker 504,Electronics,NovaTech,14198.08,1573,4.03,2021-12-28
P1690,Pro CyclingHelmet 236,Sports,PeakGear,2440.41,1375,4.75,2019-09-30
P1691,Ultra Serum 712,Beauty,VelvetTouch,719.72,787,4.2,2023-01-04
P1692,Prime SofaCover 573,Home,Hearthstone,1377.92,671,4.53,2023-12-27
P1693,Ultra Moisturizer 911,Beauty,GlowMist,794.87,604,4.55,2024-12-28
P1694,Prime Tablet 995,Electronics,ElectroMax,18051.53,1465,3.79,2019-04-13
P1695,Classic Headphones 690,Electronics,Voltix,4351.15,344,3.24,2021-09-13
P1696,Prime SofaCover 979,Home,Hearthstone,14117.39,1916,4.64,2019-03-10
P1697,Pro Cooker 586,Home,Nestoria,3358.19,441,3.86,2020-10-27
P1698,Pro Moisturizer 613,Beauty,LuxeCare,2149.0,580,4.49,2021-10-16
P1699,Prime T-Shirt 986,Fashion,UrbanWear,2010.71,1642,4.35,2021-02-09
P1700,Classic Headphones 686,Electronics,PixelPro,13790.03,1622,4.55,2024-08-13
P1701,Mini Lamp 169,Home,Nestoria,5778.47,719,3.85,2020-10-29
P1702,Prime Lamp 236,Home,Nestoria,7772.75,929,4.41,2025-08-15
P1703,Smart Blender 923,Home,ComfortLiving,4613.41,782,4.29,2019-06-19
P1704,Pro Lamp 481,Home,Nestoria,11847.9,1107,4.11,2025-04-18
P1705,Prime T-Shirt 428,Fashion,VogueLane,503.4,59,4.75,2024-02-13
P1706,Prime Jeans 256,Fashion,UrbanWear,1580.02,953,4.63,2024-05-26
P1707,Mini Lamp 726,Home,Nestoria,4727.12,239,4.75,2022-04-17
P1708,Pro CyclingHelmet 765,Sports,Sportify,8009.01,975,4.59,2022-03-16
P1709,Classic Lipstick 792,Beauty,PureBloom,909.66,367,3.64,2024-01-11
P1710,Ultra CyclingHelmet 651,Sports,ProActive,3387.41,295,3.49,2024-11-05
P1711,Ultra Moisturizer 188,Beauty,LuxeCare,666.55,1146,4.64,2024-06-10
P1712,Mini Perfume 896,Beauty,PureBloom,2118.66,1072,4.06,2021-01-03
P1713,Classic Perfume 156,Beauty,VelvetTouch,1487.39,1603,3.65,2020-12-16
P1714,Prime Tablet 131,Electronics,NovaTech,11728.89,142,3.85,2021-12-08
P1715,Smart FaceWash 838,Beauty,PureBloom,612.73,146,4.28,2021-08-14
P1716,Prime WaterBottle 613,Sports,ProActive,7315.82,874,3.7,2020-03-18
P1717,Mini Blender 902,Home,Nestoria,11298.63,948,3.26,2022-10-03
P1718,Pro Lamp 415,Home,HomeEssence,11245.54,1347,4.7,2025-09-28
P1719,Classic Lamp 912,Home,Nestoria,3582.29,1671,3.49,2024-03-11
P1720,Pro Tablet 182,Electronics,SoundWave,8475.97,1566,4.76,2021-11-06
P1721,Ultra Lipstick 557,Beauty,PureBloom,558.8,1241,3.31,2020-06-05
P1722,Prime Speaker 525,Electronics,ElectroMax,8825.57,1313,3.22,2022-01-17
P1723,Classic Perfume 311,Beauty,AuraSkin,814.31,290,3.96,2021-02-15
P1724,Prime Serum 365,Beauty,GlowMist,945.84,1487,3.25,2019-09-09
P1725,Smart FaceWash 404,Beauty,VelvetTouch,1089.74,830,4.35,2022-09-20
P1726,Classic WaterBottle 666,Sports,PeakGear,10136.23,168,3.43,2024-12-10
P1727,Prime Blender 693,Home,HomeEssence,8331.36,188,4.3,2020-08-09
P1728,Pro T-Shirt 449,Fashion,UrbanWear,5285.56,571,3.25,2022-04-05
P1729,Prime Charger 269,Electronics,PixelPro,20408.56,761,3.32,2019-08-09
P1730,Pro Speaker 842,Electronics,Voltix,8429.45,329,3.88,2021-11-16
P1731,Mini RunningShoes 751,Sports,Sportify,1889.13,1115,4.69,2022-12-20
P1732,Mini Table 545,Home,HomeEssence,1043.49,1271,3.88,2022-02-11
P1733,Classic Lamp 658,Home,Hearthstone,1390.78,728,4.72,2023-02-06
P1734,Classic WaterBottle 300,Sports,PeakGear,1137.73,1890,4.44,2022-09-13
P1735,Prime Perfume 561,Beauty,GlowMist,2008.65,1673,4.24,2022-05-14
P1736,Ultra Table 945,Home,ComfortLiving,9458.21,765,4.49,2023-08-28
P1737,Pro YogaMat 789,Sports,Endura,6421.96,1814,3.57,2022-02-19
P1738,Ultra Lipstick 625,Beauty,AuraSkin,1407.97,1391,3.75,2024-05-04
P1739,Pro Handbag 291,Fashion,StyleHub,2962.11,796,3.69,2020-03-28
P1740,Pro Smartwatch 899,Electronics,Voltix,9408.55,890,4.76,2022-06-13
P1741,Smart CyclingHelmet 764,Sports,Endura,7244.54,1153,4.51,2021-12-30
P1742,Ultra Jacket 246,Fashion,SilkRoute,1736.18,1912,4.78,2024-04-15
P1743,Smart Headphones 650,Electronics,SoundWave,15350.13,1109,4.14,2025-06-16
P1744,Smart SofaCover 684,Home,Nestoria,6248.93,1770,3.35,2024-04-09
P1745,Ultra CyclingHelmet 944,Sports,ProActive,7238.71,90,4.46,2023-09-12
P1746,Prime Lamp 627,Home,CasaPro,4466.31,1941,4.67,2020-05-11
P1747,Pro Lipstick 154,Beauty,GlowMist,167.63,259,4.39,2019-09-07
P1748,Ultra Blender 776,Home,HomeEssence,10043.07,1837,3.68,2025-01-07
P1749,Mini Perfume 891,Beauty,VelvetTouch,928.49,339,4.34,2022-06-03
P1750,Smart Headphones 956,Electronics,SoundWave,14615.06,1001,4.37,2019-03-12
P1751,Classic Serum 295,Beauty,LuxeCare,2619.12,457,3.97,2020-11-04
P1752,Prime Jeans 375,Fashion,SilkRoute,907.19,863,4.8,2023-11-26
P1753,Prime Tablet 151,Electronics,SoundWave,1787.81,333,4.23,2022-01-03
P1754,Pro FaceWash 320,Beauty,AuraSkin,1398.22,808,4.75,2023-05-12
P1755,Ultra Handbag 455,Fashion,UrbanWear,3906.99,693,3.94,2020-02-08
P1756,Classic Jeans 853,Fashion,UrbanWear,931.23,524,3.82,2022-08-02
P1757,Prime Speaker 746,Electronics,SoundWave,13256.14,1124,4.71,2020-12-25
P1758,Pro CyclingHelmet 857,Sports,ProActive,9054.78,919,3.6,2024-06-18
P1759,Smart PowerBank 470,Electronics,SoundWave,3765.21,968,4.12,2019-11-20
P1760,Pro PowerBank 268,Electronics,ElectroMax,14140.05,1441,4.18,2019-01-02
P1761,Ultra Moisturizer 617,Beauty,GlowMist,2884.03,205,3.34,2025-03-27
P1762,Classic Jeans 984,Fashion,VogueLane,374.87,1656,3.58,2025-07-24
P1763,Pro Serum 807,Beauty,PureBloom,2230.58,1211,3.85,2025-06-29
P1764,Prime PowerBank 222,Electronics,ElectroMax,12686.11,562,4.48,2023-04-14
P1765,Pro Blender 526,Home,HomeEssence,13358.96,1082,4.44,2019-08-12
P1766,Ultra Smartwatch 160,Electronics,Voltix,16651.0,520,4.39,2020-02-01
P1767,Classic Charger 963,Electronics,ElectroMax,5650.48,1544,4.64,2023-12-10
P1768,Mini Dress 902,Fashion,StyleHub,468.76,1960,4.0,2025-03-31
P1769,Prime PowerBank 188,Electronics,PixelPro,14794.8,109,4.74,2024-07-05
P1770,Smart Jacket 418,Fashion,StyleHub,4344.28,1308,4.05,2019-03-15
P1771,Smart Headphones 333,Electronics,SoundWave,6304.84,1205,3.23,2019-02-02
P1772,Prime Speaker 954,Electronics,SoundWave,18921.05,1801,3.32,2020-09-06
P1773,Pro Lipstick 395,Beauty,VelvetTouch,818.72,1883,4.39,2022-06-24
P1774,Classic Moisturizer 482,Beauty,AuraSkin,697.59,1271,4.42,2022-06-21
P1775,Prime FaceWash 206,Beauty,GlowMist,423.41,1543,3.22,2024-09-23
P1776,Classic Jeans 963,Fashion,SilkRoute,2423.13,775,4.07,2019-10-16
P1777,Mini Jacket 799,Fashion,StyleHub,795.71,1468,4.76,2024-01-30
P1778,Prime PowerBank 812,Electronics,ElectroMax,17928.74,760,4.54,2024-01-17
P1779,Classic Perfume 602,Beauty,PureBloom,1662.08,946,3.71,2023-08-13
P1780,Pro TennisRacket 848,Sports,ProActive,2401.38,578,4.31,2020-12-20
P1781,Classic FaceWash 514,Beauty,VelvetTouch,2013.22,535,4.54,2019-01-13
P1782,Smart Lamp 998,Home,HomeEssence,4179.75,1393,4.1,2020-11-16
P1783,Smart Dumbbell 831,Sports,PeakGear,3644.83,1673,4.0,2021-06-11
P1784,Classic Smartwatch 320,Electronics,ElectroMax,12173.75,1376,4.16,2019-02-11
P1785,Pro Mask 778,Beauty,LuxeCare,1632.46,1692,3.99,2024-02-04
P1786,Ultra Smartwatch 860,Electronics,ElectroMax,9047.47,1292,3.71,2025-07-27
P1787,Ultra Serum 532,Beauty,LuxeCare,179.42,1911,3.43,2023-05-24
P1788,Ultra Moisturizer 617,Beauty,LuxeCare,214.38,1735,3.36,2023-06-19
P1789,Smart Moisturizer 793,Beauty,VelvetTouch,1401.12,1465,4.18,2025-09-17
P1790,Mini T-Shirt 628,Fashion,UrbanWear,2873.15,1137,4.13,2023-06-17
P1791,Smart Speaker 419,Electronics,NovaTech,10006.28,988,4.64,2021-11-17
P1792,Mini Charger 472,Electronics,NovaTech,8003.54,696,3.78,2019-11-04
P1793,Prime FaceWash 189,Beauty,PureBloom,1588.32,843,4.34,2024-09-15
P1794,Smart Moisturizer 557,Beauty,PureBloom,2467.63,131,4.77,2019-12-25
P1795,Pro Perfume 365,Beauty,PureBloom,1698.86,1389,3.97,2024-09-08
P1796,Ultra Headphones 416,Electronics,Voltix,14867.21,1195,3.3,2022-07-19
P1797,Smart Dress 117,Fashion,Trendify,1220.65,1940,4.62,2021-05-04
P1798,Classic TennisRacket 363,Sports,ProActive,1566.54,100,3.26,2025-07-15
P1799,Mini Charger 870,Electronics,Voltix,5599.96,1179,4.48,2019-03-12
P1800,Classic Blender 492,Home,CasaPro,10456.34,1639,3.83,2022-07-25
P1801,Pro WaterBottle 538,Sports,ProActive,8378.36,1450,3.67,2025-06-08
P1802,Classic Tablet 891,Electronics,Voltix,4140.97,433,4.66,2020-11-27
P1803,Smart Lamp 605,Home,ComfortLiving,4418.48,1270,4.5,2020-01-24
P1804,Classic Serum 342,Beauty,LuxeCare,379.16,168,4.65,2021-10-09
P1805,Pro Table 872,Home,Nestoria,2598.37,45,4.43,2019-04-25
P1806,Smart RunningShoes 912,Sports,Sportify,1915.16,1102,3.48,2025-01-05
P1807,Ultra Jacket 660,Fashion,Trendify,4064.53,1071,3.89,2022-03-12
P1808,Pro Mask 266,Beauty,LuxeCare,481.77,1783,4.09,2021-05-29
P1809,Prime Moisturizer 262,Beauty,AuraSkin,434.1,1665,4.07,2024-05-07
P1810,Smart Cooker 364,Home,Hearthstone,5038.69,704,3.93,2022-05-11
P1811,Prime Charger 286,Electronics,PixelPro,18003.73,1357,4.06,2021-08-08
P1812,Smart SofaCover 701,Home,ComfortLiving,10088.94,1888,4.49,2024-07-16
P1813,Smart Handbag 429,Fashion,VogueLane,354.08,1445,3.89,2020-12-10
P1814,Ultra Jeans 775,Fashion,UrbanWear,3170.05,337,3.65,2021-10-22
P1815,Mini YogaMat 456,Sports,ProActive,2237.1,870,4.08,2019-07-30
P1816,Classic Dumbbell 121,Sports,FitFlex,4211.55,73,4.13,2020-06-13
P1817,Prime Blender 104,Home,HomeEssence,4334.17,1005,4.1,2021-05-16
P1818,Mini Smartwatch 233,Electronics,Voltix,13985.48,1871,3.47,2024-05-16
P1819,Pro RunningShoes 957,Sports,PeakGear,4625.91,1254,4.31,2021-10-23
P1820,Mini T-Shirt 337,Fashion,SilkRoute,1202.41,65,3.22,2024-05-24
P1821,Mini YogaMat 905,Sports,FitFlex,3716.23,1824,4.8,2025-07-26
P1822,Pro Table 151,Home,Hearthstone,5906.53,853,4.67,2019-07-06
P1823,Classic Smartwatch 835,Electronics,ElectroMax,9557.6,764,4.79,2019-09-13
P1824,Ultra Dress 837,Fashion,StyleHub,3161.15,1545,3.37,2022-07-18
P1825,Mini WaterBottle 385,Sports,PeakGear,10819.94,1408,3.91,2023-10-13
P1826,Ultra Lipstick 772,Beauty,GlowMist,1391.0,1271,4.68,2025-09-02
P1827,Smart SofaCover 409,Home,Nestoria,7177.64,170,4.39,2019-07-12
P1828,Pro Jeans 511,Fashion,Trendify,4398.0,544,3.22,2022-10-18
P1829,Ultra Smartwatch 838,Electronics,NovaTech,23201.85,1329,3.64,2021-06-25
P1830,Smart CyclingHelmet 212,Sports,Endura,1538.88,1068,4.42,2022-10-16
P1831,Classic TennisRacket 217,Sports,Sportify,3266.01,476,3.83,2023-05-17
P1832,Classic Moisturizer 385,Beauty,PureBloom,831.13,1433,3.35,2025-02-17
P1833,Smart Headphones 519,Electronics,SoundWave,5317.9,543,4.74,2025-05-17
P1834,Prime SofaCover 722,Home,CasaPro,8083.15,667,3.3,2024-01-18
P1835,Ultra RunningShoes 993,Sports,FitFlex,5268.72,751,4.16,2021-11-16
P1836,Pro YogaMat 390,Sports,PeakGear,473.6,1201,3.72,2025-01-24
P1837,Classic Tablet 321,Electronics,ElectroMax,5435.21,344,3.82,2023-04-26
P1838,Prime Vacuum 824,Home,CasaPro,5155.82,881,3.64,2024-10-14
P1839,Mini PowerBank 212,Electronics,SoundWave,2208.75,667,4.17,2019-04-15
P1840,Ultra Dumbbell 841,Sports,Endura,5268.03,174,4.04,2023-11-16
P1841,Ultra FaceWash 351,Beauty,PureBloom,1971.57,1122,4.02,2020-05-23
P1842,Prime Tablet 859,Electronics,PixelPro,9514.12,1225,3.94,2021-06-11
P1843,Prime Smartwatch 223,Electronics,PixelPro,11780.92,1114,3.38,2020-04-21
P1844,Mini Jacket 200,Fashion,StyleHub,4346.41,259,3.62,2024-04-02
P1845,Smart Lipstick 990,Beauty,GlowMist,1468.43,189,3.49,2021-11-17
P1846,Classic Cooker 916,Home,ComfortLiving,10546.6,1174,4.57,2019-03-15
P1847,Smart Tablet 999,Electronics,NovaTech,12768.83,348,4.24,2023-03-13
P1848,Mini Sneakers 352,Fashion,UrbanWear,4119.88,1192,4.76,2019-07-17
P1849,Mini Mask 511,Beauty,VelvetTouch,2032.38,492,3.37,2022-08-06
P1850,Classic Perfume 109,Beauty,AuraSkin,237.39,1550,3.29,2024-04-20
P1851,Pro Perfume 329,Beauty,AuraSkin,1576.55,284,4.79,2024-02-26
P1852,Mini Speaker 311,Electronics,PixelPro,14454.3,1288,4.73,2020-12-11
P1853,Ultra FaceWash 168,Beauty,PureBloom,1250.61,532,4.7,2024-01-28
P1854,Prime Smartwatch 231,Electronics,SoundWave,4037.4,664,4.58,2021-07-01
P1855,Prime PowerBank 582,Electronics,NovaTech,16732.44,762,3.55,2020-04-08
P1856,Mini Charger 813,Electronics,NovaTech,11061.8,943,3.74,2020-03-12
P1857,Classic Dumbbell 343,Sports,Sportify,7836.96,849,3.61,2024-11-03
P1858,Mini Perfume 298,Beauty,GlowMist,2474.75,1130,4.34,2024-10-04
P1859,Smart Headphones 624,Electronics,PixelPro,3605.27,1002,3.62,2019-12-25
P1860,Smart Jeans 206,Fashion,Trendify,1409.34,960,4.12,2019-10-24
P1861,Ultra TennisRacket 826,Sports,Sportify,3903.97,1456,3.8,2022-11-09
P1862,Mini T-Shirt 204,Fashion,StyleHub,5193.67,1417,3.63,2023-12-26
P1863,Ultra SofaCover 838,Home,Nestoria,708.96,264,3.57,2024-01-18
P1864,Mini Charger 333,Electronics,PixelPro,18979.07,173,4.5,2024-01-24
P1865,Smart T-Shirt 424,Fashion,UrbanWear,6294.57,1260,4.69,2025-06-27
P1866,Mini Jacket 539,Fashion,UrbanWear,1073.97,191,4.0,2021-10-02
P1867,Smart Headphones 727,Electronics,SoundWave,20430.79,380,4.24,2019-07-11
P1868,Ultra Lamp 527,Home,Hearthstone,5160.87,431,3.96,2021-01-13
P1869,Prime Dress 335,Fashion,StyleHub,4490.95,629,3.63,2025-02-05
P1870,Mini CyclingHelmet 712,Sports,FitFlex,3544.63,1171,3.76,2025-09-07
P1871,Classic T-Shirt 362,Fashion,VogueLane,4723.52,530,3.93,2025-07-11
P1872,Mini Headphones 844,Electronics,SoundWave,9214.47,334,3.54,2021-12-27
P1873,Ultra Cooker 564,Home,Hearthstone,4698.95,1593,4.19,2022-06-25
P1874,Smart Table 368,Home,ComfortLiving,5760.82,777,4.35,2024-05-18
P1875,Pro Smartwatch 187,Electronics,Voltix,5850.66,1928,4.43,2021-05-16
P1876,Ultra RunningShoes 475,Sports,Sportify,7592.89,1712,3.53,2020-12-08
P1877,Mini PowerBank 753,Electronics,PixelPro,14065.48,1746,4.18,2021-05-25
P1878,Classic Lamp 264,Home,Nestoria,14717.8,178,4.42,2025-07-12
P1879,Pro Dress 800,Fashion,VogueLane,694.03,906,3.58,2024-08-11
P1880,Prime Cooker 447,Home,Hearthstone,6312.8,272,3.94,2024-08-19
P1881,Prime Lamp 264,Home,Nestoria,9400.7,1465,3.48,2021-07-31
P1882,Ultra RunningShoes 992,Sports,FitFlex,7051.98,1233,3.92,2021-04-13
P1883,Ultra Charger 494,Electronics,SoundWave,12175.51,256,4.25,2020-07-26
P1884,Prime Smartwatch 762,Electronics,ElectroMax,23692.94,1794,4.17,2019-08-18
P1885,Classic WaterBottle 829,Sports,PeakGear,2141.74,337,4.35,2022-06-18
P1886,Mini PowerBank 901,Electronics,PixelPro,12638.93,1426,4.08,2025-03-13
P1887,Prime Jacket 559,Fashion,StyleHub,4233.57,998,3.55,2022-04-17
P1888,Pro RunningShoes 781,Sports,Endura,1049.26,1877,3.5,2020-04-29
P1889,Pro Sneakers 801,Fashion,Trendify,2105.31,973,4.22,2023-11-16
P1890,Smart Vacuum 744,Home,ComfortLiving,3377.17,676,4.72,2024-07-15
P1891,Ultra Sneakers 427,Fashion,UrbanWear,1250.5,1594,4.45,2025-03-09
P1892,Ultra Blender 257,Home,ComfortLiving,4206.64,427,4.36,2019-08-09
P1893,Pro FaceWash 614,Beauty,LuxeCare,2688.54,1089,4.21,2025-04-08
P1894,Classic FaceWash 641,Beauty,VelvetTouch,1098.84,368,4.05,2022-03-13
P1895,Smart Cooker 278,Home,HomeEssence,6654.31,885,4.53,2021-08-14
P1896,Mini Mask 265,Beauty,GlowMist,185.57,1677,4.22,2022-12-02
P1897,Prime Smartwatch 400,Electronics,Voltix,17385.61,906,3.96,2025-04-16
P1898,Smart RunningShoes 620,Sports,FitFlex,8021.79,349,4.61,2022-04-27
P1899,Classic RunningShoes 748,Sports,Endura,2835.0,1760,4.41,2024-10-23
P1900,Classic Lipstick 967,Beauty,VelvetTouch,1344.25,234,4.7,2021-03-28
P1901,Smart Mask 164,Beauty,AuraSkin,823.23,482,3.57,2025-07-11
P1902,Prime SofaCover 202,Home,Nestoria,10672.32,1026,3.68,2024-03-28
P1903,Mini Lipstick 204,Beauty,VelvetTouch,2631.55,902,4.09,2023-09-13
P1904,Smart Jacket 403,Fashion,StyleHub,758.91,755,4.14,2023-03-02
P1905,Smart Jacket 220,Fashion,Trendify,2613.96,1499,4.38,2020-12-10
P1906,Smart Blender 972,Home,CasaPro,13398.84,1607,3.63,2019-10-04
P1907,Smart Blender 191,Home,CasaPro,1392.45,1147,3.35,2022-07-07
P1908,Mini Moisturizer 702,Beauty,AuraSkin,2228.68,353,3.61,2025-01-16
P1909,Mini Handbag 108,Fashion,Trendify,467.91,743,3.92,2021-03-01
P1910,Pro Lipstick 381,Beauty,PureBloom,2835.41,1288,3.71,2022-04-11
P1911,Mini FaceWash 740,Beauty,VelvetTouch,1540.52,1605,4.41,2021-08-22
P1912,Prime PowerBank 126,Electronics,ElectroMax,12043.8,566,3.76,2025-07-12
P1913,Smart FaceWash 276,Beauty,PureBloom,2258.11,1434,4.57,2024-08-16
P1914,Classic Charger 385,Electronics,Voltix,916.71,1130,4.75,2022-02-04
P1915,Smart TennisRacket 996,Sports,Sportify,2608.71,167,3.75,2024-07-02
P1916,Mini TennisRacket 118,Sports,ProActive,7129.76,1059,3.43,2019-03-08
P1917,Classic PowerBank 649,Electronics,Voltix,953.65,1293,3.7,2019-01-20
P1918,Pro Dumbbell 274,Sports,ProActive,2555.38,1678,4.06,2021-06-08
P1919,Pro Jeans 606,Fashion,SilkRoute,1840.31,118,4.03,2025-03-28
P1920,Ultra WaterBottle 698,Sports,FitFlex,5497.79,1956,3.51,2020-12-23
P1921,Mini CyclingHelmet 222,Sports,Sportify,1147.51,403,3.43,2020-03-30
P1922,Mini Handbag 425,Fashion,SilkRoute,3689.04,618,3.61,2020-06-21
P1923,Smart Handbag 152,Fashion,StyleHub,6789.95,1642,3.62,2021-11-07
P1924,Prime Sneakers 728,Fashion,SilkRoute,3082.93,1326,3.28,2021-05-18
P1925,Pro Serum 851,Beauty,PureBloom,263.3,1601,4.08,2019-01-09
P1926,Pro Perfume 864,Beauty,VelvetTouch,1316.01,996,4.73,2022-07-23
P1927,Pro Serum 440,Beauty,LuxeCare,2143.46,1093,4.36,2025-08-22
P1928,Ultra Lamp 708,Home,CasaPro,5457.34,1923,4.38,2024-11-18
P1929,Prime Tablet 144,Electronics,Voltix,11192.96,723,3.45,2021-12-09
P1930,Ultra Jacket 218,Fashion,StyleHub,4082.47,1488,4.31,2019-04-04
P1931,Mini Charger 753,Electronics,SoundWave,6892.79,88,4.62,2024-01-31
P1932,Ultra Table 719,Home,ComfortLiving,9258.36,1435,3.84,2024-07-06
P1933,Smart Dumbbell 118,Sports,PeakGear,1631.32,1495,3.2,2019-02-09
P1934,Pro RunningShoes 223,Sports,ProActive,7451.45,37,4.79,2021-03-13
P1935,Smart Dumbbell 621,Sports,ProActive,2449.02,510,3.91,2021-06-20
P1936,Prime Smartwatch 478,Electronics,Voltix,19076.14,1860,4.37,2020-03-19
P1937,Mini TennisRacket 473,Sports,PeakGear,1957.64,1791,4.53,2024-11-21
P1938,Classic Speaker 634,Electronics,ElectroMax,6344.7,192,4.21,2023-09-15
P1939,Ultra Jacket 950,Fashion,UrbanWear,2034.79,793,4.13,2025-05-29
P1940,Mini Lamp 140,Home,Hearthstone,9726.55,525,3.64,2022-01-27
P1941,Smart WaterBottle 459,Sports,FitFlex,6213.1,684,4.62,2021-07-25
P1942,Classic Tablet 147,Electronics,SoundWave,9352.69,1312,4.37,2021-01-06
P1943,Pro Moisturizer 803,Beauty,PureBloom,2884.65,301,3.59,2020-05-08
P1944,Ultra Blender 845,Home,HomeEssence,3903.7,1627,4.13,2020-06-24
P1945,Mini Moisturizer 769,Beauty,VelvetTouch,884.17,807,4.67,2022-09-19
P1946,Smart FaceWash 490,Beauty,PureBloom,1493.14,1032,3.98,2023-10-16
P1947,Pro SofaCover 228,Home,Nestoria,6154.95,1548,4.52,2019-01-09
P1948,Smart YogaMat 123,Sports,FitFlex,9885.46,1061,4.53,2020-10-02
P1949,Mini Mask 356,Beauty,LuxeCare,188.58,115,4.37,2019-12-29
P1950,Pro WaterBottle 790,Sports,ProActive,7262.1,1420,3.76,2022-03-07
P1951,Pro Lamp 631,Home,Nestoria,12787.87,1492,4.3,2019-11-07
P1952,Smart Perfume 501,Beauty,PureBloom,1515.82,1580,3.8,2021-06-14
P1953,Classic FaceWash 989,Beauty,VelvetTouch,1624.44,1754,4.64,2021-04-16
P1954,Mini Smartwatch 980,Electronics,ElectroMax,13726.09,168,4.71,2023-07-21
P1955,Prime Dress 214,Fashion,Trendify,2442.46,664,4.41,2020-02-23
P1956,Pro RunningShoes 529,Sports,ProActive,2534.24,1633,4.07,2024-08-10
P1957,Prime Blender 987,Home,CasaPro,1770.86,142,4.07,2024-08-11
P1958,Ultra PowerBank 732,Electronics,Voltix,6840.94,1989,3.36,2020-11-25
P1959,Smart WaterBottle 724,Sports,Sportify,4703.37,1095,4.71,2021-11-22
P1960,Ultra TennisRacket 768,Sports,FitFlex,9603.09,1139,3.66,2022-08-29
P1961,Pro Headphones 620,Electronics,ElectroMax,15107.39,186,4.65,2021-12-10
P1962,Mini Smartwatch 396,Electronics,NovaTech,13950.53,1916,4.61,2019-07-12
P1963,Pro FaceWash 563,Beauty,PureBloom,592.8,967,4.46,2022-08-07
P1964,Pro Charger 731,Electronics,Voltix,6859.3,345,3.8,2022-03-15
P1965,Ultra TennisRacket 112,Sports,Sportify,3653.88,961,4.75,2020-08-31
P1966,Mini Jacket 782,Fashion,VogueLane,1271.83,1113,3.21,2023-10-12
P1967,Mini Dress 406,Fashion,StyleHub,3949.81,278,3.47,2020-04-01
P1968,Ultra FaceWash 115,Beauty,VelvetTouch,1578.95,1470,3.49,2019-11-24
P1969,Mini RunningShoes 119,Sports,Sportify,996.49,1168,3.49,2020-06-03
P1970,Ultra TennisRacket 511,Sports,ProActive,2818.52,1358,3.98,2022-05-14
P1971,Pro CyclingHelmet 736,Sports,Endura,3020.67,12,4.26,2021-12-12
P1972,Prime Handbag 207,Fashion,Trendify,2862.75,1983,3.25,2021-12-12
P1973,Pro Table 178,Home,Nestoria,7950.19,687,3.28,2025-01-02
P1974,Mini RunningShoes 443,Sports,PeakGear,7608.04,1911,4.02,2019-11-30
P1975,Classic Mask 144,Beauty,VelvetTouch,1457.18,912,3.66,2022-05-25
P1976,Pro Moisturizer 586,Beauty,LuxeCare,966.06,1891,4.29,2019-04-06
P1977,Classic Mask 913,Beauty,GlowMist,1973.03,1765,3.86,2021-08-06
P1978,Prime Sneakers 415,Fashion,StyleHub,5357.6,104,4.66,2022-11-11
P1979,Mini Perfume 874,Beauty,LuxeCare,2578.37,1203,3.44,2019-07-04
P1980,Ultra CyclingHelmet 343,Sports,Sportify,6400.87,818,4.76,2023-07-04
P1981,Pro Vacuum 344,Home,Hearthstone,12115.61,460,3.56,2019-12-31
P1982,Pro Table 258,Home,Hearthstone,5289.3,1969,4.21,2019-02-02
P1983,Mini Lipstick 312,Beauty,VelvetTouch,1574.04,310,4.55,2019-12-04
P1984,Smart Speaker 271,Electronics,SoundWave,17013.0,1689,3.85,2021-11-17
P1985,Prime SofaCover 171,Home,Hearthstone,11864.6,302,4.58,2025-10-30
P1986,Ultra Blender 876,Home,HomeEssence,11065.33,934,3.72,2025-07-26
P1987,Smart Dress 575,Fashion,StyleHub,4478.18,1610,3.5,2024-12-13
P1988,Prime Headphones 882,Electronics,SoundWave,18386.34,631,3.83,2025-01-17
P1989,Classic Jacket 371,Fashion,Trendify,3438.22,194,4.69,2021-04-19
P1990,Ultra Handbag 331,Fashion,UrbanWear,3144.5,1719,4.41,2021-06-25
P1991,Smart Lipstick 209,Beauty,PureBloom,1872.26,382,4.67,2021-02-15
P1992,Prime Dumbbell 763,Sports,Endura,3049.3,1727,4.45,2023-08-20
P1993,Ultra Sneakers 771,Fashion,Trendify,407.59,165,3.62,2025-08-22
P1994,Pro RunningShoes 295,Sports,Sportify,1088.92,747,3.63,2024-06-21
P1995,Classic Charger 362,Electronics,NovaTech,9414.45,9,3.42,2021-04-18
P1996,Prime CyclingHelmet 101,Sports,PeakGear,457.28,269,3.31,2020-02-11
P1997,Ultra PowerBank 654,Electronics,SoundWave,9385.3,883,3.7,2020-12-19
P1998,Prime Lamp 821,Home,ComfortLiving,3033.39,1652,3.63,2020-01-23
P1999,Smart Lipstick 982,Beauty,GlowMist,1847.03,842,4.41,2019-05-15
P2000,Mini Lipstick 795,Beauty,GlowMist,1036.74,1593,4.41,2021-02-08
