review_id,customer_id,product_id,rating,review_text,review_date,sentiment
R00001,CUST3630,P0181,5,Good value for money.,2023-12-10,Positive
R00002,CUST1324,P1200,3,It's fine but could be better.,2023-06-04,Neutral
R00003,CUST1212,P1029,5,Very satisfied with the purchase.,2024-11-10,Positive
R00004,CUST4615,P1897,4,Quality is great for the price.,2025-11-01,Positive
R00005,CUST1259,P1364,5,Very satisfied with the purchase.,2024-07-16,Positive
R00006,CUST0632,P0652,4,Good value for money.,2024-10-28,Positive
R00007,CUST4992,P0082,5,Very satisfied with the purchase.,2025-01-18,Positive
R00008,CUST1796,P0605,5,Works as expected.,2025-04-16,Positive
R00009,CUST0624,P1594,4,Good value for money.,2025-08-04,Positive
R00010,CUST1354,P1480,4,Good value for money.,2025-11-03,Positive
R00011,CUST0546,P1476,4,Good value for money.,2024-12-05,Positive
R00012,CUST3961,P1432,4,"Excellent product, highly recommended!",2024-11-28,Positive
R00013,CUST2649,P1068,5,Very satisfied with the purchase.,2025-06-09,Positive
R00014,CUST3390,P0526,2,Disappointed with the build quality.,2024-06-18,Negative
R00015,CUST0300,P1029,4,Good value for money.,2024-07-04,Positive
R00016,CUST0103,P1546,4,Quality is great for the price.,2024-04-24,Positive
R00017,CUST4561,P1502,3,It's fine but could be better.,2025-06-29,Neutral
R00018,CUST0443,P0555,5,Works as expected.,2022-07-29,Positive
R00019,CUST3609,P1221,4,"Excellent product, highly recommended!",2024-10-04,Positive
R00020,CUST4579,P0561,5,"Excellent product, highly recommended!",2025-08-31,Positive
R00021,CUST0887,P1177,5,Very satisfied with the purchase.,2024-09-20,Positive
R00022,CUST0090,P0208,4,Very satisfied with the purchase.,2025-09-09,Positive
R00023,CUST3252,P1294,4,Quality is great for the price.,2024-03-07,Positive
R00024,CUST4467,P1374,3,"Average quality, meets expectations.",2025-10-05,Neutral
R00025,CUST3223,P1399,3,"Product is okay, nothing special.",2025-09-26,Neutral
R00026,CUST4783,P1273,5,"Excellent product, highly recommended!",2024-05-09,Positive
R00027,CUST0341,P0490,4,Good value for money.,2025-08-12,Positive
R00028,CUST0772,P1475,4,Quality is great for the price.,2022-11-17,Positive
R00029,CUST1328,P0869,1,Not worth the money.,2022-12-24,Negative
R00030,CUST0346,P1566,5,Good value for money.,2025-10-12,Positive
R00031,CUST2756,P0504,5,Very satisfied with the purchase.,2025-10-26,Positive
R00032,CUST4289,P0623,4,Very satisfied with the purchase.,2025-09-25,Positive
R00033,CUST4893,P1098,5,"Excellent product, highly recommended!",2023-05-24,Positive
R00034,CUST0284,P0278,5,Works as expected.,2025-01-02,Positive
R00035,CUST1465,P0717,4,Good value for money.,2025-11-07,Positive
R00036,CUST1368,P1772,5,Quality is great for the price.,2023-11-09,Positive
R00037,CUST0147,P1217,5,Works as expected.,2023-11-08,Positive
R00038,CUST3714,P1662,5,Good value for money.,2024-02-05,Positive
R00039,CUST0963,P0519,5,Works as expected.,2024-06-05,Positive
R00040,CUST3570,P1773,2,Disappointed with the build quality.,2024-11-06,Negative
R00041,CUST4964,P0777,5,Works as expected.,2025-09-08,Positive
R00042,CUST2490,P1025,4,Very satisfied with the purchase.,2024-05-30,Positive
R00043,CUST0322,P1349,3,It's fine but could be better.,2025-02-10,Neutral
R00044,CUST1512,P0664,5,Good value for money.,2025-08-27,Positive
R00045,CUST4427,P0591,4,Good value for money.,2025-08-25,Positive
R00046,CUST4757,P0726,4,"Excellent product, highly recommended!",2025-06-06,Positive
R00047,CUST0650,P0424,5,"Excellent product, highly recommended!",2024-08-23,Positive
R00048,CUST0107,P1813,3,"Product is okay, nothing special.",2021-07-16,Neutral
R00049,CUST2572,P1180,3,"Product is okay, nothing special.",2025-06-21,Neutral
R00050,CUST4623,P0305,4,Quality is great for the price.,2023-07-27,Positive
R00051,CUST0897,P1219,2,Disappointed with the build quality.,2023-01-24,Negative
R00052,CUST2731,P0826,5,"Excellent product, highly recommended!",2025-06-09,Positive
R00053,CUST4593,P1451,4,Very satisfied with the purchase.,2024-08-21,Positive
R00054,CUST1783,P0338,4,Very satisfied with the purchase.,2024-08-15,Positive
R00055,CUST4954,P0032,5,Works as expected.,2025-08-24,Positive
R00056,CUST1265,P0375,5,Very satisfied with the purchase.,2023-07-08,Positive
R00057,CUST4647,P1605,5,Good value for money.,2025-10-05,Positive
R00058,CUST2809,P0893,2,Poor customer service experience.,2025-05-19,Negative
R00059,CUST2902,P1256,5,Good value for money.,2024-03-15,Positive
R00060,CUST1920,P1603,3,Decent product for the price.,2022-01-04,Neutral
R00061,CUST1451,P1496,5,"Excellent product, highly recommended!",2024-03-24,Positive
R00062,CUST3339,P1801,2,Poor customer service experience.,2025-10-07,Negative
R00063,CUST1061,P0771,4,"Excellent product, highly recommended!",2022-03-18,Positive
R00064,CUST4616,P0361,5,Quality is great for the price.,2021-12-11,Positive
R00065,CUST2874,P0542,2,Stopped working after a week.,2021-02-05,Negative
R00066,CUST2583,P1733,4,Quality is great for the price.,2025-07-10,Positive
R00067,CUST2946,P0020,4,Very satisfied with the purchase.,2024-01-25,Positive
R00068,CUST3698,P0278,5,Quality is great for the price.,2024-07-13,Positive
R00069,CUST0759,P1143,1,Not worth the money.,2025-11-02,Negative
R00070,CUST0750,P0833,5,Very satisfied with the purchase.,2023-10-19,Positive
R00071,CUST1078,P0576,4,Good value for money.,2022-02-17,Positive
R00072,CUST2473,P1862,5,Quality is great for the price.,2025-05-25,Positive
R00073,CUST1371,P0626,5,Quality is great for the price.,2025-06-02,Positive
R00074,CUST1979,P1625,4,Very satisfied with the purchase.,2025-08-17,Positive
R00075,CUST2998,P0161,4,Quality is great for the price.,2025-09-04,Positive
R00076,CUST2610,P0020,4,Good value for money.,2025-09-14,Positive
R00077,CUST4256,P1446,5,Works as expected.,2022-10-09,Positive
R00078,CUST4642,P0597,2,Not worth the money.,2025-11-13,Negative
R00079,CUST2993,P0471,5,Very satisfied with the purchase.,2022-09-09,Positive
R00080,CUST2452,P1009,1,Disappointed with the build quality.,2025-05-26,Negative
R00081,CUST3489,P1932,3,Decent product for the price.,2025-10-08,Neutral
R00082,CUST0173,P0121,5,"Excellent product, highly recommended!",2025-10-11,Positive
R00083,CUST0431,P0711,4,Good value for money.,2024-11-30,Positive
R00084,CUST2156,P1094,3,"Average quality, meets expectations.",2025-09-11,Neutral
R00085,CUST2550,P1366,4,Very satisfied with the purchase.,2022-03-21,Positive
R00086,CUST1917,P0972,4,"Excellent product, highly recommended!",2025-09-01,Positive
R00087,CUST4502,P1031,5,Quality is great for the price.,2023-10-03,Positive
R00088,CUST0924,P1733,5,Works as expected.,2025-09-03,Positive
R00089,CUST3981,P0433,4,Works as expected.,2025-04-05,Positive
R00090,CUST1627,P1061,4,"Excellent product, highly recommended!",2022-12-04,Positive
R00091,CUST3813,P0917,5,Very satisfied with the purchase.,2023-08-11,Positive
R00092,CUST4319,P1931,5,Very satisfied with the purchase.,2025-07-08,Positive
R00093,CUST0839,P1141,5,Good value for money.,2024-04-09,Positive
R00094,CUST0722,P1876,5,Good value for money.,2025-10-21,Positive
R00095,CUST2839,P0392,3,"Product is okay, nothing special.",2025-02-15,Neutral
R00096,CUST0670,P1661,2,Not worth the money.,2023-07-02,Negative
R00097,CUST0254,P0904,2,Not worth the money.,2024-07-30,Negative
R00098,CUST4612,P1307,4,"Excellent product, highly recommended!",2025-09-08,Positive
R00099,CUST4506,P0764,5,Works as expected.,2025-04-28,Positive
R00100,CUST2776,P0661,5,Good value for money.,2025-11-12,Positive
R00101,CUST2920,P0951,5,"Excellent product, highly recommended!",2025-05-30,Positive
R00102,CUST0936,P0545,3,"Average quality, meets expectations.",2025-01-24,Neutral
R00103,CUST4247,P0896,5,Works as expected.,2021-01-31,Positive
R00104,CUST2712,P0695,5,Works as expected.,2022-11-29,Positive
R00105,CUST1513,P0161,2,Disappointed with the build quality.,2025-10-23,Negative
R00106,CUST1733,P0755,5,"Excellent product, highly recommended!",2020-01-17,Positive
R00107,CUST1497,P1666,4,Works as expected.,2025-09-07,Positive
R00108,CUST0645,P0054,3,It's fine but could be better.,2024-06-05,Neutral
R00109,CUST1874,P0364,4,"Excellent product, highly recommended!",2023-07-30,Positive
R00110,CUST3314,P1636,2,Not worth the money.,2025-10-25,Negative
R00111,CUST2708,P0129,3,Decent product for the price.,2024-08-13,Neutral
R00112,CUST3198,P1779,5,"Excellent product, highly recommended!",2023-10-09,Positive
R00113,CUST3368,P1609,3,It's fine but could be better.,2023-02-20,Neutral
R00114,CUST3482,P1113,5,"Excellent product, highly recommended!",2024-04-14,Positive
R00115,CUST4147,P1337,4,Very satisfied with the purchase.,2025-09-12,Positive
R00116,CUST1940,P1894,3,It's fine but could be better.,2022-11-13,Neutral
R00117,CUST4872,P1385,5,Works as expected.,2023-01-28,Positive
R00118,CUST1159,P0749,3,"Average quality, meets expectations.",2025-06-22,Neutral
R00119,CUST4215,P0480,5,"Excellent product, highly recommended!",2025-07-04,Positive
R00120,CUST4075,P1160,3,"Average quality, meets expectations.",2025-08-02,Neutral
R00121,CUST0652,P0545,5,Good value for money.,2025-07-23,Positive
R00122,CUST4177,P1613,2,Stopped working after a week.,2025-08-05,Negative
R00123,CUST4367,P1484,4,"Excellent product, highly recommended!",2023-10-03,Positive
R00124,CUST2945,P1422,3,"Product is okay, nothing special.",2025-06-18,Neutral
R00125,CUST0492,P1281,4,Quality is great for the price.,2021-03-19,Positive
R00126,CUST2280,P1232,5,Very satisfied with the purchase.,2024-11-12,Positive
R00127,CUST2293,P0436,5,Works as expected.,2025-03-12,Positive
R00128,CUST4378,P0413,4,Good value for money.,2023-12-22,Positive
R00129,CUST0118,P1617,1,Not worth the money.,2022-10-29,Negative
R00130,CUST2217,P0457,5,Works as expected.,2025-09-26,Positive
R00131,CUST4194,P0123,5,Works as expected.,2025-09-02,Positive
R00132,CUST0695,P0147,5,Quality is great for the price.,2024-03-03,Positive
R00133,CUST2121,P1003,4,Works as expected.,2020-10-25,Positive
R00134,CUST0815,P1182,4,Good value for money.,2025-07-26,Positive
R00135,CUST4790,P1154,4,Works as expected.,2025-04-02,Positive
R00136,CUST3192,P0573,5,Good value for money.,2025-10-09,Positive
R00137,CUST3567,P0830,5,Very satisfied with the purchase.,2022-08-26,Positive
R00138,CUST2993,P0394,4,Very satisfied with the purchase.,2023-10-14,Positive
R00139,CUST1631,P1935,5,Works as expected.,2022-04-03,Positive
R00140,CUST2303,P1367,4,"Excellent product, highly recommended!",2023-07-03,Positive
R00141,CUST3681,P0688,4,Quality is great for the price.,2024-07-07,Positive
R00142,CUST0942,P0976,5,Very satisfied with the purchase.,2025-05-07,Positive
R00143,CUST4776,P0418,4,"Excellent product, highly recommended!",2025-05-08,Positive
R00144,CUST0777,P1539,5,Works as expected.,2025-09-29,Positive
R00145,CUST4048,P0860,5,"Excellent product, highly recommended!",2023-02-23,Positive
R00146,CUST3831,P1487,4,Very satisfied with the purchase.,2024-12-28,Positive
R00147,CUST4084,P1897,5,Quality is great for the price.,2025-10-02,Positive
R00148,CUST1633,P1640,4,Quality is great for the price.,2024-07-29,Positive
R00149,CUST0857,P0534,5,"Excellent product, highly recommended!",2025-07-22,Positive
R00150,CUST4764,P1239,4,Quality is great for the price.,2025-07-16,Positive
R00151,CUST2294,P1542,5,Works as expected.,2025-10-16,Positive
R00152,CUST2719,P0296,4,Quality is great for the price.,2025-10-27,Positive
R00153,CUST0154,P0181,5,Good value for money.,2025-10-21,Positive
R00154,CUST1752,P0642,4,Quality is great for the price.,2024-12-05,Positive
R00155,CUST3740,P0497,4,Good value for money.,2024-04-02,Positive
R00156,CUST0149,P0507,1,Poor customer service experience.,2025-05-28,Negative
R00157,CUST3979,P1620,5,"Excellent product, highly recommended!",2025-03-05,Positive
R00158,CUST3990,P0636,3,"Average quality, meets expectations.",2024-02-06,Neutral
R00159,CUST1491,P1303,3,"Average quality, meets expectations.",2025-07-27,Neutral
R00160,CUST3882,P0742,2,Stopped working after a week.,2025-09-05,Negative
R00161,CUST3476,P0207,5,Good value for money.,2025-08-01,Positive
R00162,CUST2798,P0727,4,Very satisfied with the purchase.,2023-09-14,Positive
R00163,CUST2301,P1735,4,Good value for money.,2025-04-12,Positive
R00164,CUST4993,P1710,4,Works as expected.,2024-12-27,Positive
R00165,CUST0176,P0977,5,Good value for money.,2024-10-09,Positive
R00166,CUST1814,P0922,4,Works as expected.,2025-10-19,Positive
R00167,CUST2202,P1618,4,Very satisfied with the purchase.,2024-12-09,Positive
R00168,CUST0955,P1517,4,Quality is great for the price.,2025-07-12,Positive
R00169,CUST3913,P0850,5,Works as expected.,2024-08-22,Positive
R00170,CUST2292,P1507,5,Quality is great for the price.,2022-12-25,Positive
R00171,CUST1282,P1087,4,Very satisfied with the purchase.,2025-09-28,Positive
R00172,CUST1584,P0786,5,Quality is great for the price.,2025-10-04,Positive
R00173,CUST4788,P0250,5,"Excellent product, highly recommended!",2025-09-30,Positive
R00174,CUST2665,P1228,4,Quality is great for the price.,2025-04-04,Positive
R00175,CUST1267,P1473,5,Good value for money.,2024-06-01,Positive
R00176,CUST1450,P1246,4,Quality is great for the price.,2024-08-17,Positive
R00177,CUST4729,P1780,2,Not worth the money.,2025-02-15,Negative
R00178,CUST3639,P1323,4,Works as expected.,2024-09-13,Positive
R00179,CUST3996,P1632,5,Quality is great for the price.,2025-10-11,Positive
R00180,CUST2539,P0977,2,Stopped working after a week.,2025-01-09,Negative
R00181,CUST0559,P1701,5,Very satisfied with the purchase.,2025-01-09,Positive
R00182,CUST4719,P0040,5,"Excellent product, highly recommended!",2025-11-03,Positive
R00183,CUST1528,P0826,4,Quality is great for the price.,2024-11-17,Positive
R00184,CUST4860,P1830,5,"Excellent product, highly recommended!",2025-10-06,Positive
R00185,CUST3167,P0956,5,Works as expected.,2025-08-26,Positive
R00186,CUST1076,P1173,3,"Product is okay, nothing special.",2024-04-04,Neutral
R00187,CUST4940,P1287,4,Quality is great for the price.,2025-06-13,Positive
R00188,CUST4010,P0928,5,Very satisfied with the purchase.,2025-10-19,Positive
R00189,CUST4250,P1635,4,Quality is great for the price.,2025-01-24,Positive
R00190,CUST4697,P0531,5,Quality is great for the price.,2025-02-11,Positive
R00191,CUST0077,P1207,3,Decent product for the price.,2024-04-25,Neutral
R00192,CUST0474,P0938,3,"Average quality, meets expectations.",2025-10-02,Neutral
R00193,CUST0779,P0855,5,Quality is great for the price.,2024-12-30,Positive
R00194,CUST4417,P0213,5,"Excellent product, highly recommended!",2025-09-12,Positive
R00195,CUST3863,P0625,5,Quality is great for the price.,2025-02-23,Positive
R00196,CUST0019,P0903,3,It's fine but could be better.,2024-07-05,Neutral
R00197,CUST2442,P1795,5,"Excellent product, highly recommended!",2025-10-01,Positive
R00198,CUST4581,P0263,5,"Excellent product, highly recommended!",2025-06-30,Positive
R00199,CUST4261,P1684,5,Quality is great for the price.,2025-04-20,Positive
R00200,CUST2584,P1093,5,Works as expected.,2023-10-24,Positive
R00201,CUST2322,P1509,4,"Excellent product, highly recommended!",2025-05-03,Positive
R00202,CUST1446,P1515,5,Quality is great for the price.,2025-06-02,Positive
R00203,CUST1689,P1846,2,Disappointed with the build quality.,2021-06-09,Negative
R00204,CUST2307,P1449,3,Decent product for the price.,2025-02-04,Neutral
R00205,CUST0281,P0209,5,"Excellent product, highly recommended!",2025-11-04,Positive
R00206,CUST2048,P1320,4,Works as expected.,2024-07-07,Positive
R00207,CUST0824,P0857,3,"Average quality, meets expectations.",2025-03-16,Neutral
R00208,CUST0864,P1109,3,It's fine but could be better.,2025-07-09,Neutral
R00209,CUST1180,P1557,4,Quality is great for the price.,2024-11-28,Positive
R00210,CUST3187,P1468,5,Very satisfied with the purchase.,2023-09-04,Positive
R00211,CUST0611,P0580,2,Stopped working after a week.,2025-07-31,Negative
R00212,CUST2671,P0401,4,Works as expected.,2025-04-20,Positive
R00213,CUST1096,P0405,5,"Excellent product, highly recommended!",2025-03-15,Positive
R00214,CUST1299,P1328,4,Very satisfied with the purchase.,2024-01-18,Positive
R00215,CUST3947,P0075,3,"Product is okay, nothing special.",2025-10-01,Neutral
R00216,CUST4683,P0137,4,"Excellent product, highly recommended!",2025-02-25,Positive
R00217,CUST4302,P0941,4,Quality is great for the price.,2025-06-02,Positive
R00218,CUST4342,P1262,5,Works as expected.,2024-05-06,Positive
R00219,CUST2547,P0323,2,Poor customer service experience.,2025-10-31,Negative
R00220,CUST1575,P0124,5,Good value for money.,2023-12-28,Positive
R00221,CUST2267,P1355,2,Not worth the money.,2025-01-25,Negative
R00222,CUST1581,P1081,3,"Average quality, meets expectations.",2024-12-28,Neutral
R00223,CUST0186,P1447,2,Not worth the money.,2025-06-06,Negative
R00224,CUST2293,P0893,4,Very satisfied with the purchase.,2023-10-04,Positive
R00225,CUST0085,P1436,3,"Average quality, meets expectations.",2022-06-22,Neutral
R00226,CUST0402,P0537,5,Very satisfied with the purchase.,2025-02-09,Positive
R00227,CUST1670,P1371,5,Works as expected.,2024-05-03,Positive
R00228,CUST2490,P0609,5,Works as expected.,2024-12-18,Positive
R00229,CUST1416,P1515,3,"Product is okay, nothing special.",2024-12-01,Neutral
R00230,CUST0520,P0034,5,Quality is great for the price.,2023-07-16,Positive
R00231,CUST3199,P1539,5,Very satisfied with the purchase.,2025-10-27,Positive
R00232,CUST4438,P1797,5,Very satisfied with the purchase.,2024-05-20,Positive
R00233,CUST0085,P1681,4,Good value for money.,2024-02-08,Positive
R00234,CUST4877,P1769,5,Good value for money.,2024-10-17,Positive
R00235,CUST1210,P1570,4,Works as expected.,2023-06-11,Positive
R00236,CUST2712,P0321,4,Quality is great for the price.,2025-03-12,Positive
R00237,CUST1372,P1536,5,Works as expected.,2025-08-11,Positive
R00238,CUST0888,P0145,5,"Excellent product, highly recommended!",2025-08-07,Positive
R00239,CUST3430,P1339,3,"Product is okay, nothing special.",2025-07-28,Neutral
R00240,CUST3370,P1395,3,"Product is okay, nothing special.",2025-03-18,Neutral
R00241,CUST2506,P0128,5,"Excellent product, highly recommended!",2025-06-08,Positive
R00242,CUST3023,P0198,5,Quality is great for the price.,2020-06-27,Positive
R00243,CUST3078,P0283,5,Works as expected.,2025-04-24,Positive
R00244,CUST3552,P0562,1,Disappointed with the build quality.,2024-12-22,Negative
R00245,CUST0644,P0179,5,Very satisfied with the purchase.,2025-05-26,Positive
R00246,CUST0658,P1062,4,Works as expected.,2025-10-14,Positive
R00247,CUST2926,P1585,5,Good value for money.,2024-05-06,Positive
R00248,CUST3729,P0995,5,Very satisfied with the purchase.,2025-07-08,Positive
R00249,CUST4890,P0093,5,Good value for money.,2023-04-22,Positive
R00250,CUST1662,P0652,5,Works as expected.,2025-08-07,Positive
R00251,CUST3296,P0334,4,Quality is great for the price.,2022-09-30,Positive
R00252,CUST4593,P1436,5,"Excellent product, highly recommended!",2022-09-27,Positive
R00253,CUST3479,P1238,2,Disappointed with the build quality.,2022-06-26,Negative
R00254,CUST2808,P1600,5,Works as expected.,2025-04-15,Positive
R00255,CUST4254,P0890,5,Good value for money.,2024-10-02,Positive
R00256,CUST0048,P0648,4,Quality is great for the price.,2024-07-17,Positive
R00257,CUST1625,P0590,5,Works as expected.,2025-10-21,Positive
R00258,CUST2677,P1154,5,Very satisfied with the purchase.,2025-03-24,Positive
R00259,CUST4401,P0575,5,Works as expected.,2023-09-28,Positive
R00260,CUST2603,P1075,5,"Excellent product, highly recommended!",2025-01-05,Positive
R00261,CUST0487,P0343,4,Very satisfied with the purchase.,2024-06-21,Positive
R00262,CUST4082,P0224,2,Disappointed with the build quality.,2025-02-25,Negative
R00263,CUST4882,P1978,4,Very satisfied with the purchase.,2025-09-02,Positive
R00264,CUST0321,P1774,5,Quality is great for the price.,2024-08-05,Positive
R00265,CUST4969,P0233,3,"Product is okay, nothing special.",2023-05-07,Neutral
R00266,CUST4366,P0446,5,Good value for money.,2025-07-02,Positive
R00267,CUST2162,P0019,5,Works as expected.,2025-04-20,Positive
R00268,CUST4797,P0858,3,"Product is okay, nothing special.",2021-06-09,Neutral
R00269,CUST1786,P1006,4,Quality is great for the price.,2024-03-02,Positive
R00270,CUST2020,P1965,5,Works as expected.,2025-10-08,Positive
R00271,CUST0824,P0348,5,Quality is great for the price.,2025-11-02,Positive
R00272,CUST3667,P0456,4,"Excellent product, highly recommended!",2024-10-20,Positive
R00273,CUST2352,P0347,2,Disappointed with the build quality.,2025-07-30,Negative
R00274,CUST3105,P1788,5,"Excellent product, highly recommended!",2025-10-06,Positive
R00275,CUST0094,P0561,4,Good value for money.,2025-09-18,Positive
R00276,CUST3993,P0958,4,Very satisfied with the purchase.,2025-10-10,Positive
R00277,CUST1315,P0872,3,Decent product for the price.,2025-10-23,Neutral
R00278,CUST0008,P1507,4,Works as expected.,2023-07-19,Positive
R00279,CUST2621,P0349,5,Works as expected.,2025-05-06,Positive
R00280,CUST0592,P1016,3,Decent product for the price.,2022-05-22,Neutral
R00281,CUST4769,P1900,2,Not worth the money.,2024-01-27,Negative
R00282,CUST4527,P1224,5,Quality is great for the price.,2023-03-10,Positive
R00283,CUST1102,P1045,4,Very satisfied with the purchase.,2025-08-16,Positive
R00284,CUST2921,P0555,4,"Excellent product, highly recommended!",2022-02-14,Positive
R00285,CUST3301,P0477,3,Decent product for the price.,2020-02-21,Neutral
R00286,CUST1825,P1543,5,Works as expected.,2022-10-05,Positive
R00287,CUST4692,P0163,5,Works as expected.,2024-06-18,Positive
R00288,CUST4279,P1313,3,"Product is okay, nothing special.",2023-01-23,Neutral
R00289,CUST1196,P1801,5,Quality is great for the price.,2025-10-15,Positive
R00290,CUST3690,P0887,5,Good value for money.,2024-05-19,Positive
R00291,CUST1483,P1494,5,Quality is great for the price.,2025-07-22,Positive
R00292,CUST3834,P0538,5,Good value for money.,2025-01-05,Positive
R00293,CUST3382,P1243,5,"Excellent product, highly recommended!",2022-03-15,Positive
R00294,CUST1974,P0392,4,Very satisfied with the purchase.,2025-10-28,Positive
R00295,CUST1788,P0032,2,Disappointed with the build quality.,2025-02-12,Negative
R00296,CUST0691,P1607,2,Poor customer service experience.,2025-10-17,Negative
R00297,CUST4023,P0584,3,It's fine but could be better.,2024-04-08,Neutral
R00298,CUST0647,P1933,2,Stopped working after a week.,2023-02-28,Negative
R00299,CUST2291,P1315,4,Good value for money.,2024-12-11,Positive
R00300,CUST4083,P1394,5,Quality is great for the price.,2021-03-14,Positive
R00301,CUST1702,P1954,3,It's fine but could be better.,2023-10-03,Neutral
R00302,CUST2990,P0500,4,Good value for money.,2024-12-05,Positive
R00303,CUST0638,P0393,5,"Excellent product, highly recommended!",2024-05-14,Positive
R00304,CUST3280,P0596,3,It's fine but could be better.,2025-03-05,Neutral
R00305,CUST4023,P1613,4,Very satisfied with the purchase.,2024-04-14,Positive
R00306,CUST1686,P0005,2,Not worth the money.,2023-01-17,Negative
R00307,CUST3099,P1521,1,Poor customer service experience.,2025-07-04,Negative
R00308,CUST0942,P0766,4,Quality is great for the price.,2025-05-03,Positive
R00309,CUST3643,P1769,5,Good value for money.,2025-11-11,Positive
R00310,CUST3673,P0594,4,"Excellent product, highly recommended!",2025-05-30,Positive
R00311,CUST2887,P0762,5,Very satisfied with the purchase.,2025-08-15,Positive
R00312,CUST3119,P1440,4,Good value for money.,2023-10-21,Positive
R00313,CUST2923,P0386,5,Good value for money.,2025-11-03,Positive
R00314,CUST2134,P0607,5,Quality is great for the price.,2025-11-05,Positive
R00315,CUST4612,P1810,3,"Product is okay, nothing special.",2025-04-20,Neutral
R00316,CUST2622,P1454,1,Disappointed with the build quality.,2024-12-09,Negative
R00317,CUST1603,P1662,4,"Excellent product, highly recommended!",2024-07-12,Positive
R00318,CUST4557,P1602,4,Good value for money.,2024-10-30,Positive
R00319,CUST0240,P1458,4,Works as expected.,2024-10-20,Positive
R00320,CUST4012,P1666,4,Quality is great for the price.,2024-09-21,Positive
R00321,CUST2586,P1325,1,Not worth the money.,2025-10-31,Negative
R00322,CUST0742,P1681,3,Decent product for the price.,2023-11-25,Neutral
R00323,CUST2833,P0508,4,"Excellent product, highly recommended!",2025-09-21,Positive
R00324,CUST2574,P1109,4,Good value for money.,2025-06-05,Positive
R00325,CUST1600,P0945,5,Works as expected.,2023-07-15,Positive
R00326,CUST2428,P0602,4,Good value for money.,2025-02-20,Positive
R00327,CUST3784,P1884,4,Works as expected.,2023-04-25,Positive
R00328,CUST1970,P1369,5,"Excellent product, highly recommended!",2025-11-13,Positive
R00329,CUST2225,P1417,4,Very satisfied with the purchase.,2025-01-01,Positive
R00330,CUST1634,P0945,5,Quality is great for the price.,2025-03-08,Positive
R00331,CUST3341,P0500,5,"Excellent product, highly recommended!",2024-04-05,Positive
R00332,CUST1355,P1169,4,Good value for money.,2025-01-02,Positive
R00333,CUST4028,P0754,4,Quality is great for the price.,2025-09-26,Positive
R00334,CUST4543,P0315,5,Good value for money.,2024-02-16,Positive
R00335,CUST1104,P1354,4,"Excellent product, highly recommended!",2025-11-11,Positive
R00336,CUST1110,P1054,5,Very satisfied with the purchase.,2024-08-26,Positive
R00337,CUST2647,P0109,4,"Excellent product, highly recommended!",2023-11-15,Positive
R00338,CUST4681,P1296,5,Works as expected.,2025-02-09,Positive
R00339,CUST4813,P0896,5,Very satisfied with the purchase.,2025-04-21,Positive
R00340,CUST0120,P1639,5,Very satisfied with the purchase.,2025-07-01,Positive
R00341,CUST0300,P1212,3,Decent product for the price.,2024-06-28,Neutral
R00342,CUST1023,P0864,5,"Excellent product, highly recommended!",2025-10-25,Positive
R00343,CUST3658,P0207,5,Works as expected.,2025-08-04,Positive
R00344,CUST0229,P1379,3,"Average quality, meets expectations.",2025-09-22,Neutral
R00345,CUST4070,P1722,4,Quality is great for the price.,2025-01-22,Positive
R00346,CUST4930,P0210,4,Very satisfied with the purchase.,2025-06-28,Positive
R00347,CUST1062,P0110,3,Decent product for the price.,2025-10-23,Neutral
R00348,CUST1060,P0056,5,Good value for money.,2025-08-30,Positive
R00349,CUST3739,P1301,2,Stopped working after a week.,2025-07-16,Negative
R00350,CUST4712,P1244,4,Works as expected.,2024-04-11,Positive
R00351,CUST1516,P0181,5,"Excellent product, highly recommended!",2024-11-22,Positive
R00352,CUST2083,P1057,5,Very satisfied with the purchase.,2025-01-01,Positive
R00353,CUST0460,P1574,4,Good value for money.,2025-10-14,Positive
R00354,CUST2931,P0395,4,Very satisfied with the purchase.,2023-12-09,Positive
R00355,CUST4605,P1171,3,"Product is okay, nothing special.",2024-08-05,Neutral
R00356,CUST1289,P0655,2,Stopped working after a week.,2025-06-05,Negative
R00357,CUST1493,P1991,5,"Excellent product, highly recommended!",2023-06-01,Positive
R00358,CUST4454,P0920,5,Works as expected.,2025-08-20,Positive
R00359,CUST2805,P0675,4,Works as expected.,2024-09-20,Positive
R00360,CUST2984,P0878,4,Very satisfied with the purchase.,2023-11-25,Positive
R00361,CUST0329,P1217,4,Works as expected.,2024-05-09,Positive
R00362,CUST1251,P0722,4,Very satisfied with the purchase.,2022-12-26,Positive
R00363,CUST3373,P0245,4,"Excellent product, highly recommended!",2024-03-08,Positive
R00364,CUST0611,P1758,5,Works as expected.,2025-02-27,Positive
R00365,CUST0548,P1210,4,Works as expected.,2024-09-01,Positive
R00366,CUST3362,P0947,5,Quality is great for the price.,2024-08-30,Positive
R00367,CUST0199,P1516,4,"Excellent product, highly recommended!",2024-12-13,Positive
R00368,CUST1116,P1107,5,Good value for money.,2025-02-11,Positive
R00369,CUST1040,P1067,4,Good value for money.,2025-06-08,Positive
R00370,CUST2423,P1143,5,Works as expected.,2024-09-18,Positive
R00371,CUST4134,P0340,3,"Product is okay, nothing special.",2023-08-19,Neutral
R00372,CUST4289,P1407,3,"Average quality, meets expectations.",2025-05-16,Neutral
R00373,CUST3020,P0165,4,Works as expected.,2025-11-05,Positive
R00374,CUST1370,P0979,5,Very satisfied with the purchase.,2023-11-23,Positive
R00375,CUST4645,P0658,3,Decent product for the price.,2023-05-11,Neutral
R00376,CUST4664,P0113,5,Works as expected.,2025-11-07,Positive
R00377,CUST3216,P1099,4,Good value for money.,2025-07-13,Positive
R00378,CUST0183,P1451,4,Good value for money.,2024-07-28,Positive
R00379,CUST2569,P1081,5,"Excellent product, highly recommended!",2025-11-04,Positive
R00380,CUST4880,P1262,3,Decent product for the price.,2024-09-27,Neutral
R00381,CUST0374,P0675,5,Good value for money.,2023-02-11,Positive
R00382,CUST4891,P0921,4,"Excellent product, highly recommended!",2025-09-28,Positive
R00383,CUST4544,P1425,4,Good value for money.,2025-06-22,Positive
R00384,CUST0732,P1581,5,Good value for money.,2024-04-02,Positive
R00385,CUST2023,P0504,2,Disappointed with the build quality.,2025-06-03,Negative
R00386,CUST2817,P1374,4,Works as expected.,2025-09-15,Positive
R00387,CUST1073,P1140,5,Very satisfied with the purchase.,2022-12-09,Positive
R00388,CUST2656,P1258,5,"Excellent product, highly recommended!",2024-11-16,Positive
R00389,CUST4272,P0655,3,It's fine but could be better.,2024-11-22,Neutral
R00390,CUST2641,P1583,4,Good value for money.,2023-03-18,Positive
R00391,CUST3631,P0131,4,"Excellent product, highly recommended!",2023-09-29,Positive
R00392,CUST1535,P0606,4,"Excellent product, highly recommended!",2025-08-13,Positive
R00393,CUST1837,P0448,5,Quality is great for the price.,2025-09-12,Positive
R00394,CUST0580,P0287,5,Quality is great for the price.,2025-09-14,Positive
R00395,CUST2955,P1452,5,Works as expected.,2025-01-14,Positive
R00396,CUST4422,P0035,3,"Average quality, meets expectations.",2024-05-11,Neutral
R00397,CUST3263,P1146,5,Very satisfied with the purchase.,2022-11-30,Positive
R00398,CUST3550,P1235,5,Very satisfied with the purchase.,2024-11-22,Positive
R00399,CUST4761,P1370,3,"Average quality, meets expectations.",2024-11-13,Neutral
R00400,CUST4996,P1481,3,"Product is okay, nothing special.",2025-06-04,Neutral
R00401,CUST3236,P0002,5,Good value for money.,2025-10-06,Positive
R00402,CUST2075,P1405,5,Quality is great for the price.,2025-08-10,Positive
R00403,CUST4400,P1164,5,"Excellent product, highly recommended!",2023-05-13,Positive
R00404,CUST3845,P0582,3,"Product is okay, nothing special.",2025-06-27,Neutral
R00405,CUST4292,P0319,5,Quality is great for the price.,2021-09-07,Positive
R00406,CUST0496,P0884,4,Works as expected.,2025-01-10,Positive
R00407,CUST2275,P1746,3,It's fine but could be better.,2025-10-23,Neutral
R00408,CUST4691,P0514,4,Good value for money.,2024-02-26,Positive
R00409,CUST1893,P0585,5,Quality is great for the price.,2024-11-13,Positive
R00410,CUST2958,P1010,5,Very satisfied with the purchase.,2025-04-02,Positive
R00411,CUST4732,P1298,4,Works as expected.,2025-01-04,Positive
R00412,CUST4288,P1671,4,Very satisfied with the purchase.,2023-09-13,Positive
R00413,CUST0882,P1607,4,Good value for money.,2025-08-07,Positive
R00414,CUST0086,P1307,4,Good value for money.,2025-09-15,Positive
R00415,CUST0400,P1162,5,Good value for money.,2024-07-24,Positive
R00416,CUST3404,P1973,4,Good value for money.,2025-03-15,Positive
R00417,CUST4961,P1891,5,Good value for money.,2025-11-05,Positive
R00418,CUST0167,P0161,4,Very satisfied with the purchase.,2022-08-06,Positive
R00419,CUST0704,P1799,5,Quality is great for the price.,2024-02-29,Positive
R00420,CUST2167,P1988,4,Very satisfied with the purchase.,2025-09-24,Positive
R00421,CUST0819,P0619,4,Good value for money.,2025-07-06,Positive
R00422,CUST3315,P0279,4,"Excellent product, highly recommended!",2023-03-03,Positive
R00423,CUST0798,P1719,5,Quality is great for the price.,2024-04-09,Positive
R00424,CUST0941,P1985,5,"Excellent product, highly recommended!",2025-11-07,Positive
R00425,CUST4534,P0861,4,Quality is great for the price.,2022-10-24,Positive
R00426,CUST2485,P1285,4,"Excellent product, highly recommended!",2025-11-06,Positive
R00427,CUST0600,P0267,1,Poor customer service experience.,2023-10-10,Negative
R00428,CUST2662,P1011,5,Good value for money.,2025-05-08,Positive
R00429,CUST4464,P0063,4,Very satisfied with the purchase.,2024-09-05,Positive
R00430,CUST0131,P0523,4,Works as expected.,2025-08-17,Positive
R00431,CUST4563,P0969,5,Works as expected.,2024-08-02,Positive
R00432,CUST2209,P1382,4,"Excellent product, highly recommended!",2025-08-26,Positive
R00433,CUST0507,P1902,5,"Excellent product, highly recommended!",2025-07-14,Positive
R00434,CUST3435,P0022,4,Good value for money.,2024-09-26,Positive
R00435,CUST1337,P0109,3,Decent product for the price.,2025-08-03,Neutral
R00436,CUST0638,P0440,4,Very satisfied with the purchase.,2025-11-03,Positive
R00437,CUST3963,P0132,5,Works as expected.,2025-10-28,Positive
R00438,CUST0752,P1984,3,"Product is okay, nothing special.",2024-09-01,Neutral
R00439,CUST4970,P0641,5,Very satisfied with the purchase.,2024-11-20,Positive
R00440,CUST1784,P0240,3,Decent product for the price.,2024-11-24,Neutral
R00441,CUST0121,P1286,4,Works as expected.,2023-06-08,Positive
R00442,CUST1640,P0837,3,"Average quality, meets expectations.",2024-03-24,Neutral
R00443,CUST4410,P0211,5,Good value for money.,2025-07-08,Positive
R00444,CUST2971,P1942,3,"Product is okay, nothing special.",2025-07-15,Neutral
R00445,CUST0759,P0505,3,"Product is okay, nothing special.",2025-09-20,Neutral
R00446,CUST1786,P0309,4,"Excellent product, highly recommended!",2023-12-29,Positive
R00447,CUST1368,P0314,4,Good value for money.,2024-11-05,Positive
R00448,CUST4186,P0941,4,Works as expected.,2022-02-05,Positive
R00449,CUST2114,P0763,5,Very satisfied with the purchase.,2025-08-01,Positive
R00450,CUST3627,P0810,2,Not worth the money.,2024-09-10,Negative
R00451,CUST4811,P0034,5,"Excellent product, highly recommended!",2025-01-12,Positive
R00452,CUST3888,P0510,5,Good value for money.,2025-04-22,Positive
R00453,CUST1826,P0197,2,Disappointed with the build quality.,2023-04-12,Negative
R00454,CUST4686,P1932,3,It's fine but could be better.,2025-11-05,Neutral
R00455,CUST0594,P1583,5,"Excellent product, highly recommended!",2024-01-07,Positive
R00456,CUST3019,P0166,4,Good value for money.,2024-08-27,Positive
R00457,CUST3102,P0591,5,Quality is great for the price.,2025-07-11,Positive
R00458,CUST4492,P0198,3,"Product is okay, nothing special.",2025-11-13,Neutral
R00459,CUST3011,P0504,4,Quality is great for the price.,2025-11-02,Positive
R00460,CUST4711,P1554,5,Works as expected.,2022-07-06,Positive
R00461,CUST1666,P0516,4,Works as expected.,2023-03-26,Positive
R00462,CUST4448,P0413,5,Works as expected.,2025-02-01,Positive
R00463,CUST3670,P1318,3,It's fine but could be better.,2024-03-02,Neutral
R00464,CUST3429,P0213,5,Very satisfied with the purchase.,2024-04-17,Positive
R00465,CUST3048,P0413,2,Not worth the money.,2023-04-17,Negative
R00466,CUST1061,P0570,4,"Excellent product, highly recommended!",2025-05-07,Positive
R00467,CUST4659,P1597,4,Very satisfied with the purchase.,2022-10-09,Positive
R00468,CUST1585,P0684,5,Good value for money.,2025-05-25,Positive
R00469,CUST0854,P1607,3,It's fine but could be better.,2025-11-07,Neutral
R00470,CUST4832,P0443,2,Stopped working after a week.,2025-10-27,Negative
R00471,CUST1363,P1162,2,Disappointed with the build quality.,2025-07-13,Negative
R00472,CUST2815,P0420,1,Disappointed with the build quality.,2022-06-28,Negative
R00473,CUST1759,P0730,4,Very satisfied with the purchase.,2023-06-03,Positive
R00474,CUST1086,P0836,4,Very satisfied with the purchase.,2025-04-01,Positive
R00475,CUST2558,P0017,4,"Excellent product, highly recommended!",2024-05-03,Positive
R00476,CUST1615,P0374,4,Works as expected.,2025-02-02,Positive
R00477,CUST0249,P0959,4,Quality is great for the price.,2025-06-27,Positive
R00478,CUST3994,P0953,5,Good value for money.,2023-12-04,Positive
R00479,CUST0467,P1621,3,Decent product for the price.,2024-07-22,Neutral
R00480,CUST4675,P0135,4,Quality is great for the price.,2021-11-10,Positive
R00481,CUST0089,P1481,5,"Excellent product, highly recommended!",2024-10-25,Positive
R00482,CUST4867,P0851,4,"Excellent product, highly recommended!",2025-05-30,Positive
R00483,CUST2268,P0820,3,It's fine but could be better.,2025-10-23,Neutral
R00484,CUST1918,P1320,5,Very satisfied with the purchase.,2025-11-01,Positive
R00485,CUST0507,P1702,5,Very satisfied with the purchase.,2025-09-10,Positive
R00486,CUST1711,P1298,4,Quality is great for the price.,2023-11-11,Positive
R00487,CUST4110,P1339,5,Good value for money.,2025-07-03,Positive
R00488,CUST0472,P1477,3,"Product is okay, nothing special.",2024-05-31,Neutral
R00489,CUST0628,P0910,4,Good value for money.,2024-07-29,Positive
R00490,CUST3807,P1081,5,"Excellent product, highly recommended!",2021-06-12,Positive
R00491,CUST3521,P0510,5,Works as expected.,2025-02-14,Positive
R00492,CUST3872,P0558,5,Very satisfied with the purchase.,2023-09-05,Positive
R00493,CUST0762,P0150,4,Very satisfied with the purchase.,2022-06-27,Positive
R00494,CUST3614,P1990,5,Quality is great for the price.,2025-05-17,Positive
R00495,CUST3130,P0209,5,"Excellent product, highly recommended!",2025-08-02,Positive
R00496,CUST3386,P0781,5,Works as expected.,2023-10-19,Positive
R00497,CUST0805,P1089,5,Good value for money.,2024-04-04,Positive
R00498,CUST4075,P0282,4,"Excellent product, highly recommended!",2025-07-15,Positive
R00499,CUST4726,P1477,4,Quality is great for the price.,2025-02-18,Positive
R00500,CUST4591,P1336,5,Works as expected.,2025-07-02,Positive
R00501,CUST2902,P0615,5,Very satisfied with the purchase.,2025-02-22,Positive
R00502,CUST0137,P1829,1,Disappointed with the build quality.,2023-10-09,Negative
R00503,CUST3958,P0819,3,"Average quality, meets expectations.",2024-03-25,Neutral
R00504,CUST0415,P0240,5,Quality is great for the price.,2024-12-28,Positive
R00505,CUST4156,P1788,3,"Product is okay, nothing special.",2025-03-27,Neutral
R00506,CUST3710,P1341,5,Quality is great for the price.,2021-02-05,Positive
R00507,CUST3919,P1313,5,"Excellent product, highly recommended!",2022-03-30,Positive
R00508,CUST0906,P1286,5,Quality is great for the price.,2023-11-08,Positive
R00509,CUST0508,P0850,4,Good value for money.,2023-08-12,Positive
R00510,CUST1819,P0438,5,Good value for money.,2022-12-08,Positive
R00511,CUST2582,P0710,3,"Product is okay, nothing special.",2024-02-11,Neutral
R00512,CUST0429,P1352,4,Quality is great for the price.,2021-02-10,Positive
R00513,CUST1190,P1827,5,"Excellent product, highly recommended!",2025-06-01,Positive
R00514,CUST0594,P1590,1,Disappointed with the build quality.,2024-02-08,Negative
R00515,CUST1845,P0691,5,Good value for money.,2025-03-02,Positive
R00516,CUST1542,P1583,2,Not worth the money.,2024-10-29,Negative
R00517,CUST3411,P1661,4,"Excellent product, highly recommended!",2025-04-26,Positive
R00518,CUST2729,P1081,3,It's fine but could be better.,2021-03-12,Neutral
R00519,CUST2975,P1282,5,"Excellent product, highly recommended!",2025-03-02,Positive
R00520,CUST0427,P1142,5,Very satisfied with the purchase.,2023-09-14,Positive
R00521,CUST2558,P1183,5,Works as expected.,2025-11-10,Positive
R00522,CUST4048,P0150,3,"Product is okay, nothing special.",2022-10-14,Neutral
R00523,CUST0728,P1034,4,Works as expected.,2025-08-27,Positive
R00524,CUST0544,P1899,4,Quality is great for the price.,2025-09-23,Positive
R00525,CUST4891,P0178,5,Very satisfied with the purchase.,2024-08-30,Positive
R00526,CUST2664,P0575,4,Good value for money.,2022-05-21,Positive
R00527,CUST4067,P0443,4,"Excellent product, highly recommended!",2025-08-12,Positive
R00528,CUST1896,P0163,3,"Product is okay, nothing special.",2024-10-31,Neutral
R00529,CUST2732,P0934,5,Quality is great for the price.,2023-12-05,Positive
R00530,CUST0811,P1204,4,"Excellent product, highly recommended!",2025-10-08,Positive
R00531,CUST2517,P0832,4,Good value for money.,2025-01-08,Positive
R00532,CUST4747,P0958,5,Good value for money.,2025-03-19,Positive
R00533,CUST0343,P1130,2,Poor customer service experience.,2025-06-02,Negative
R00534,CUST2140,P1793,5,Good value for money.,2024-10-19,Positive
R00535,CUST3656,P1779,4,"Excellent product, highly recommended!",2024-01-20,Positive
R00536,CUST2518,P1535,5,"Excellent product, highly recommended!",2023-09-27,Positive
R00537,CUST0613,P0184,2,Stopped working after a week.,2025-09-08,Negative
R00538,CUST4837,P0666,5,"Excellent product, highly recommended!",2023-06-18,Positive
R00539,CUST0666,P0132,5,Good value for money.,2025-08-24,Positive
R00540,CUST2164,P1696,4,Very satisfied with the purchase.,2023-09-09,Positive
R00541,CUST2538,P1245,5,Very satisfied with the purchase.,2024-07-01,Positive
R00542,CUST4857,P1655,5,Quality is great for the price.,2025-07-08,Positive
R00543,CUST2122,P1064,5,Works as expected.,2025-05-11,Positive
R00544,CUST3758,P1550,1,Poor customer service experience.,2023-12-31,Negative
R00545,CUST2124,P1515,5,Quality is great for the price.,2025-08-27,Positive
R00546,CUST1204,P0700,1,Not worth the money.,2024-03-28,Negative
R00547,CUST1714,P1738,4,Works as expected.,2024-10-23,Positive
R00548,CUST4664,P1133,5,Very satisfied with the purchase.,2025-08-04,Positive
R00549,CUST4341,P0260,4,Quality is great for the price.,2023-11-26,Positive
R00550,CUST2012,P0575,4,Very satisfied with the purchase.,2023-11-15,Positive
R00551,CUST2771,P0914,5,"Excellent product, highly recommended!",2024-05-19,Positive
R00552,CUST1209,P0447,5,Works as expected.,2024-01-23,Positive
R00553,CUST4474,P0241,5,Good value for money.,2024-08-20,Positive
R00554,CUST1803,P1441,3,"Product is okay, nothing special.",2023-09-30,Neutral
R00555,CUST3982,P1934,5,"Excellent product, highly recommended!",2022-12-15,Positive
R00556,CUST1865,P0481,5,Very satisfied with the purchase.,2025-10-01,Positive
R00557,CUST3101,P1200,2,Not worth the money.,2025-02-11,Negative
R00558,CUST3896,P0162,5,Good value for money.,2025-10-05,Positive
R00559,CUST3793,P1522,3,"Product is okay, nothing special.",2024-09-25,Neutral
R00560,CUST2936,P1683,3,Decent product for the price.,2025-09-03,Neutral
R00561,CUST0154,P1402,4,Very satisfied with the purchase.,2025-08-21,Positive
R00562,CUST4786,P0183,4,Works as expected.,2025-01-28,Positive
R00563,CUST2128,P1638,5,Quality is great for the price.,2025-01-08,Positive
R00564,CUST4943,P0562,5,Quality is great for the price.,2025-04-15,Positive
R00565,CUST1724,P0951,3,"Product is okay, nothing special.",2025-06-15,Neutral
R00566,CUST3838,P0377,5,"Excellent product, highly recommended!",2025-09-15,Positive
R00567,CUST2341,P1345,4,Works as expected.,2022-01-18,Positive
R00568,CUST0770,P1034,2,Disappointed with the build quality.,2025-05-17,Negative
R00569,CUST2446,P1626,5,Good value for money.,2025-10-14,Positive
R00570,CUST0460,P0719,4,Good value for money.,2025-01-16,Positive
R00571,CUST4947,P0962,3,"Product is okay, nothing special.",2025-08-07,Neutral
R00572,CUST1720,P0636,4,Quality is great for the price.,2023-04-24,Positive
R00573,CUST3774,P1596,5,"Excellent product, highly recommended!",2025-06-19,Positive
R00574,CUST1640,P0987,4,Quality is great for the price.,2025-04-19,Positive
R00575,CUST1567,P1410,5,"Excellent product, highly recommended!",2025-09-02,Positive
R00576,CUST0712,P0843,3,Decent product for the price.,2023-10-13,Neutral
R00577,CUST3264,P0280,5,Very satisfied with the purchase.,2021-10-25,Positive
R00578,CUST4404,P0881,3,Decent product for the price.,2023-05-01,Neutral
R00579,CUST0632,P1319,2,Stopped working after a week.,2025-05-17,Negative
R00580,CUST3849,P0712,3,It's fine but could be better.,2025-08-14,Neutral
R00581,CUST1468,P0402,4,Good value for money.,2025-08-13,Positive
R00582,CUST0981,P1096,4,Very satisfied with the purchase.,2025-06-28,Positive
R00583,CUST0414,P1129,5,Good value for money.,2025-09-21,Positive
R00584,CUST1824,P0896,5,Quality is great for the price.,2025-10-29,Positive
R00585,CUST4671,P1013,5,Quality is great for the price.,2024-01-01,Positive
R00586,CUST2403,P1296,5,Quality is great for the price.,2024-09-14,Positive
R00587,CUST3897,P0486,4,Works as expected.,2025-10-10,Positive
R00588,CUST1460,P0486,5,Quality is great for the price.,2023-08-01,Positive
R00589,CUST3828,P1664,2,Disappointed with the build quality.,2025-06-23,Negative
R00590,CUST0094,P1108,2,Not worth the money.,2025-10-16,Negative
R00591,CUST0431,P0809,5,Works as expected.,2025-09-02,Positive
R00592,CUST1989,P0607,5,Works as expected.,2023-07-16,Positive
R00593,CUST1353,P1962,5,Quality is great for the price.,2024-10-22,Positive
R00594,CUST0775,P0100,5,Quality is great for the price.,2025-02-06,Positive
R00595,CUST0535,P1795,4,"Excellent product, highly recommended!",2025-01-11,Positive
R00596,CUST0378,P1588,4,Very satisfied with the purchase.,2025-06-06,Positive
R00597,CUST2470,P0353,5,Very satisfied with the purchase.,2025-04-01,Positive
R00598,CUST3780,P0148,5,Works as expected.,2025-08-18,Positive
R00599,CUST2098,P0884,4,Works as expected.,2024-05-14,Positive
R00600,CUST2882,P0679,2,Disappointed with the build quality.,2025-02-24,Negative
R00601,CUST2404,P0401,4,Quality is great for the price.,2025-02-24,Positive
R00602,CUST4963,P0898,5,Very satisfied with the purchase.,2024-11-05,Positive
R00603,CUST3184,P1285,5,Quality is great for the price.,2025-08-10,Positive
R00604,CUST3725,P1698,5,Quality is great for the price.,2024-08-18,Positive
R00605,CUST2002,P0854,4,Good value for money.,2025-05-21,Positive
R00606,CUST4454,P1159,3,It's fine but could be better.,2024-10-26,Neutral
R00607,CUST0883,P1293,5,Quality is great for the price.,2024-11-17,Positive
R00608,CUST3959,P1572,5,Works as expected.,2022-06-02,Positive
R00609,CUST4749,P1131,5,Very satisfied with the purchase.,2025-07-27,Positive
R00610,CUST3850,P0439,4,Very satisfied with the purchase.,2024-04-15,Positive
R00611,CUST4223,P1883,5,Works as expected.,2025-06-24,Positive
R00612,CUST0982,P0731,3,Decent product for the price.,2025-05-13,Neutral
R00613,CUST1599,P0965,3,Decent product for the price.,2020-11-24,Neutral
R00614,CUST0795,P0081,5,Works as expected.,2025-05-25,Positive
R00615,CUST0768,P0858,4,"Excellent product, highly recommended!",2024-05-01,Positive
R00616,CUST1184,P1224,5,Works as expected.,2024-10-17,Positive
R00617,CUST2011,P0544,5,Very satisfied with the purchase.,2025-04-13,Positive
R00618,CUST2289,P0497,5,Quality is great for the price.,2025-09-30,Positive
R00619,CUST0569,P1151,3,It's fine but could be better.,2025-09-02,Neutral
R00620,CUST3824,P1072,4,"Excellent product, highly recommended!",2023-09-28,Positive
R00621,CUST2516,P1137,3,"Product is okay, nothing special.",2025-03-24,Neutral
R00622,CUST3424,P0282,3,It's fine but could be better.,2024-04-10,Neutral
R00623,CUST1705,P0984,5,Quality is great for the price.,2025-01-17,Positive
R00624,CUST1560,P1620,5,"Excellent product, highly recommended!",2025-10-26,Positive
R00625,CUST1964,P0210,4,Good value for money.,2025-07-12,Positive
R00626,CUST1005,P0298,5,Works as expected.,2024-06-14,Positive
R00627,CUST2969,P0038,5,Works as expected.,2025-11-02,Positive
R00628,CUST3643,P0756,4,Quality is great for the price.,2023-10-04,Positive
R00629,CUST0550,P0231,5,Works as expected.,2024-06-16,Positive
R00630,CUST2957,P0813,4,Very satisfied with the purchase.,2025-01-05,Positive
R00631,CUST1170,P1580,5,Quality is great for the price.,2024-07-08,Positive
R00632,CUST3764,P1431,5,Quality is great for the price.,2025-10-22,Positive
R00633,CUST1394,P0587,5,Quality is great for the price.,2025-10-09,Positive
R00634,CUST0606,P1191,3,"Product is okay, nothing special.",2025-03-01,Neutral
R00635,CUST2123,P0070,5,"Excellent product, highly recommended!",2024-07-07,Positive
R00636,CUST4054,P0490,5,Very satisfied with the purchase.,2025-09-10,Positive
R00637,CUST3477,P1117,5,Good value for money.,2024-10-11,Positive
R00638,CUST4913,P0989,5,Quality is great for the price.,2025-08-30,Positive
R00639,CUST1195,P1050,4,Works as expected.,2024-11-20,Positive
R00640,CUST2134,P1953,5,Good value for money.,2025-11-11,Positive
R00641,CUST3970,P1490,3,It's fine but could be better.,2024-03-10,Neutral
R00642,CUST0109,P1743,5,Very satisfied with the purchase.,2025-07-31,Positive
R00643,CUST2089,P0613,4,Works as expected.,2025-04-21,Positive
R00644,CUST0901,P1424,5,Good value for money.,2025-08-23,Positive
R00645,CUST1330,P1811,2,Poor customer service experience.,2025-08-07,Negative
R00646,CUST2251,P1714,5,"Excellent product, highly recommended!",2024-12-23,Positive
R00647,CUST0141,P0248,2,Poor customer service experience.,2023-06-05,Negative
R00648,CUST4959,P0468,5,Quality is great for the price.,2023-02-25,Positive
R00649,CUST4898,P0568,5,Works as expected.,2025-03-14,Positive
R00650,CUST3502,P1121,5,Very satisfied with the purchase.,2020-06-20,Positive
R00651,CUST3459,P0758,4,Quality is great for the price.,2022-02-10,Positive
R00652,CUST2564,P0218,5,Works as expected.,2025-05-06,Positive
R00653,CUST3037,P1244,4,Works as expected.,2024-01-20,Positive
R00654,CUST2358,P1595,5,"Excellent product, highly recommended!",2025-09-13,Positive
R00655,CUST0403,P0516,3,It's fine but could be better.,2025-04-15,Neutral
R00656,CUST1908,P0826,5,Good value for money.,2024-12-21,Positive
R00657,CUST4842,P1340,5,Very satisfied with the purchase.,2024-07-19,Positive
R00658,CUST1517,P1288,5,Good value for money.,2023-05-30,Positive
R00659,CUST4317,P0358,5,Very satisfied with the purchase.,2025-08-05,Positive
R00660,CUST2113,P1817,4,Quality is great for the price.,2023-12-03,Positive
R00661,CUST4945,P1263,4,Good value for money.,2025-05-09,Positive
R00662,CUST0001,P1095,5,Quality is great for the price.,2022-08-08,Positive
R00663,CUST3672,P0702,2,Not worth the money.,2025-07-29,Negative
R00664,CUST0991,P1580,1,Poor customer service experience.,2022-05-01,Negative
R00665,CUST2382,P0948,2,Not worth the money.,2025-05-09,Negative
R00666,CUST4453,P1535,4,Quality is great for the price.,2025-05-18,Positive
R00667,CUST4633,P1776,3,It's fine but could be better.,2022-05-21,Neutral
R00668,CUST2817,P1237,3,Decent product for the price.,2024-09-17,Neutral
R00669,CUST2970,P1568,5,Very satisfied with the purchase.,2025-11-07,Positive
R00670,CUST2019,P1732,5,"Excellent product, highly recommended!",2025-05-17,Positive
R00671,CUST1643,P1006,4,Quality is great for the price.,2023-02-04,Positive
R00672,CUST3976,P1309,4,Good value for money.,2020-05-03,Positive
R00673,CUST3889,P0597,3,"Average quality, meets expectations.",2025-10-09,Neutral
R00674,CUST3778,P0107,5,Works as expected.,2025-08-24,Positive
R00675,CUST0633,P0153,5,Very satisfied with the purchase.,2025-09-21,Positive
R00676,CUST2723,P1878,4,"Excellent product, highly recommended!",2025-08-29,Positive
R00677,CUST2672,P1930,4,Quality is great for the price.,2023-09-16,Positive
R00678,CUST0795,P1568,4,Quality is great for the price.,2025-06-29,Positive
R00679,CUST4621,P1010,2,Not worth the money.,2025-10-29,Negative
R00680,CUST0589,P1267,4,"Excellent product, highly recommended!",2025-08-11,Positive
R00681,CUST3582,P0396,3,Decent product for the price.,2022-08-14,Neutral
R00682,CUST2229,P1939,5,Works as expected.,2025-09-12,Positive
R00683,CUST4785,P0703,5,Quality is great for the price.,2025-07-20,Positive
R00684,CUST3519,P1883,5,Good value for money.,2025-08-08,Positive
R00685,CUST1155,P1710,1,Disappointed with the build quality.,2024-12-15,Negative
R00686,CUST2376,P1282,3,Decent product for the price.,2024-11-28,Neutral
R00687,CUST2582,P1884,5,Quality is great for the price.,2025-07-19,Positive
R00688,CUST1762,P0227,5,"Excellent product, highly recommended!",2025-03-22,Positive
R00689,CUST1496,P0639,5,Quality is great for the price.,2025-09-18,Positive
R00690,CUST4147,P1768,4,Works as expected.,2025-11-12,Positive
R00691,CUST0019,P1335,5,"Excellent product, highly recommended!",2022-12-06,Positive
R00692,CUST2355,P0651,5,"Excellent product, highly recommended!",2025-10-29,Positive
R00693,CUST3408,P0171,4,Good value for money.,2025-03-15,Positive
R00694,CUST3291,P1331,4,Good value for money.,2021-08-27,Positive
R00695,CUST3226,P0689,4,Very satisfied with the purchase.,2024-08-26,Positive
R00696,CUST1550,P1678,3,Decent product for the price.,2023-09-12,Neutral
R00697,CUST0612,P0123,3,"Average quality, meets expectations.",2025-10-28,Neutral
R00698,CUST4421,P1344,1,Stopped working after a week.,2021-11-06,Negative
R00699,CUST4644,P1291,4,Good value for money.,2025-09-21,Positive
R00700,CUST2396,P1149,4,Quality is great for the price.,2025-09-03,Positive
R00701,CUST3383,P1168,4,Works as expected.,2022-04-03,Positive
R00702,CUST3353,P0670,4,"Excellent product, highly recommended!",2022-04-12,Positive
R00703,CUST4095,P0360,4,Quality is great for the price.,2024-11-17,Positive
R00704,CUST1572,P0381,5,"Excellent product, highly recommended!",2022-10-18,Positive
R00705,CUST0526,P1323,5,Works as expected.,2025-11-05,Positive
R00706,CUST3637,P1058,5,"Excellent product, highly recommended!",2023-04-27,Positive
R00707,CUST2956,P0756,4,Quality is great for the price.,2023-12-07,Positive
R00708,CUST1961,P1074,4,Quality is great for the price.,2025-09-10,Positive
R00709,CUST0621,P0885,3,"Average quality, meets expectations.",2023-11-09,Neutral
R00710,CUST3532,P0816,2,Poor customer service experience.,2025-10-29,Negative
R00711,CUST3969,P1830,5,Quality is great for the price.,2025-10-12,Positive
R00712,CUST3678,P1993,5,Good value for money.,2025-10-09,Positive
R00713,CUST4460,P1864,4,Very satisfied with the purchase.,2025-01-16,Positive
R00714,CUST1730,P1048,3,"Product is okay, nothing special.",2025-09-07,Neutral
R00715,CUST1828,P0082,2,Disappointed with the build quality.,2024-04-18,Negative
R00716,CUST0751,P1844,4,Quality is great for the price.,2025-05-16,Positive
R00717,CUST3126,P1037,2,Stopped working after a week.,2024-12-30,Negative
R00718,CUST1280,P0599,5,Very satisfied with the purchase.,2025-03-08,Positive
R00719,CUST1329,P0493,5,Works as expected.,2025-03-01,Positive
R00720,CUST4979,P0150,5,Very satisfied with the purchase.,2022-01-18,Positive
R00721,CUST1533,P0783,3,Decent product for the price.,2025-07-28,Neutral
R00722,CUST4470,P0214,5,Very satisfied with the purchase.,2025-10-01,Positive
R00723,CUST3397,P0998,5,Very satisfied with the purchase.,2024-09-12,Positive
R00724,CUST0756,P0937,5,Quality is great for the price.,2025-10-05,Positive
R00725,CUST1196,P1264,5,"Excellent product, highly recommended!",2023-08-03,Positive
R00726,CUST4621,P1821,5,"Excellent product, highly recommended!",2025-09-29,Positive
R00727,CUST3833,P0253,4,Good value for money.,2025-07-01,Positive
R00728,CUST1237,P0086,5,Works as expected.,2025-02-27,Positive
R00729,CUST2786,P0245,5,Good value for money.,2025-10-14,Positive
R00730,CUST1202,P0427,4,Works as expected.,2025-03-30,Positive
R00731,CUST3396,P1401,2,Not worth the money.,2025-04-12,Negative
R00732,CUST0595,P1214,5,Quality is great for the price.,2025-02-12,Positive
R00733,CUST2599,P1686,5,Works as expected.,2024-04-02,Positive
R00734,CUST1107,P0398,3,"Average quality, meets expectations.",2023-11-23,Neutral
R00735,CUST0795,P1246,2,Disappointed with the build quality.,2025-07-04,Negative
R00736,CUST4544,P0077,4,Good value for money.,2025-11-14,Positive
R00737,CUST0042,P0434,5,Quality is great for the price.,2025-09-17,Positive
R00738,CUST1827,P0682,2,Poor customer service experience.,2025-07-14,Negative
R00739,CUST1889,P0955,4,Works as expected.,2025-08-25,Positive
R00740,CUST1195,P0641,3,"Product is okay, nothing special.",2024-03-01,Neutral
R00741,CUST2658,P0079,4,Very satisfied with the purchase.,2023-07-06,Positive
R00742,CUST3681,P1985,4,"Excellent product, highly recommended!",2025-11-04,Positive
R00743,CUST4650,P1004,4,Quality is great for the price.,2025-09-22,Positive
R00744,CUST0403,P0744,5,Works as expected.,2025-07-13,Positive
R00745,CUST0731,P1271,3,"Average quality, meets expectations.",2024-11-03,Neutral
R00746,CUST1020,P1448,4,Good value for money.,2025-07-08,Positive
R00747,CUST2732,P1244,5,Quality is great for the price.,2024-07-27,Positive
R00748,CUST1583,P0402,4,Good value for money.,2025-05-09,Positive
R00749,CUST3926,P0483,2,Poor customer service experience.,2023-06-20,Negative
R00750,CUST0624,P0627,5,Very satisfied with the purchase.,2025-08-28,Positive
R00751,CUST0685,P0760,5,Good value for money.,2022-01-11,Positive
R00752,CUST4839,P1152,5,Very satisfied with the purchase.,2025-09-15,Positive
R00753,CUST4405,P1994,5,Good value for money.,2025-06-25,Positive
R00754,CUST0843,P0121,3,It's fine but could be better.,2025-06-14,Neutral
R00755,CUST2451,P1375,5,Very satisfied with the purchase.,2024-12-23,Positive
R00756,CUST1650,P1607,4,Good value for money.,2025-11-12,Positive
R00757,CUST1070,P0613,2,Poor customer service experience.,2023-06-17,Negative
R00758,CUST0282,P1227,5,Good value for money.,2024-09-19,Positive
R00759,CUST4404,P0483,5,Good value for money.,2024-10-09,Positive
R00760,CUST2657,P1890,5,Good value for money.,2025-11-08,Positive
R00761,CUST0873,P0317,5,Good value for money.,2024-04-30,Positive
R00762,CUST1482,P0925,4,Quality is great for the price.,2025-05-21,Positive
R00763,CUST3911,P0753,4,Good value for money.,2025-08-04,Positive
R00764,CUST1931,P1608,4,Works as expected.,2022-03-11,Positive
R00765,CUST4640,P1639,3,It's fine but could be better.,2024-05-20,Neutral
R00766,CUST2803,P1628,4,"Excellent product, highly recommended!",2024-07-23,Positive
R00767,CUST4923,P1156,5,Quality is great for the price.,2023-04-24,Positive
R00768,CUST3079,P1108,3,"Product is okay, nothing special.",2025-11-14,Neutral
R00769,CUST1699,P1377,1,Poor customer service experience.,2020-10-18,Negative
R00770,CUST4481,P1745,5,"Excellent product, highly recommended!",2025-07-19,Positive
R00771,CUST0368,P0933,3,"Average quality, meets expectations.",2022-08-26,Neutral
R00772,CUST3422,P1803,2,Poor customer service experience.,2021-02-09,Negative
R00773,CUST1049,P0110,5,Good value for money.,2025-09-14,Positive
R00774,CUST1105,P0525,5,"Excellent product, highly recommended!",2025-06-19,Positive
R00775,CUST4700,P0282,1,Poor customer service experience.,2025-01-18,Negative
R00776,CUST0821,P0883,4,Quality is great for the price.,2025-04-20,Positive
R00777,CUST3380,P1209,3,It's fine but could be better.,2025-09-17,Neutral
R00778,CUST4393,P1396,3,It's fine but could be better.,2025-10-23,Neutral
R00779,CUST2261,P0887,5,Very satisfied with the purchase.,2025-02-13,Positive
R00780,CUST3275,P0394,5,"Excellent product, highly recommended!",2025-03-11,Positive
R00781,CUST4591,P0651,4,Quality is great for the price.,2025-10-26,Positive
R00782,CUST2704,P1843,5,Quality is great for the price.,2025-08-31,Positive
R00783,CUST1459,P0718,4,Good value for money.,2024-03-02,Positive
R00784,CUST1344,P0877,5,Works as expected.,2024-07-30,Positive
R00785,CUST2974,P0758,4,Very satisfied with the purchase.,2025-01-04,Positive
R00786,CUST1321,P0597,2,Poor customer service experience.,2023-06-28,Negative
R00787,CUST4742,P0277,5,Very satisfied with the purchase.,2025-09-29,Positive
R00788,CUST4917,P1933,1,Disappointed with the build quality.,2022-07-23,Negative
R00789,CUST4788,P0795,4,Quality is great for the price.,2025-10-24,Positive
R00790,CUST3744,P1075,1,Poor customer service experience.,2025-01-12,Negative
R00791,CUST0336,P0334,1,Disappointed with the build quality.,2024-05-15,Negative
R00792,CUST3726,P0508,5,Good value for money.,2025-09-09,Positive
R00793,CUST0590,P1729,3,Decent product for the price.,2023-12-14,Neutral
R00794,CUST2961,P0581,5,Works as expected.,2025-10-02,Positive
R00795,CUST4350,P0937,3,"Average quality, meets expectations.",2024-08-24,Neutral
R00796,CUST2702,P1717,5,"Excellent product, highly recommended!",2024-03-30,Positive
R00797,CUST2442,P0544,3,It's fine but could be better.,2024-11-06,Neutral
R00798,CUST2312,P1760,5,Quality is great for the price.,2025-09-16,Positive
R00799,CUST3048,P0670,4,"Excellent product, highly recommended!",2022-08-30,Positive
R00800,CUST2452,P0216,3,Decent product for the price.,2023-11-26,Neutral
R00801,CUST0214,P1234,5,Works as expected.,2025-10-05,Positive
R00802,CUST4326,P1811,4,Very satisfied with the purchase.,2025-01-03,Positive
R00803,CUST1388,P0925,4,Very satisfied with the purchase.,2025-05-11,Positive
R00804,CUST4486,P0068,4,Very satisfied with the purchase.,2023-08-21,Positive
R00805,CUST2270,P0449,5,Quality is great for the price.,2025-04-20,Positive
R00806,CUST2526,P0446,1,Poor customer service experience.,2024-05-26,Negative
R00807,CUST2243,P1148,4,Quality is great for the price.,2025-10-09,Positive
R00808,CUST4307,P0134,3,"Average quality, meets expectations.",2025-06-19,Neutral
R00809,CUST0299,P0262,5,Works as expected.,2025-08-16,Positive
R00810,CUST4371,P1639,5,"Excellent product, highly recommended!",2023-10-29,Positive
R00811,CUST1511,P1955,3,"Product is okay, nothing special.",2025-10-18,Neutral
R00812,CUST4699,P1018,4,Good value for money.,2025-07-29,Positive
R00813,CUST0077,P0981,5,Good value for money.,2023-09-01,Positive
R00814,CUST3367,P0215,5,"Excellent product, highly recommended!",2025-11-10,Positive
R00815,CUST4622,P0405,4,Good value for money.,2025-02-18,Positive
R00816,CUST4018,P1951,3,"Product is okay, nothing special.",2025-06-08,Neutral
R00817,CUST2137,P1967,4,Good value for money.,2020-09-15,Positive
R00818,CUST0042,P0096,5,Works as expected.,2025-07-11,Positive
R00819,CUST1644,P0020,4,Good value for money.,2025-08-01,Positive
R00820,CUST3956,P0673,4,"Excellent product, highly recommended!",2025-04-18,Positive
R00821,CUST1415,P0964,4,"Excellent product, highly recommended!",2024-12-01,Positive
R00822,CUST0297,P1300,3,Decent product for the price.,2025-04-17,Neutral
R00823,CUST3706,P1249,5,"Excellent product, highly recommended!",2024-04-29,Positive
R00824,CUST4282,P1104,5,Very satisfied with the purchase.,2024-05-09,Positive
R00825,CUST0480,P1278,4,Quality is great for the price.,2025-08-31,Positive
R00826,CUST2536,P0399,4,Works as expected.,2025-06-23,Positive
R00827,CUST1249,P1929,4,"Excellent product, highly recommended!",2025-01-09,Positive
R00828,CUST0306,P1191,3,It's fine but could be better.,2022-12-25,Neutral
R00829,CUST1008,P0969,5,Very satisfied with the purchase.,2025-08-20,Positive
R00830,CUST2799,P0030,3,Decent product for the price.,2025-04-15,Neutral
R00831,CUST2143,P1750,2,Stopped working after a week.,2024-09-18,Negative
R00832,CUST4324,P0976,5,"Excellent product, highly recommended!",2024-03-27,Positive
R00833,CUST4723,P0757,4,"Excellent product, highly recommended!",2025-09-15,Positive
R00834,CUST3462,P0690,2,Poor customer service experience.,2023-11-25,Negative
R00835,CUST4876,P0139,2,Stopped working after a week.,2024-10-06,Negative
R00836,CUST2627,P1260,5,Very satisfied with the purchase.,2025-08-30,Positive
R00837,CUST1326,P1049,5,Works as expected.,2025-05-31,Positive
R00838,CUST2937,P1244,2,Stopped working after a week.,2025-08-27,Negative
R00839,CUST2266,P1563,2,Not worth the money.,2024-11-21,Negative
R00840,CUST0555,P0196,1,Poor customer service experience.,2025-10-10,Negative
R00841,CUST4899,P0650,5,Very satisfied with the purchase.,2023-10-27,Positive
R00842,CUST4612,P0911,5,"Excellent product, highly recommended!",2025-09-22,Positive
R00843,CUST3365,P0574,4,Very satisfied with the purchase.,2025-06-07,Positive
R00844,CUST0647,P0331,5,Works as expected.,2025-07-30,Positive
R00845,CUST2958,P0413,5,Works as expected.,2025-02-02,Positive
R00846,CUST3874,P1109,2,Stopped working after a week.,2023-10-16,Negative
R00847,CUST4365,P0929,4,Quality is great for the price.,2025-05-06,Positive
R00848,CUST1563,P0178,5,Works as expected.,2024-11-07,Positive
R00849,CUST1986,P1865,5,Good value for money.,2025-10-01,Positive
R00850,CUST4434,P0057,4,Quality is great for the price.,2024-07-30,Positive
R00851,CUST3323,P0127,4,Quality is great for the price.,2025-10-19,Positive
R00852,CUST4899,P1608,5,Very satisfied with the purchase.,2024-01-24,Positive
R00853,CUST0629,P0676,5,Quality is great for the price.,2024-11-22,Positive
R00854,CUST4174,P0965,3,"Product is okay, nothing special.",2024-10-20,Neutral
R00855,CUST0116,P1071,4,Quality is great for the price.,2025-06-01,Positive
R00856,CUST1828,P1819,5,"Excellent product, highly recommended!",2025-03-07,Positive
R00857,CUST4020,P0656,5,"Excellent product, highly recommended!",2024-06-26,Positive
R00858,CUST4158,P1608,3,"Average quality, meets expectations.",2025-08-13,Neutral
R00859,CUST1752,P1169,3,Decent product for the price.,2025-02-10,Neutral
R00860,CUST0378,P0078,5,Good value for money.,2025-04-28,Positive
R00861,CUST3625,P1430,5,Quality is great for the price.,2025-04-22,Positive
R00862,CUST4656,P1060,4,Very satisfied with the purchase.,2025-01-08,Positive
R00863,CUST1240,P0577,3,Decent product for the price.,2024-12-16,Neutral
R00864,CUST2662,P1343,4,"Excellent product, highly recommended!",2020-04-24,Positive
R00865,CUST0664,P0631,5,Good value for money.,2025-06-09,Positive
R00866,CUST1944,P0950,5,Quality is great for the price.,2023-03-20,Positive
R00867,CUST4429,P0398,5,"Excellent product, highly recommended!",2022-12-19,Positive
R00868,CUST4140,P1925,4,"Excellent product, highly recommended!",2025-01-12,Positive
R00869,CUST2606,P1424,4,Quality is great for the price.,2025-06-03,Positive
R00870,CUST0722,P1103,5,Works as expected.,2025-01-21,Positive
R00871,CUST1154,P1015,5,Quality is great for the price.,2023-08-01,Positive
R00872,CUST2008,P1576,5,Quality is great for the price.,2025-03-20,Positive
R00873,CUST3953,P0639,5,Works as expected.,2025-11-13,Positive
R00874,CUST1402,P1589,5,Good value for money.,2025-10-21,Positive
R00875,CUST1123,P1831,4,Good value for money.,2023-10-12,Positive
R00876,CUST1088,P0970,5,"Excellent product, highly recommended!",2024-03-03,Positive
R00877,CUST0179,P1087,3,"Average quality, meets expectations.",2025-04-07,Neutral
R00878,CUST3889,P0007,5,Works as expected.,2025-09-26,Positive
R00879,CUST0407,P1186,3,Decent product for the price.,2025-07-02,Neutral
R00880,CUST0069,P1134,2,Disappointed with the build quality.,2023-03-13,Negative
R00881,CUST4408,P1900,4,Quality is great for the price.,2022-01-26,Positive
R00882,CUST0518,P1299,5,Good value for money.,2024-12-08,Positive
R00883,CUST4620,P0795,5,Very satisfied with the purchase.,2024-07-29,Positive
R00884,CUST2241,P1458,3,"Average quality, meets expectations.",2024-02-23,Neutral
R00885,CUST4073,P0191,4,Very satisfied with the purchase.,2020-08-06,Positive
R00886,CUST1529,P1027,1,Poor customer service experience.,2025-05-14,Negative
R00887,CUST1823,P0435,5,Works as expected.,2025-05-31,Positive
R00888,CUST1647,P1909,4,Quality is great for the price.,2021-03-24,Positive
R00889,CUST0657,P1009,4,Very satisfied with the purchase.,2023-02-12,Positive
R00890,CUST4322,P0453,5,Quality is great for the price.,2022-02-28,Positive
R00891,CUST1359,P0669,2,Disappointed with the build quality.,2025-07-04,Negative
R00892,CUST0751,P1736,3,"Product is okay, nothing special.",2025-05-04,Neutral
R00893,CUST4762,P1784,3,"Product is okay, nothing special.",2025-02-14,Neutral
R00894,CUST1526,P0133,5,Quality is great for the price.,2024-03-11,Positive
R00895,CUST2599,P1848,5,Works as expected.,2025-02-15,Positive
R00896,CUST0932,P0006,2,Poor customer service experience.,2025-02-23,Negative
R00897,CUST4504,P0945,5,Works as expected.,2025-01-06,Positive
R00898,CUST4987,P1671,1,Disappointed with the build quality.,2025-09-21,Negative
R00899,CUST2817,P1640,4,"Excellent product, highly recommended!",2023-11-11,Positive
R00900,CUST1240,P0466,4,Good value for money.,2025-09-28,Positive
R00901,CUST4776,P1001,5,Quality is great for the price.,2024-02-12,Positive
R00902,CUST3144,P0376,4,Good value for money.,2023-12-28,Positive
R00903,CUST0515,P1342,3,Decent product for the price.,2024-08-08,Neutral
R00904,CUST2299,P1185,4,"Excellent product, highly recommended!",2025-08-22,Positive
R00905,CUST2918,P0792,5,Very satisfied with the purchase.,2023-10-27,Positive
R00906,CUST4405,P0691,4,Very satisfied with the purchase.,2024-12-30,Positive
R00907,CUST2949,P1500,5,Works as expected.,2025-01-12,Positive
R00908,CUST3205,P1377,3,"Product is okay, nothing special.",2025-05-17,Neutral
R00909,CUST1605,P0725,4,"Excellent product, highly recommended!",2025-09-16,Positive
R00910,CUST1474,P1676,4,Works as expected.,2025-03-18,Positive
R00911,CUST1248,P1421,4,Quality is great for the price.,2025-11-05,Positive
R00912,CUST2077,P1518,3,"Average quality, meets expectations.",2023-06-03,Neutral
R00913,CUST3567,P0296,2,Disappointed with the build quality.,2024-08-12,Negative
R00914,CUST2027,P1715,5,Quality is great for the price.,2024-09-11,Positive
R00915,CUST1748,P1556,5,Quality is great for the price.,2022-12-06,Positive
R00916,CUST4876,P1702,3,"Product is okay, nothing special.",2025-09-04,Neutral
R00917,CUST1352,P0418,5,Quality is great for the price.,2025-07-09,Positive
R00918,CUST2669,P0811,3,It's fine but could be better.,2025-10-08,Neutral
R00919,CUST2231,P1306,5,"Excellent product, highly recommended!",2025-07-24,Positive
R00920,CUST2316,P1935,3,Decent product for the price.,2025-10-27,Neutral
R00921,CUST3442,P1128,4,"Excellent product, highly recommended!",2021-08-23,Positive
R00922,CUST4679,P1479,5,"Excellent product, highly recommended!",2023-11-06,Positive
R00923,CUST1309,P0938,5,Good value for money.,2025-07-14,Positive
R00924,CUST2106,P0329,5,"Excellent product, highly recommended!",2023-10-04,Positive
R00925,CUST3396,P0324,4,Good value for money.,2025-05-29,Positive
R00926,CUST0440,P1704,4,Good value for money.,2025-09-23,Positive
R00927,CUST4442,P0553,5,Quality is great for the price.,2024-01-06,Positive
R00928,CUST0096,P1270,5,Quality is great for the price.,2025-06-23,Positive
R00929,CUST4780,P0159,3,"Product is okay, nothing special.",2024-07-04,Neutral
R00930,CUST0353,P1440,4,Very satisfied with the purchase.,2022-04-17,Positive
R00931,CUST2806,P0774,5,Good value for money.,2024-05-31,Positive
R00932,CUST1321,P0342,5,Good value for money.,2025-10-20,Positive
R00933,CUST1493,P0886,5,"Excellent product, highly recommended!",2025-04-01,Positive
R00934,CUST1029,P1474,4,Good value for money.,2024-08-21,Positive
R00935,CUST3452,P0893,5,"Excellent product, highly recommended!",2025-09-18,Positive
R00936,CUST0559,P0037,4,Quality is great for the price.,2025-05-08,Positive
R00937,CUST4575,P0668,5,"Excellent product, highly recommended!",2024-12-14,Positive
R00938,CUST2525,P1199,2,Stopped working after a week.,2025-07-10,Negative
R00939,CUST2066,P0287,3,"Product is okay, nothing special.",2025-03-17,Neutral
R00940,CUST3303,P0443,5,Quality is great for the price.,2025-08-19,Positive
R00941,CUST3190,P0034,3,Decent product for the price.,2024-11-01,Neutral
R00942,CUST0984,P1300,5,Quality is great for the price.,2025-10-17,Positive
R00943,CUST4549,P0991,3,Decent product for the price.,2025-10-13,Neutral
R00944,CUST1860,P1530,5,Good value for money.,2025-10-07,Positive
R00945,CUST2021,P1778,5,Works as expected.,2024-04-30,Positive
R00946,CUST0272,P0524,5,"Excellent product, highly recommended!",2025-10-26,Positive
R00947,CUST0918,P1402,5,Good value for money.,2024-09-13,Positive
R00948,CUST3450,P0521,4,Works as expected.,2024-03-30,Positive
R00949,CUST2579,P1723,5,Very satisfied with the purchase.,2025-02-18,Positive
R00950,CUST4580,P0558,5,Very satisfied with the purchase.,2025-08-03,Positive
R00951,CUST4856,P0175,2,Disappointed with the build quality.,2024-01-18,Negative
R00952,CUST1377,P1904,5,Works as expected.,2023-09-29,Positive
R00953,CUST0655,P0271,5,"Excellent product, highly recommended!",2024-06-05,Positive
R00954,CUST0616,P1755,5,"Excellent product, highly recommended!",2020-06-03,Positive
R00955,CUST0074,P0495,5,Good value for money.,2025-11-02,Positive
R00956,CUST4372,P0037,5,Works as expected.,2025-06-09,Positive
R00957,CUST4790,P0074,5,Very satisfied with the purchase.,2025-05-07,Positive
R00958,CUST3999,P0910,5,Good value for money.,2025-03-17,Positive
R00959,CUST0411,P0863,4,Quality is great for the price.,2024-09-19,Positive
R00960,CUST1613,P0763,4,Very satisfied with the purchase.,2023-11-05,Positive
R00961,CUST3682,P1724,5,Quality is great for the price.,2021-02-07,Positive
R00962,CUST3440,P1718,4,Quality is great for the price.,2025-10-09,Positive
R00963,CUST2297,P1822,4,Good value for money.,2020-05-13,Positive
R00964,CUST3295,P1787,4,"Excellent product, highly recommended!",2025-11-11,Positive
R00965,CUST2695,P0040,3,"Product is okay, nothing special.",2025-05-10,Neutral
R00966,CUST4347,P1739,3,Decent product for the price.,2022-01-26,Neutral
R00967,CUST2988,P0392,5,Very satisfied with the purchase.,2024-06-06,Positive
R00968,CUST4448,P1899,3,It's fine but could be better.,2024-12-20,Neutral
R00969,CUST3673,P0367,5,Works as expected.,2025-10-04,Positive
R00970,CUST0997,P1058,4,Works as expected.,2024-11-21,Positive
R00971,CUST0238,P1488,3,"Product is okay, nothing special.",2024-10-20,Neutral
R00972,CUST1102,P0956,5,Good value for money.,2024-12-06,Positive
R00973,CUST2496,P1891,1,Disappointed with the build quality.,2025-05-31,Negative
R00974,CUST2549,P0563,5,Works as expected.,2025-01-03,Positive
R00975,CUST1971,P0049,5,Quality is great for the price.,2025-07-22,Positive
R00976,CUST2269,P0935,4,Good value for money.,2025-07-24,Positive
R00977,CUST2221,P1260,5,Very satisfied with the purchase.,2025-07-15,Positive
R00978,CUST1806,P1062,4,"Excellent product, highly recommended!",2025-02-06,Positive
R00979,CUST4209,P0902,5,Very satisfied with the purchase.,2021-08-11,Positive
R00980,CUST3508,P1638,4,Quality is great for the price.,2025-07-24,Positive
R00981,CUST3142,P1169,4,"Excellent product, highly recommended!",2025-08-13,Positive
R00982,CUST1747,P1804,5,Quality is great for the price.,2025-11-13,Positive
R00983,CUST1596,P0375,5,Good value for money.,2024-04-12,Positive
R00984,CUST0264,P0561,5,Quality is great for the price.,2025-08-08,Positive
R00985,CUST2081,P0727,5,Good value for money.,2023-07-31,Positive
R00986,CUST4291,P0631,5,Good value for money.,2025-10-26,Positive
R00987,CUST0215,P0138,1,Not worth the money.,2025-06-25,Negative
R00988,CUST1512,P1614,5,Good value for money.,2024-10-17,Positive
R00989,CUST1716,P1266,5,"Excellent product, highly recommended!",2025-09-26,Positive
R00990,CUST3273,P0445,3,"Product is okay, nothing special.",2024-11-22,Neutral
R00991,CUST0583,P0867,5,"Excellent product, highly recommended!",2025-11-13,Positive
R00992,CUST2734,P0514,5,Quality is great for the price.,2024-10-27,Positive
R00993,CUST0926,P1040,5,Quality is great for the price.,2025-10-05,Positive
R00994,CUST3696,P0411,4,Very satisfied with the purchase.,2025-08-24,Positive
R00995,CUST3921,P0190,5,"Excellent product, highly recommended!",2025-09-22,Positive
R00996,CUST3807,P0704,3,It's fine but could be better.,2023-07-16,Neutral
R00997,CUST4413,P0137,3,"Product is okay, nothing special.",2025-10-14,Neutral
R00998,CUST1503,P1682,5,Good value for money.,2024-07-16,Positive
R00999,CUST4080,P0739,4,Quality is great for the price.,2024-04-21,Positive
R01000,CUST4376,P0344,5,Good value for money.,2024-06-20,Positive
R01001,CUST2890,P0364,4,Very satisfied with the purchase.,2025-05-23,Positive
R01002,CUST2341,P0295,5,Quality is great for the price.,2022-06-26,Positive
R01003,CUST3604,P0453,5,"Excellent product, highly recommended!",2025-10-12,Positive
R01004,CUST2395,P1196,4,Good value for money.,2024-01-23,Positive
R01005,CUST0544,P0130,4,Very satisfied with the purchase.,2025-06-27,Positive
R01006,CUST0508,P1538,4,Very satisfied with the purchase.,2025-10-15,Positive
R01007,CUST3261,P0217,5,Good value for money.,2024-11-16,Positive
R01008,CUST2114,P1093,3,"Product is okay, nothing special.",2024-12-18,Neutral
R01009,CUST4075,P0690,4,Good value for money.,2025-09-27,Positive
R01010,CUST4098,P1994,5,Good value for money.,2025-10-08,Positive
R01011,CUST0367,P1561,5,Works as expected.,2022-12-31,Positive
R01012,CUST2892,P0065,4,Good value for money.,2021-06-19,Positive
R01013,CUST4496,P0554,3,"Average quality, meets expectations.",2025-10-13,Neutral
R01014,CUST1289,P1471,4,Quality is great for the price.,2025-09-07,Positive
R01015,CUST1599,P0573,3,"Product is okay, nothing special.",2025-10-15,Neutral
R01016,CUST3446,P0277,4,"Excellent product, highly recommended!",2024-10-10,Positive
R01017,CUST3698,P1534,3,"Average quality, meets expectations.",2024-09-14,Neutral
R01018,CUST4607,P1352,5,Good value for money.,2024-05-20,Positive
R01019,CUST3523,P0511,4,Works as expected.,2023-01-10,Positive
R01020,CUST3567,P0156,4,Good value for money.,2025-09-15,Positive
R01021,CUST1345,P0524,4,Good value for money.,2024-01-11,Positive
R01022,CUST2137,P1209,5,"Excellent product, highly recommended!",2025-11-09,Positive
R01023,CUST4861,P0668,5,"Excellent product, highly recommended!",2024-11-26,Positive
R01024,CUST1721,P0992,2,Stopped working after a week.,2023-11-13,Negative
R01025,CUST0805,P0778,5,Quality is great for the price.,2025-07-02,Positive
R01026,CUST2336,P0032,3,Decent product for the price.,2025-11-02,Neutral
R01027,CUST4617,P1568,4,Very satisfied with the purchase.,2023-12-07,Positive
R01028,CUST3463,P0796,3,It's fine but could be better.,2025-08-22,Neutral
R01029,CUST1840,P0279,5,"Excellent product, highly recommended!",2024-03-26,Positive
R01030,CUST4084,P1637,4,Works as expected.,2023-11-16,Positive
R01031,CUST2857,P1248,5,Quality is great for the price.,2025-02-18,Positive
R01032,CUST3576,P0691,3,It's fine but could be better.,2024-10-10,Neutral
R01033,CUST0098,P1632,4,Quality is great for the price.,2025-10-07,Positive
R01034,CUST0741,P0641,3,Decent product for the price.,2024-03-08,Neutral
R01035,CUST3957,P1002,5,Quality is great for the price.,2024-02-15,Positive
R01036,CUST2563,P1051,5,Good value for money.,2025-08-03,Positive
R01037,CUST3459,P1472,5,Quality is great for the price.,2023-05-09,Positive
R01038,CUST0930,P0484,5,Good value for money.,2025-01-22,Positive
R01039,CUST3851,P0536,5,"Excellent product, highly recommended!",2024-01-04,Positive
R01040,CUST1643,P1059,4,Very satisfied with the purchase.,2025-02-04,Positive
R01041,CUST4486,P0635,3,"Product is okay, nothing special.",2023-11-27,Neutral
R01042,CUST4102,P0289,4,Good value for money.,2024-06-11,Positive
R01043,CUST2062,P0594,4,Works as expected.,2025-02-08,Positive
R01044,CUST4669,P1893,3,"Product is okay, nothing special.",2025-04-18,Neutral
R01045,CUST2172,P1665,4,"Excellent product, highly recommended!",2024-05-06,Positive
R01046,CUST3186,P0280,5,Works as expected.,2020-12-20,Positive
R01047,CUST0862,P1208,2,Not worth the money.,2025-07-07,Negative
R01048,CUST0535,P0477,5,Works as expected.,2024-09-01,Positive
R01049,CUST1402,P1007,3,Decent product for the price.,2025-01-24,Neutral
R01050,CUST4305,P0744,2,Disappointed with the build quality.,2025-02-24,Negative
R01051,CUST3324,P1199,1,Poor customer service experience.,2023-10-13,Negative
R01052,CUST0134,P0715,4,Works as expected.,2025-10-28,Positive
R01053,CUST3648,P1490,5,Quality is great for the price.,2025-01-01,Positive
R01054,CUST4421,P0236,5,Works as expected.,2025-02-17,Positive
R01055,CUST0356,P0288,5,"Excellent product, highly recommended!",2024-04-08,Positive
R01056,CUST0321,P1252,4,Works as expected.,2025-06-18,Positive
R01057,CUST3654,P0358,4,Good value for money.,2025-03-22,Positive
R01058,CUST3766,P0593,5,Works as expected.,2025-11-06,Positive
R01059,CUST1879,P0866,5,"Excellent product, highly recommended!",2025-06-17,Positive
R01060,CUST1323,P1371,5,Good value for money.,2025-10-15,Positive
R01061,CUST1600,P1056,4,Quality is great for the price.,2024-05-15,Positive
R01062,CUST2378,P1761,3,"Product is okay, nothing special.",2025-08-19,Neutral
R01063,CUST1322,P1312,4,Very satisfied with the purchase.,2022-02-15,Positive
R01064,CUST0444,P1871,5,"Excellent product, highly recommended!",2025-08-12,Positive
R01065,CUST0291,P1222,5,Quality is great for the price.,2025-01-27,Positive
R01066,CUST4673,P0902,5,Works as expected.,2025-01-03,Positive
R01067,CUST3576,P1645,2,Poor customer service experience.,2025-02-08,Negative
R01068,CUST4977,P1313,4,Good value for money.,2023-11-10,Positive
R01069,CUST3703,P0953,3,Decent product for the price.,2025-04-23,Neutral
R01070,CUST0374,P1623,5,Works as expected.,2022-09-07,Positive
R01071,CUST4642,P1342,5,Quality is great for the price.,2025-08-10,Positive
R01072,CUST3085,P0140,5,Good value for money.,2024-11-12,Positive
R01073,CUST3737,P0591,4,"Excellent product, highly recommended!",2025-09-02,Positive
R01074,CUST0396,P1424,5,Very satisfied with the purchase.,2025-05-08,Positive
R01075,CUST4683,P0670,5,Good value for money.,2023-12-01,Positive
R01076,CUST3860,P0572,4,Works as expected.,2025-10-16,Positive
R01077,CUST4640,P0680,1,Stopped working after a week.,2024-02-23,Negative
R01078,CUST1892,P1006,3,"Average quality, meets expectations.",2022-07-29,Neutral
R01079,CUST3285,P1216,4,"Excellent product, highly recommended!",2022-01-31,Positive
R01080,CUST0359,P1329,5,"Excellent product, highly recommended!",2025-08-12,Positive
R01081,CUST1604,P1114,4,Works as expected.,2024-02-06,Positive
R01082,CUST0660,P0529,4,"Excellent product, highly recommended!",2025-07-19,Positive
R01083,CUST1651,P0736,4,Very satisfied with the purchase.,2025-08-20,Positive
R01084,CUST0912,P1397,3,It's fine but could be better.,2024-05-24,Neutral
R01085,CUST0945,P1055,5,Good value for money.,2025-04-30,Positive
R01086,CUST0073,P0617,4,Very satisfied with the purchase.,2022-11-21,Positive
R01087,CUST4743,P0018,4,Very satisfied with the purchase.,2025-04-28,Positive
R01088,CUST4249,P0054,4,Works as expected.,2025-07-18,Positive
R01089,CUST4736,P0147,4,Very satisfied with the purchase.,2023-03-05,Positive
R01090,CUST4642,P1832,2,Poor customer service experience.,2025-06-04,Negative
R01091,CUST0145,P0003,5,Good value for money.,2024-05-15,Positive
R01092,CUST0058,P1656,5,"Excellent product, highly recommended!",2023-06-24,Positive
R01093,CUST1461,P1253,5,Good value for money.,2023-03-24,Positive
R01094,CUST2315,P0227,3,It's fine but could be better.,2024-08-27,Neutral
R01095,CUST1191,P0704,5,Very satisfied with the purchase.,2023-02-25,Positive
R01096,CUST1468,P1024,2,Disappointed with the build quality.,2025-09-22,Negative
R01097,CUST3634,P0969,5,Works as expected.,2024-08-22,Positive
R01098,CUST3902,P0053,3,It's fine but could be better.,2025-05-24,Neutral
R01099,CUST3440,P0854,5,Quality is great for the price.,2025-11-08,Positive
R01100,CUST4862,P0221,4,Works as expected.,2025-07-29,Positive
R01101,CUST3142,P0670,3,It's fine but could be better.,2025-09-12,Neutral
R01102,CUST2543,P1259,5,"Excellent product, highly recommended!",2025-06-11,Positive
R01103,CUST0557,P0875,5,Very satisfied with the purchase.,2020-04-12,Positive
R01104,CUST2058,P1277,4,Quality is great for the price.,2021-08-26,Positive
R01105,CUST2657,P0317,3,Decent product for the price.,2025-11-03,Neutral
R01106,CUST4510,P1006,5,"Excellent product, highly recommended!",2023-08-02,Positive
R01107,CUST1668,P0712,4,Very satisfied with the purchase.,2025-07-12,Positive
R01108,CUST2979,P1941,2,Not worth the money.,2025-09-30,Negative
R01109,CUST0847,P1306,5,"Excellent product, highly recommended!",2025-10-30,Positive
R01110,CUST0710,P0387,4,Very satisfied with the purchase.,2025-01-07,Positive
R01111,CUST4651,P0078,5,Very satisfied with the purchase.,2025-07-06,Positive
R01112,CUST0029,P1870,4,Very satisfied with the purchase.,2025-09-17,Positive
R01113,CUST1480,P1280,4,"Excellent product, highly recommended!",2025-05-12,Positive
R01114,CUST1275,P0917,1,Poor customer service experience.,2022-02-19,Negative
R01115,CUST3804,P1666,4,"Excellent product, highly recommended!",2024-11-13,Positive
R01116,CUST1531,P0469,5,Good value for money.,2025-11-14,Positive
R01117,CUST0911,P1920,5,"Excellent product, highly recommended!",2025-10-21,Positive
R01118,CUST4599,P1930,2,Poor customer service experience.,2024-07-29,Negative
R01119,CUST3413,P1777,5,Good value for money.,2025-06-14,Positive
R01120,CUST1531,P0287,5,Quality is great for the price.,2024-04-17,Positive
R01121,CUST0871,P1494,4,Very satisfied with the purchase.,2025-06-13,Positive
R01122,CUST2701,P0411,3,"Average quality, meets expectations.",2024-11-15,Neutral
R01123,CUST0292,P0215,5,Quality is great for the price.,2020-03-04,Positive
R01124,CUST4636,P0390,4,Good value for money.,2024-07-25,Positive
R01125,CUST0538,P0991,5,Good value for money.,2025-11-14,Positive
R01126,CUST2737,P0463,5,Good value for money.,2025-06-17,Positive
R01127,CUST2074,P0621,3,"Product is okay, nothing special.",2021-05-11,Neutral
R01128,CUST2647,P1045,5,Very satisfied with the purchase.,2023-02-19,Positive
R01129,CUST3804,P1858,4,Quality is great for the price.,2025-11-13,Positive
R01130,CUST4873,P1321,5,"Excellent product, highly recommended!",2025-05-25,Positive
R01131,CUST0592,P0766,5,"Excellent product, highly recommended!",2024-04-18,Positive
R01132,CUST1444,P0468,4,Works as expected.,2025-03-09,Positive
R01133,CUST1142,P0130,5,Good value for money.,2024-09-18,Positive
R01134,CUST0882,P1865,5,"Excellent product, highly recommended!",2025-11-06,Positive
R01135,CUST3214,P0172,2,Stopped working after a week.,2025-09-06,Negative
R01136,CUST1955,P0216,5,Good value for money.,2025-07-21,Positive
R01137,CUST0565,P1064,3,"Product is okay, nothing special.",2025-06-01,Neutral
R01138,CUST0176,P1993,2,Not worth the money.,2025-10-07,Negative
R01139,CUST1221,P1581,3,"Average quality, meets expectations.",2024-01-09,Neutral
R01140,CUST4612,P0608,5,"Excellent product, highly recommended!",2025-02-12,Positive
R01141,CUST4395,P0421,4,Works as expected.,2025-09-24,Positive
R01142,CUST2670,P0845,5,Very satisfied with the purchase.,2025-08-25,Positive
R01143,CUST4077,P1178,4,Very satisfied with the purchase.,2025-10-23,Positive
R01144,CUST4529,P0279,5,Very satisfied with the purchase.,2023-07-06,Positive
R01145,CUST0863,P0403,5,"Excellent product, highly recommended!",2020-09-02,Positive
R01146,CUST3304,P0449,5,Works as expected.,2025-07-06,Positive
R01147,CUST1733,P0819,4,Quality is great for the price.,2023-10-01,Positive
R01148,CUST2009,P0852,4,"Excellent product, highly recommended!",2025-06-18,Positive
R01149,CUST3884,P0055,5,"Excellent product, highly recommended!",2024-09-03,Positive
R01150,CUST1045,P1069,5,Works as expected.,2025-08-22,Positive
R01151,CUST3381,P0106,2,Poor customer service experience.,2025-10-01,Negative
R01152,CUST2130,P0993,5,"Excellent product, highly recommended!",2025-07-17,Positive
R01153,CUST1945,P1430,5,Very satisfied with the purchase.,2023-12-22,Positive
R01154,CUST1573,P1102,5,Very satisfied with the purchase.,2020-04-27,Positive
R01155,CUST4091,P0505,4,Very satisfied with the purchase.,2024-07-11,Positive
R01156,CUST2677,P0182,4,Works as expected.,2025-10-07,Positive
R01157,CUST1562,P1917,4,Good value for money.,2025-06-03,Positive
R01158,CUST4372,P1910,2,Disappointed with the build quality.,2023-09-04,Negative
R01159,CUST0248,P1229,4,Good value for money.,2025-08-26,Positive
R01160,CUST2807,P0435,5,Works as expected.,2025-08-02,Positive
R01161,CUST4126,P0570,4,Very satisfied with the purchase.,2024-11-10,Positive
R01162,CUST0698,P1655,3,"Product is okay, nothing special.",2024-04-12,Neutral
R01163,CUST1877,P0645,5,Very satisfied with the purchase.,2021-12-27,Positive
R01164,CUST4264,P0346,3,It's fine but could be better.,2022-08-24,Neutral
R01165,CUST4971,P0484,5,"Excellent product, highly recommended!",2025-11-11,Positive
R01166,CUST0454,P0607,5,Quality is great for the price.,2025-10-11,Positive
R01167,CUST3731,P1353,5,Good value for money.,2025-04-02,Positive
R01168,CUST4871,P0738,5,Quality is great for the price.,2025-11-13,Positive
R01169,CUST2478,P1017,5,Good value for money.,2025-03-30,Positive
R01170,CUST1854,P0931,5,Good value for money.,2024-02-12,Positive
R01171,CUST3898,P1109,3,It's fine but could be better.,2025-10-19,Neutral
R01172,CUST0278,P1556,5,Works as expected.,2023-08-11,Positive
R01173,CUST3682,P1657,5,Good value for money.,2025-07-20,Positive
R01174,CUST2464,P1596,2,Stopped working after a week.,2024-12-08,Negative
R01175,CUST2911,P1392,4,Very satisfied with the purchase.,2023-07-28,Positive
R01176,CUST0017,P0575,2,Disappointed with the build quality.,2025-08-23,Negative
R01177,CUST3438,P0304,2,Not worth the money.,2025-10-30,Negative
R01178,CUST3029,P0183,5,Good value for money.,2025-05-18,Positive
R01179,CUST4745,P0033,5,Works as expected.,2024-12-12,Positive
R01180,CUST3199,P0057,4,Quality is great for the price.,2024-05-19,Positive
R01181,CUST2646,P1050,5,"Excellent product, highly recommended!",2023-10-18,Positive
R01182,CUST3590,P0674,5,Works as expected.,2023-07-22,Positive
R01183,CUST4032,P0236,5,"Excellent product, highly recommended!",2025-09-15,Positive
R01184,CUST4694,P0799,4,Works as expected.,2023-02-16,Positive
R01185,CUST3506,P1886,4,Very satisfied with the purchase.,2025-05-28,Positive
R01186,CUST3900,P1435,5,Works as expected.,2025-10-11,Positive
R01187,CUST2788,P1984,5,Very satisfied with the purchase.,2024-11-11,Positive
R01188,CUST0226,P0220,5,Very satisfied with the purchase.,2022-08-24,Positive
R01189,CUST4356,P1666,4,Works as expected.,2022-06-11,Positive
R01190,CUST3594,P1425,5,Quality is great for the price.,2025-05-01,Positive
R01191,CUST4560,P0757,5,"Excellent product, highly recommended!",2025-10-29,Positive
R01192,CUST4550,P0635,4,Very satisfied with the purchase.,2025-05-29,Positive
R01193,CUST4705,P0757,5,Works as expected.,2025-10-31,Positive
R01194,CUST0168,P1719,4,Works as expected.,2024-04-05,Positive
R01195,CUST4306,P0967,4,Very satisfied with the purchase.,2022-11-20,Positive
R01196,CUST1223,P1624,4,"Excellent product, highly recommended!",2025-03-16,Positive
R01197,CUST4525,P1607,4,Quality is great for the price.,2025-10-20,Positive
R01198,CUST3384,P0960,4,"Excellent product, highly recommended!",2025-05-13,Positive
R01199,CUST3089,P1888,3,"Average quality, meets expectations.",2023-03-06,Neutral
R01200,CUST3429,P1461,3,Decent product for the price.,2024-11-10,Neutral
R01201,CUST3583,P1758,4,Good value for money.,2025-10-14,Positive
R01202,CUST4876,P1396,5,"Excellent product, highly recommended!",2024-09-15,Positive
R01203,CUST1092,P1795,3,It's fine but could be better.,2025-01-28,Neutral
R01204,CUST2088,P1911,5,Good value for money.,2024-09-06,Positive
R01205,CUST0307,P1136,5,Very satisfied with the purchase.,2022-09-05,Positive
R01206,CUST0939,P0926,1,Not worth the money.,2024-03-02,Negative
R01207,CUST0977,P0945,5,Works as expected.,2024-01-10,Positive
R01208,CUST4739,P0102,4,Good value for money.,2024-07-04,Positive
R01209,CUST4651,P0431,3,"Product is okay, nothing special.",2024-02-25,Neutral
R01210,CUST4929,P0489,4,"Excellent product, highly recommended!",2025-01-06,Positive
R01211,CUST2775,P1769,5,Very satisfied with the purchase.,2025-09-27,Positive
R01212,CUST0729,P1793,4,"Excellent product, highly recommended!",2024-12-10,Positive
R01213,CUST4647,P0791,4,"Excellent product, highly recommended!",2024-02-13,Positive
R01214,CUST4392,P1674,4,Very satisfied with the purchase.,2025-09-01,Positive
R01215,CUST0833,P0236,4,Works as expected.,2025-06-06,Positive
R01216,CUST2602,P0144,2,Not worth the money.,2024-07-01,Negative
R01217,CUST4449,P0418,5,"Excellent product, highly recommended!",2025-08-04,Positive
R01218,CUST4227,P0625,5,Works as expected.,2021-11-14,Positive
R01219,CUST0119,P0723,4,Works as expected.,2025-09-16,Positive
R01220,CUST2453,P0961,5,"Excellent product, highly recommended!",2025-07-06,Positive
R01221,CUST2904,P1054,4,Quality is great for the price.,2024-08-19,Positive
R01222,CUST1624,P1046,5,Works as expected.,2025-07-18,Positive
R01223,CUST1165,P0500,5,"Excellent product, highly recommended!",2025-02-19,Positive
R01224,CUST0416,P1379,4,Good value for money.,2025-10-13,Positive
R01225,CUST4475,P1823,5,Works as expected.,2022-01-30,Positive
R01226,CUST3324,P1576,1,Disappointed with the build quality.,2025-07-27,Negative
R01227,CUST1175,P0430,3,"Product is okay, nothing special.",2024-09-12,Neutral
R01228,CUST0037,P0881,2,Poor customer service experience.,2022-06-23,Negative
R01229,CUST1547,P1258,4,Very satisfied with the purchase.,2025-09-20,Positive
R01230,CUST2876,P0329,4,Works as expected.,2025-10-27,Positive
R01231,CUST3103,P1934,5,Works as expected.,2024-03-26,Positive
R01232,CUST3851,P1305,5,Good value for money.,2025-10-08,Positive
R01233,CUST0215,P0249,3,"Product is okay, nothing special.",2024-02-15,Neutral
R01234,CUST0265,P0040,2,Poor customer service experience.,2025-11-01,Negative
R01235,CUST0651,P1075,4,Quality is great for the price.,2024-01-13,Positive
R01236,CUST2205,P0049,5,Quality is great for the price.,2024-12-16,Positive
R01237,CUST0204,P0830,4,Quality is great for the price.,2025-10-16,Positive
R01238,CUST1026,P0256,5,Good value for money.,2023-11-28,Positive
R01239,CUST3516,P0893,4,Quality is great for the price.,2025-11-02,Positive
R01240,CUST2098,P1812,5,Very satisfied with the purchase.,2025-07-15,Positive
R01241,CUST2696,P0408,4,"Excellent product, highly recommended!",2024-03-20,Positive
R01242,CUST3188,P0932,5,"Excellent product, highly recommended!",2025-10-12,Positive
R01243,CUST0282,P1635,5,Good value for money.,2025-02-19,Positive
R01244,CUST4841,P1000,3,It's fine but could be better.,2025-11-08,Neutral
R01245,CUST4126,P1092,1,Stopped working after a week.,2025-10-22,Negative
R01246,CUST3591,P1018,5,Very satisfied with the purchase.,2025-10-25,Positive
R01247,CUST4889,P0209,3,It's fine but could be better.,2025-09-28,Neutral
R01248,CUST1808,P0378,5,Works as expected.,2025-07-15,Positive
R01249,CUST0631,P1263,5,Quality is great for the price.,2025-09-24,Positive
R01250,CUST2639,P0434,5,Works as expected.,2023-06-03,Positive
R01251,CUST3198,P0257,5,Very satisfied with the purchase.,2024-02-25,Positive
R01252,CUST2655,P1780,3,Decent product for the price.,2025-04-10,Neutral
R01253,CUST0659,P0381,3,Decent product for the price.,2025-05-16,Neutral
R01254,CUST3672,P1752,4,Works as expected.,2025-03-24,Positive
R01255,CUST2359,P0050,4,Good value for money.,2024-12-28,Positive
R01256,CUST3108,P1906,5,"Excellent product, highly recommended!",2025-04-05,Positive
R01257,CUST4705,P1644,4,Works as expected.,2025-05-01,Positive
R01258,CUST0752,P1661,5,Quality is great for the price.,2024-12-22,Positive
R01259,CUST1598,P1804,3,It's fine but could be better.,2024-02-29,Neutral
R01260,CUST4901,P1909,3,"Average quality, meets expectations.",2025-02-24,Neutral
R01261,CUST2455,P1370,4,"Excellent product, highly recommended!",2025-02-10,Positive
R01262,CUST4887,P1180,4,Quality is great for the price.,2025-06-03,Positive
R01263,CUST2890,P0843,3,Decent product for the price.,2025-02-20,Neutral
R01264,CUST3926,P0305,1,Not worth the money.,2024-01-08,Negative
R01265,CUST0159,P1545,4,Very satisfied with the purchase.,2025-03-17,Positive
R01266,CUST1548,P1974,2,Stopped working after a week.,2024-03-24,Negative
R01267,CUST3382,P0367,4,Works as expected.,2025-10-27,Positive
R01268,CUST3619,P0505,1,Stopped working after a week.,2022-12-10,Negative
R01269,CUST3693,P0349,5,Very satisfied with the purchase.,2024-04-08,Positive
R01270,CUST0325,P0677,5,Good value for money.,2025-07-16,Positive
R01271,CUST4499,P0353,5,Works as expected.,2024-09-28,Positive
R01272,CUST0319,P1185,4,Quality is great for the price.,2024-07-31,Positive
R01273,CUST1767,P0953,3,"Product is okay, nothing special.",2024-05-19,Neutral
R01274,CUST2498,P0949,3,"Average quality, meets expectations.",2025-03-20,Neutral
R01275,CUST1143,P0889,4,Good value for money.,2025-10-12,Positive
R01276,CUST4174,P1739,5,"Excellent product, highly recommended!",2022-03-09,Positive
R01277,CUST3658,P1528,4,Good value for money.,2025-09-15,Positive
R01278,CUST2244,P1498,4,Quality is great for the price.,2025-08-09,Positive
R01279,CUST0436,P1447,5,Good value for money.,2025-09-02,Positive
R01280,CUST1460,P1828,3,"Average quality, meets expectations.",2025-01-26,Neutral
R01281,CUST2609,P0085,3,"Average quality, meets expectations.",2025-04-02,Neutral
R01282,CUST3739,P1377,3,It's fine but could be better.,2024-05-16,Neutral
R01283,CUST1070,P0220,2,Poor customer service experience.,2022-10-10,Negative
R01284,CUST2026,P0202,4,Works as expected.,2023-07-17,Positive
R01285,CUST0140,P1784,4,Works as expected.,2021-07-13,Positive
R01286,CUST2212,P1253,5,"Excellent product, highly recommended!",2024-11-07,Positive
R01287,CUST2119,P0272,3,It's fine but could be better.,2022-05-14,Neutral
R01288,CUST2549,P1848,4,Very satisfied with the purchase.,2025-05-21,Positive
R01289,CUST1258,P0906,1,Not worth the money.,2023-08-15,Negative
R01290,CUST0090,P1314,2,Not worth the money.,2023-06-09,Negative
R01291,CUST3073,P1054,1,Stopped working after a week.,2020-07-01,Negative
R01292,CUST0047,P1741,4,Works as expected.,2022-10-10,Positive
R01293,CUST4697,P0017,4,"Excellent product, highly recommended!",2025-01-03,Positive
R01294,CUST0425,P0452,3,Decent product for the price.,2025-04-05,Neutral
R01295,CUST4165,P0668,5,Good value for money.,2022-12-17,Positive
R01296,CUST1955,P0375,4,Good value for money.,2025-06-30,Positive
R01297,CUST4599,P1845,5,Very satisfied with the purchase.,2025-01-17,Positive
R01298,CUST2094,P0330,4,"Excellent product, highly recommended!",2025-04-26,Positive
R01299,CUST3848,P1372,5,Very satisfied with the purchase.,2024-07-28,Positive
R01300,CUST0313,P1164,4,"Excellent product, highly recommended!",2022-01-26,Positive
R01301,CUST2535,P1260,5,Good value for money.,2025-09-12,Positive
R01302,CUST1163,P1951,5,"Excellent product, highly recommended!",2025-03-21,Positive
R01303,CUST1307,P1649,1,Disappointed with the build quality.,2023-11-07,Negative
R01304,CUST0410,P1950,5,Works as expected.,2022-03-07,Positive
R01305,CUST0092,P0156,4,"Excellent product, highly recommended!",2025-08-27,Positive
R01306,CUST3522,P1310,4,Quality is great for the price.,2025-05-26,Positive
R01307,CUST4503,P0995,5,Good value for money.,2023-12-08,Positive
R01308,CUST2507,P1704,4,Works as expected.,2025-05-03,Positive
R01309,CUST2802,P1140,5,Good value for money.,2022-01-17,Positive
R01310,CUST0932,P1770,3,Decent product for the price.,2021-03-14,Neutral
R01311,CUST1559,P0485,3,"Average quality, meets expectations.",2025-04-28,Neutral
R01312,CUST2907,P1114,3,It's fine but could be better.,2025-09-14,Neutral
R01313,CUST2617,P1070,5,Works as expected.,2024-04-13,Positive
R01314,CUST0148,P0744,5,Very satisfied with the purchase.,2025-03-03,Positive
R01315,CUST0234,P1402,4,Good value for money.,2024-08-29,Positive
R01316,CUST4184,P0758,5,Quality is great for the price.,2025-11-14,Positive
R01317,CUST4425,P0456,5,Works as expected.,2024-12-14,Positive
R01318,CUST4023,P0815,3,"Average quality, meets expectations.",2021-02-22,Neutral
R01319,CUST1709,P1688,5,Very satisfied with the purchase.,2025-09-04,Positive
R01320,CUST0823,P0299,3,It's fine but could be better.,2024-08-23,Neutral
R01321,CUST2506,P1782,4,Good value for money.,2023-06-01,Positive
R01322,CUST4056,P1305,4,Works as expected.,2025-10-25,Positive
R01323,CUST4131,P0113,4,Quality is great for the price.,2025-09-23,Positive
R01324,CUST2729,P1671,4,Very satisfied with the purchase.,2022-08-28,Positive
R01325,CUST4736,P1581,5,Works as expected.,2022-07-12,Positive
R01326,CUST0475,P1034,5,Very satisfied with the purchase.,2025-06-06,Positive
R01327,CUST0004,P0627,4,Very satisfied with the purchase.,2020-12-03,Positive
R01328,CUST0430,P0339,5,Works as expected.,2025-08-14,Positive
R01329,CUST0987,P1493,5,"Excellent product, highly recommended!",2025-02-18,Positive
R01330,CUST2811,P1045,4,Very satisfied with the purchase.,2025-02-08,Positive
R01331,CUST3314,P1473,4,"Excellent product, highly recommended!",2025-10-01,Positive
R01332,CUST0765,P0543,5,Very satisfied with the purchase.,2024-12-07,Positive
R01333,CUST4866,P0144,5,Good value for money.,2025-11-10,Positive
R01334,CUST3190,P1476,1,Stopped working after a week.,2025-06-02,Negative
R01335,CUST3065,P0510,5,Quality is great for the price.,2025-02-26,Positive
R01336,CUST0733,P1657,3,"Average quality, meets expectations.",2025-02-01,Neutral
R01337,CUST4648,P1929,4,"Excellent product, highly recommended!",2025-07-27,Positive
R01338,CUST2117,P0943,3,"Product is okay, nothing special.",2024-12-13,Neutral
R01339,CUST1081,P1582,5,Quality is great for the price.,2023-05-18,Positive
R01340,CUST1360,P0963,2,Not worth the money.,2025-07-14,Negative
R01341,CUST0590,P1951,4,Good value for money.,2024-07-03,Positive
R01342,CUST0953,P1163,5,Quality is great for the price.,2025-11-06,Positive
R01343,CUST3939,P0671,5,Very satisfied with the purchase.,2024-04-01,Positive
R01344,CUST1979,P1015,3,"Average quality, meets expectations.",2025-08-31,Neutral
R01345,CUST2903,P1166,5,"Excellent product, highly recommended!",2022-02-24,Positive
R01346,CUST2996,P1706,4,Very satisfied with the purchase.,2025-01-26,Positive
R01347,CUST4312,P0458,2,Disappointed with the build quality.,2024-01-07,Negative
R01348,CUST3374,P0948,4,Good value for money.,2025-06-18,Positive
R01349,CUST0042,P0364,4,"Excellent product, highly recommended!",2025-07-25,Positive
R01350,CUST2845,P0297,5,Very satisfied with the purchase.,2023-01-13,Positive
R01351,CUST1895,P0341,5,Works as expected.,2022-08-04,Positive
R01352,CUST4931,P1642,5,"Excellent product, highly recommended!",2024-02-07,Positive
R01353,CUST0145,P1065,5,Very satisfied with the purchase.,2025-01-01,Positive
R01354,CUST0049,P0937,5,"Excellent product, highly recommended!",2025-05-14,Positive
R01355,CUST3650,P1510,3,Decent product for the price.,2025-10-27,Neutral
R01356,CUST0402,P1249,5,Good value for money.,2025-04-23,Positive
R01357,CUST3225,P0922,4,Very satisfied with the purchase.,2024-10-05,Positive
R01358,CUST2058,P0464,5,"Excellent product, highly recommended!",2023-12-27,Positive
R01359,CUST0420,P0574,4,Very satisfied with the purchase.,2025-09-29,Positive
R01360,CUST4102,P1913,4,Very satisfied with the purchase.,2024-09-10,Positive
R01361,CUST2872,P1792,5,"Excellent product, highly recommended!",2025-08-09,Positive
R01362,CUST1223,P0320,5,Good value for money.,2024-07-21,Positive
R01363,CUST3586,P0908,4,Very satisfied with the purchase.,2025-09-14,Positive
R01364,CUST1661,P0367,5,Quality is great for the price.,2025-10-14,Positive
R01365,CUST1825,P0061,5,Quality is great for the price.,2025-02-07,Positive
R01366,CUST1229,P1463,3,Decent product for the price.,2025-09-21,Neutral
R01367,CUST1172,P1795,4,"Excellent product, highly recommended!",2025-07-13,Positive
R01368,CUST4223,P1327,3,"Product is okay, nothing special.",2023-04-29,Neutral
R01369,CUST1390,P0818,3,Decent product for the price.,2025-07-17,Neutral
R01370,CUST1148,P1686,4,Quality is great for the price.,2024-04-20,Positive
R01371,CUST2251,P1048,4,Good value for money.,2025-04-15,Positive
R01372,CUST2438,P0164,5,Very satisfied with the purchase.,2024-04-29,Positive
R01373,CUST3328,P0791,5,Works as expected.,2024-08-06,Positive
R01374,CUST4408,P0757,4,"Excellent product, highly recommended!",2025-09-23,Positive
R01375,CUST0599,P1251,2,Poor customer service experience.,2025-02-23,Negative
R01376,CUST1916,P1582,4,Good value for money.,2025-04-22,Positive
R01377,CUST0133,P1435,4,Works as expected.,2025-09-06,Positive
R01378,CUST1802,P0279,2,Disappointed with the build quality.,2025-09-03,Negative
R01379,CUST3572,P0802,1,Stopped working after a week.,2025-07-14,Negative
R01380,CUST3364,P1040,3,It's fine but could be better.,2024-08-09,Neutral
R01381,CUST3269,P0806,5,Very satisfied with the purchase.,2025-08-09,Positive
R01382,CUST2507,P0292,2,Poor customer service experience.,2025-11-12,Negative
R01383,CUST4029,P0287,2,Disappointed with the build quality.,2024-12-02,Negative
R01384,CUST3505,P0913,3,It's fine but could be better.,2025-01-11,Neutral
R01385,CUST0755,P0420,5,Very satisfied with the purchase.,2025-03-24,Positive
R01386,CUST0523,P1805,5,Good value for money.,2025-06-02,Positive
R01387,CUST4124,P0973,4,Good value for money.,2025-11-08,Positive
R01388,CUST1021,P0254,4,Very satisfied with the purchase.,2025-05-24,Positive
R01389,CUST1515,P1909,5,"Excellent product, highly recommended!",2024-08-15,Positive
R01390,CUST0591,P1001,5,Very satisfied with the purchase.,2025-09-24,Positive
R01391,CUST0332,P0221,4,"Excellent product, highly recommended!",2024-12-04,Positive
R01392,CUST2364,P1788,5,Quality is great for the price.,2025-08-25,Positive
R01393,CUST4567,P0747,5,Good value for money.,2025-10-20,Positive
R01394,CUST3366,P1620,5,Works as expected.,2023-02-21,Positive
R01395,CUST3360,P1830,5,Very satisfied with the purchase.,2025-09-07,Positive
R01396,CUST1389,P0167,5,Very satisfied with the purchase.,2024-05-19,Positive
R01397,CUST4776,P0776,5,Quality is great for the price.,2025-10-07,Positive
R01398,CUST1362,P0082,4,Very satisfied with the purchase.,2024-10-07,Positive
R01399,CUST1591,P0480,5,Works as expected.,2025-06-18,Positive
R01400,CUST1927,P0431,3,Decent product for the price.,2024-10-08,Neutral
R01401,CUST4525,P1889,5,Good value for money.,2024-04-01,Positive
R01402,CUST2934,P0823,5,Quality is great for the price.,2024-04-07,Positive
R01403,CUST4465,P0977,5,Works as expected.,2024-11-08,Positive
R01404,CUST2153,P0069,5,Very satisfied with the purchase.,2024-09-09,Positive
R01405,CUST2687,P1117,3,Decent product for the price.,2024-02-24,Neutral
R01406,CUST4274,P0244,5,Good value for money.,2025-07-30,Positive
R01407,CUST3640,P0906,3,Decent product for the price.,2025-02-15,Neutral
R01408,CUST2147,P0793,3,"Average quality, meets expectations.",2025-10-19,Neutral
R01409,CUST0979,P1607,5,Quality is great for the price.,2025-10-23,Positive
R01410,CUST4037,P0928,4,"Excellent product, highly recommended!",2024-08-25,Positive
R01411,CUST2258,P1808,5,Works as expected.,2024-05-01,Positive
R01412,CUST1845,P0165,4,Works as expected.,2024-11-25,Positive
R01413,CUST1583,P0242,4,Works as expected.,2022-09-09,Positive
R01414,CUST0312,P0519,5,"Excellent product, highly recommended!",2024-01-30,Positive
R01415,CUST2747,P0528,5,"Excellent product, highly recommended!",2023-11-05,Positive
R01416,CUST3872,P0263,5,Good value for money.,2021-11-16,Positive
R01417,CUST0097,P0480,5,Very satisfied with the purchase.,2025-05-22,Positive
R01418,CUST3599,P0917,5,"Excellent product, highly recommended!",2022-11-08,Positive
R01419,CUST3645,P0240,4,"Excellent product, highly recommended!",2024-12-08,Positive
R01420,CUST3891,P1356,5,Quality is great for the price.,2022-06-18,Positive
R01421,CUST3896,P0356,3,"Average quality, meets expectations.",2025-08-17,Neutral
R01422,CUST1964,P0654,5,Quality is great for the price.,2024-05-21,Positive
R01423,CUST2966,P1178,3,It's fine but could be better.,2024-07-04,Neutral
R01424,CUST0375,P0119,3,Decent product for the price.,2025-05-16,Neutral
R01425,CUST1840,P0466,5,Very satisfied with the purchase.,2025-02-25,Positive
R01426,CUST3923,P0097,4,Works as expected.,2023-01-03,Positive
R01427,CUST3564,P1299,5,"Excellent product, highly recommended!",2025-09-16,Positive
R01428,CUST1740,P1113,2,Not worth the money.,2023-12-04,Negative
R01429,CUST1533,P1406,5,Works as expected.,2023-10-08,Positive
R01430,CUST3992,P1230,5,"Excellent product, highly recommended!",2025-10-28,Positive
R01431,CUST3782,P0035,5,Works as expected.,2023-04-25,Positive
R01432,CUST0247,P1125,5,Works as expected.,2025-06-14,Positive
R01433,CUST0825,P1930,4,Very satisfied with the purchase.,2021-03-31,Positive
R01434,CUST4598,P1743,4,"Excellent product, highly recommended!",2025-06-20,Positive
R01435,CUST2804,P1125,4,Works as expected.,2025-01-20,Positive
R01436,CUST0486,P0365,5,Good value for money.,2025-09-05,Positive
R01437,CUST0968,P1177,5,Works as expected.,2025-09-19,Positive
R01438,CUST1395,P1448,5,Very satisfied with the purchase.,2025-04-08,Positive
R01439,CUST4367,P1893,5,Works as expected.,2025-09-02,Positive
R01440,CUST2183,P0921,5,"Excellent product, highly recommended!",2024-11-12,Positive
R01441,CUST3735,P1265,2,Poor customer service experience.,2022-05-02,Negative
R01442,CUST3520,P0621,4,Works as expected.,2025-10-16,Positive
R01443,CUST2163,P1522,4,Quality is great for the price.,2024-01-13,Positive
R01444,CUST2355,P1965,3,"Average quality, meets expectations.",2025-03-20,Neutral
R01445,CUST3611,P1095,4,Good value for money.,2022-04-01,Positive
R01446,CUST1085,P1970,3,"Average quality, meets expectations.",2024-09-19,Neutral
R01447,CUST0240,P1020,3,Decent product for the price.,2024-10-10,Neutral
R01448,CUST4134,P1466,5,Works as expected.,2025-04-15,Positive
R01449,CUST1696,P1721,5,Very satisfied with the purchase.,2023-05-07,Positive
R01450,CUST3426,P1362,4,Good value for money.,2023-07-24,Positive
R01451,CUST2768,P1325,5,Works as expected.,2023-11-02,Positive
R01452,CUST1167,P0616,4,Works as expected.,2023-09-17,Positive
R01453,CUST3186,P1950,4,Works as expected.,2025-10-19,Positive
R01454,CUST2838,P0591,4,"Excellent product, highly recommended!",2025-05-02,Positive
R01455,CUST1665,P0262,2,Stopped working after a week.,2025-11-13,Negative
R01456,CUST4033,P1241,4,"Excellent product, highly recommended!",2024-02-09,Positive
R01457,CUST3542,P1605,5,Quality is great for the price.,2025-09-17,Positive
R01458,CUST3115,P0382,3,It's fine but could be better.,2025-07-08,Neutral
R01459,CUST1208,P1066,5,"Excellent product, highly recommended!",2025-09-07,Positive
R01460,CUST4578,P0660,4,Works as expected.,2025-09-29,Positive
R01461,CUST2740,P1899,3,"Average quality, meets expectations.",2025-08-18,Neutral
R01462,CUST2145,P0134,5,"Excellent product, highly recommended!",2025-11-14,Positive
R01463,CUST0084,P0068,4,Very satisfied with the purchase.,2025-01-19,Positive
R01464,CUST4997,P0807,3,Decent product for the price.,2025-01-21,Neutral
R01465,CUST0640,P1545,4,"Excellent product, highly recommended!",2025-07-06,Positive
R01466,CUST3753,P0907,5,Good value for money.,2024-04-27,Positive
R01467,CUST3388,P0340,2,Stopped working after a week.,2025-08-08,Negative
R01468,CUST4096,P1112,4,Very satisfied with the purchase.,2025-08-01,Positive
R01469,CUST2592,P1511,5,Quality is great for the price.,2021-05-27,Positive
R01470,CUST3105,P0384,1,Disappointed with the build quality.,2025-08-31,Negative
R01471,CUST2870,P0342,4,Quality is great for the price.,2025-10-15,Positive
R01472,CUST0816,P0966,4,"Excellent product, highly recommended!",2025-03-15,Positive
R01473,CUST0567,P1741,5,Good value for money.,2024-05-30,Positive
R01474,CUST2254,P1869,3,Decent product for the price.,2025-03-28,Neutral
R01475,CUST3484,P1823,5,Good value for money.,2023-09-25,Positive
R01476,CUST2289,P0520,5,Quality is great for the price.,2025-04-22,Positive
R01477,CUST3951,P1733,5,Quality is great for the price.,2025-09-14,Positive
R01478,CUST0272,P0113,4,Quality is great for the price.,2025-09-18,Positive
R01479,CUST2302,P0616,5,"Excellent product, highly recommended!",2023-07-08,Positive
R01480,CUST0750,P0218,5,Quality is great for the price.,2022-09-13,Positive
R01481,CUST1714,P0892,4,"Excellent product, highly recommended!",2025-04-27,Positive
R01482,CUST3995,P1219,3,It's fine but could be better.,2025-09-19,Neutral
R01483,CUST2146,P0079,1,Disappointed with the build quality.,2025-02-24,Negative
R01484,CUST2452,P1621,5,Works as expected.,2025-06-01,Positive
R01485,CUST3356,P1213,5,Works as expected.,2024-07-14,Positive
R01486,CUST1590,P0696,2,Poor customer service experience.,2023-12-02,Negative
R01487,CUST1753,P0256,5,Very satisfied with the purchase.,2024-01-01,Positive
R01488,CUST3535,P0755,4,"Excellent product, highly recommended!",2023-05-12,Positive
R01489,CUST3980,P0229,5,Quality is great for the price.,2025-07-06,Positive
R01490,CUST2128,P0158,5,Good value for money.,2025-08-20,Positive
R01491,CUST0665,P1025,4,"Excellent product, highly recommended!",2021-11-02,Positive
R01492,CUST2751,P0344,4,Quality is great for the price.,2025-10-18,Positive
R01493,CUST1428,P1156,3,Decent product for the price.,2023-10-13,Neutral
R01494,CUST2524,P1135,4,Quality is great for the price.,2025-07-19,Positive
R01495,CUST3712,P1507,5,Good value for money.,2020-11-09,Positive
R01496,CUST4402,P0812,1,Not worth the money.,2023-12-21,Negative
R01497,CUST3334,P1882,4,Good value for money.,2024-09-14,Positive
R01498,CUST3401,P1712,4,Quality is great for the price.,2025-05-19,Positive
R01499,CUST4819,P0240,4,"Excellent product, highly recommended!",2024-06-16,Positive
R01500,CUST2658,P1745,4,Quality is great for the price.,2024-11-11,Positive
R01501,CUST2841,P0848,4,Quality is great for the price.,2022-04-17,Positive
R01502,CUST4505,P1411,5,Works as expected.,2025-07-26,Positive
R01503,CUST2592,P1370,5,Quality is great for the price.,2024-06-02,Positive
R01504,CUST4740,P1671,5,Quality is great for the price.,2025-08-10,Positive
R01505,CUST3156,P1884,4,"Excellent product, highly recommended!",2023-02-07,Positive
R01506,CUST4855,P0846,4,Quality is great for the price.,2023-09-23,Positive
R01507,CUST4028,P0070,2,Stopped working after a week.,2022-11-17,Negative
R01508,CUST1972,P0989,2,Stopped working after a week.,2025-11-05,Negative
R01509,CUST0681,P1204,3,"Average quality, meets expectations.",2024-04-18,Neutral
R01510,CUST3708,P1039,5,Quality is great for the price.,2025-07-02,Positive
R01511,CUST4580,P0349,1,Not worth the money.,2025-07-17,Negative
R01512,CUST2846,P0765,4,Quality is great for the price.,2025-09-04,Positive
R01513,CUST3848,P0353,4,Good value for money.,2025-07-23,Positive
R01514,CUST2506,P0113,3,It's fine but could be better.,2025-08-11,Neutral
R01515,CUST2262,P1605,1,Disappointed with the build quality.,2025-10-16,Negative
R01516,CUST2137,P1904,5,Very satisfied with the purchase.,2024-10-01,Positive
R01517,CUST2023,P0161,3,Decent product for the price.,2025-08-06,Neutral
R01518,CUST3987,P0415,5,"Excellent product, highly recommended!",2025-10-11,Positive
R01519,CUST3553,P0511,3,"Average quality, meets expectations.",2024-09-29,Neutral
R01520,CUST3048,P1394,4,Quality is great for the price.,2025-04-23,Positive
R01521,CUST3790,P1749,3,Decent product for the price.,2022-11-27,Neutral
R01522,CUST1033,P1987,5,"Excellent product, highly recommended!",2025-03-23,Positive
R01523,CUST0038,P0437,4,Good value for money.,2024-03-03,Positive
R01524,CUST1891,P1541,4,Works as expected.,2024-10-11,Positive
R01525,CUST1860,P0051,5,Very satisfied with the purchase.,2025-10-25,Positive
R01526,CUST2560,P0136,4,Very satisfied with the purchase.,2024-10-24,Positive
R01527,CUST0700,P1234,5,Very satisfied with the purchase.,2025-10-24,Positive
R01528,CUST3909,P1510,5,Works as expected.,2025-08-03,Positive
R01529,CUST2825,P0667,4,Good value for money.,2025-04-30,Positive
R01530,CUST1918,P0534,4,"Excellent product, highly recommended!",2025-10-12,Positive
R01531,CUST1288,P0593,3,It's fine but could be better.,2025-02-22,Neutral
R01532,CUST2637,P0018,4,"Excellent product, highly recommended!",2025-10-12,Positive
R01533,CUST3523,P0489,3,"Average quality, meets expectations.",2024-08-30,Neutral
R01534,CUST4683,P0705,4,Very satisfied with the purchase.,2023-09-14,Positive
R01535,CUST2342,P1730,3,It's fine but could be better.,2024-05-22,Neutral
R01536,CUST4620,P0473,3,"Product is okay, nothing special.",2024-07-18,Neutral
R01537,CUST1243,P1932,3,It's fine but could be better.,2025-04-04,Neutral
R01538,CUST4753,P0813,4,Works as expected.,2022-06-13,Positive
R01539,CUST4798,P0791,4,Very satisfied with the purchase.,2023-05-11,Positive
R01540,CUST4115,P0735,4,Works as expected.,2025-10-30,Positive
R01541,CUST2410,P1145,3,"Average quality, meets expectations.",2024-02-29,Neutral
R01542,CUST2090,P0986,5,Good value for money.,2021-07-15,Positive
R01543,CUST2447,P0144,4,Good value for money.,2025-06-03,Positive
R01544,CUST2637,P0816,4,"Excellent product, highly recommended!",2025-06-22,Positive
R01545,CUST3210,P0455,3,"Product is okay, nothing special.",2025-05-08,Neutral
R01546,CUST0954,P1275,5,"Excellent product, highly recommended!",2024-05-01,Positive
R01547,CUST2047,P1808,5,Works as expected.,2023-12-21,Positive
R01548,CUST3982,P1295,4,"Excellent product, highly recommended!",2020-09-28,Positive
R01549,CUST0932,P0727,5,Good value for money.,2023-10-27,Positive
R01550,CUST4023,P1931,5,Good value for money.,2025-08-29,Positive
R01551,CUST4029,P1829,3,"Product is okay, nothing special.",2025-04-06,Neutral
R01552,CUST2355,P0318,1,Poor customer service experience.,2023-07-13,Negative
R01553,CUST1008,P1813,5,Good value for money.,2024-07-06,Positive
R01554,CUST0437,P1348,5,Quality is great for the price.,2025-03-16,Positive
R01555,CUST0980,P1064,4,Good value for money.,2025-11-08,Positive
R01556,CUST4869,P0931,3,"Average quality, meets expectations.",2024-02-21,Neutral
R01557,CUST1009,P1034,5,Quality is great for the price.,2025-02-22,Positive
R01558,CUST0646,P1993,5,Works as expected.,2025-09-16,Positive
R01559,CUST4277,P0374,5,Good value for money.,2025-02-25,Positive
R01560,CUST0768,P1331,5,"Excellent product, highly recommended!",2025-06-17,Positive
R01561,CUST3279,P1449,5,Works as expected.,2024-06-11,Positive
R01562,CUST4887,P0221,1,Not worth the money.,2025-03-02,Negative
R01563,CUST4062,P0138,4,Very satisfied with the purchase.,2025-10-15,Positive
R01564,CUST3535,P0774,5,Very satisfied with the purchase.,2023-06-30,Positive
R01565,CUST0383,P0631,4,"Excellent product, highly recommended!",2024-09-20,Positive
R01566,CUST1881,P0013,4,Good value for money.,2025-08-20,Positive
R01567,CUST1114,P1768,5,Quality is great for the price.,2025-04-10,Positive
R01568,CUST4738,P0991,5,"Excellent product, highly recommended!",2025-10-24,Positive
R01569,CUST3188,P0233,4,Quality is great for the price.,2025-11-12,Positive
R01570,CUST3299,P0067,5,Good value for money.,2022-02-28,Positive
R01571,CUST1718,P1188,4,Very satisfied with the purchase.,2024-03-01,Positive
R01572,CUST1578,P1200,4,Good value for money.,2022-04-30,Positive
R01573,CUST0289,P0495,3,"Product is okay, nothing special.",2025-11-05,Neutral
R01574,CUST0049,P1104,5,"Excellent product, highly recommended!",2024-08-10,Positive
R01575,CUST3369,P0273,2,Poor customer service experience.,2025-05-09,Negative
R01576,CUST4671,P1679,3,"Average quality, meets expectations.",2024-01-04,Neutral
R01577,CUST0450,P0626,5,Quality is great for the price.,2024-08-03,Positive
R01578,CUST1364,P0932,5,"Excellent product, highly recommended!",2025-05-09,Positive
R01579,CUST0817,P0865,5,Very satisfied with the purchase.,2025-05-03,Positive
R01580,CUST4487,P1617,4,"Excellent product, highly recommended!",2025-01-11,Positive
R01581,CUST3980,P0963,4,Good value for money.,2021-09-25,Positive
R01582,CUST2277,P0759,5,Very satisfied with the purchase.,2023-04-23,Positive
R01583,CUST4403,P1288,4,Good value for money.,2022-05-09,Positive
R01584,CUST2992,P0110,4,Very satisfied with the purchase.,2025-10-24,Positive
R01585,CUST2892,P1668,4,Works as expected.,2024-12-28,Positive
R01586,CUST1941,P0268,3,Decent product for the price.,2025-06-18,Neutral
R01587,CUST4551,P0053,4,Works as expected.,2022-08-16,Positive
R01588,CUST2286,P0403,4,Quality is great for the price.,2024-10-01,Positive
R01589,CUST1023,P0649,2,Poor customer service experience.,2024-07-20,Negative
R01590,CUST4407,P1258,5,Works as expected.,2025-07-16,Positive
R01591,CUST1205,P1225,5,Works as expected.,2024-11-09,Positive
R01592,CUST0635,P1913,2,Not worth the money.,2025-08-20,Negative
R01593,CUST2825,P0041,4,Good value for money.,2023-08-20,Positive
R01594,CUST1912,P0463,3,"Product is okay, nothing special.",2025-09-09,Neutral
R01595,CUST0839,P1843,5,"Excellent product, highly recommended!",2020-05-02,Positive
R01596,CUST2267,P0564,5,Quality is great for the price.,2025-10-22,Positive
R01597,CUST4273,P0248,4,Quality is great for the price.,2024-08-03,Positive
R01598,CUST3182,P0925,3,It's fine but could be better.,2023-11-15,Neutral
R01599,CUST0593,P0419,3,"Average quality, meets expectations.",2024-12-14,Neutral
R01600,CUST0786,P0343,5,Good value for money.,2023-02-19,Positive
R01601,CUST2029,P0671,5,Quality is great for the price.,2025-03-29,Positive
R01602,CUST3593,P1350,4,"Excellent product, highly recommended!",2024-07-27,Positive
R01603,CUST3341,P1020,4,Works as expected.,2024-09-27,Positive
R01604,CUST2013,P0450,5,Quality is great for the price.,2025-09-17,Positive
R01605,CUST3333,P0270,1,Poor customer service experience.,2024-08-19,Negative
R01606,CUST2812,P0427,4,Quality is great for the price.,2024-08-07,Positive
R01607,CUST3250,P1983,5,Quality is great for the price.,2025-09-04,Positive
R01608,CUST2635,P1181,4,Quality is great for the price.,2025-08-22,Positive
R01609,CUST4552,P0181,5,Very satisfied with the purchase.,2024-06-16,Positive
R01610,CUST1647,P0640,4,Works as expected.,2023-09-06,Positive
R01611,CUST0390,P1805,4,Good value for money.,2025-08-24,Positive
R01612,CUST0308,P1111,5,Good value for money.,2025-01-17,Positive
R01613,CUST2133,P0461,2,Not worth the money.,2024-05-27,Negative
R01614,CUST0246,P0269,4,Quality is great for the price.,2025-10-27,Positive
R01615,CUST0592,P0935,5,Quality is great for the price.,2022-05-06,Positive
R01616,CUST2914,P0990,3,Decent product for the price.,2022-12-21,Neutral
R01617,CUST1498,P0680,5,Good value for money.,2022-10-17,Positive
R01618,CUST0431,P0923,5,Works as expected.,2024-01-15,Positive
R01619,CUST1557,P0706,5,Good value for money.,2023-07-30,Positive
R01620,CUST0061,P0798,5,Works as expected.,2023-03-28,Positive
R01621,CUST4298,P0910,5,Works as expected.,2024-03-13,Positive
R01622,CUST3493,P1605,4,Works as expected.,2025-07-02,Positive
R01623,CUST0378,P0384,5,"Excellent product, highly recommended!",2025-10-31,Positive
R01624,CUST2447,P1435,4,Quality is great for the price.,2025-10-06,Positive
R01625,CUST4848,P0437,1,Not worth the money.,2024-03-30,Negative
R01626,CUST4421,P1228,2,Disappointed with the build quality.,2024-10-08,Negative
R01627,CUST1177,P1152,5,Quality is great for the price.,2025-08-03,Positive
R01628,CUST3579,P1826,5,Quality is great for the price.,2025-10-23,Positive
R01629,CUST2702,P1905,5,Quality is great for the price.,2024-07-27,Positive
R01630,CUST1046,P1590,4,Quality is great for the price.,2025-11-13,Positive
R01631,CUST0257,P0655,3,Decent product for the price.,2025-01-09,Neutral
R01632,CUST2967,P1923,5,Quality is great for the price.,2021-11-28,Positive
R01633,CUST2095,P0294,3,Decent product for the price.,2023-09-30,Neutral
R01634,CUST1853,P0480,5,Very satisfied with the purchase.,2025-04-08,Positive
R01635,CUST4561,P0225,4,"Excellent product, highly recommended!",2022-05-05,Positive
R01636,CUST4245,P0129,5,Works as expected.,2025-03-07,Positive
R01637,CUST4259,P0562,5,"Excellent product, highly recommended!",2025-06-13,Positive
R01638,CUST4822,P1619,1,Not worth the money.,2025-10-10,Negative
R01639,CUST2506,P1213,5,Works as expected.,2022-06-12,Positive
R01640,CUST2752,P1354,4,Quality is great for the price.,2025-10-04,Positive
R01641,CUST0611,P0584,3,"Product is okay, nothing special.",2025-03-01,Neutral
R01642,CUST3910,P0861,3,It's fine but could be better.,2022-07-25,Neutral
R01643,CUST3580,P0334,2,Disappointed with the build quality.,2021-06-16,Negative
R01644,CUST0486,P1466,5,Good value for money.,2023-05-30,Positive
R01645,CUST1675,P1572,4,"Excellent product, highly recommended!",2025-04-18,Positive
R01646,CUST2077,P0995,4,Works as expected.,2023-08-17,Positive
R01647,CUST4757,P0399,5,"Excellent product, highly recommended!",2022-03-05,Positive
R01648,CUST0323,P0833,4,Works as expected.,2025-07-09,Positive
R01649,CUST4170,P0521,3,"Product is okay, nothing special.",2024-01-07,Neutral
R01650,CUST4622,P0611,4,Works as expected.,2023-06-27,Positive
R01651,CUST2605,P1746,5,Very satisfied with the purchase.,2025-11-14,Positive
R01652,CUST1628,P0540,5,Good value for money.,2023-11-26,Positive
R01653,CUST0982,P1077,2,Disappointed with the build quality.,2023-12-03,Negative
R01654,CUST0324,P1424,4,Works as expected.,2025-08-29,Positive
R01655,CUST4007,P1539,5,"Excellent product, highly recommended!",2025-10-10,Positive
R01656,CUST1033,P1630,5,"Excellent product, highly recommended!",2025-03-02,Positive
R01657,CUST3353,P1475,5,Works as expected.,2023-04-19,Positive
R01658,CUST3060,P1928,5,"Excellent product, highly recommended!",2025-09-09,Positive
R01659,CUST1164,P0347,5,Good value for money.,2024-12-10,Positive
R01660,CUST1323,P1458,5,Works as expected.,2025-09-26,Positive
R01661,CUST4148,P1072,5,Very satisfied with the purchase.,2024-06-29,Positive
R01662,CUST2858,P1622,4,Quality is great for the price.,2025-10-08,Positive
R01663,CUST1118,P1484,4,"Excellent product, highly recommended!",2023-02-25,Positive
R01664,CUST3013,P0596,4,Quality is great for the price.,2024-09-01,Positive
R01665,CUST2899,P0703,5,Very satisfied with the purchase.,2025-08-27,Positive
R01666,CUST3536,P1389,4,Good value for money.,2025-11-02,Positive
R01667,CUST1642,P0490,5,Very satisfied with the purchase.,2025-07-10,Positive
R01668,CUST2425,P1560,5,Very satisfied with the purchase.,2025-07-31,Positive
R01669,CUST2996,P0220,5,Quality is great for the price.,2022-09-26,Positive
R01670,CUST4953,P0969,5,Good value for money.,2025-01-24,Positive
R01671,CUST0150,P1500,2,Not worth the money.,2025-08-21,Negative
R01672,CUST3489,P0464,3,"Average quality, meets expectations.",2025-08-02,Neutral
R01673,CUST2840,P0096,5,Good value for money.,2024-03-13,Positive
R01674,CUST1237,P0156,4,"Excellent product, highly recommended!",2024-09-21,Positive
R01675,CUST3556,P0485,5,Good value for money.,2022-03-13,Positive
R01676,CUST4193,P1628,2,Disappointed with the build quality.,2022-11-27,Negative
R01677,CUST1868,P0107,2,Stopped working after a week.,2025-07-01,Negative
R01678,CUST0517,P0070,3,"Product is okay, nothing special.",2024-04-16,Neutral
R01679,CUST3132,P1697,5,Quality is great for the price.,2023-04-04,Positive
R01680,CUST4917,P0813,5,Works as expected.,2025-08-05,Positive
R01681,CUST1605,P0996,5,Good value for money.,2024-12-06,Positive
R01682,CUST1897,P1148,3,Decent product for the price.,2025-03-01,Neutral
R01683,CUST4749,P1983,4,Good value for money.,2025-01-16,Positive
R01684,CUST3855,P1065,1,Disappointed with the build quality.,2022-05-15,Negative
R01685,CUST2819,P0167,4,"Excellent product, highly recommended!",2024-05-04,Positive
R01686,CUST4545,P1166,4,Very satisfied with the purchase.,2024-06-05,Positive
R01687,CUST2358,P1862,1,Not worth the money.,2025-02-12,Negative
R01688,CUST4313,P1993,5,"Excellent product, highly recommended!",2025-10-18,Positive
R01689,CUST0528,P1320,5,Quality is great for the price.,2025-01-23,Positive
R01690,CUST1465,P1650,4,Quality is great for the price.,2025-03-16,Positive
R01691,CUST2215,P1144,4,Good value for money.,2020-02-15,Positive
R01692,CUST1500,P0264,5,Very satisfied with the purchase.,2025-11-09,Positive
R01693,CUST1114,P0836,4,Very satisfied with the purchase.,2023-08-14,Positive
R01694,CUST3501,P0389,4,"Excellent product, highly recommended!",2024-08-30,Positive
R01695,CUST3336,P1490,4,Works as expected.,2025-02-12,Positive
R01696,CUST4768,P1555,4,Works as expected.,2024-06-21,Positive
R01697,CUST4244,P1348,4,Quality is great for the price.,2025-06-17,Positive
R01698,CUST4400,P0015,4,Very satisfied with the purchase.,2024-09-02,Positive
R01699,CUST0353,P1380,5,Works as expected.,2022-02-08,Positive
R01700,CUST0077,P1445,3,"Product is okay, nothing special.",2022-05-08,Neutral
R01701,CUST2074,P0423,5,Good value for money.,2022-03-22,Positive
R01702,CUST2644,P0289,3,"Average quality, meets expectations.",2025-06-28,Neutral
R01703,CUST4411,P1801,5,Works as expected.,2025-11-11,Positive
R01704,CUST2504,P1076,4,Good value for money.,2025-04-30,Positive
R01705,CUST4448,P1305,5,Good value for money.,2025-11-14,Positive
R01706,CUST2104,P1978,4,Very satisfied with the purchase.,2025-05-20,Positive
R01707,CUST2868,P1505,5,Quality is great for the price.,2025-09-20,Positive
R01708,CUST4139,P0657,1,Stopped working after a week.,2021-11-18,Negative
R01709,CUST1369,P1348,5,"Excellent product, highly recommended!",2024-12-18,Positive
R01710,CUST1872,P1422,4,Good value for money.,2025-10-01,Positive
R01711,CUST4969,P0707,5,Works as expected.,2025-11-11,Positive
R01712,CUST4994,P1092,5,Good value for money.,2022-08-05,Positive
R01713,CUST2839,P1962,4,Good value for money.,2025-07-09,Positive
R01714,CUST3966,P1213,1,Disappointed with the build quality.,2024-05-19,Negative
R01715,CUST4916,P1422,5,Quality is great for the price.,2025-01-24,Positive
R01716,CUST4696,P0099,3,It's fine but could be better.,2023-07-09,Neutral
R01717,CUST0764,P1625,5,"Excellent product, highly recommended!",2024-06-15,Positive
R01718,CUST1563,P0026,2,Poor customer service experience.,2025-08-08,Negative
R01719,CUST2732,P1098,5,Very satisfied with the purchase.,2025-11-02,Positive
R01720,CUST3286,P0513,5,Good value for money.,2023-11-05,Positive
R01721,CUST0975,P0915,5,"Excellent product, highly recommended!",2025-08-25,Positive
R01722,CUST3134,P1198,4,Quality is great for the price.,2025-02-15,Positive
R01723,CUST0576,P1332,5,"Excellent product, highly recommended!",2025-11-02,Positive
R01724,CUST0353,P0418,5,Works as expected.,2024-11-25,Positive
R01725,CUST2952,P0272,3,"Product is okay, nothing special.",2023-09-07,Neutral
R01726,CUST4017,P0585,5,Works as expected.,2025-07-07,Positive
R01727,CUST0398,P0253,4,Quality is great for the price.,2025-07-17,Positive
R01728,CUST2002,P0493,5,"Excellent product, highly recommended!",2025-04-18,Positive
R01729,CUST3030,P0448,2,Not worth the money.,2025-05-31,Negative
R01730,CUST3643,P1791,2,Not worth the money.,2022-11-15,Negative
R01731,CUST0930,P1201,4,Good value for money.,2024-08-28,Positive
R01732,CUST2988,P0183,4,"Excellent product, highly recommended!",2022-05-12,Positive
R01733,CUST4490,P0835,3,"Average quality, meets expectations.",2025-06-28,Neutral
R01734,CUST4980,P0906,5,Very satisfied with the purchase.,2024-03-15,Positive
R01735,CUST2945,P1427,5,"Excellent product, highly recommended!",2023-08-29,Positive
R01736,CUST1867,P1818,4,Quality is great for the price.,2025-06-08,Positive
R01737,CUST3041,P0952,4,Quality is great for the price.,2025-09-25,Positive
R01738,CUST2500,P1713,2,Disappointed with the build quality.,2025-02-21,Negative
R01739,CUST2394,P1318,5,Very satisfied with the purchase.,2024-02-28,Positive
R01740,CUST4256,P0680,5,Quality is great for the price.,2022-09-17,Positive
R01741,CUST4068,P0364,3,Decent product for the price.,2025-09-04,Neutral
R01742,CUST3728,P1057,5,Very satisfied with the purchase.,2025-09-29,Positive
R01743,CUST1829,P0381,5,Works as expected.,2023-05-16,Positive
R01744,CUST2974,P0718,4,Works as expected.,2025-11-12,Positive
R01745,CUST4744,P0410,3,"Product is okay, nothing special.",2025-08-27,Neutral
R01746,CUST4043,P0291,4,Good value for money.,2025-08-04,Positive
R01747,CUST0541,P1324,5,"Excellent product, highly recommended!",2022-06-21,Positive
R01748,CUST1670,P0413,4,Quality is great for the price.,2022-07-15,Positive
R01749,CUST1108,P1693,5,Works as expected.,2025-01-17,Positive
R01750,CUST2998,P0964,2,Stopped working after a week.,2025-06-23,Negative
R01751,CUST0824,P1231,5,Quality is great for the price.,2025-02-26,Positive
R01752,CUST3732,P0091,3,"Average quality, meets expectations.",2023-07-21,Neutral
R01753,CUST4698,P0623,4,Very satisfied with the purchase.,2025-09-22,Positive
R01754,CUST2264,P1023,5,"Excellent product, highly recommended!",2025-08-07,Positive
R01755,CUST1277,P0591,3,"Average quality, meets expectations.",2025-08-25,Neutral
R01756,CUST3577,P0656,2,Stopped working after a week.,2023-10-27,Negative
R01757,CUST0670,P0565,1,Stopped working after a week.,2023-03-12,Negative
R01758,CUST0105,P1950,4,"Excellent product, highly recommended!",2022-04-25,Positive
R01759,CUST0552,P1601,5,Quality is great for the price.,2024-06-10,Positive
R01760,CUST1184,P0391,3,"Product is okay, nothing special.",2023-02-18,Neutral
R01761,CUST2108,P1913,5,Very satisfied with the purchase.,2025-06-03,Positive
R01762,CUST3325,P0689,3,It's fine but could be better.,2024-04-21,Neutral
R01763,CUST1090,P1887,5,Works as expected.,2024-07-01,Positive
R01764,CUST4130,P0153,4,"Excellent product, highly recommended!",2022-06-01,Positive
R01765,CUST2744,P0413,5,Very satisfied with the purchase.,2025-10-01,Positive
R01766,CUST0798,P1555,4,Very satisfied with the purchase.,2021-11-23,Positive
R01767,CUST3961,P0960,5,Good value for money.,2025-07-25,Positive
R01768,CUST4854,P0465,2,Not worth the money.,2025-06-27,Negative
R01769,CUST4126,P0852,4,Very satisfied with the purchase.,2025-05-14,Positive
R01770,CUST2932,P1983,2,Poor customer service experience.,2020-12-14,Negative
R01771,CUST3776,P1897,5,Very satisfied with the purchase.,2025-06-30,Positive
R01772,CUST4240,P0626,3,It's fine but could be better.,2025-11-06,Neutral
R01773,CUST3649,P1746,5,"Excellent product, highly recommended!",2022-01-05,Positive
R01774,CUST0126,P0876,5,"Excellent product, highly recommended!",2024-08-19,Positive
R01775,CUST0244,P1599,3,"Product is okay, nothing special.",2025-09-21,Neutral
R01776,CUST2494,P0215,5,Very satisfied with the purchase.,2024-01-20,Positive
R01777,CUST3881,P0621,4,"Excellent product, highly recommended!",2024-02-04,Positive
R01778,CUST2823,P0094,5,"Excellent product, highly recommended!",2025-03-20,Positive
R01779,CUST2055,P0624,4,Quality is great for the price.,2025-11-12,Positive
R01780,CUST1375,P1073,5,"Excellent product, highly recommended!",2025-09-24,Positive
R01781,CUST3134,P1315,5,Works as expected.,2021-10-05,Positive
R01782,CUST3717,P0671,3,"Product is okay, nothing special.",2024-02-16,Neutral
R01783,CUST1175,P1328,4,Very satisfied with the purchase.,2024-02-16,Positive
R01784,CUST1283,P1272,1,Stopped working after a week.,2025-11-04,Negative
R01785,CUST0672,P1944,2,Stopped working after a week.,2023-02-24,Negative
R01786,CUST3717,P0496,5,Quality is great for the price.,2023-04-02,Positive
R01787,CUST0349,P0141,5,Works as expected.,2024-08-06,Positive
R01788,CUST4783,P0260,3,Decent product for the price.,2023-04-08,Neutral
R01789,CUST3003,P0596,5,Very satisfied with the purchase.,2024-11-04,Positive
R01790,CUST3649,P1350,1,Poor customer service experience.,2025-03-02,Negative
R01791,CUST4475,P0813,3,"Average quality, meets expectations.",2020-02-21,Neutral
R01792,CUST1701,P0542,2,Disappointed with the build quality.,2023-05-11,Negative
R01793,CUST0214,P0730,5,"Excellent product, highly recommended!",2022-06-05,Positive
R01794,CUST3312,P0410,5,Works as expected.,2024-01-04,Positive
R01795,CUST3927,P0723,3,It's fine but could be better.,2025-10-03,Neutral
R01796,CUST2028,P0903,5,Works as expected.,2025-03-18,Positive
R01797,CUST4285,P0887,3,"Average quality, meets expectations.",2024-09-30,Neutral
R01798,CUST1639,P0906,4,Works as expected.,2025-10-18,Positive
R01799,CUST4285,P1518,4,Very satisfied with the purchase.,2024-07-03,Positive
R01800,CUST4802,P1539,4,Quality is great for the price.,2025-10-15,Positive
R01801,CUST1373,P1938,5,Good value for money.,2024-08-03,Positive
R01802,CUST0356,P1982,5,"Excellent product, highly recommended!",2023-12-01,Positive
R01803,CUST4771,P0465,3,It's fine but could be better.,2025-11-07,Neutral
R01804,CUST4168,P1131,2,Not worth the money.,2025-04-24,Negative
R01805,CUST3477,P0322,5,"Excellent product, highly recommended!",2024-10-04,Positive
R01806,CUST4362,P0317,4,Good value for money.,2025-10-11,Positive
R01807,CUST4146,P1971,3,It's fine but could be better.,2025-03-27,Neutral
R01808,CUST1471,P0927,3,Decent product for the price.,2022-10-26,Neutral
R01809,CUST4603,P1910,4,Works as expected.,2024-09-04,Positive
R01810,CUST0910,P1396,5,Works as expected.,2023-09-30,Positive
R01811,CUST4663,P0708,5,"Excellent product, highly recommended!",2021-11-11,Positive
R01812,CUST4902,P1608,5,Works as expected.,2025-01-16,Positive
R01813,CUST3466,P1058,5,Good value for money.,2024-12-14,Positive
R01814,CUST2923,P0622,5,"Excellent product, highly recommended!",2024-01-14,Positive
R01815,CUST4244,P1685,5,"Excellent product, highly recommended!",2024-07-05,Positive
R01816,CUST0146,P1360,5,"Excellent product, highly recommended!",2025-10-16,Positive
R01817,CUST1374,P0925,3,It's fine but could be better.,2024-08-11,Neutral
R01818,CUST4332,P1012,4,Very satisfied with the purchase.,2024-01-04,Positive
R01819,CUST0576,P0460,5,Very satisfied with the purchase.,2024-11-01,Positive
R01820,CUST2337,P1542,2,Disappointed with the build quality.,2025-10-07,Negative
R01821,CUST3605,P1770,3,It's fine but could be better.,2020-12-07,Neutral
R01822,CUST2380,P1748,5,Works as expected.,2025-02-12,Positive
R01823,CUST1982,P1860,2,Not worth the money.,2024-04-29,Negative
R01824,CUST0271,P0532,4,Very satisfied with the purchase.,2024-05-20,Positive
R01825,CUST2228,P0408,3,Decent product for the price.,2025-09-20,Neutral
R01826,CUST4471,P1436,1,Poor customer service experience.,2025-05-09,Negative
R01827,CUST1059,P0659,5,Very satisfied with the purchase.,2025-04-02,Positive
R01828,CUST4561,P1422,3,It's fine but could be better.,2024-07-25,Neutral
R01829,CUST3547,P1901,4,Quality is great for the price.,2025-10-10,Positive
R01830,CUST2543,P1963,5,Very satisfied with the purchase.,2023-12-09,Positive
R01831,CUST1116,P1254,5,"Excellent product, highly recommended!",2024-11-12,Positive
R01832,CUST0335,P1810,4,Works as expected.,2025-06-04,Positive
R01833,CUST0661,P1868,3,"Average quality, meets expectations.",2024-07-23,Neutral
R01834,CUST1185,P0578,5,Works as expected.,2025-10-17,Positive
R01835,CUST1134,P0005,5,Works as expected.,2023-04-30,Positive
R01836,CUST1813,P0745,1,Poor customer service experience.,2025-04-10,Negative
R01837,CUST4433,P0478,3,It's fine but could be better.,2024-06-10,Neutral
R01838,CUST2535,P1726,3,It's fine but could be better.,2025-09-29,Neutral
R01839,CUST0639,P0180,5,Works as expected.,2024-01-17,Positive
R01840,CUST2595,P0413,3,"Average quality, meets expectations.",2023-02-25,Neutral
R01841,CUST1248,P1137,5,"Excellent product, highly recommended!",2022-04-23,Positive
R01842,CUST3953,P1808,5,Good value for money.,2025-09-22,Positive
R01843,CUST4844,P0058,4,Good value for money.,2024-04-15,Positive
R01844,CUST0062,P0583,5,Quality is great for the price.,2024-12-21,Positive
R01845,CUST2190,P0107,4,Works as expected.,2025-06-09,Positive
R01846,CUST4406,P0234,4,"Excellent product, highly recommended!",2025-03-15,Positive
R01847,CUST3846,P1842,5,Very satisfied with the purchase.,2023-08-01,Positive
R01848,CUST0469,P0623,4,Works as expected.,2025-07-12,Positive
R01849,CUST4956,P1851,5,Good value for money.,2025-05-28,Positive
R01850,CUST3612,P1405,5,"Excellent product, highly recommended!",2025-06-24,Positive
R01851,CUST4907,P0789,5,Works as expected.,2025-10-24,Positive
R01852,CUST1709,P0786,2,Disappointed with the build quality.,2025-08-30,Negative
R01853,CUST2410,P1587,3,"Product is okay, nothing special.",2024-05-28,Neutral
R01854,CUST2066,P1086,5,Works as expected.,2025-11-03,Positive
R01855,CUST3843,P1220,3,"Product is okay, nothing special.",2024-03-23,Neutral
R01856,CUST2306,P0598,5,Works as expected.,2021-03-28,Positive
R01857,CUST0614,P1099,1,Poor customer service experience.,2024-06-25,Negative
R01858,CUST3337,P0353,5,Very satisfied with the purchase.,2025-05-10,Positive
R01859,CUST0482,P1612,1,Poor customer service experience.,2023-06-14,Negative
R01860,CUST0261,P0011,5,Works as expected.,2025-01-16,Positive
R01861,CUST4884,P0447,5,Good value for money.,2025-03-24,Positive
R01862,CUST0586,P0429,5,Quality is great for the price.,2025-10-25,Positive
R01863,CUST0504,P1230,1,Poor customer service experience.,2025-04-18,Negative
R01864,CUST2379,P1358,4,Very satisfied with the purchase.,2024-08-06,Positive
R01865,CUST3465,P1167,5,Quality is great for the price.,2024-09-12,Positive
R01866,CUST1470,P1748,5,Good value for money.,2025-01-09,Positive
R01867,CUST3212,P1968,3,It's fine but could be better.,2025-06-11,Neutral
R01868,CUST0543,P0466,5,Good value for money.,2025-05-04,Positive
R01869,CUST0961,P1704,5,Good value for money.,2025-04-22,Positive
R01870,CUST0064,P0949,2,Poor customer service experience.,2021-10-27,Negative
R01871,CUST0578,P0079,5,"Excellent product, highly recommended!",2023-07-01,Positive
R01872,CUST1687,P0894,4,"Excellent product, highly recommended!",2024-03-31,Positive
R01873,CUST1906,P1491,5,Quality is great for the price.,2025-10-14,Positive
R01874,CUST1661,P1609,4,"Excellent product, highly recommended!",2022-05-27,Positive
R01875,CUST0935,P0859,4,Good value for money.,2024-03-15,Positive
R01876,CUST2318,P1176,4,Good value for money.,2025-03-20,Positive
R01877,CUST1573,P0235,5,Works as expected.,2023-03-03,Positive
R01878,CUST1218,P0717,5,Very satisfied with the purchase.,2025-08-15,Positive
R01879,CUST3246,P1679,3,"Average quality, meets expectations.",2025-09-18,Neutral
R01880,CUST1404,P1854,5,Very satisfied with the purchase.,2021-07-19,Positive
R01881,CUST1827,P0295,5,Very satisfied with the purchase.,2024-09-23,Positive
R01882,CUST0616,P0681,4,Works as expected.,2025-11-02,Positive
R01883,CUST1568,P1691,3,Decent product for the price.,2025-07-08,Neutral
R01884,CUST1658,P1234,5,"Excellent product, highly recommended!",2025-10-12,Positive
R01885,CUST2957,P1528,5,"Excellent product, highly recommended!",2025-05-13,Positive
R01886,CUST3777,P0896,5,Very satisfied with the purchase.,2025-11-13,Positive
R01887,CUST4247,P0430,4,"Excellent product, highly recommended!",2024-07-06,Positive
R01888,CUST0721,P0953,4,Good value for money.,2024-06-11,Positive
R01889,CUST1886,P0990,5,Quality is great for the price.,2025-08-08,Positive
R01890,CUST0025,P1170,4,"Excellent product, highly recommended!",2025-10-28,Positive
R01891,CUST0613,P1375,5,Very satisfied with the purchase.,2025-09-12,Positive
R01892,CUST3739,P1477,5,Very satisfied with the purchase.,2024-02-18,Positive
R01893,CUST2946,P0476,3,It's fine but could be better.,2025-04-26,Neutral
R01894,CUST4332,P0651,1,Poor customer service experience.,2025-10-25,Negative
R01895,CUST1239,P1283,5,Works as expected.,2024-10-16,Positive
R01896,CUST0194,P0495,4,Good value for money.,2025-11-06,Positive
R01897,CUST3211,P0102,5,Good value for money.,2025-09-18,Positive
R01898,CUST4848,P0713,4,Quality is great for the price.,2025-06-05,Positive
R01899,CUST3613,P1809,4,Quality is great for the price.,2025-06-14,Positive
R01900,CUST0871,P0195,5,Works as expected.,2025-03-23,Positive
R01901,CUST3470,P0313,2,Disappointed with the build quality.,2024-07-30,Negative
R01902,CUST4815,P1692,5,Quality is great for the price.,2024-02-02,Positive
R01903,CUST4079,P0070,5,Very satisfied with the purchase.,2025-01-03,Positive
R01904,CUST3733,P1014,5,Good value for money.,2023-09-18,Positive
R01905,CUST3491,P0246,4,Good value for money.,2020-12-07,Positive
R01906,CUST2533,P1536,5,"Excellent product, highly recommended!",2025-03-04,Positive
R01907,CUST1740,P1415,4,Works as expected.,2025-02-23,Positive
R01908,CUST0111,P0447,5,Quality is great for the price.,2022-03-09,Positive
R01909,CUST0066,P0353,5,Works as expected.,2024-12-09,Positive
R01910,CUST0636,P1521,5,Quality is great for the price.,2021-04-18,Positive
R01911,CUST4124,P0868,2,Not worth the money.,2025-11-04,Negative
R01912,CUST4307,P1406,5,Works as expected.,2025-01-07,Positive
R01913,CUST1809,P1607,5,Quality is great for the price.,2025-09-14,Positive
R01914,CUST4796,P1639,4,Very satisfied with the purchase.,2023-03-06,Positive
R01915,CUST1292,P0205,5,Good value for money.,2025-08-08,Positive
R01916,CUST4106,P1451,5,Quality is great for the price.,2025-01-03,Positive
R01917,CUST0158,P0888,5,Very satisfied with the purchase.,2023-05-03,Positive
R01918,CUST4569,P1878,4,Works as expected.,2025-08-16,Positive
R01919,CUST1691,P1373,3,It's fine but could be better.,2023-02-27,Neutral
R01920,CUST2083,P1431,5,Good value for money.,2025-04-05,Positive
R01921,CUST1766,P1107,5,Good value for money.,2023-08-02,Positive
R01922,CUST2638,P0051,4,Good value for money.,2025-10-13,Positive
R01923,CUST1224,P0989,4,Very satisfied with the purchase.,2025-05-21,Positive
R01924,CUST3400,P1206,4,Works as expected.,2024-10-25,Positive
R01925,CUST2406,P0692,5,Very satisfied with the purchase.,2023-02-25,Positive
R01926,CUST1780,P1540,5,Quality is great for the price.,2023-02-23,Positive
R01927,CUST2552,P0208,3,"Average quality, meets expectations.",2024-08-23,Neutral
R01928,CUST4421,P0897,5,Quality is great for the price.,2021-09-01,Positive
R01929,CUST2186,P1856,2,Stopped working after a week.,2025-01-26,Negative
R01930,CUST3147,P0366,5,Works as expected.,2024-10-25,Positive
R01931,CUST2331,P1868,5,Works as expected.,2025-02-01,Positive
R01932,CUST2469,P0132,5,Very satisfied with the purchase.,2022-10-05,Positive
R01933,CUST4328,P0065,4,Works as expected.,2025-06-11,Positive
R01934,CUST0302,P1093,2,Not worth the money.,2025-05-27,Negative
R01935,CUST2216,P0882,2,Disappointed with the build quality.,2025-05-04,Negative
R01936,CUST4700,P0194,2,Stopped working after a week.,2025-02-09,Negative
R01937,CUST3329,P1123,5,Quality is great for the price.,2025-09-20,Positive
R01938,CUST1210,P0502,4,Works as expected.,2025-08-24,Positive
R01939,CUST4627,P0617,5,Quality is great for the price.,2021-04-20,Positive
R01940,CUST1589,P0974,4,"Excellent product, highly recommended!",2024-09-09,Positive
R01941,CUST0583,P0966,5,Works as expected.,2024-09-21,Positive
R01942,CUST1688,P1336,5,Quality is great for the price.,2025-01-06,Positive
R01943,CUST3973,P1575,5,Quality is great for the price.,2025-09-20,Positive
R01944,CUST4510,P0088,4,"Excellent product, highly recommended!",2023-03-18,Positive
R01945,CUST0533,P0098,5,Very satisfied with the purchase.,2023-12-18,Positive
R01946,CUST1803,P1146,3,It's fine but could be better.,2022-06-17,Neutral
R01947,CUST3998,P0555,5,Quality is great for the price.,2025-08-08,Positive
R01948,CUST4173,P0505,5,Good value for money.,2024-11-02,Positive
R01949,CUST4452,P1262,5,Good value for money.,2024-03-11,Positive
R01950,CUST0148,P0253,2,Poor customer service experience.,2024-05-05,Negative
R01951,CUST1392,P0636,3,"Average quality, meets expectations.",2025-04-07,Neutral
R01952,CUST4663,P1203,3,It's fine but could be better.,2021-04-26,Neutral
R01953,CUST0753,P1271,5,Very satisfied with the purchase.,2024-02-10,Positive
R01954,CUST4586,P1443,4,Very satisfied with the purchase.,2025-08-26,Positive
R01955,CUST2688,P0596,4,Good value for money.,2023-06-24,Positive
R01956,CUST4100,P1074,5,"Excellent product, highly recommended!",2025-10-05,Positive
R01957,CUST1843,P0902,5,Very satisfied with the purchase.,2020-08-10,Positive
R01958,CUST1855,P1381,5,Good value for money.,2025-07-17,Positive
R01959,CUST3383,P1739,4,Good value for money.,2024-02-12,Positive
R01960,CUST4316,P0022,4,"Excellent product, highly recommended!",2025-09-30,Positive
R01961,CUST3882,P0881,5,Good value for money.,2025-10-14,Positive
R01962,CUST0459,P1395,2,Poor customer service experience.,2023-02-04,Negative
R01963,CUST4519,P1004,4,Good value for money.,2025-09-13,Positive
R01964,CUST3750,P0646,2,Not worth the money.,2025-05-24,Negative
R01965,CUST1325,P1317,1,Disappointed with the build quality.,2025-01-19,Negative
R01966,CUST3437,P0584,5,"Excellent product, highly recommended!",2025-10-09,Positive
R01967,CUST4912,P0352,5,Works as expected.,2023-04-28,Positive
R01968,CUST2939,P1212,4,Quality is great for the price.,2025-08-28,Positive
R01969,CUST1636,P1136,4,Good value for money.,2025-01-26,Positive
R01970,CUST2956,P1059,5,"Excellent product, highly recommended!",2025-05-12,Positive
R01971,CUST3609,P1664,4,Very satisfied with the purchase.,2025-06-19,Positive
R01972,CUST1684,P0622,3,"Product is okay, nothing special.",2025-07-02,Neutral
R01973,CUST0645,P1229,4,Very satisfied with the purchase.,2023-05-04,Positive
R01974,CUST0408,P1193,5,Very satisfied with the purchase.,2024-08-15,Positive
R01975,CUST0174,P0279,5,"Excellent product, highly recommended!",2024-04-11,Positive
R01976,CUST2446,P1609,5,Very satisfied with the purchase.,2024-05-31,Positive
R01977,CUST0835,P1551,5,Very satisfied with the purchase.,2025-10-29,Positive
R01978,CUST1367,P0628,4,Good value for money.,2025-03-10,Positive
R01979,CUST2846,P0257,5,Very satisfied with the purchase.,2025-11-03,Positive
R01980,CUST2777,P1400,3,Decent product for the price.,2022-04-06,Neutral
R01981,CUST0163,P1422,5,Good value for money.,2024-01-04,Positive
R01982,CUST4187,P1133,3,"Product is okay, nothing special.",2024-02-27,Neutral
R01983,CUST2501,P0294,5,Works as expected.,2025-05-18,Positive
R01984,CUST2993,P1534,2,Disappointed with the build quality.,2024-07-29,Negative
R01985,CUST2846,P1009,3,It's fine but could be better.,2024-02-11,Neutral
R01986,CUST1021,P0399,5,Quality is great for the price.,2023-04-30,Positive
R01987,CUST1480,P1461,1,Not worth the money.,2024-03-31,Negative
R01988,CUST1413,P1556,3,"Product is okay, nothing special.",2023-12-13,Neutral
R01989,CUST1028,P0184,4,"Excellent product, highly recommended!",2024-08-09,Positive
R01990,CUST3155,P0715,5,"Excellent product, highly recommended!",2025-10-18,Positive
R01991,CUST4538,P0377,5,Quality is great for the price.,2025-05-27,Positive
R01992,CUST3659,P1611,5,Good value for money.,2024-10-05,Positive
R01993,CUST0680,P0712,3,It's fine but could be better.,2024-10-28,Neutral
R01994,CUST4546,P0660,5,Very satisfied with the purchase.,2024-02-25,Positive
R01995,CUST1509,P1934,3,Decent product for the price.,2025-02-07,Neutral
R01996,CUST1640,P0704,5,"Excellent product, highly recommended!",2024-05-15,Positive
R01997,CUST3763,P1996,4,Very satisfied with the purchase.,2020-08-31,Positive
R01998,CUST1186,P1240,4,Quality is great for the price.,2021-11-29,Positive
R01999,CUST1523,P1618,3,It's fine but could be better.,2024-12-06,Neutral
R02000,CUST1586,P1848,4,"Excellent product, highly recommended!",2024-02-25,Positive
R02001,CUST3401,P1340,5,Very satisfied with the purchase.,2024-04-20,Positive
R02002,CUST3546,P0163,5,Works as expected.,2025-03-11,Positive
R02003,CUST3431,P0528,5,Good value for money.,2024-11-15,Positive
R02004,CUST4605,P1116,3,It's fine but could be better.,2024-09-17,Neutral
R02005,CUST0836,P1373,2,Poor customer service experience.,2024-01-21,Negative
R02006,CUST1567,P0973,2,Not worth the money.,2024-02-06,Negative
R02007,CUST4657,P0911,5,Works as expected.,2025-09-19,Positive
R02008,CUST1140,P1440,1,Poor customer service experience.,2025-06-20,Negative
R02009,CUST4817,P1784,4,Good value for money.,2023-10-19,Positive
R02010,CUST3053,P1717,5,Works as expected.,2025-10-01,Positive
R02011,CUST4754,P0520,5,"Excellent product, highly recommended!",2025-11-09,Positive
R02012,CUST0485,P0664,5,"Excellent product, highly recommended!",2022-05-09,Positive
R02013,CUST2592,P0311,4,Quality is great for the price.,2025-09-11,Positive
R02014,CUST1289,P1913,5,Works as expected.,2024-12-09,Positive
R02015,CUST1699,P1661,5,Very satisfied with the purchase.,2024-05-13,Positive
R02016,CUST4658,P1524,3,"Product is okay, nothing special.",2025-04-06,Neutral
R02017,CUST4989,P1263,3,Decent product for the price.,2025-05-30,Neutral
R02018,CUST2464,P1338,4,Works as expected.,2025-07-18,Positive
R02019,CUST2690,P1181,3,"Average quality, meets expectations.",2024-08-02,Neutral
R02020,CUST4324,P1186,5,Works as expected.,2024-08-23,Positive
R02021,CUST0904,P0493,5,"Excellent product, highly recommended!",2025-06-03,Positive
R02022,CUST0938,P0209,2,Stopped working after a week.,2025-09-13,Negative
R02023,CUST4980,P0892,4,Very satisfied with the purchase.,2023-05-04,Positive
R02024,CUST1833,P0342,3,Decent product for the price.,2023-04-03,Neutral
R02025,CUST1290,P0893,5,Quality is great for the price.,2024-08-31,Positive
R02026,CUST1018,P1189,4,Works as expected.,2025-05-15,Positive
R02027,CUST1147,P1510,4,Works as expected.,2025-10-06,Positive
R02028,CUST0930,P0458,5,Very satisfied with the purchase.,2025-05-26,Positive
R02029,CUST2316,P0663,4,Very satisfied with the purchase.,2024-11-23,Positive
R02030,CUST3543,P1010,4,Works as expected.,2025-03-29,Positive
R02031,CUST3177,P0062,4,Works as expected.,2025-10-29,Positive
R02032,CUST3588,P1989,2,Stopped working after a week.,2025-10-31,Negative
R02033,CUST4254,P1161,5,Quality is great for the price.,2024-09-27,Positive
R02034,CUST4491,P0450,5,Works as expected.,2025-10-21,Positive
R02035,CUST0502,P0860,3,It's fine but could be better.,2024-03-26,Neutral
R02036,CUST0095,P1416,5,Works as expected.,2025-09-14,Positive
R02037,CUST1866,P0952,4,Very satisfied with the purchase.,2023-12-19,Positive
R02038,CUST4938,P0918,3,It's fine but could be better.,2021-06-15,Neutral
R02039,CUST4206,P1001,5,Quality is great for the price.,2025-10-24,Positive
R02040,CUST3203,P1806,3,"Average quality, meets expectations.",2025-06-22,Neutral
R02041,CUST1063,P1611,4,"Excellent product, highly recommended!",2025-03-12,Positive
R02042,CUST3693,P0837,2,Poor customer service experience.,2022-04-10,Negative
R02043,CUST2215,P1750,4,Very satisfied with the purchase.,2021-02-20,Positive
R02044,CUST1199,P0653,4,Quality is great for the price.,2023-03-22,Positive
R02045,CUST3420,P0571,5,Good value for money.,2023-04-22,Positive
R02046,CUST0383,P1595,5,Very satisfied with the purchase.,2025-10-25,Positive
R02047,CUST3845,P1796,4,Quality is great for the price.,2024-08-22,Positive
R02048,CUST3392,P0198,4,Quality is great for the price.,2023-07-21,Positive
R02049,CUST1069,P0565,2,Stopped working after a week.,2023-11-12,Negative
R02050,CUST2956,P1242,3,"Product is okay, nothing special.",2024-12-19,Neutral
R02051,CUST0965,P0673,3,It's fine but could be better.,2025-05-12,Neutral
R02052,CUST0931,P0081,5,Quality is great for the price.,2025-10-15,Positive
R02053,CUST0213,P1627,4,"Excellent product, highly recommended!",2025-10-20,Positive
R02054,CUST2900,P1826,2,Stopped working after a week.,2025-11-06,Negative
R02055,CUST3139,P0066,4,Very satisfied with the purchase.,2022-03-10,Positive
R02056,CUST0881,P1107,4,Quality is great for the price.,2025-10-05,Positive
R02057,CUST1791,P1572,4,Good value for money.,2023-03-26,Positive
R02058,CUST3883,P0912,5,Quality is great for the price.,2025-01-17,Positive
R02059,CUST2253,P1792,4,Very satisfied with the purchase.,2024-06-24,Positive
R02060,CUST3459,P1387,5,"Excellent product, highly recommended!",2023-12-01,Positive
R02061,CUST1630,P0288,4,Works as expected.,2025-09-25,Positive
R02062,CUST3509,P0483,4,Quality is great for the price.,2023-11-21,Positive
R02063,CUST4740,P1263,3,"Product is okay, nothing special.",2025-06-12,Neutral
R02064,CUST1825,P0563,5,Works as expected.,2022-08-08,Positive
R02065,CUST3449,P1763,5,Works as expected.,2025-10-13,Positive
R02066,CUST4398,P0341,5,Good value for money.,2024-01-05,Positive
R02067,CUST0353,P1506,5,"Excellent product, highly recommended!",2024-07-07,Positive
R02068,CUST3345,P0244,4,Good value for money.,2025-08-19,Positive
R02069,CUST2368,P0481,3,It's fine but could be better.,2025-09-28,Neutral
R02070,CUST4493,P1929,5,Very satisfied with the purchase.,2023-01-06,Positive
R02071,CUST4841,P1814,5,Works as expected.,2023-10-27,Positive
R02072,CUST4784,P0407,2,Stopped working after a week.,2023-07-23,Negative
R02073,CUST1971,P0660,4,Works as expected.,2023-11-27,Positive
R02074,CUST4353,P1848,5,Good value for money.,2020-11-16,Positive
R02075,CUST3479,P0915,3,"Average quality, meets expectations.",2025-08-05,Neutral
R02076,CUST1156,P1256,3,"Product is okay, nothing special.",2024-11-21,Neutral
R02077,CUST1616,P1298,5,Quality is great for the price.,2024-03-26,Positive
R02078,CUST0054,P0753,4,Works as expected.,2025-11-03,Positive
R02079,CUST3370,P0721,5,Good value for money.,2025-07-06,Positive
R02080,CUST3307,P1727,4,Works as expected.,2024-10-18,Positive
R02081,CUST4809,P0276,5,Works as expected.,2025-08-01,Positive
R02082,CUST1568,P0449,2,Disappointed with the build quality.,2024-11-22,Negative
R02083,CUST0981,P0382,5,"Excellent product, highly recommended!",2025-09-05,Positive
R02084,CUST3129,P0463,4,Quality is great for the price.,2025-10-22,Positive
R02085,CUST3447,P1250,2,Poor customer service experience.,2025-01-27,Negative
R02086,CUST4414,P1912,4,Very satisfied with the purchase.,2025-09-08,Positive
R02087,CUST0402,P0306,4,Very satisfied with the purchase.,2025-03-11,Positive
R02088,CUST4050,P0706,3,"Product is okay, nothing special.",2022-06-18,Neutral
R02089,CUST0771,P1469,5,Quality is great for the price.,2022-10-02,Positive
R02090,CUST3545,P1052,3,"Product is okay, nothing special.",2022-08-10,Neutral
R02091,CUST2902,P1604,4,Works as expected.,2025-05-04,Positive
R02092,CUST4330,P0843,5,Good value for money.,2025-11-14,Positive
R02093,CUST3416,P0059,4,Quality is great for the price.,2025-06-10,Positive
R02094,CUST2135,P1807,4,Good value for money.,2022-08-29,Positive
R02095,CUST0981,P1211,3,Decent product for the price.,2024-07-07,Neutral
R02096,CUST2823,P1941,5,Works as expected.,2022-07-29,Positive
R02097,CUST4185,P0260,1,Not worth the money.,2024-05-25,Negative
R02098,CUST4862,P1051,4,Works as expected.,2024-08-07,Positive
R02099,CUST0809,P1964,5,"Excellent product, highly recommended!",2023-08-12,Positive
R02100,CUST0611,P1761,5,Works as expected.,2025-05-03,Positive
R02101,CUST2295,P1605,4,"Excellent product, highly recommended!",2025-05-09,Positive
R02102,CUST3992,P1972,4,"Excellent product, highly recommended!",2024-12-11,Positive
R02103,CUST0958,P1975,5,Works as expected.,2023-07-07,Positive
R02104,CUST4698,P1203,5,Very satisfied with the purchase.,2024-07-10,Positive
R02105,CUST3803,P0794,5,Very satisfied with the purchase.,2023-09-24,Positive
R02106,CUST1808,P1013,5,Very satisfied with the purchase.,2025-07-24,Positive
R02107,CUST0812,P1229,4,Very satisfied with the purchase.,2025-10-20,Positive
R02108,CUST2608,P1691,5,Works as expected.,2025-09-11,Positive
R02109,CUST1728,P1096,2,Not worth the money.,2025-07-06,Negative
R02110,CUST1837,P0913,5,Quality is great for the price.,2023-07-30,Positive
R02111,CUST3970,P0195,3,Decent product for the price.,2024-10-26,Neutral
R02112,CUST4498,P0306,5,"Excellent product, highly recommended!",2025-10-23,Positive
R02113,CUST0934,P0918,4,"Excellent product, highly recommended!",2023-09-29,Positive
R02114,CUST2463,P0515,5,Good value for money.,2023-03-10,Positive
R02115,CUST0422,P0617,5,Quality is great for the price.,2023-10-17,Positive
R02116,CUST4669,P1179,1,Poor customer service experience.,2025-10-31,Negative
R02117,CUST2455,P1688,5,Good value for money.,2025-10-11,Positive
R02118,CUST0627,P0549,4,Very satisfied with the purchase.,2021-12-29,Positive
R02119,CUST1073,P1171,5,"Excellent product, highly recommended!",2024-01-02,Positive
R02120,CUST4088,P1224,4,Good value for money.,2023-07-14,Positive
R02121,CUST2226,P0132,3,Decent product for the price.,2025-10-26,Neutral
R02122,CUST4857,P1154,5,Works as expected.,2025-05-31,Positive
R02123,CUST4365,P1827,3,Decent product for the price.,2025-10-18,Neutral
R02124,CUST3184,P1925,4,Very satisfied with the purchase.,2021-11-26,Positive
R02125,CUST1649,P1610,5,Good value for money.,2025-09-03,Positive
R02126,CUST0096,P0965,4,Very satisfied with the purchase.,2023-08-11,Positive
R02127,CUST0997,P1466,2,Stopped working after a week.,2023-08-21,Negative
R02128,CUST3119,P1566,5,Good value for money.,2025-11-05,Positive
R02129,CUST4267,P1977,5,"Excellent product, highly recommended!",2023-01-09,Positive
R02130,CUST2309,P1313,4,"Excellent product, highly recommended!",2025-01-28,Positive
R02131,CUST1210,P0297,4,"Excellent product, highly recommended!",2023-06-01,Positive
R02132,CUST4046,P0627,4,Good value for money.,2021-09-24,Positive
R02133,CUST0524,P0951,4,Very satisfied with the purchase.,2025-10-22,Positive
R02134,CUST2898,P1087,5,Good value for money.,2025-05-08,Positive
R02135,CUST0585,P0081,5,Good value for money.,2025-04-16,Positive
R02136,CUST2712,P0298,4,Works as expected.,2025-01-01,Positive
R02137,CUST1658,P0428,4,Good value for money.,2024-08-25,Positive
R02138,CUST1478,P1138,5,Quality is great for the price.,2025-03-29,Positive
R02139,CUST4327,P1141,4,Very satisfied with the purchase.,2023-11-09,Positive
R02140,CUST2097,P0800,5,"Excellent product, highly recommended!",2024-10-17,Positive
R02141,CUST2091,P0870,3,"Product is okay, nothing special.",2025-06-19,Neutral
R02142,CUST3708,P0278,3,"Average quality, meets expectations.",2025-05-27,Neutral
R02143,CUST3330,P1355,5,"Excellent product, highly recommended!",2024-06-28,Positive
R02144,CUST1980,P1920,3,"Average quality, meets expectations.",2023-02-26,Neutral
R02145,CUST2217,P1703,5,Works as expected.,2025-09-12,Positive
R02146,CUST1274,P1972,3,"Product is okay, nothing special.",2025-02-05,Neutral
R02147,CUST3388,P0556,5,Quality is great for the price.,2025-10-24,Positive
R02148,CUST0041,P0242,4,Quality is great for the price.,2025-09-05,Positive
R02149,CUST2032,P1774,3,Decent product for the price.,2024-07-16,Neutral
R02150,CUST3384,P1077,5,"Excellent product, highly recommended!",2023-11-05,Positive
R02151,CUST2224,P1812,4,Quality is great for the price.,2024-10-15,Positive
R02152,CUST0468,P1731,4,Good value for money.,2024-10-23,Positive
R02153,CUST3245,P1532,4,Good value for money.,2024-06-10,Positive
R02154,CUST2984,P0679,3,"Product is okay, nothing special.",2025-02-16,Neutral
R02155,CUST4245,P0759,2,Disappointed with the build quality.,2025-07-21,Negative
R02156,CUST0666,P0045,5,Quality is great for the price.,2025-03-16,Positive
R02157,CUST0366,P1219,4,Works as expected.,2025-10-10,Positive
R02158,CUST3451,P0018,5,Very satisfied with the purchase.,2025-01-17,Positive
R02159,CUST0283,P1971,5,Works as expected.,2025-04-09,Positive
R02160,CUST3324,P0643,5,Quality is great for the price.,2024-12-06,Positive
R02161,CUST3722,P0566,5,Quality is great for the price.,2020-03-29,Positive
R02162,CUST1744,P0792,4,Quality is great for the price.,2024-07-19,Positive
R02163,CUST0166,P0117,3,"Product is okay, nothing special.",2025-06-06,Neutral
R02164,CUST2356,P0604,5,Good value for money.,2024-04-11,Positive
R02165,CUST0931,P1039,4,Good value for money.,2024-10-29,Positive
R02166,CUST3667,P1194,5,Works as expected.,2025-04-26,Positive
R02167,CUST4981,P1328,4,Very satisfied with the purchase.,2024-05-03,Positive
R02168,CUST1719,P1393,3,Decent product for the price.,2022-08-04,Neutral
R02169,CUST3110,P0586,5,Good value for money.,2024-11-17,Positive
R02170,CUST1935,P1076,3,Decent product for the price.,2023-06-19,Neutral
R02171,CUST2084,P1679,5,Good value for money.,2025-11-14,Positive
R02172,CUST0935,P1591,4,"Excellent product, highly recommended!",2022-01-16,Positive
R02173,CUST2162,P0699,5,Very satisfied with the purchase.,2025-03-24,Positive
R02174,CUST4005,P0944,5,"Excellent product, highly recommended!",2022-01-15,Positive
R02175,CUST4370,P0248,5,Very satisfied with the purchase.,2021-08-16,Positive
R02176,CUST2647,P0913,5,Very satisfied with the purchase.,2025-09-27,Positive
R02177,CUST1842,P0614,4,Works as expected.,2025-03-20,Positive
R02178,CUST1151,P0246,3,"Average quality, meets expectations.",2024-11-28,Neutral
R02179,CUST0627,P0013,4,"Excellent product, highly recommended!",2024-03-16,Positive
R02180,CUST3720,P1579,5,Good value for money.,2023-08-14,Positive
R02181,CUST3939,P0179,4,Quality is great for the price.,2024-12-09,Positive
R02182,CUST4282,P1107,3,"Average quality, meets expectations.",2023-06-24,Neutral
R02183,CUST2472,P0585,4,Good value for money.,2025-04-18,Positive
R02184,CUST2617,P1841,3,"Product is okay, nothing special.",2025-05-23,Neutral
R02185,CUST0376,P0294,5,Very satisfied with the purchase.,2024-02-11,Positive
R02186,CUST4913,P0548,5,Works as expected.,2025-07-12,Positive
R02187,CUST1938,P1626,5,Works as expected.,2025-10-15,Positive
R02188,CUST1142,P0668,4,Good value for money.,2025-06-19,Positive
R02189,CUST0427,P1658,3,It's fine but could be better.,2024-10-07,Neutral
R02190,CUST2344,P1929,4,Works as expected.,2025-11-12,Positive
R02191,CUST0117,P0345,5,Good value for money.,2025-10-05,Positive
R02192,CUST4520,P0616,3,"Average quality, meets expectations.",2025-02-24,Neutral
R02193,CUST1693,P1471,2,Stopped working after a week.,2025-11-08,Negative
R02194,CUST0625,P1093,4,Quality is great for the price.,2023-12-16,Positive
R02195,CUST4354,P0864,4,Quality is great for the price.,2025-09-08,Positive
R02196,CUST3906,P0444,5,Good value for money.,2023-11-03,Positive
R02197,CUST3144,P1365,4,Good value for money.,2025-09-24,Positive
R02198,CUST2668,P1257,4,Very satisfied with the purchase.,2025-03-17,Positive
R02199,CUST0815,P0632,5,"Excellent product, highly recommended!",2025-08-18,Positive
R02200,CUST4569,P1542,3,"Average quality, meets expectations.",2025-10-31,Neutral
R02201,CUST0808,P0027,5,Very satisfied with the purchase.,2025-01-05,Positive
R02202,CUST4443,P1383,4,Very satisfied with the purchase.,2023-11-03,Positive
R02203,CUST4158,P0037,5,Works as expected.,2025-03-19,Positive
R02204,CUST2241,P1398,3,It's fine but could be better.,2025-09-15,Neutral
R02205,CUST0464,P0258,3,It's fine but could be better.,2023-11-27,Neutral
R02206,CUST3941,P1533,4,Quality is great for the price.,2021-10-16,Positive
R02207,CUST2703,P0863,5,Good value for money.,2025-06-23,Positive
R02208,CUST2306,P1582,5,"Excellent product, highly recommended!",2024-06-23,Positive
R02209,CUST4100,P1913,2,Stopped working after a week.,2025-09-25,Negative
R02210,CUST4982,P1586,3,It's fine but could be better.,2023-06-19,Neutral
R02211,CUST1775,P1532,5,Very satisfied with the purchase.,2024-01-31,Positive
R02212,CUST4532,P0988,5,Good value for money.,2022-03-02,Positive
R02213,CUST3494,P0682,3,Decent product for the price.,2025-01-28,Neutral
R02214,CUST0558,P1328,5,"Excellent product, highly recommended!",2025-01-15,Positive
R02215,CUST3087,P1294,5,Very satisfied with the purchase.,2025-06-16,Positive
R02216,CUST1430,P0793,4,Very satisfied with the purchase.,2025-11-09,Positive
R02217,CUST1553,P1481,3,"Product is okay, nothing special.",2025-07-18,Neutral
R02218,CUST1110,P0564,3,"Average quality, meets expectations.",2025-08-26,Neutral
R02219,CUST3605,P0364,4,"Excellent product, highly recommended!",2025-03-18,Positive
R02220,CUST0322,P1898,3,"Product is okay, nothing special.",2023-09-26,Neutral
R02221,CUST2327,P0383,5,Quality is great for the price.,2023-04-20,Positive
R02222,CUST2692,P0486,4,Good value for money.,2024-05-02,Positive
R02223,CUST4991,P0366,5,Very satisfied with the purchase.,2023-01-21,Positive
R02224,CUST4731,P1412,5,"Excellent product, highly recommended!",2025-09-05,Positive
R02225,CUST2641,P0027,5,Very satisfied with the purchase.,2025-06-13,Positive
R02226,CUST3767,P0492,1,Poor customer service experience.,2025-10-17,Negative
R02227,CUST3178,P0828,5,Very satisfied with the purchase.,2025-09-16,Positive
R02228,CUST2828,P1822,5,"Excellent product, highly recommended!",2025-09-01,Positive
R02229,CUST0048,P0047,5,Works as expected.,2023-08-26,Positive
R02230,CUST1842,P1551,4,"Excellent product, highly recommended!",2024-08-24,Positive
R02231,CUST4691,P1584,4,"Excellent product, highly recommended!",2024-08-28,Positive
R02232,CUST2078,P0159,3,It's fine but could be better.,2025-02-08,Neutral
R02233,CUST0095,P1701,4,Very satisfied with the purchase.,2023-05-18,Positive
R02234,CUST4226,P1933,5,"Excellent product, highly recommended!",2022-05-12,Positive
R02235,CUST3098,P0614,5,"Excellent product, highly recommended!",2025-10-22,Positive
R02236,CUST4470,P1833,5,"Excellent product, highly recommended!",2025-05-19,Positive
R02237,CUST2708,P1069,4,Works as expected.,2025-10-21,Positive
R02238,CUST1505,P0824,2,Not worth the money.,2025-03-14,Negative
R02239,CUST4859,P1090,1,Stopped working after a week.,2023-08-10,Negative
R02240,CUST0534,P1259,5,Good value for money.,2024-06-08,Positive
R02241,CUST1919,P1180,4,Very satisfied with the purchase.,2025-07-07,Positive
R02242,CUST0214,P0582,2,Disappointed with the build quality.,2025-03-27,Negative
R02243,CUST0906,P0851,5,Very satisfied with the purchase.,2023-12-08,Positive
R02244,CUST2598,P1910,4,Works as expected.,2024-11-22,Positive
R02245,CUST2245,P1479,2,Stopped working after a week.,2025-07-04,Negative
R02246,CUST3973,P1421,3,"Average quality, meets expectations.",2025-01-01,Neutral
R02247,CUST4558,P1023,5,Quality is great for the price.,2025-01-24,Positive
R02248,CUST0899,P0750,4,Very satisfied with the purchase.,2023-03-24,Positive
R02249,CUST0924,P1222,5,Good value for money.,2023-07-20,Positive
R02250,CUST4591,P1121,3,Decent product for the price.,2025-09-21,Neutral
R02251,CUST3976,P1629,5,Works as expected.,2025-08-12,Positive
R02252,CUST1759,P0440,4,Good value for money.,2025-07-02,Positive
R02253,CUST2608,P1133,4,Very satisfied with the purchase.,2025-01-09,Positive
R02254,CUST1567,P1974,5,Very satisfied with the purchase.,2024-08-28,Positive
R02255,CUST4483,P1700,5,Good value for money.,2025-02-01,Positive
R02256,CUST4371,P0385,5,Good value for money.,2024-06-07,Positive
R02257,CUST2428,P1153,4,Very satisfied with the purchase.,2023-12-05,Positive
R02258,CUST0771,P1419,5,Very satisfied with the purchase.,2023-03-04,Positive
R02259,CUST1747,P1754,3,Decent product for the price.,2024-02-10,Neutral
R02260,CUST4053,P0031,2,Stopped working after a week.,2025-08-07,Negative
R02261,CUST3351,P1423,4,"Excellent product, highly recommended!",2024-07-06,Positive
R02262,CUST2844,P1259,5,Works as expected.,2023-06-26,Positive
R02263,CUST0480,P1599,5,Very satisfied with the purchase.,2023-10-21,Positive
R02264,CUST2504,P0519,5,"Excellent product, highly recommended!",2025-01-15,Positive
R02265,CUST4131,P1367,5,Works as expected.,2022-08-14,Positive
R02266,CUST1170,P1652,4,Quality is great for the price.,2025-10-23,Positive
R02267,CUST3092,P1967,4,Good value for money.,2023-10-11,Positive
R02268,CUST1165,P0933,5,"Excellent product, highly recommended!",2022-06-09,Positive
R02269,CUST0289,P1297,3,"Average quality, meets expectations.",2025-06-02,Neutral
R02270,CUST2507,P0939,4,"Excellent product, highly recommended!",2021-01-07,Positive
R02271,CUST1925,P1242,4,Quality is great for the price.,2024-06-26,Positive
R02272,CUST2864,P0665,5,Very satisfied with the purchase.,2025-07-23,Positive
R02273,CUST2165,P0422,5,Quality is great for the price.,2023-03-19,Positive
R02274,CUST0580,P0806,4,Good value for money.,2025-05-22,Positive
R02275,CUST0428,P1845,4,Quality is great for the price.,2024-08-01,Positive
R02276,CUST4683,P1898,2,Stopped working after a week.,2024-06-17,Negative
R02277,CUST0711,P1364,3,"Average quality, meets expectations.",2025-09-14,Neutral
R02278,CUST2254,P0112,1,Stopped working after a week.,2023-12-07,Negative
R02279,CUST1342,P1059,3,"Product is okay, nothing special.",2025-04-14,Neutral
R02280,CUST4057,P1712,4,Works as expected.,2025-10-04,Positive
R02281,CUST0650,P1759,5,Very satisfied with the purchase.,2024-12-31,Positive
R02282,CUST4565,P1546,5,"Excellent product, highly recommended!",2023-04-26,Positive
R02283,CUST3974,P1322,4,Very satisfied with the purchase.,2024-01-15,Positive
R02284,CUST3280,P1467,5,Works as expected.,2025-06-13,Positive
R02285,CUST2099,P1033,4,Quality is great for the price.,2025-11-06,Positive
R02286,CUST4667,P0268,4,"Excellent product, highly recommended!",2023-12-19,Positive
R02287,CUST3022,P1798,5,"Excellent product, highly recommended!",2025-10-08,Positive
R02288,CUST1767,P1669,4,Very satisfied with the purchase.,2025-11-09,Positive
R02289,CUST2656,P0435,4,Works as expected.,2024-11-20,Positive
R02290,CUST4332,P0451,5,Quality is great for the price.,2023-02-25,Positive
R02291,CUST1200,P0499,3,It's fine but could be better.,2022-06-26,Neutral
R02292,CUST4877,P0693,5,"Excellent product, highly recommended!",2022-01-07,Positive
R02293,CUST1560,P0637,4,Good value for money.,2024-07-28,Positive
R02294,CUST2682,P0873,5,"Excellent product, highly recommended!",2024-04-16,Positive
R02295,CUST4516,P0721,4,Quality is great for the price.,2025-05-27,Positive
R02296,CUST0033,P0567,5,Quality is great for the price.,2022-03-09,Positive
R02297,CUST4500,P1462,5,Very satisfied with the purchase.,2024-08-20,Positive
R02298,CUST4763,P0321,2,Disappointed with the build quality.,2024-10-11,Negative
R02299,CUST1681,P0149,5,Very satisfied with the purchase.,2024-09-24,Positive
R02300,CUST1794,P0112,3,It's fine but could be better.,2025-09-04,Neutral
R02301,CUST4960,P0971,4,Very satisfied with the purchase.,2025-07-18,Positive
R02302,CUST4560,P0570,2,Not worth the money.,2025-03-02,Negative
R02303,CUST1554,P1778,3,Decent product for the price.,2024-06-29,Neutral
R02304,CUST1337,P0638,3,"Average quality, meets expectations.",2023-10-21,Neutral
R02305,CUST0032,P0543,5,Good value for money.,2024-06-29,Positive
R02306,CUST0161,P1155,2,Not worth the money.,2022-11-16,Negative
R02307,CUST3597,P1327,5,Quality is great for the price.,2025-10-07,Positive
R02308,CUST2054,P1888,3,Decent product for the price.,2024-05-23,Neutral
R02309,CUST0742,P0351,4,Works as expected.,2024-10-26,Positive
R02310,CUST0502,P0614,5,Quality is great for the price.,2025-09-24,Positive
R02311,CUST4459,P0297,4,Good value for money.,2022-09-05,Positive
R02312,CUST1513,P0356,2,Poor customer service experience.,2025-07-17,Negative
R02313,CUST4285,P1682,1,Stopped working after a week.,2025-02-17,Negative
R02314,CUST4312,P1788,5,"Excellent product, highly recommended!",2024-06-27,Positive
R02315,CUST2688,P0244,2,Not worth the money.,2025-04-23,Negative
R02316,CUST1348,P1133,3,Decent product for the price.,2025-09-26,Neutral
R02317,CUST3932,P1840,5,"Excellent product, highly recommended!",2025-01-09,Positive
R02318,CUST0944,P0932,5,Quality is great for the price.,2025-10-24,Positive
R02319,CUST3186,P1097,5,Very satisfied with the purchase.,2025-09-11,Positive
R02320,CUST3922,P1700,5,Good value for money.,2025-02-10,Positive
R02321,CUST2514,P1608,3,"Product is okay, nothing special.",2022-04-10,Neutral
R02322,CUST0328,P1059,4,Good value for money.,2025-06-14,Positive
R02323,CUST0201,P0051,4,Very satisfied with the purchase.,2024-02-06,Positive
R02324,CUST2140,P1927,5,Very satisfied with the purchase.,2025-11-11,Positive
R02325,CUST1454,P1079,4,Works as expected.,2022-04-25,Positive
R02326,CUST1827,P0478,2,Stopped working after a week.,2023-12-08,Negative
R02327,CUST3566,P1363,5,Quality is great for the price.,2024-04-22,Positive
R02328,CUST3110,P0350,2,Stopped working after a week.,2025-02-20,Negative
R02329,CUST0952,P0888,5,Very satisfied with the purchase.,2023-05-31,Positive
R02330,CUST4415,P0585,5,Works as expected.,2024-11-03,Positive
R02331,CUST0415,P0633,5,"Excellent product, highly recommended!",2022-09-21,Positive
R02332,CUST4933,P1800,4,Good value for money.,2025-04-23,Positive
R02333,CUST3478,P0172,4,Works as expected.,2025-07-26,Positive
R02334,CUST3214,P1300,2,Not worth the money.,2025-08-21,Negative
R02335,CUST4890,P1771,4,Good value for money.,2021-05-10,Positive
R02336,CUST0323,P0341,4,Very satisfied with the purchase.,2025-03-28,Positive
R02337,CUST1757,P1749,5,Quality is great for the price.,2025-09-18,Positive
R02338,CUST0809,P1183,5,Very satisfied with the purchase.,2025-11-05,Positive
R02339,CUST3760,P1317,4,Works as expected.,2025-02-24,Positive
R02340,CUST0659,P1326,5,"Excellent product, highly recommended!",2025-02-07,Positive
R02341,CUST0494,P1776,5,"Excellent product, highly recommended!",2025-04-13,Positive
R02342,CUST0904,P1239,3,Decent product for the price.,2025-11-07,Neutral
R02343,CUST2908,P1900,5,Quality is great for the price.,2025-09-27,Positive
R02344,CUST3786,P0445,5,Very satisfied with the purchase.,2025-07-27,Positive
R02345,CUST3865,P1938,5,Good value for money.,2025-07-31,Positive
R02346,CUST2489,P1463,5,Very satisfied with the purchase.,2025-08-12,Positive
R02347,CUST2873,P1896,4,Good value for money.,2025-09-23,Positive
R02348,CUST2194,P1623,5,Good value for money.,2023-02-01,Positive
R02349,CUST3654,P1321,2,Disappointed with the build quality.,2024-11-23,Negative
R02350,CUST0776,P1881,3,"Average quality, meets expectations.",2025-02-04,Neutral
R02351,CUST0695,P0704,4,"Excellent product, highly recommended!",2024-01-15,Positive
R02352,CUST2885,P0430,3,"Product is okay, nothing special.",2024-08-11,Neutral
R02353,CUST2606,P1044,3,"Product is okay, nothing special.",2025-05-03,Neutral
R02354,CUST0441,P0563,5,Good value for money.,2024-05-20,Positive
R02355,CUST3191,P1064,4,Good value for money.,2025-09-01,Positive
R02356,CUST2143,P1281,4,Works as expected.,2025-05-27,Positive
R02357,CUST3113,P0861,4,"Excellent product, highly recommended!",2024-12-06,Positive
R02358,CUST4601,P0062,4,"Excellent product, highly recommended!",2025-08-26,Positive
R02359,CUST2888,P0996,2,Stopped working after a week.,2023-02-27,Negative
R02360,CUST1734,P0295,4,Works as expected.,2025-03-10,Positive
R02361,CUST3303,P0721,2,Stopped working after a week.,2024-05-13,Negative
R02362,CUST2622,P0039,2,Not worth the money.,2024-11-16,Negative
R02363,CUST1036,P0550,4,Quality is great for the price.,2025-06-19,Positive
R02364,CUST2608,P0986,4,Very satisfied with the purchase.,2022-11-10,Positive
R02365,CUST0195,P0456,4,Works as expected.,2024-08-06,Positive
R02366,CUST2547,P1302,5,Quality is great for the price.,2021-06-19,Positive
R02367,CUST0200,P0931,5,Works as expected.,2025-09-17,Positive
R02368,CUST4416,P0757,5,Very satisfied with the purchase.,2025-09-13,Positive
R02369,CUST0205,P1537,4,Quality is great for the price.,2025-11-05,Positive
R02370,CUST1540,P0118,3,Decent product for the price.,2025-11-14,Neutral
R02371,CUST4915,P0368,4,Quality is great for the price.,2025-02-10,Positive
R02372,CUST1862,P1261,3,"Product is okay, nothing special.",2024-04-07,Neutral
R02373,CUST0893,P0334,5,Good value for money.,2025-01-29,Positive
R02374,CUST0551,P1843,5,"Excellent product, highly recommended!",2024-06-10,Positive
R02375,CUST1366,P0140,5,Quality is great for the price.,2025-04-23,Positive
R02376,CUST0227,P1615,3,"Product is okay, nothing special.",2025-04-06,Neutral
R02377,CUST2579,P0037,4,Very satisfied with the purchase.,2025-01-31,Positive
R02378,CUST0461,P0649,4,Works as expected.,2025-06-26,Positive
R02379,CUST3165,P1214,4,Good value for money.,2023-03-09,Positive
R02380,CUST3075,P1560,4,Quality is great for the price.,2025-08-30,Positive
R02381,CUST3594,P0037,4,Very satisfied with the purchase.,2025-06-18,Positive
R02382,CUST0726,P0491,5,Works as expected.,2025-03-30,Positive
R02383,CUST4373,P0931,4,"Excellent product, highly recommended!",2024-09-03,Positive
R02384,CUST2918,P0333,5,Quality is great for the price.,2024-09-19,Positive
R02385,CUST4089,P0855,2,Stopped working after a week.,2025-09-22,Negative
R02386,CUST4097,P1735,3,"Product is okay, nothing special.",2024-02-16,Neutral
R02387,CUST4953,P0932,2,Stopped working after a week.,2025-10-04,Negative
R02388,CUST0650,P0715,5,Quality is great for the price.,2025-10-06,Positive
R02389,CUST3015,P1443,5,Very satisfied with the purchase.,2024-09-25,Positive
R02390,CUST1636,P1242,2,Poor customer service experience.,2025-05-15,Negative
R02391,CUST3370,P1809,3,"Average quality, meets expectations.",2024-12-08,Neutral
R02392,CUST0002,P1906,5,Good value for money.,2024-01-08,Positive
R02393,CUST4475,P0869,4,Good value for money.,2025-05-28,Positive
R02394,CUST1111,P1985,4,Quality is great for the price.,2025-11-12,Positive
R02395,CUST3649,P0471,5,Quality is great for the price.,2025-05-16,Positive
R02396,CUST2926,P1558,1,Poor customer service experience.,2024-02-03,Negative
R02397,CUST2012,P0965,4,Quality is great for the price.,2024-01-28,Positive
R02398,CUST2560,P1705,4,Very satisfied with the purchase.,2024-10-26,Positive
R02399,CUST0986,P0436,1,Poor customer service experience.,2024-12-22,Negative
R02400,CUST0887,P1752,4,Good value for money.,2024-10-07,Positive
R02401,CUST3698,P0224,5,Works as expected.,2024-11-14,Positive
R02402,CUST0520,P0726,5,Very satisfied with the purchase.,2021-03-17,Positive
R02403,CUST3168,P0111,3,"Product is okay, nothing special.",2024-08-09,Neutral
R02404,CUST2987,P0667,5,Works as expected.,2025-10-11,Positive
R02405,CUST3116,P1982,2,Disappointed with the build quality.,2024-03-23,Negative
R02406,CUST1968,P1489,5,Quality is great for the price.,2023-11-03,Positive
R02407,CUST2715,P0366,5,"Excellent product, highly recommended!",2024-11-18,Positive
R02408,CUST1637,P1978,3,It's fine but could be better.,2024-08-16,Neutral
R02409,CUST3990,P1097,3,"Product is okay, nothing special.",2024-03-23,Neutral
R02410,CUST3973,P0164,5,Quality is great for the price.,2025-10-09,Positive
R02411,CUST0322,P0880,5,"Excellent product, highly recommended!",2024-06-04,Positive
R02412,CUST3343,P1476,4,"Excellent product, highly recommended!",2025-10-04,Positive
R02413,CUST0079,P0718,5,Good value for money.,2024-04-23,Positive
R02414,CUST0830,P0096,3,"Average quality, meets expectations.",2024-11-17,Neutral
R02415,CUST0197,P0552,4,Very satisfied with the purchase.,2024-01-28,Positive
R02416,CUST2016,P1779,4,Very satisfied with the purchase.,2025-10-07,Positive
R02417,CUST2325,P1889,5,Very satisfied with the purchase.,2024-05-03,Positive
R02418,CUST1799,P0068,5,"Excellent product, highly recommended!",2025-08-26,Positive
R02419,CUST2491,P0454,3,"Average quality, meets expectations.",2020-12-04,Neutral
R02420,CUST0931,P0994,5,Quality is great for the price.,2025-10-15,Positive
R02421,CUST1559,P0429,4,"Excellent product, highly recommended!",2025-11-12,Positive
R02422,CUST2281,P1472,5,Good value for money.,2024-05-21,Positive
R02423,CUST3003,P1811,5,Good value for money.,2024-10-14,Positive
R02424,CUST4721,P1779,4,Very satisfied with the purchase.,2024-06-25,Positive
R02425,CUST4959,P0773,4,"Excellent product, highly recommended!",2025-04-07,Positive
R02426,CUST2810,P0885,5,Very satisfied with the purchase.,2024-12-14,Positive
R02427,CUST1735,P0110,4,Quality is great for the price.,2025-09-26,Positive
R02428,CUST0240,P0395,2,Not worth the money.,2021-03-25,Negative
R02429,CUST2992,P0346,1,Disappointed with the build quality.,2025-11-09,Negative
R02430,CUST4585,P0150,5,Very satisfied with the purchase.,2025-05-26,Positive
R02431,CUST0324,P0572,5,Very satisfied with the purchase.,2025-08-31,Positive
R02432,CUST2748,P0673,5,Works as expected.,2024-06-15,Positive
R02433,CUST1335,P0078,5,Works as expected.,2025-01-22,Positive
R02434,CUST2871,P1087,4,Quality is great for the price.,2025-03-02,Positive
R02435,CUST4769,P0347,4,Works as expected.,2024-01-03,Positive
R02436,CUST0405,P1202,2,Poor customer service experience.,2022-01-01,Negative
R02437,CUST2113,P0373,5,Works as expected.,2025-10-25,Positive
R02438,CUST3535,P1436,4,Very satisfied with the purchase.,2022-07-01,Positive
R02439,CUST0795,P1016,5,"Excellent product, highly recommended!",2025-01-02,Positive
R02440,CUST2235,P1269,4,"Excellent product, highly recommended!",2022-03-28,Positive
R02441,CUST3201,P0892,4,Good value for money.,2024-03-29,Positive
R02442,CUST0867,P1918,2,Disappointed with the build quality.,2023-07-14,Negative
R02443,CUST4158,P0511,4,Good value for money.,2024-08-06,Positive
R02444,CUST0044,P0808,4,Very satisfied with the purchase.,2025-06-29,Positive
R02445,CUST4533,P0994,3,It's fine but could be better.,2025-11-13,Neutral
R02446,CUST4785,P0569,5,"Excellent product, highly recommended!",2024-09-20,Positive
R02447,CUST1247,P0841,4,Works as expected.,2025-10-18,Positive
R02448,CUST2478,P0102,5,Very satisfied with the purchase.,2023-05-16,Positive
R02449,CUST0089,P0816,5,Quality is great for the price.,2023-09-01,Positive
R02450,CUST0476,P1965,5,Quality is great for the price.,2025-10-14,Positive
R02451,CUST2918,P0586,4,Good value for money.,2023-07-20,Positive
R02452,CUST1604,P1366,5,Quality is great for the price.,2024-04-06,Positive
R02453,CUST2857,P0639,3,"Product is okay, nothing special.",2025-07-26,Neutral
R02454,CUST1119,P1664,5,Very satisfied with the purchase.,2025-10-18,Positive
R02455,CUST4543,P1292,5,Works as expected.,2025-03-13,Positive
R02456,CUST4287,P0052,4,Good value for money.,2024-11-01,Positive
R02457,CUST2904,P0222,4,Good value for money.,2023-11-21,Positive
R02458,CUST2811,P0500,3,"Product is okay, nothing special.",2024-05-12,Neutral
R02459,CUST1999,P1665,5,Quality is great for the price.,2024-05-09,Positive
R02460,CUST2782,P0835,5,Works as expected.,2025-08-20,Positive
R02461,CUST3048,P0198,2,Stopped working after a week.,2021-04-26,Negative
R02462,CUST1392,P0101,5,Very satisfied with the purchase.,2024-03-15,Positive
R02463,CUST3043,P0412,4,Quality is great for the price.,2025-02-20,Positive
R02464,CUST3123,P0675,5,Quality is great for the price.,2021-07-16,Positive
R02465,CUST1803,P0103,5,Good value for money.,2025-09-16,Positive
R02466,CUST2986,P0662,5,Works as expected.,2025-09-29,Positive
R02467,CUST3202,P0221,4,Quality is great for the price.,2025-01-05,Positive
R02468,CUST0027,P0382,2,Poor customer service experience.,2025-10-18,Negative
R02469,CUST3674,P0195,2,Poor customer service experience.,2024-07-27,Negative
R02470,CUST2689,P0428,5,Good value for money.,2025-06-14,Positive
R02471,CUST1294,P0473,5,"Excellent product, highly recommended!",2023-08-02,Positive
R02472,CUST2322,P0845,4,Works as expected.,2023-07-21,Positive
R02473,CUST4356,P0806,2,Poor customer service experience.,2022-03-14,Negative
R02474,CUST4504,P1633,5,Very satisfied with the purchase.,2025-01-08,Positive
R02475,CUST2729,P1643,5,Good value for money.,2024-03-01,Positive
R02476,CUST3082,P0419,5,Very satisfied with the purchase.,2025-08-19,Positive
R02477,CUST2016,P0520,4,Works as expected.,2024-10-14,Positive
R02478,CUST4095,P1986,5,Works as expected.,2025-10-22,Positive
R02479,CUST2771,P0326,4,Very satisfied with the purchase.,2023-07-24,Positive
R02480,CUST0754,P0874,5,"Excellent product, highly recommended!",2025-06-23,Positive
R02481,CUST0925,P0702,5,Works as expected.,2025-03-29,Positive
R02482,CUST2082,P0681,3,"Product is okay, nothing special.",2025-10-31,Neutral
R02483,CUST4896,P1307,5,"Excellent product, highly recommended!",2025-04-06,Positive
R02484,CUST1316,P1231,5,Works as expected.,2025-01-01,Positive
R02485,CUST3063,P1956,4,Very satisfied with the purchase.,2025-07-13,Positive
R02486,CUST0141,P1104,5,Quality is great for the price.,2023-07-28,Positive
R02487,CUST1497,P0264,5,"Excellent product, highly recommended!",2025-09-30,Positive
R02488,CUST0082,P0386,5,"Excellent product, highly recommended!",2025-11-09,Positive
R02489,CUST4271,P1032,4,"Excellent product, highly recommended!",2024-01-14,Positive
R02490,CUST2244,P0936,5,Very satisfied with the purchase.,2022-04-09,Positive
R02491,CUST0230,P0778,3,Decent product for the price.,2025-04-20,Neutral
R02492,CUST3758,P0193,3,"Average quality, meets expectations.",2023-12-06,Neutral
R02493,CUST0166,P0662,4,Good value for money.,2023-09-26,Positive
R02494,CUST2149,P1041,4,"Excellent product, highly recommended!",2024-09-01,Positive
R02495,CUST2017,P0814,5,Quality is great for the price.,2024-01-31,Positive
R02496,CUST4897,P1890,3,It's fine but could be better.,2025-09-20,Neutral
R02497,CUST3821,P0289,2,Poor customer service experience.,2024-10-21,Negative
R02498,CUST2821,P1665,5,Very satisfied with the purchase.,2024-10-18,Positive
R02499,CUST1660,P1813,5,Very satisfied with the purchase.,2021-03-20,Positive
R02500,CUST2832,P1658,5,Quality is great for the price.,2023-12-22,Positive
R02501,CUST0976,P0416,3,It's fine but could be better.,2024-05-31,Neutral
R02502,CUST2156,P0495,5,"Excellent product, highly recommended!",2025-11-07,Positive
R02503,CUST2237,P1586,3,"Average quality, meets expectations.",2025-01-24,Neutral
R02504,CUST4736,P0699,5,Quality is great for the price.,2021-11-03,Positive
R02505,CUST1452,P0034,2,Poor customer service experience.,2025-06-25,Negative
R02506,CUST1658,P1803,5,Good value for money.,2024-12-10,Positive
R02507,CUST1673,P1078,5,Very satisfied with the purchase.,2025-11-11,Positive
R02508,CUST2259,P0745,5,Good value for money.,2021-08-26,Positive
R02509,CUST0978,P0875,5,Good value for money.,2024-05-11,Positive
R02510,CUST3466,P1023,3,It's fine but could be better.,2025-08-05,Neutral
R02511,CUST1284,P0834,4,Works as expected.,2024-10-22,Positive
R02512,CUST3063,P1245,2,Poor customer service experience.,2024-07-11,Negative
R02513,CUST3333,P1657,2,Not worth the money.,2025-04-17,Negative
R02514,CUST1179,P1215,4,Quality is great for the price.,2025-05-10,Positive
R02515,CUST1504,P0923,5,Quality is great for the price.,2024-09-23,Positive
R02516,CUST3661,P0785,3,It's fine but could be better.,2024-09-14,Neutral
R02517,CUST4990,P0376,2,Not worth the money.,2025-03-29,Negative
R02518,CUST2003,P1412,5,Quality is great for the price.,2025-09-10,Positive
R02519,CUST0128,P1784,5,Quality is great for the price.,2025-08-03,Positive
R02520,CUST4291,P0459,5,Good value for money.,2025-10-16,Positive
R02521,CUST2684,P0737,5,"Excellent product, highly recommended!",2025-08-19,Positive
R02522,CUST3157,P1929,5,Very satisfied with the purchase.,2022-11-16,Positive
R02523,CUST1492,P1956,5,"Excellent product, highly recommended!",2024-10-24,Positive
R02524,CUST2701,P0294,5,"Excellent product, highly recommended!",2024-09-01,Positive
R02525,CUST2349,P0271,4,Good value for money.,2023-08-06,Positive
R02526,CUST3677,P1695,4,Works as expected.,2024-04-25,Positive
R02527,CUST0304,P1073,3,"Average quality, meets expectations.",2023-09-29,Neutral
R02528,CUST1398,P1721,2,Stopped working after a week.,2022-07-19,Negative
R02529,CUST3660,P0144,4,Good value for money.,2025-11-08,Positive
R02530,CUST4041,P0922,4,Quality is great for the price.,2025-10-17,Positive
R02531,CUST4864,P1030,4,Very satisfied with the purchase.,2024-05-03,Positive
R02532,CUST2873,P0104,3,"Average quality, meets expectations.",2025-01-14,Neutral
R02533,CUST0929,P0267,2,Stopped working after a week.,2023-01-12,Negative
R02534,CUST3856,P1465,5,Works as expected.,2025-10-07,Positive
R02535,CUST3034,P1245,2,Poor customer service experience.,2022-11-18,Negative
R02536,CUST0195,P1029,1,Stopped working after a week.,2025-10-08,Negative
R02537,CUST0539,P1613,5,Works as expected.,2023-03-19,Positive
R02538,CUST2799,P0323,5,Very satisfied with the purchase.,2025-05-23,Positive
R02539,CUST1389,P1194,5,Works as expected.,2025-05-21,Positive
R02540,CUST1680,P1773,3,"Product is okay, nothing special.",2025-08-08,Neutral
R02541,CUST4084,P1314,5,Good value for money.,2022-10-03,Positive
R02542,CUST0298,P1789,4,Good value for money.,2025-11-14,Positive
R02543,CUST1199,P1574,5,Works as expected.,2023-03-02,Positive
R02544,CUST4212,P1904,5,Very satisfied with the purchase.,2024-11-27,Positive
R02545,CUST2209,P0617,3,"Product is okay, nothing special.",2022-10-08,Neutral
R02546,CUST2465,P0922,5,Very satisfied with the purchase.,2025-07-26,Positive
R02547,CUST1909,P0676,5,"Excellent product, highly recommended!",2023-03-17,Positive
R02548,CUST1158,P1769,5,Quality is great for the price.,2024-09-21,Positive
R02549,CUST2636,P1406,2,Stopped working after a week.,2024-11-09,Negative
R02550,CUST4602,P1580,5,Good value for money.,2025-11-11,Positive
R02551,CUST3070,P1928,4,Works as expected.,2024-12-09,Positive
R02552,CUST4698,P1406,4,Works as expected.,2024-08-18,Positive
R02553,CUST0315,P1915,5,Works as expected.,2025-10-04,Positive
R02554,CUST4694,P0721,5,Very satisfied with the purchase.,2021-05-10,Positive
R02555,CUST1196,P1166,5,Works as expected.,2022-07-31,Positive
R02556,CUST2637,P0296,5,Very satisfied with the purchase.,2024-12-16,Positive
R02557,CUST4372,P0522,5,Very satisfied with the purchase.,2025-10-01,Positive
R02558,CUST1290,P1783,2,Poor customer service experience.,2024-04-29,Negative
R02559,CUST2692,P1484,4,"Excellent product, highly recommended!",2024-10-05,Positive
R02560,CUST2932,P0309,3,"Average quality, meets expectations.",2025-04-18,Neutral
R02561,CUST4806,P0215,5,Works as expected.,2024-02-06,Positive
R02562,CUST2209,P1191,3,Decent product for the price.,2022-12-03,Neutral
R02563,CUST1848,P1023,5,"Excellent product, highly recommended!",2024-08-20,Positive
R02564,CUST4747,P0988,5,"Excellent product, highly recommended!",2022-10-18,Positive
R02565,CUST2777,P1454,5,Very satisfied with the purchase.,2021-09-01,Positive
R02566,CUST3859,P0795,3,"Average quality, meets expectations.",2025-05-19,Neutral
R02567,CUST0904,P0749,5,Quality is great for the price.,2024-09-28,Positive
R02568,CUST0539,P1630,5,Works as expected.,2022-08-17,Positive
R02569,CUST4966,P1457,5,Quality is great for the price.,2024-11-05,Positive
R02570,CUST4982,P1655,4,"Excellent product, highly recommended!",2023-03-29,Positive
R02571,CUST3112,P1632,4,Works as expected.,2025-10-24,Positive
R02572,CUST2281,P0221,4,Good value for money.,2025-08-11,Positive
R02573,CUST1616,P0637,5,Quality is great for the price.,2024-06-21,Positive
R02574,CUST0496,P1249,1,Disappointed with the build quality.,2023-11-06,Negative
R02575,CUST4880,P0094,5,Quality is great for the price.,2025-04-13,Positive
R02576,CUST4461,P1067,4,Good value for money.,2025-10-08,Positive
R02577,CUST3227,P1362,3,Decent product for the price.,2023-03-20,Neutral
R02578,CUST1417,P1862,4,Quality is great for the price.,2024-04-03,Positive
R02579,CUST4756,P1090,4,Very satisfied with the purchase.,2023-11-04,Positive
R02580,CUST3912,P1085,4,Very satisfied with the purchase.,2025-02-07,Positive
R02581,CUST4549,P0230,5,Quality is great for the price.,2025-02-21,Positive
R02582,CUST0686,P1829,4,Quality is great for the price.,2025-04-13,Positive
R02583,CUST4498,P1756,3,Decent product for the price.,2025-04-07,Neutral
R02584,CUST3884,P0994,4,Works as expected.,2025-10-16,Positive
R02585,CUST3103,P0925,4,"Excellent product, highly recommended!",2025-09-06,Positive
R02586,CUST1310,P1177,2,Poor customer service experience.,2022-08-16,Negative
R02587,CUST1636,P1681,5,Works as expected.,2025-06-05,Positive
R02588,CUST2678,P0556,5,Very satisfied with the purchase.,2025-05-25,Positive
R02589,CUST3802,P0581,4,Works as expected.,2023-12-16,Positive
R02590,CUST2116,P1645,5,Works as expected.,2023-08-23,Positive
R02591,CUST4707,P0817,3,"Average quality, meets expectations.",2022-09-30,Neutral
R02592,CUST3613,P0667,5,"Excellent product, highly recommended!",2025-07-12,Positive
R02593,CUST2750,P1949,2,Poor customer service experience.,2024-06-11,Negative
R02594,CUST2688,P1321,3,"Product is okay, nothing special.",2025-02-06,Neutral
R02595,CUST1909,P1386,4,Very satisfied with the purchase.,2025-09-19,Positive
R02596,CUST2848,P0186,3,It's fine but could be better.,2024-07-17,Neutral
R02597,CUST3554,P0114,2,Not worth the money.,2025-01-26,Negative
R02598,CUST1576,P0079,5,Good value for money.,2024-04-23,Positive
R02599,CUST2942,P0549,5,Good value for money.,2025-02-18,Positive
R02600,CUST1479,P1485,5,Very satisfied with the purchase.,2025-05-29,Positive
R02601,CUST2834,P1217,3,"Average quality, meets expectations.",2025-05-22,Neutral
R02602,CUST2768,P1059,2,Disappointed with the build quality.,2025-02-03,Negative
R02603,CUST0047,P1874,3,Decent product for the price.,2025-08-20,Neutral
R02604,CUST2198,P0813,3,"Average quality, meets expectations.",2024-11-10,Neutral
R02605,CUST1144,P0986,4,Quality is great for the price.,2024-01-12,Positive
R02606,CUST2208,P0021,3,It's fine but could be better.,2024-05-17,Neutral
R02607,CUST1296,P1916,5,Quality is great for the price.,2024-03-25,Positive
R02608,CUST2825,P1429,3,"Average quality, meets expectations.",2024-06-14,Neutral
R02609,CUST2210,P1895,4,Works as expected.,2024-04-19,Positive
R02610,CUST2581,P0687,5,"Excellent product, highly recommended!",2023-02-04,Positive
R02611,CUST0697,P0538,3,"Average quality, meets expectations.",2023-12-04,Neutral
R02612,CUST4849,P0782,5,Works as expected.,2025-01-11,Positive
R02613,CUST4373,P1978,5,Very satisfied with the purchase.,2025-10-29,Positive
R02614,CUST4653,P1035,3,Decent product for the price.,2025-08-23,Neutral
R02615,CUST3505,P0480,2,Poor customer service experience.,2025-03-21,Negative
R02616,CUST3263,P0475,2,Poor customer service experience.,2020-12-14,Negative
R02617,CUST3932,P1894,5,Works as expected.,2025-04-11,Positive
R02618,CUST4285,P0538,5,Very satisfied with the purchase.,2025-02-03,Positive
R02619,CUST2230,P1401,4,Good value for money.,2025-08-26,Positive
R02620,CUST1517,P1012,5,Very satisfied with the purchase.,2023-06-26,Positive
R02621,CUST4212,P1195,3,It's fine but could be better.,2024-08-25,Neutral
R02622,CUST2747,P1436,4,"Excellent product, highly recommended!",2025-10-14,Positive
R02623,CUST2942,P0166,5,Quality is great for the price.,2024-05-11,Positive
R02624,CUST0900,P1548,4,Quality is great for the price.,2023-03-02,Positive
R02625,CUST0724,P1202,3,It's fine but could be better.,2021-07-12,Neutral
R02626,CUST2799,P0409,5,Good value for money.,2025-08-25,Positive
R02627,CUST2055,P1225,4,"Excellent product, highly recommended!",2025-05-18,Positive
R02628,CUST1914,P0858,4,"Excellent product, highly recommended!",2025-02-08,Positive
R02629,CUST3352,P0559,4,Very satisfied with the purchase.,2025-09-19,Positive
R02630,CUST1667,P0862,5,Quality is great for the price.,2024-11-29,Positive
R02631,CUST1086,P0062,3,"Product is okay, nothing special.",2024-06-05,Neutral
R02632,CUST0011,P1959,3,Decent product for the price.,2025-05-29,Neutral
R02633,CUST0494,P1783,4,Works as expected.,2025-03-09,Positive
R02634,CUST0527,P0350,5,Works as expected.,2024-06-21,Positive
R02635,CUST2331,P1484,5,Very satisfied with the purchase.,2023-08-16,Positive
R02636,CUST0162,P1308,5,Quality is great for the price.,2025-01-05,Positive
R02637,CUST0249,P1870,4,Good value for money.,2025-10-25,Positive
R02638,CUST3237,P1779,5,Works as expected.,2025-03-24,Positive
R02639,CUST4071,P0928,5,Very satisfied with the purchase.,2025-06-26,Positive
R02640,CUST0601,P0775,3,"Average quality, meets expectations.",2024-06-06,Neutral
R02641,CUST4881,P0470,5,"Excellent product, highly recommended!",2025-11-09,Positive
R02642,CUST0271,P0488,5,Good value for money.,2024-05-23,Positive
R02643,CUST3663,P1894,5,Works as expected.,2024-02-25,Positive
R02644,CUST3000,P1402,5,"Excellent product, highly recommended!",2025-10-05,Positive
R02645,CUST3893,P1066,4,Very satisfied with the purchase.,2025-05-18,Positive
R02646,CUST2604,P1827,2,Poor customer service experience.,2024-07-10,Negative
R02647,CUST0108,P1440,4,"Excellent product, highly recommended!",2025-05-09,Positive
R02648,CUST1465,P1277,5,Works as expected.,2025-07-12,Positive
R02649,CUST4349,P0171,4,"Excellent product, highly recommended!",2025-09-24,Positive
R02650,CUST3628,P0772,5,Good value for money.,2024-08-04,Positive
R02651,CUST3304,P1765,4,Works as expected.,2024-05-01,Positive
R02652,CUST4975,P0580,4,Very satisfied with the purchase.,2025-08-05,Positive
R02653,CUST3299,P1426,4,"Excellent product, highly recommended!",2023-12-13,Positive
R02654,CUST1940,P1380,2,Disappointed with the build quality.,2022-04-19,Negative
R02655,CUST3804,P0317,5,"Excellent product, highly recommended!",2024-12-31,Positive
R02656,CUST3314,P0274,4,Very satisfied with the purchase.,2025-08-09,Positive
R02657,CUST1241,P1139,5,Quality is great for the price.,2025-02-28,Positive
R02658,CUST0800,P0064,5,Quality is great for the price.,2023-01-18,Positive
R02659,CUST1197,P0426,5,Works as expected.,2024-11-28,Positive
R02660,CUST1016,P1647,4,Very satisfied with the purchase.,2024-11-14,Positive
R02661,CUST0525,P1846,5,"Excellent product, highly recommended!",2024-08-13,Positive
R02662,CUST1083,P1778,2,Poor customer service experience.,2025-09-08,Negative
R02663,CUST4573,P1395,4,Quality is great for the price.,2024-10-28,Positive
R02664,CUST2779,P1222,4,Quality is great for the price.,2025-10-16,Positive
R02665,CUST2071,P0423,4,Very satisfied with the purchase.,2021-08-15,Positive
R02666,CUST1303,P1170,5,Good value for money.,2024-06-02,Positive
R02667,CUST0674,P1104,5,Good value for money.,2023-12-08,Positive
R02668,CUST1817,P1382,4,Quality is great for the price.,2025-09-01,Positive
R02669,CUST2863,P1669,4,Works as expected.,2025-10-27,Positive
R02670,CUST2361,P1080,3,Decent product for the price.,2025-04-13,Neutral
R02671,CUST0886,P0301,5,"Excellent product, highly recommended!",2025-07-18,Positive
R02672,CUST0654,P1666,5,Quality is great for the price.,2025-09-30,Positive
R02673,CUST4600,P0148,5,Works as expected.,2024-10-23,Positive
R02674,CUST1875,P1761,5,Works as expected.,2025-07-26,Positive
R02675,CUST3105,P0134,4,"Excellent product, highly recommended!",2025-04-16,Positive
R02676,CUST1620,P1169,3,"Product is okay, nothing special.",2024-01-24,Neutral
R02677,CUST0592,P1108,5,Works as expected.,2025-11-05,Positive
R02678,CUST3301,P0147,4,Good value for money.,2022-04-06,Positive
R02679,CUST2252,P1460,3,"Average quality, meets expectations.",2025-09-04,Neutral
R02680,CUST0692,P1444,4,Good value for money.,2023-03-29,Positive
R02681,CUST3709,P0009,5,Good value for money.,2025-10-02,Positive
R02682,CUST3921,P1034,4,Works as expected.,2025-10-30,Positive
R02683,CUST1004,P1920,3,Decent product for the price.,2025-10-05,Neutral
R02684,CUST4912,P0913,4,Quality is great for the price.,2024-11-16,Positive
R02685,CUST0809,P0875,5,Works as expected.,2021-08-14,Positive
R02686,CUST4961,P0309,5,Quality is great for the price.,2024-05-25,Positive
R02687,CUST3540,P0971,5,"Excellent product, highly recommended!",2025-01-31,Positive
R02688,CUST1676,P0973,2,Poor customer service experience.,2023-06-22,Negative
R02689,CUST3085,P0854,5,Works as expected.,2025-03-25,Positive
R02690,CUST3902,P1469,5,"Excellent product, highly recommended!",2025-05-15,Positive
R02691,CUST1795,P1142,3,"Product is okay, nothing special.",2024-08-31,Neutral
R02692,CUST2448,P1837,4,"Excellent product, highly recommended!",2025-01-19,Positive
R02693,CUST0652,P0336,5,Quality is great for the price.,2025-09-21,Positive
R02694,CUST1800,P0388,4,Good value for money.,2025-05-17,Positive
R02695,CUST2916,P0471,3,"Average quality, meets expectations.",2025-09-24,Neutral
R02696,CUST1563,P0284,5,Good value for money.,2025-06-30,Positive
R02697,CUST0871,P1300,5,"Excellent product, highly recommended!",2025-09-08,Positive
R02698,CUST3698,P0713,4,"Excellent product, highly recommended!",2025-08-14,Positive
R02699,CUST2683,P0301,3,It's fine but could be better.,2024-12-17,Neutral
R02700,CUST3438,P1996,5,Very satisfied with the purchase.,2024-05-21,Positive
R02701,CUST0846,P0569,4,Works as expected.,2025-10-14,Positive
R02702,CUST2331,P0756,5,"Excellent product, highly recommended!",2025-08-22,Positive
R02703,CUST4835,P1926,3,Decent product for the price.,2025-01-12,Neutral
R02704,CUST3357,P0098,5,Quality is great for the price.,2023-06-17,Positive
R02705,CUST4830,P0321,5,"Excellent product, highly recommended!",2025-01-09,Positive
R02706,CUST1712,P0167,4,Quality is great for the price.,2024-07-25,Positive
R02707,CUST3963,P0290,5,"Excellent product, highly recommended!",2023-10-24,Positive
R02708,CUST1613,P1791,3,It's fine but could be better.,2025-05-12,Neutral
R02709,CUST1579,P1529,3,"Average quality, meets expectations.",2025-11-01,Neutral
R02710,CUST0593,P1638,3,It's fine but could be better.,2025-09-19,Neutral
R02711,CUST4297,P1573,5,"Excellent product, highly recommended!",2024-09-08,Positive
R02712,CUST4438,P0359,5,Very satisfied with the purchase.,2024-02-28,Positive
R02713,CUST2362,P0343,4,Very satisfied with the purchase.,2022-06-16,Positive
R02714,CUST3271,P1121,4,Very satisfied with the purchase.,2020-03-05,Positive
R02715,CUST4573,P0234,5,Quality is great for the price.,2025-05-30,Positive
R02716,CUST0564,P1939,4,Good value for money.,2025-10-22,Positive
R02717,CUST2225,P0219,1,Disappointed with the build quality.,2025-08-20,Negative
R02718,CUST4806,P0267,5,"Excellent product, highly recommended!",2021-05-06,Positive
R02719,CUST2523,P1247,5,Works as expected.,2023-08-07,Positive
R02720,CUST2001,P0543,4,"Excellent product, highly recommended!",2025-06-19,Positive
R02721,CUST4764,P1390,5,Good value for money.,2020-04-16,Positive
R02722,CUST2611,P0250,4,"Excellent product, highly recommended!",2025-10-18,Positive
R02723,CUST3253,P1067,3,"Average quality, meets expectations.",2025-09-18,Neutral
R02724,CUST3098,P0084,5,Works as expected.,2025-10-29,Positive
R02725,CUST0438,P1595,3,Decent product for the price.,2025-08-05,Neutral
R02726,CUST4890,P1169,5,"Excellent product, highly recommended!",2024-05-09,Positive
R02727,CUST4996,P0318,5,Good value for money.,2021-07-15,Positive
R02728,CUST4555,P1578,4,Very satisfied with the purchase.,2024-09-10,Positive
R02729,CUST2674,P1832,4,"Excellent product, highly recommended!",2025-05-27,Positive
R02730,CUST1568,P0523,4,Good value for money.,2025-08-02,Positive
R02731,CUST2336,P1803,5,Very satisfied with the purchase.,2025-10-27,Positive
R02732,CUST4755,P1494,5,Works as expected.,2025-11-02,Positive
R02733,CUST4224,P1529,4,Good value for money.,2025-11-13,Positive
R02734,CUST3484,P0924,5,Quality is great for the price.,2024-09-24,Positive
R02735,CUST1032,P0378,5,Very satisfied with the purchase.,2025-01-18,Positive
R02736,CUST1813,P0228,4,"Excellent product, highly recommended!",2024-11-29,Positive
R02737,CUST2726,P1925,5,Good value for money.,2024-08-07,Positive
R02738,CUST0022,P0506,4,Very satisfied with the purchase.,2023-04-01,Positive
R02739,CUST0676,P0544,5,Good value for money.,2023-12-17,Positive
R02740,CUST0105,P1810,4,"Excellent product, highly recommended!",2024-06-21,Positive
R02741,CUST0617,P0961,4,Quality is great for the price.,2025-01-09,Positive
R02742,CUST4304,P0959,5,Works as expected.,2025-10-25,Positive
R02743,CUST1270,P0021,5,"Excellent product, highly recommended!",2022-04-18,Positive
R02744,CUST2288,P1019,5,Works as expected.,2024-01-21,Positive
R02745,CUST4512,P0161,4,Works as expected.,2025-11-07,Positive
R02746,CUST0578,P1849,5,Good value for money.,2023-02-09,Positive
R02747,CUST4698,P1871,2,Not worth the money.,2025-09-03,Negative
R02748,CUST4691,P1910,5,"Excellent product, highly recommended!",2024-06-27,Positive
R02749,CUST1540,P1545,5,"Excellent product, highly recommended!",2025-09-26,Positive
R02750,CUST0487,P1074,5,Works as expected.,2025-05-04,Positive
R02751,CUST3930,P1385,5,Quality is great for the price.,2024-08-11,Positive
R02752,CUST0277,P0080,4,Quality is great for the price.,2022-01-15,Positive
R02753,CUST1278,P0733,4,Works as expected.,2025-02-05,Positive
R02754,CUST1984,P1674,5,Very satisfied with the purchase.,2025-09-06,Positive
R02755,CUST4721,P1641,5,Very satisfied with the purchase.,2025-04-18,Positive
R02756,CUST3152,P0132,2,Poor customer service experience.,2025-07-25,Negative
R02757,CUST2809,P1416,3,"Product is okay, nothing special.",2025-10-29,Neutral
R02758,CUST4375,P0643,2,Stopped working after a week.,2024-02-11,Negative
R02759,CUST3418,P1847,4,Quality is great for the price.,2023-10-12,Positive
R02760,CUST4771,P1724,4,Works as expected.,2025-11-04,Positive
R02761,CUST4909,P1800,3,It's fine but could be better.,2025-02-12,Neutral
R02762,CUST4203,P0371,4,"Excellent product, highly recommended!",2025-08-30,Positive
R02763,CUST4805,P0222,5,"Excellent product, highly recommended!",2025-10-26,Positive
R02764,CUST0803,P1306,5,"Excellent product, highly recommended!",2025-06-28,Positive
R02765,CUST0737,P0897,3,"Average quality, meets expectations.",2021-11-27,Neutral
R02766,CUST4238,P0389,4,Very satisfied with the purchase.,2024-08-19,Positive
R02767,CUST1071,P0618,2,Stopped working after a week.,2023-05-30,Negative
R02768,CUST1050,P0952,3,Decent product for the price.,2025-09-02,Neutral
R02769,CUST2324,P1532,5,Good value for money.,2025-08-09,Positive
R02770,CUST2953,P1309,4,Quality is great for the price.,2023-10-03,Positive
R02771,CUST0302,P0722,4,Very satisfied with the purchase.,2024-06-02,Positive
R02772,CUST4554,P1929,4,Good value for money.,2025-09-27,Positive
R02773,CUST0603,P0097,4,Quality is great for the price.,2025-03-12,Positive
R02774,CUST4822,P1988,5,Quality is great for the price.,2025-01-31,Positive
R02775,CUST2141,P1606,4,Quality is great for the price.,2022-02-12,Positive
R02776,CUST4925,P0465,4,Quality is great for the price.,2025-02-06,Positive
R02777,CUST1024,P1065,4,Quality is great for the price.,2023-09-20,Positive
R02778,CUST0969,P1785,2,Disappointed with the build quality.,2024-03-07,Negative
R02779,CUST3385,P1017,5,Good value for money.,2023-03-20,Positive
R02780,CUST0163,P0161,5,Quality is great for the price.,2024-10-23,Positive
R02781,CUST1923,P1474,4,Works as expected.,2024-10-10,Positive
R02782,CUST4674,P0756,5,Works as expected.,2023-07-26,Positive
R02783,CUST1568,P1754,5,Very satisfied with the purchase.,2023-09-05,Positive
R02784,CUST2604,P0894,5,Works as expected.,2024-03-16,Positive
R02785,CUST2023,P0949,5,Very satisfied with the purchase.,2021-08-24,Positive
R02786,CUST4922,P0979,4,Good value for money.,2023-06-18,Positive
R02787,CUST4465,P1013,4,"Excellent product, highly recommended!",2021-06-26,Positive
R02788,CUST0013,P1055,5,Very satisfied with the purchase.,2025-06-08,Positive
R02789,CUST3011,P1443,5,Works as expected.,2025-07-17,Positive
R02790,CUST1236,P1648,3,"Average quality, meets expectations.",2024-06-14,Neutral
R02791,CUST2915,P0900,3,"Product is okay, nothing special.",2025-02-25,Neutral
R02792,CUST2640,P0567,3,It's fine but could be better.,2021-06-08,Neutral
R02793,CUST3829,P1009,5,Works as expected.,2022-09-24,Positive
R02794,CUST1706,P1712,4,"Excellent product, highly recommended!",2022-11-16,Positive
R02795,CUST1864,P0481,5,Works as expected.,2025-10-24,Positive
R02796,CUST0673,P1451,5,Very satisfied with the purchase.,2025-09-07,Positive
R02797,CUST4022,P1349,5,Works as expected.,2025-03-08,Positive
R02798,CUST3056,P1411,5,Good value for money.,2025-11-13,Positive
R02799,CUST1833,P1509,5,Very satisfied with the purchase.,2024-10-21,Positive
R02800,CUST0977,P1389,2,Stopped working after a week.,2022-04-02,Negative
R02801,CUST0540,P1932,2,Disappointed with the build quality.,2025-09-15,Negative
R02802,CUST1613,P1725,4,"Excellent product, highly recommended!",2025-11-09,Positive
R02803,CUST4134,P0224,3,"Product is okay, nothing special.",2020-02-04,Neutral
R02804,CUST2820,P0045,3,It's fine but could be better.,2024-03-11,Neutral
R02805,CUST1920,P0674,4,Quality is great for the price.,2025-07-23,Positive
R02806,CUST3136,P1925,4,Good value for money.,2025-04-02,Positive
R02807,CUST1061,P0223,4,Works as expected.,2025-09-25,Positive
R02808,CUST4775,P1551,5,Works as expected.,2025-09-11,Positive
R02809,CUST0737,P0205,3,It's fine but could be better.,2025-10-07,Neutral
R02810,CUST4185,P1600,2,Stopped working after a week.,2025-08-06,Negative
R02811,CUST0695,P1311,4,Good value for money.,2024-02-29,Positive
R02812,CUST3517,P1833,5,Very satisfied with the purchase.,2025-09-30,Positive
R02813,CUST1607,P0303,2,Disappointed with the build quality.,2021-09-05,Negative
R02814,CUST1430,P1937,5,"Excellent product, highly recommended!",2025-01-20,Positive
R02815,CUST1588,P1234,5,Works as expected.,2025-08-27,Positive
R02816,CUST3084,P1075,1,Poor customer service experience.,2025-11-04,Negative
R02817,CUST1576,P1191,5,"Excellent product, highly recommended!",2023-12-23,Positive
R02818,CUST3125,P1405,5,Very satisfied with the purchase.,2025-08-01,Positive
R02819,CUST2417,P0046,3,"Average quality, meets expectations.",2022-12-14,Neutral
R02820,CUST1227,P1179,3,It's fine but could be better.,2025-07-17,Neutral
R02821,CUST1513,P0105,4,"Excellent product, highly recommended!",2023-12-15,Positive
R02822,CUST1844,P1819,5,Quality is great for the price.,2024-12-13,Positive
R02823,CUST1888,P0846,4,Very satisfied with the purchase.,2024-09-25,Positive
R02824,CUST0245,P0937,5,Very satisfied with the purchase.,2025-08-10,Positive
R02825,CUST2740,P1685,4,Very satisfied with the purchase.,2025-04-14,Positive
R02826,CUST4547,P1680,5,"Excellent product, highly recommended!",2025-05-17,Positive
R02827,CUST2274,P0443,5,Very satisfied with the purchase.,2025-11-12,Positive
R02828,CUST4413,P1374,5,Works as expected.,2024-05-16,Positive
R02829,CUST4745,P0700,4,"Excellent product, highly recommended!",2025-07-02,Positive
R02830,CUST1506,P1466,5,"Excellent product, highly recommended!",2025-03-11,Positive
R02831,CUST4083,P0904,3,"Product is okay, nothing special.",2023-07-28,Neutral
R02832,CUST0574,P0660,5,Quality is great for the price.,2024-01-29,Positive
R02833,CUST1271,P0188,5,Works as expected.,2025-03-17,Positive
R02834,CUST3346,P0612,5,Very satisfied with the purchase.,2025-02-24,Positive
R02835,CUST4410,P0563,5,Quality is great for the price.,2025-03-13,Positive
R02836,CUST0227,P1736,4,Quality is great for the price.,2025-11-10,Positive
R02837,CUST0307,P0794,5,Works as expected.,2025-10-18,Positive
R02838,CUST1927,P0507,5,Very satisfied with the purchase.,2024-04-06,Positive
R02839,CUST0408,P1456,5,Very satisfied with the purchase.,2024-10-07,Positive
R02840,CUST0266,P1474,4,"Excellent product, highly recommended!",2024-12-23,Positive
R02841,CUST1014,P1919,3,"Average quality, meets expectations.",2025-09-05,Neutral
R02842,CUST3590,P0271,5,Very satisfied with the purchase.,2023-11-24,Positive
R02843,CUST4564,P1155,2,Poor customer service experience.,2023-12-06,Negative
R02844,CUST3624,P0475,5,Good value for money.,2025-09-02,Positive
R02845,CUST0530,P1779,5,Good value for money.,2025-02-21,Positive
R02846,CUST2727,P0403,4,Good value for money.,2025-05-25,Positive
R02847,CUST0163,P0150,3,It's fine but could be better.,2024-06-26,Neutral
R02848,CUST4638,P1285,5,"Excellent product, highly recommended!",2025-10-17,Positive
R02849,CUST2996,P0378,5,"Excellent product, highly recommended!",2023-04-03,Positive
R02850,CUST3544,P1400,2,Not worth the money.,2024-05-05,Negative
R02851,CUST0626,P0043,4,Good value for money.,2024-09-28,Positive
R02852,CUST2964,P1294,5,Good value for money.,2025-10-12,Positive
R02853,CUST2930,P1066,5,"Excellent product, highly recommended!",2025-05-27,Positive
R02854,CUST0269,P0993,4,Very satisfied with the purchase.,2024-07-16,Positive
R02855,CUST2987,P1144,5,Good value for money.,2022-12-07,Positive
R02856,CUST4365,P0399,2,Disappointed with the build quality.,2025-05-07,Negative
R02857,CUST4649,P1605,5,Very satisfied with the purchase.,2025-07-11,Positive
R02858,CUST4862,P0305,3,"Average quality, meets expectations.",2022-10-17,Neutral
R02859,CUST2790,P0768,2,Stopped working after a week.,2024-01-15,Negative
R02860,CUST4321,P0676,5,Good value for money.,2024-12-18,Positive
R02861,CUST4971,P1263,5,Quality is great for the price.,2025-11-01,Positive
R02862,CUST1337,P1726,3,It's fine but could be better.,2025-01-03,Neutral
R02863,CUST4572,P1968,5,"Excellent product, highly recommended!",2025-08-10,Positive
R02864,CUST3398,P1267,4,Very satisfied with the purchase.,2021-03-17,Positive
R02865,CUST0964,P0980,4,Good value for money.,2025-09-21,Positive
R02866,CUST4911,P1601,5,Quality is great for the price.,2025-06-01,Positive
R02867,CUST3241,P1814,3,It's fine but could be better.,2025-06-03,Neutral
R02868,CUST3490,P1001,1,Stopped working after a week.,2022-09-16,Negative
R02869,CUST0443,P1762,5,Very satisfied with the purchase.,2025-11-10,Positive
R02870,CUST0015,P0031,5,Good value for money.,2025-02-20,Positive
R02871,CUST2567,P1198,5,"Excellent product, highly recommended!",2024-09-20,Positive
R02872,CUST3767,P1548,4,Very satisfied with the purchase.,2025-10-16,Positive
R02873,CUST4150,P1730,3,"Product is okay, nothing special.",2025-07-26,Neutral
R02874,CUST1555,P1381,3,Decent product for the price.,2025-04-26,Neutral
R02875,CUST1524,P0171,4,Very satisfied with the purchase.,2025-10-22,Positive
R02876,CUST4015,P0376,4,"Excellent product, highly recommended!",2024-10-08,Positive
R02877,CUST0830,P1721,5,Very satisfied with the purchase.,2025-09-23,Positive
R02878,CUST1536,P1813,4,Good value for money.,2024-07-26,Positive
R02879,CUST2922,P0401,4,Works as expected.,2025-05-25,Positive
R02880,CUST4560,P0971,3,Decent product for the price.,2023-10-26,Neutral
R02881,CUST2714,P1879,1,Poor customer service experience.,2025-06-17,Negative
R02882,CUST0721,P1292,4,Good value for money.,2023-09-26,Positive
R02883,CUST3941,P0882,5,Very satisfied with the purchase.,2025-11-11,Positive
R02884,CUST0080,P1186,4,Works as expected.,2024-06-08,Positive
R02885,CUST3576,P1479,5,Good value for money.,2025-07-28,Positive
R02886,CUST2865,P0576,4,Quality is great for the price.,2024-12-23,Positive
R02887,CUST4114,P1360,4,Good value for money.,2024-04-17,Positive
R02888,CUST1719,P0380,5,Good value for money.,2024-06-22,Positive
R02889,CUST4655,P1060,4,"Excellent product, highly recommended!",2025-07-21,Positive
R02890,CUST4145,P0433,4,Quality is great for the price.,2025-09-03,Positive
R02891,CUST0810,P1250,1,Disappointed with the build quality.,2025-06-24,Negative
R02892,CUST0548,P0879,2,Disappointed with the build quality.,2024-09-28,Negative
R02893,CUST2457,P1043,5,Works as expected.,2025-06-30,Positive
R02894,CUST0661,P0564,2,Stopped working after a week.,2025-07-31,Negative
R02895,CUST0751,P1741,4,Quality is great for the price.,2025-08-03,Positive
R02896,CUST0038,P0476,3,"Product is okay, nothing special.",2023-04-18,Neutral
R02897,CUST0475,P0328,5,"Excellent product, highly recommended!",2025-02-20,Positive
R02898,CUST1688,P0460,3,It's fine but could be better.,2025-09-02,Neutral
R02899,CUST3272,P1846,3,"Average quality, meets expectations.",2024-05-15,Neutral
R02900,CUST1771,P1073,5,Very satisfied with the purchase.,2021-11-28,Positive
R02901,CUST4881,P0541,5,"Excellent product, highly recommended!",2025-10-07,Positive
R02902,CUST1624,P0515,5,Very satisfied with the purchase.,2024-04-20,Positive
R02903,CUST2553,P0725,4,Quality is great for the price.,2025-09-11,Positive
R02904,CUST0611,P0579,5,Very satisfied with the purchase.,2025-08-29,Positive
R02905,CUST4010,P0372,4,Works as expected.,2023-12-25,Positive
R02906,CUST4194,P1643,4,Works as expected.,2024-02-13,Positive
R02907,CUST1658,P1077,4,Quality is great for the price.,2023-04-18,Positive
R02908,CUST2499,P0446,4,Very satisfied with the purchase.,2025-07-29,Positive
R02909,CUST2046,P1617,4,Works as expected.,2022-12-12,Positive
R02910,CUST0507,P0746,3,"Product is okay, nothing special.",2025-08-22,Neutral
R02911,CUST2849,P1272,3,It's fine but could be better.,2025-04-02,Neutral
R02912,CUST1244,P1077,5,Good value for money.,2022-09-11,Positive
R02913,CUST0532,P0754,5,Works as expected.,2025-11-07,Positive
R02914,CUST4878,P0246,5,Very satisfied with the purchase.,2023-02-09,Positive
R02915,CUST2775,P1574,3,It's fine but could be better.,2025-10-23,Neutral
R02916,CUST3734,P1958,5,Quality is great for the price.,2025-11-14,Positive
R02917,CUST2714,P0752,5,Very satisfied with the purchase.,2025-04-02,Positive
R02918,CUST4059,P0518,4,"Excellent product, highly recommended!",2024-03-03,Positive
R02919,CUST4042,P1598,2,Poor customer service experience.,2022-06-08,Negative
R02920,CUST3302,P0477,4,"Excellent product, highly recommended!",2025-10-23,Positive
R02921,CUST1745,P0220,1,Stopped working after a week.,2023-11-27,Negative
R02922,CUST0611,P0362,5,Good value for money.,2025-10-13,Positive
R02923,CUST4725,P0203,4,Quality is great for the price.,2024-05-04,Positive
R02924,CUST2867,P1073,5,Works as expected.,2023-09-08,Positive
R02925,CUST4248,P1993,3,Decent product for the price.,2025-10-28,Neutral
R02926,CUST4396,P0715,5,Good value for money.,2025-06-03,Positive
R02927,CUST1871,P1617,5,Good value for money.,2024-09-12,Positive
R02928,CUST0965,P0942,5,Works as expected.,2025-01-26,Positive
R02929,CUST3939,P0862,4,Works as expected.,2025-06-26,Positive
R02930,CUST4266,P0872,3,Decent product for the price.,2024-12-27,Neutral
R02931,CUST2051,P0366,4,Quality is great for the price.,2022-12-10,Positive
R02932,CUST3392,P0659,5,"Excellent product, highly recommended!",2024-01-24,Positive
R02933,CUST4041,P1940,4,Good value for money.,2023-07-17,Positive
R02934,CUST4878,P1776,4,Good value for money.,2023-07-09,Positive
R02935,CUST0822,P0839,4,Works as expected.,2023-03-01,Positive
R02936,CUST4408,P0339,3,It's fine but could be better.,2022-12-07,Neutral
R02937,CUST0331,P0638,5,"Excellent product, highly recommended!",2023-02-08,Positive
R02938,CUST0456,P0108,3,It's fine but could be better.,2025-01-08,Neutral
R02939,CUST1772,P1719,4,Very satisfied with the purchase.,2024-08-06,Positive
R02940,CUST1883,P0262,1,Poor customer service experience.,2025-07-23,Negative
R02941,CUST1195,P0946,2,Disappointed with the build quality.,2025-10-04,Negative
R02942,CUST0316,P1956,5,Very satisfied with the purchase.,2025-11-11,Positive
R02943,CUST1320,P1203,5,Works as expected.,2025-05-17,Positive
R02944,CUST4797,P0412,3,It's fine but could be better.,2025-06-21,Neutral
R02945,CUST0934,P0798,4,Works as expected.,2023-01-14,Positive
R02946,CUST2083,P1616,4,Good value for money.,2025-07-07,Positive
R02947,CUST0247,P0079,5,Works as expected.,2025-05-01,Positive
R02948,CUST4740,P0329,4,Works as expected.,2025-07-30,Positive
R02949,CUST3756,P1857,3,"Product is okay, nothing special.",2025-09-03,Neutral
R02950,CUST3566,P1894,4,Very satisfied with the purchase.,2024-12-12,Positive
R02951,CUST4638,P0709,2,Stopped working after a week.,2025-09-10,Negative
R02952,CUST3510,P0700,4,Quality is great for the price.,2022-10-18,Positive
R02953,CUST4787,P0296,5,"Excellent product, highly recommended!",2024-08-17,Positive
R02954,CUST1894,P1702,5,Works as expected.,2025-11-03,Positive
R02955,CUST4555,P0426,4,"Excellent product, highly recommended!",2023-07-08,Positive
R02956,CUST0357,P0912,4,Good value for money.,2024-11-25,Positive
R02957,CUST3231,P1109,5,"Excellent product, highly recommended!",2023-02-21,Positive
R02958,CUST0349,P0671,5,Quality is great for the price.,2023-03-01,Positive
R02959,CUST2617,P0268,5,Quality is great for the price.,2023-08-01,Positive
R02960,CUST1803,P0851,5,Very satisfied with the purchase.,2024-11-20,Positive
R02961,CUST0929,P1229,4,Works as expected.,2025-04-03,Positive
R02962,CUST2222,P1977,5,Works as expected.,2024-07-30,Positive
R02963,CUST1730,P0924,5,Good value for money.,2025-01-14,Positive
R02964,CUST2567,P1986,5,Quality is great for the price.,2025-09-20,Positive
R02965,CUST2639,P1917,4,Quality is great for the price.,2023-07-19,Positive
R02966,CUST0168,P0071,5,Good value for money.,2024-10-11,Positive
R02967,CUST2703,P1535,5,"Excellent product, highly recommended!",2023-03-22,Positive
R02968,CUST0910,P0276,4,Good value for money.,2023-12-09,Positive
R02969,CUST0337,P0372,5,Works as expected.,2025-04-23,Positive
R02970,CUST2956,P1228,5,Good value for money.,2025-01-18,Positive
R02971,CUST2521,P1755,5,"Excellent product, highly recommended!",2022-06-18,Positive
R02972,CUST1042,P0487,5,Good value for money.,2024-05-10,Positive
R02973,CUST1216,P0699,5,"Excellent product, highly recommended!",2025-11-09,Positive
R02974,CUST1419,P0794,5,Good value for money.,2025-08-15,Positive
R02975,CUST1132,P0428,5,Very satisfied with the purchase.,2024-07-03,Positive
R02976,CUST0169,P1019,5,Very satisfied with the purchase.,2025-02-18,Positive
R02977,CUST0083,P0380,4,Very satisfied with the purchase.,2025-03-30,Positive
R02978,CUST0221,P1294,5,Quality is great for the price.,2021-01-13,Positive
R02979,CUST2792,P0290,3,"Product is okay, nothing special.",2025-01-06,Neutral
R02980,CUST2470,P0256,3,Decent product for the price.,2024-03-12,Neutral
R02981,CUST0569,P0608,3,It's fine but could be better.,2023-12-31,Neutral
R02982,CUST4333,P1353,4,"Excellent product, highly recommended!",2025-08-02,Positive
R02983,CUST0821,P1859,5,Works as expected.,2023-09-10,Positive
R02984,CUST1711,P0570,3,Decent product for the price.,2024-07-20,Neutral
R02985,CUST2878,P1231,5,Quality is great for the price.,2024-12-17,Positive
R02986,CUST1207,P1196,5,Good value for money.,2024-10-28,Positive
R02987,CUST1479,P1339,4,Works as expected.,2024-12-23,Positive
R02988,CUST3991,P0177,5,Very satisfied with the purchase.,2025-10-01,Positive
R02989,CUST2911,P0309,4,Quality is great for the price.,2024-08-07,Positive
R02990,CUST4571,P0857,5,Quality is great for the price.,2024-10-20,Positive
R02991,CUST1361,P0031,5,Works as expected.,2025-07-11,Positive
R02992,CUST4271,P1052,4,Good value for money.,2022-08-27,Positive
R02993,CUST3684,P0973,5,Good value for money.,2024-09-25,Positive
R02994,CUST0648,P1102,4,Quality is great for the price.,2020-11-10,Positive
R02995,CUST0143,P0517,5,Good value for money.,2022-11-21,Positive
R02996,CUST0073,P0844,1,Disappointed with the build quality.,2025-07-31,Negative
R02997,CUST1509,P1133,5,"Excellent product, highly recommended!",2024-07-26,Positive
R02998,CUST0105,P0925,4,Good value for money.,2024-11-27,Positive
R02999,CUST2085,P1317,5,Works as expected.,2025-08-02,Positive
R03000,CUST4239,P1817,5,Very satisfied with the purchase.,2022-09-04,Positive
R03001,CUST1494,P1362,5,Quality is great for the price.,2025-05-08,Positive
R03002,CUST1977,P0948,5,Quality is great for the price.,2021-08-16,Positive
R03003,CUST3478,P1938,5,Works as expected.,2025-04-12,Positive
R03004,CUST2956,P0297,4,Very satisfied with the purchase.,2023-06-04,Positive
R03005,CUST3373,P1561,4,Good value for money.,2024-03-19,Positive
R03006,CUST4104,P1762,5,Good value for money.,2025-08-29,Positive
R03007,CUST2808,P0364,5,Very satisfied with the purchase.,2025-08-04,Positive
R03008,CUST0058,P0031,5,Works as expected.,2025-10-09,Positive
R03009,CUST0697,P0847,5,"Excellent product, highly recommended!",2024-01-24,Positive
R03010,CUST4768,P1104,5,Good value for money.,2025-07-17,Positive
R03011,CUST2061,P0129,5,Quality is great for the price.,2025-10-14,Positive
R03012,CUST3647,P1604,4,Very satisfied with the purchase.,2025-09-06,Positive
R03013,CUST2500,P0440,5,Works as expected.,2025-10-20,Positive
R03014,CUST2130,P0044,1,Disappointed with the build quality.,2025-09-09,Negative
R03015,CUST2302,P1460,5,"Excellent product, highly recommended!",2023-04-19,Positive
R03016,CUST1642,P0273,4,Good value for money.,2025-09-02,Positive
R03017,CUST4338,P0995,4,Quality is great for the price.,2020-08-28,Positive
R03018,CUST3421,P0854,1,Poor customer service experience.,2025-10-01,Negative
R03019,CUST3017,P0490,5,Works as expected.,2025-07-05,Positive
R03020,CUST1599,P0504,5,Good value for money.,2025-07-09,Positive
R03021,CUST4484,P1365,5,Very satisfied with the purchase.,2025-09-04,Positive
R03022,CUST1661,P0245,5,"Excellent product, highly recommended!",2024-12-13,Positive
R03023,CUST2398,P0887,5,Works as expected.,2025-09-14,Positive
R03024,CUST0734,P1250,5,Very satisfied with the purchase.,2022-10-15,Positive
R03025,CUST3277,P0529,4,Good value for money.,2025-03-08,Positive
R03026,CUST4110,P0674,1,Stopped working after a week.,2024-08-09,Negative
R03027,CUST4495,P1121,2,Not worth the money.,2024-06-30,Negative
R03028,CUST0863,P1606,4,Very satisfied with the purchase.,2020-01-23,Positive
R03029,CUST4695,P0261,5,"Excellent product, highly recommended!",2025-02-08,Positive
R03030,CUST1602,P1103,4,Very satisfied with the purchase.,2025-06-21,Positive
R03031,CUST0464,P0013,4,Quality is great for the price.,2025-08-28,Positive
R03032,CUST4830,P0899,4,Very satisfied with the purchase.,2025-07-08,Positive
R03033,CUST2486,P1642,4,Quality is great for the price.,2024-06-16,Positive
R03034,CUST1044,P0811,5,Works as expected.,2025-11-01,Positive
R03035,CUST4214,P1118,5,Quality is great for the price.,2025-07-09,Positive
R03036,CUST2336,P1350,2,Disappointed with the build quality.,2025-10-31,Negative
R03037,CUST0637,P1808,3,It's fine but could be better.,2021-07-29,Neutral
R03038,CUST4183,P0888,4,Quality is great for the price.,2024-05-12,Positive
R03039,CUST4979,P1940,5,Works as expected.,2024-10-15,Positive
R03040,CUST1367,P0785,4,Quality is great for the price.,2025-09-24,Positive
R03041,CUST3700,P1317,4,Quality is great for the price.,2025-08-06,Positive
R03042,CUST2045,P1372,5,"Excellent product, highly recommended!",2024-10-31,Positive
R03043,CUST0647,P0405,5,"Excellent product, highly recommended!",2023-04-27,Positive
R03044,CUST2374,P0908,5,Very satisfied with the purchase.,2023-11-22,Positive
R03045,CUST1430,P0698,5,Works as expected.,2025-11-05,Positive
R03046,CUST1401,P1096,3,"Product is okay, nothing special.",2025-10-20,Neutral
R03047,CUST1967,P1429,3,"Product is okay, nothing special.",2025-03-11,Neutral
R03048,CUST2433,P1149,5,Works as expected.,2025-09-21,Positive
R03049,CUST0043,P1662,5,Good value for money.,2025-05-20,Positive
R03050,CUST1199,P1708,3,"Average quality, meets expectations.",2022-12-04,Neutral
R03051,CUST3887,P0101,5,Quality is great for the price.,2024-03-03,Positive
R03052,CUST3606,P0130,4,Quality is great for the price.,2024-07-31,Positive
R03053,CUST3617,P1953,3,"Product is okay, nothing special.",2025-04-22,Neutral
R03054,CUST3916,P0908,4,Quality is great for the price.,2020-02-23,Positive
R03055,CUST3924,P0912,5,Good value for money.,2025-06-21,Positive
R03056,CUST4647,P1363,4,Good value for money.,2021-07-11,Positive
R03057,CUST1303,P1283,1,Not worth the money.,2025-05-31,Negative
R03058,CUST2765,P0589,2,Not worth the money.,2024-05-14,Negative
R03059,CUST3488,P1595,2,Not worth the money.,2025-10-12,Negative
R03060,CUST3610,P1687,5,"Excellent product, highly recommended!",2025-09-19,Positive
R03061,CUST3248,P0661,5,Very satisfied with the purchase.,2025-10-18,Positive
R03062,CUST0292,P0661,4,"Excellent product, highly recommended!",2025-10-27,Positive
R03063,CUST2843,P1053,1,Stopped working after a week.,2025-09-01,Negative
R03064,CUST1947,P1963,2,Disappointed with the build quality.,2023-04-22,Negative
R03065,CUST2470,P1187,4,"Excellent product, highly recommended!",2025-10-01,Positive
R03066,CUST2170,P0898,4,Quality is great for the price.,2023-06-14,Positive
R03067,CUST3508,P1802,4,"Excellent product, highly recommended!",2023-12-26,Positive
R03068,CUST1663,P1226,3,Decent product for the price.,2025-09-01,Neutral
R03069,CUST3298,P0112,5,Good value for money.,2025-07-19,Positive
R03070,CUST4753,P1573,2,Poor customer service experience.,2024-12-26,Negative
R03071,CUST4392,P0627,5,Good value for money.,2025-11-13,Positive
R03072,CUST2247,P1681,5,Good value for money.,2022-11-19,Positive
R03073,CUST2909,P0227,5,Good value for money.,2022-05-17,Positive
R03074,CUST3732,P0945,3,"Product is okay, nothing special.",2025-09-14,Neutral
R03075,CUST1575,P1230,4,Quality is great for the price.,2025-10-16,Positive
R03076,CUST3798,P0819,5,Good value for money.,2024-06-30,Positive
R03077,CUST2428,P1478,3,"Product is okay, nothing special.",2025-08-10,Neutral
R03078,CUST1785,P0198,4,Good value for money.,2020-10-15,Positive
R03079,CUST0139,P0117,5,Good value for money.,2025-02-17,Positive
R03080,CUST0363,P1310,3,Decent product for the price.,2025-07-19,Neutral
R03081,CUST2461,P0964,4,"Excellent product, highly recommended!",2024-12-31,Positive
R03082,CUST0779,P0411,3,Decent product for the price.,2025-08-04,Neutral
R03083,CUST1122,P0917,3,It's fine but could be better.,2024-10-07,Neutral
R03084,CUST3462,P1331,4,Works as expected.,2024-05-04,Positive
R03085,CUST2533,P1806,5,Works as expected.,2025-01-30,Positive
R03086,CUST0276,P0291,2,Not worth the money.,2024-12-06,Negative
R03087,CUST1820,P1819,5,Works as expected.,2022-10-07,Positive
R03088,CUST4439,P0233,5,Works as expected.,2025-02-10,Positive
R03089,CUST2541,P1157,4,Works as expected.,2025-06-30,Positive
R03090,CUST2422,P0340,4,Very satisfied with the purchase.,2023-06-17,Positive
R03091,CUST2531,P0726,4,Good value for money.,2022-01-14,Positive
R03092,CUST4355,P0828,3,Decent product for the price.,2025-04-02,Neutral
R03093,CUST4253,P0013,4,Very satisfied with the purchase.,2025-04-07,Positive
R03094,CUST4436,P0765,5,Very satisfied with the purchase.,2025-09-07,Positive
R03095,CUST1388,P1695,5,Good value for money.,2025-07-19,Positive
R03096,CUST4742,P1371,5,"Excellent product, highly recommended!",2025-10-24,Positive
R03097,CUST3501,P1298,4,"Excellent product, highly recommended!",2024-06-07,Positive
R03098,CUST4001,P0564,5,Good value for money.,2025-09-13,Positive
R03099,CUST3302,P1922,3,Decent product for the price.,2025-11-01,Neutral
R03100,CUST0705,P1154,4,Good value for money.,2024-12-05,Positive
R03101,CUST1856,P0461,5,Good value for money.,2024-05-19,Positive
R03102,CUST1371,P1862,5,Good value for money.,2024-06-02,Positive
R03103,CUST2875,P0912,4,Quality is great for the price.,2025-10-04,Positive
R03104,CUST0509,P1660,3,"Product is okay, nothing special.",2024-12-30,Neutral
R03105,CUST0378,P0010,5,Works as expected.,2024-09-15,Positive
R03106,CUST1788,P0165,4,Works as expected.,2022-08-25,Positive
R03107,CUST2384,P0974,5,Quality is great for the price.,2025-03-14,Positive
R03108,CUST4642,P0689,5,Quality is great for the price.,2025-09-16,Positive
R03109,CUST0821,P0526,4,Quality is great for the price.,2023-02-02,Positive
R03110,CUST4698,P1578,3,"Average quality, meets expectations.",2024-10-07,Neutral
R03111,CUST2800,P0484,5,Very satisfied with the purchase.,2025-09-07,Positive
R03112,CUST0306,P1445,3,Decent product for the price.,2022-06-12,Neutral
R03113,CUST2179,P0683,5,Quality is great for the price.,2024-09-04,Positive
R03114,CUST3014,P0545,5,Quality is great for the price.,2024-05-19,Positive
R03115,CUST2349,P1432,4,Very satisfied with the purchase.,2025-06-14,Positive
R03116,CUST3999,P0898,5,Works as expected.,2023-04-30,Positive
R03117,CUST1807,P0392,4,Very satisfied with the purchase.,2024-06-02,Positive
R03118,CUST3814,P0121,5,Works as expected.,2025-08-29,Positive
R03119,CUST0700,P1305,5,Very satisfied with the purchase.,2025-09-06,Positive
R03120,CUST0128,P1257,4,Good value for money.,2025-03-16,Positive
R03121,CUST4010,P1001,5,Very satisfied with the purchase.,2024-11-01,Positive
R03122,CUST3669,P1829,5,Good value for money.,2024-09-22,Positive
R03123,CUST1267,P1412,5,"Excellent product, highly recommended!",2025-06-30,Positive
R03124,CUST2774,P0362,4,Very satisfied with the purchase.,2023-08-14,Positive
R03125,CUST1230,P0194,2,Stopped working after a week.,2024-11-17,Negative
R03126,CUST1887,P0471,3,It's fine but could be better.,2024-02-09,Neutral
R03127,CUST2047,P0225,5,Quality is great for the price.,2025-05-24,Positive
R03128,CUST3450,P0701,5,Very satisfied with the purchase.,2024-02-23,Positive
R03129,CUST0666,P0902,2,Stopped working after a week.,2025-04-18,Negative
R03130,CUST0091,P0254,3,"Average quality, meets expectations.",2025-10-07,Neutral
R03131,CUST3488,P0815,3,Decent product for the price.,2023-04-04,Neutral
R03132,CUST1491,P0687,4,Good value for money.,2025-02-13,Positive
R03133,CUST2194,P0644,3,"Product is okay, nothing special.",2023-06-22,Neutral
R03134,CUST3906,P1005,4,Works as expected.,2023-11-10,Positive
R03135,CUST4849,P0522,3,"Product is okay, nothing special.",2024-11-15,Neutral
R03136,CUST3476,P1122,5,"Excellent product, highly recommended!",2024-10-19,Positive
R03137,CUST1950,P0841,5,Very satisfied with the purchase.,2025-01-29,Positive
R03138,CUST1969,P1513,5,Good value for money.,2024-09-14,Positive
R03139,CUST1207,P0368,4,Quality is great for the price.,2022-10-27,Positive
R03140,CUST0946,P0994,2,Not worth the money.,2025-10-14,Negative
R03141,CUST1092,P1187,5,Quality is great for the price.,2024-10-06,Positive
R03142,CUST3843,P1647,2,Poor customer service experience.,2024-12-24,Negative
R03143,CUST3045,P1433,5,Quality is great for the price.,2025-02-04,Positive
R03144,CUST0449,P0949,4,Very satisfied with the purchase.,2020-08-31,Positive
R03145,CUST2152,P0862,4,Works as expected.,2025-01-07,Positive
R03146,CUST2941,P1134,5,Quality is great for the price.,2022-04-12,Positive
R03147,CUST2502,P1521,5,Works as expected.,2023-01-07,Positive
R03148,CUST1535,P0224,4,"Excellent product, highly recommended!",2025-08-09,Positive
R03149,CUST0926,P0915,5,Quality is great for the price.,2024-10-09,Positive
R03150,CUST4833,P0549,5,Good value for money.,2024-07-20,Positive
R03151,CUST4192,P1949,4,Works as expected.,2025-10-25,Positive
R03152,CUST0486,P0849,4,Works as expected.,2025-05-28,Positive
R03153,CUST4340,P1346,4,"Excellent product, highly recommended!",2024-07-12,Positive
R03154,CUST3652,P0992,3,"Product is okay, nothing special.",2023-03-24,Neutral
R03155,CUST1540,P1981,5,Good value for money.,2025-08-27,Positive
R03156,CUST3812,P0228,5,Quality is great for the price.,2024-07-31,Positive
R03157,CUST3061,P0599,1,Stopped working after a week.,2024-07-25,Negative
R03158,CUST2863,P0081,4,Works as expected.,2025-09-01,Positive
R03159,CUST1726,P0986,5,Quality is great for the price.,2022-01-26,Positive
R03160,CUST0474,P1849,3,"Product is okay, nothing special.",2023-09-05,Neutral
R03161,CUST4891,P0343,4,"Excellent product, highly recommended!",2025-03-17,Positive
R03162,CUST1996,P1106,5,Quality is great for the price.,2025-10-16,Positive
R03163,CUST4901,P0984,4,Works as expected.,2025-03-07,Positive
R03164,CUST1624,P0587,4,Quality is great for the price.,2025-11-03,Positive
R03165,CUST0182,P1952,5,"Excellent product, highly recommended!",2022-01-12,Positive
R03166,CUST0709,P0184,3,Decent product for the price.,2021-12-25,Neutral
R03167,CUST3445,P1534,5,"Excellent product, highly recommended!",2025-10-02,Positive
R03168,CUST3449,P1366,5,Works as expected.,2022-02-22,Positive
R03169,CUST2110,P0496,5,Good value for money.,2020-06-19,Positive
R03170,CUST4058,P1451,2,Poor customer service experience.,2025-06-18,Negative
R03171,CUST4229,P0340,3,It's fine but could be better.,2025-07-29,Neutral
R03172,CUST2444,P0914,3,It's fine but could be better.,2022-10-26,Neutral
R03173,CUST4588,P0555,5,Very satisfied with the purchase.,2024-02-02,Positive
R03174,CUST3330,P0623,4,Quality is great for the price.,2025-07-20,Positive
R03175,CUST1859,P1356,5,"Excellent product, highly recommended!",2023-06-22,Positive
R03176,CUST3929,P1677,5,Very satisfied with the purchase.,2024-11-25,Positive
R03177,CUST2048,P0745,4,Works as expected.,2021-09-15,Positive
R03178,CUST0154,P0886,3,"Product is okay, nothing special.",2025-11-02,Neutral
R03179,CUST4958,P1955,3,"Product is okay, nothing special.",2025-07-11,Neutral
R03180,CUST2976,P1938,2,Disappointed with the build quality.,2025-05-06,Negative
R03181,CUST4716,P0163,5,"Excellent product, highly recommended!",2024-11-26,Positive
R03182,CUST3537,P0198,5,"Excellent product, highly recommended!",2021-04-26,Positive
R03183,CUST0726,P0644,5,Quality is great for the price.,2023-05-06,Positive
R03184,CUST2915,P0656,4,Very satisfied with the purchase.,2023-08-20,Positive
R03185,CUST4694,P1985,5,Very satisfied with the purchase.,2025-11-01,Positive
R03186,CUST4581,P0335,4,"Excellent product, highly recommended!",2025-11-09,Positive
R03187,CUST1154,P0217,3,It's fine but could be better.,2025-07-07,Neutral
R03188,CUST2622,P0692,5,"Excellent product, highly recommended!",2025-07-13,Positive
R03189,CUST2610,P0958,5,Works as expected.,2025-09-02,Positive
R03190,CUST1940,P1610,4,Quality is great for the price.,2024-02-15,Positive
R03191,CUST1171,P0735,5,"Excellent product, highly recommended!",2022-11-20,Positive
R03192,CUST2505,P0181,5,Good value for money.,2024-09-09,Positive
R03193,CUST2169,P1603,5,Very satisfied with the purchase.,2025-07-16,Positive
R03194,CUST4559,P0404,5,Good value for money.,2025-10-30,Positive
R03195,CUST1504,P1034,3,Decent product for the price.,2025-08-21,Neutral
R03196,CUST2182,P1862,4,Quality is great for the price.,2024-02-10,Positive
R03197,CUST1430,P1761,5,"Excellent product, highly recommended!",2025-04-03,Positive
R03198,CUST1449,P1008,5,"Excellent product, highly recommended!",2023-12-02,Positive
R03199,CUST1059,P1275,3,"Product is okay, nothing special.",2022-10-27,Neutral
R03200,CUST2644,P1092,4,Very satisfied with the purchase.,2021-02-17,Positive
R03201,CUST3194,P1251,4,Works as expected.,2025-10-02,Positive
R03202,CUST1812,P0939,5,"Excellent product, highly recommended!",2024-04-22,Positive
R03203,CUST2988,P1675,5,Quality is great for the price.,2024-12-31,Positive
R03204,CUST3912,P1556,4,Good value for money.,2025-07-25,Positive
R03205,CUST0764,P1974,5,"Excellent product, highly recommended!",2024-11-19,Positive
R03206,CUST3789,P0864,4,Quality is great for the price.,2025-11-13,Positive
R03207,CUST1820,P0068,5,Quality is great for the price.,2023-10-21,Positive
R03208,CUST3004,P0668,5,Very satisfied with the purchase.,2025-09-24,Positive
R03209,CUST0566,P0312,5,Quality is great for the price.,2025-11-03,Positive
R03210,CUST1576,P1804,5,Good value for money.,2024-02-11,Positive
R03211,CUST0946,P1474,3,"Product is okay, nothing special.",2025-06-05,Neutral
R03212,CUST2822,P0688,1,Not worth the money.,2023-07-29,Negative
R03213,CUST1101,P0442,5,Good value for money.,2025-11-13,Positive
R03214,CUST1275,P1737,5,"Excellent product, highly recommended!",2024-03-10,Positive
R03215,CUST4569,P1995,4,Very satisfied with the purchase.,2024-07-26,Positive
R03216,CUST2374,P0134,4,"Excellent product, highly recommended!",2025-05-11,Positive
R03217,CUST3547,P1354,4,Works as expected.,2025-09-27,Positive
R03218,CUST0597,P0552,4,Good value for money.,2022-09-05,Positive
R03219,CUST1860,P1689,5,Quality is great for the price.,2025-10-17,Positive
R03220,CUST0349,P0158,1,Poor customer service experience.,2024-04-26,Negative
R03221,CUST4667,P1836,5,Quality is great for the price.,2025-11-13,Positive
R03222,CUST4750,P0806,5,Good value for money.,2025-06-05,Positive
R03223,CUST2545,P0548,5,Works as expected.,2024-12-23,Positive
R03224,CUST1761,P0339,4,Very satisfied with the purchase.,2023-12-21,Positive
R03225,CUST0283,P1506,5,"Excellent product, highly recommended!",2025-03-17,Positive
R03226,CUST4400,P1673,5,Works as expected.,2025-06-09,Positive
R03227,CUST0337,P0272,4,"Excellent product, highly recommended!",2025-10-24,Positive
R03228,CUST4532,P0145,4,Good value for money.,2025-08-10,Positive
R03229,CUST4847,P1138,5,Quality is great for the price.,2025-10-25,Positive
R03230,CUST2014,P1935,3,"Product is okay, nothing special.",2023-11-13,Neutral
R03231,CUST3281,P0886,3,It's fine but could be better.,2025-05-15,Neutral
R03232,CUST2186,P0563,4,Quality is great for the price.,2025-07-19,Positive
R03233,CUST0551,P1960,5,"Excellent product, highly recommended!",2024-03-24,Positive
R03234,CUST4069,P1836,1,Stopped working after a week.,2025-07-04,Negative
R03235,CUST0332,P1791,5,Good value for money.,2024-06-04,Positive
R03236,CUST2550,P0477,3,"Average quality, meets expectations.",2023-12-04,Neutral
R03237,CUST3975,P0090,4,"Excellent product, highly recommended!",2025-01-25,Positive
R03238,CUST0639,P1158,5,"Excellent product, highly recommended!",2025-01-03,Positive
R03239,CUST2172,P1745,4,Quality is great for the price.,2025-03-08,Positive
R03240,CUST3106,P1383,5,Very satisfied with the purchase.,2024-11-06,Positive
R03241,CUST4741,P0620,5,Very satisfied with the purchase.,2025-02-03,Positive
R03242,CUST2611,P1833,5,Very satisfied with the purchase.,2025-10-24,Positive
R03243,CUST2959,P1452,4,"Excellent product, highly recommended!",2024-12-14,Positive
R03244,CUST0174,P0941,4,Works as expected.,2024-04-09,Positive
R03245,CUST2364,P0060,3,"Product is okay, nothing special.",2025-10-22,Neutral
R03246,CUST1784,P0489,4,Works as expected.,2025-05-09,Positive
R03247,CUST2152,P0165,4,Very satisfied with the purchase.,2025-02-14,Positive
R03248,CUST2611,P1822,5,Quality is great for the price.,2025-10-31,Positive
R03249,CUST3125,P1072,2,Poor customer service experience.,2024-01-27,Negative
R03250,CUST2663,P1277,4,Works as expected.,2023-03-29,Positive
R03251,CUST4660,P1183,4,Quality is great for the price.,2025-11-07,Positive
R03252,CUST4173,P0050,4,Very satisfied with the purchase.,2024-05-16,Positive
R03253,CUST3473,P0756,3,"Product is okay, nothing special.",2023-12-28,Neutral
R03254,CUST2389,P0239,5,"Excellent product, highly recommended!",2024-11-03,Positive
R03255,CUST4105,P1291,4,Works as expected.,2021-12-16,Positive
R03256,CUST0756,P1391,5,Good value for money.,2023-11-13,Positive
R03257,CUST0916,P0467,3,Decent product for the price.,2024-12-14,Neutral
R03258,CUST0975,P0296,5,Good value for money.,2025-10-11,Positive
R03259,CUST3075,P0711,4,Works as expected.,2024-08-15,Positive
R03260,CUST2102,P1841,5,Works as expected.,2025-11-12,Positive
R03261,CUST4926,P0474,3,Decent product for the price.,2024-07-27,Neutral
R03262,CUST4439,P1898,5,"Excellent product, highly recommended!",2025-08-15,Positive
R03263,CUST3779,P0529,5,Very satisfied with the purchase.,2023-02-10,Positive
R03264,CUST1461,P0820,3,"Product is okay, nothing special.",2023-11-20,Neutral
R03265,CUST2587,P1236,5,Good value for money.,2025-10-20,Positive
R03266,CUST0131,P0990,5,Quality is great for the price.,2024-12-19,Positive
R03267,CUST1889,P1585,5,Works as expected.,2025-04-26,Positive
R03268,CUST2585,P0894,5,Works as expected.,2023-02-08,Positive
R03269,CUST2049,P1709,4,Very satisfied with the purchase.,2024-02-21,Positive
R03270,CUST4940,P0736,5,"Excellent product, highly recommended!",2024-11-06,Positive
R03271,CUST3660,P1558,4,Very satisfied with the purchase.,2025-06-21,Positive
R03272,CUST3693,P1154,2,Stopped working after a week.,2025-06-27,Negative
R03273,CUST1897,P0580,4,Very satisfied with the purchase.,2020-10-18,Positive
R03274,CUST2712,P0894,4,Good value for money.,2023-09-27,Positive
R03275,CUST0869,P0344,4,Quality is great for the price.,2024-08-14,Positive
R03276,CUST3368,P1379,4,Good value for money.,2023-01-16,Positive
R03277,CUST3018,P1000,3,"Product is okay, nothing special.",2025-03-17,Neutral
R03278,CUST1574,P1850,4,Quality is great for the price.,2025-08-24,Positive
R03279,CUST4811,P1097,5,Quality is great for the price.,2024-10-05,Positive
R03280,CUST0552,P1869,5,Quality is great for the price.,2025-03-27,Positive
R03281,CUST1391,P0371,3,"Product is okay, nothing special.",2024-08-22,Neutral
R03282,CUST4425,P0429,5,Quality is great for the price.,2025-10-28,Positive
R03283,CUST1582,P1384,5,"Excellent product, highly recommended!",2023-05-11,Positive
R03284,CUST1769,P1881,5,"Excellent product, highly recommended!",2024-06-19,Positive
R03285,CUST0677,P0380,5,Works as expected.,2023-12-29,Positive
R03286,CUST1069,P1151,4,"Excellent product, highly recommended!",2025-10-27,Positive
R03287,CUST0015,P1078,5,"Excellent product, highly recommended!",2025-02-02,Positive
R03288,CUST0618,P1306,4,Very satisfied with the purchase.,2025-08-09,Positive
R03289,CUST4713,P1356,3,It's fine but could be better.,2025-07-21,Neutral
R03290,CUST0299,P0007,4,Quality is great for the price.,2022-05-29,Positive
R03291,CUST3333,P0837,4,"Excellent product, highly recommended!",2025-01-25,Positive
R03292,CUST1422,P0824,4,Very satisfied with the purchase.,2025-08-28,Positive
R03293,CUST0403,P1706,5,Quality is great for the price.,2025-01-22,Positive
R03294,CUST2023,P1935,2,Not worth the money.,2024-01-22,Negative
R03295,CUST4105,P0925,5,Works as expected.,2025-09-11,Positive
R03296,CUST2716,P1792,5,Quality is great for the price.,2024-08-17,Positive
R03297,CUST3171,P0871,4,"Excellent product, highly recommended!",2024-09-19,Positive
R03298,CUST1634,P1824,4,Good value for money.,2024-10-14,Positive
R03299,CUST2053,P0352,5,Good value for money.,2024-01-27,Positive
R03300,CUST0043,P0766,5,Works as expected.,2023-03-01,Positive
R03301,CUST3001,P0782,5,Quality is great for the price.,2025-03-01,Positive
R03302,CUST0848,P1956,2,Disappointed with the build quality.,2025-10-22,Negative
R03303,CUST1888,P0933,5,Quality is great for the price.,2021-07-21,Positive
R03304,CUST2756,P0892,3,Decent product for the price.,2024-01-25,Neutral
R03305,CUST2776,P0157,3,Decent product for the price.,2021-05-16,Neutral
R03306,CUST2923,P1276,5,Very satisfied with the purchase.,2022-12-18,Positive
R03307,CUST4384,P1588,4,Quality is great for the price.,2025-06-20,Positive
R03308,CUST0986,P0774,5,Quality is great for the price.,2024-06-29,Positive
R03309,CUST4394,P0200,3,"Product is okay, nothing special.",2024-05-05,Neutral
R03310,CUST2487,P1126,4,Good value for money.,2023-03-10,Positive
R03311,CUST2802,P1009,5,Quality is great for the price.,2025-03-17,Positive
R03312,CUST4771,P0223,3,"Average quality, meets expectations.",2025-11-06,Neutral
R03313,CUST0033,P1959,4,Quality is great for the price.,2022-01-25,Positive
R03314,CUST1004,P1399,4,Quality is great for the price.,2024-11-22,Positive
R03315,CUST2055,P0021,3,"Average quality, meets expectations.",2025-05-11,Neutral
R03316,CUST4402,P0885,1,Poor customer service experience.,2025-01-03,Negative
R03317,CUST0895,P0948,4,Works as expected.,2025-09-26,Positive
R03318,CUST0072,P0350,4,Very satisfied with the purchase.,2025-01-10,Positive
R03319,CUST1709,P0259,5,Very satisfied with the purchase.,2025-08-31,Positive
R03320,CUST2166,P0956,3,It's fine but could be better.,2025-06-30,Neutral
R03321,CUST4754,P1604,4,Quality is great for the price.,2025-10-28,Positive
R03322,CUST3094,P0112,2,Stopped working after a week.,2021-11-06,Negative
R03323,CUST2198,P1600,3,"Average quality, meets expectations.",2024-11-17,Neutral
R03324,CUST3639,P1229,5,Good value for money.,2024-01-14,Positive
R03325,CUST1667,P0043,5,Quality is great for the price.,2023-10-16,Positive
R03326,CUST1922,P0111,3,It's fine but could be better.,2023-12-07,Neutral
R03327,CUST2638,P0872,5,Works as expected.,2025-10-22,Positive
R03328,CUST1768,P1877,3,"Average quality, meets expectations.",2023-01-09,Neutral
R03329,CUST0676,P0463,5,"Excellent product, highly recommended!",2025-05-20,Positive
R03330,CUST3775,P0226,4,Very satisfied with the purchase.,2021-01-11,Positive
R03331,CUST3822,P1767,5,Works as expected.,2024-11-08,Positive
R03332,CUST0681,P0748,5,Works as expected.,2022-09-01,Positive
R03333,CUST3029,P0991,5,Good value for money.,2025-10-31,Positive
R03334,CUST2490,P1677,4,Works as expected.,2024-02-10,Positive
R03335,CUST2771,P1248,5,Good value for money.,2024-09-28,Positive
R03336,CUST1261,P0063,4,"Excellent product, highly recommended!",2025-01-08,Positive
R03337,CUST1330,P0094,3,"Product is okay, nothing special.",2025-07-22,Neutral
R03338,CUST0337,P1410,5,Works as expected.,2025-09-11,Positive
R03339,CUST4043,P1837,4,"Excellent product, highly recommended!",2025-08-25,Positive
R03340,CUST4485,P1727,4,Quality is great for the price.,2022-08-11,Positive
R03341,CUST2930,P0025,5,Good value for money.,2025-04-06,Positive
R03342,CUST0353,P0895,4,Works as expected.,2024-07-27,Positive
R03343,CUST3939,P0429,5,Quality is great for the price.,2025-08-09,Positive
R03344,CUST4429,P1804,3,"Product is okay, nothing special.",2024-02-24,Neutral
R03345,CUST4851,P0213,4,Good value for money.,2023-05-17,Positive
R03346,CUST2428,P0557,3,It's fine but could be better.,2025-08-20,Neutral
R03347,CUST4360,P0944,5,Works as expected.,2022-11-11,Positive
R03348,CUST4934,P0039,5,Good value for money.,2022-02-28,Positive
R03349,CUST1274,P1642,4,Very satisfied with the purchase.,2025-05-30,Positive
R03350,CUST3903,P0333,4,Works as expected.,2025-09-02,Positive
R03351,CUST0144,P1423,3,It's fine but could be better.,2023-12-31,Neutral
R03352,CUST2332,P0100,4,Very satisfied with the purchase.,2025-10-09,Positive
R03353,CUST3213,P1734,5,Good value for money.,2023-04-24,Positive
R03354,CUST2387,P1919,5,Very satisfied with the purchase.,2025-08-06,Positive
R03355,CUST1878,P1932,5,Good value for money.,2025-02-20,Positive
R03356,CUST0558,P1069,5,"Excellent product, highly recommended!",2025-10-13,Positive
R03357,CUST3737,P1854,5,"Excellent product, highly recommended!",2024-10-24,Positive
R03358,CUST2929,P0977,5,Very satisfied with the purchase.,2025-09-02,Positive
R03359,CUST2238,P1605,5,"Excellent product, highly recommended!",2025-05-28,Positive
R03360,CUST3203,P1233,5,"Excellent product, highly recommended!",2024-10-24,Positive
R03361,CUST3253,P1658,5,Works as expected.,2025-05-15,Positive
R03362,CUST0892,P1525,5,Good value for money.,2025-09-18,Positive
R03363,CUST2142,P1756,5,Very satisfied with the purchase.,2023-08-12,Positive
R03364,CUST2797,P0764,3,Decent product for the price.,2025-09-24,Neutral
R03365,CUST2498,P1649,5,Quality is great for the price.,2024-05-27,Positive
R03366,CUST3370,P1274,1,Not worth the money.,2025-08-03,Negative
R03367,CUST1758,P0253,5,Works as expected.,2024-08-26,Positive
R03368,CUST0119,P0247,5,Works as expected.,2025-07-25,Positive
R03369,CUST0317,P0720,4,Works as expected.,2025-07-26,Positive
R03370,CUST1826,P1824,4,Quality is great for the price.,2025-01-20,Positive
R03371,CUST1267,P0442,2,Disappointed with the build quality.,2025-09-28,Negative
R03372,CUST3234,P0185,5,Very satisfied with the purchase.,2025-10-04,Positive
R03373,CUST2845,P1057,4,Very satisfied with the purchase.,2025-09-15,Positive
R03374,CUST3238,P0569,5,Works as expected.,2023-09-26,Positive
R03375,CUST2259,P0148,4,Works as expected.,2025-01-19,Positive
R03376,CUST2720,P1432,5,Works as expected.,2023-09-13,Positive
R03377,CUST3677,P0049,4,Very satisfied with the purchase.,2024-08-01,Positive
R03378,CUST2001,P1542,3,It's fine but could be better.,2025-09-10,Neutral
R03379,CUST3469,P0897,4,Quality is great for the price.,2022-02-15,Positive
R03380,CUST0807,P1084,5,Very satisfied with the purchase.,2025-10-18,Positive
R03381,CUST4342,P0951,5,Good value for money.,2025-09-03,Positive
R03382,CUST2101,P1386,2,Poor customer service experience.,2025-07-08,Negative
R03383,CUST4682,P1259,4,Quality is great for the price.,2024-05-14,Positive
R03384,CUST1296,P1511,2,Poor customer service experience.,2024-10-16,Negative
R03385,CUST0304,P1595,5,Works as expected.,2025-11-03,Positive
R03386,CUST3131,P1409,5,Good value for money.,2024-05-25,Positive
R03387,CUST0579,P1265,2,Stopped working after a week.,2025-02-08,Negative
R03388,CUST0883,P0259,5,"Excellent product, highly recommended!",2025-02-14,Positive
R03389,CUST0616,P1980,5,"Excellent product, highly recommended!",2025-04-30,Positive
R03390,CUST3630,P1489,2,Not worth the money.,2024-11-13,Negative
R03391,CUST0806,P1563,3,Decent product for the price.,2025-03-30,Neutral
R03392,CUST4412,P1742,4,Good value for money.,2024-09-15,Positive
R03393,CUST4717,P1639,4,Good value for money.,2023-03-25,Positive
R03394,CUST4461,P0053,4,Works as expected.,2025-04-09,Positive
R03395,CUST2058,P0641,5,Works as expected.,2022-11-20,Positive
R03396,CUST0877,P1401,3,It's fine but could be better.,2025-03-09,Neutral
R03397,CUST4545,P1285,4,Quality is great for the price.,2025-09-05,Positive
R03398,CUST1630,P0743,5,Good value for money.,2025-07-14,Positive
R03399,CUST4168,P0891,5,Works as expected.,2025-10-21,Positive
R03400,CUST2297,P0640,3,Decent product for the price.,2025-07-09,Neutral
R03401,CUST4089,P1195,3,"Product is okay, nothing special.",2024-07-07,Neutral
R03402,CUST0102,P0202,5,Good value for money.,2023-01-06,Positive
R03403,CUST1042,P1863,5,Good value for money.,2025-01-18,Positive
R03404,CUST2169,P0168,4,Good value for money.,2023-12-30,Positive
R03405,CUST2091,P1821,5,Very satisfied with the purchase.,2025-09-24,Positive
R03406,CUST0254,P1608,3,It's fine but could be better.,2021-09-17,Neutral
R03407,CUST2667,P1465,5,Good value for money.,2025-10-20,Positive
R03408,CUST2084,P1377,4,Good value for money.,2025-11-07,Positive
R03409,CUST2932,P0811,4,Very satisfied with the purchase.,2025-07-13,Positive
R03410,CUST4855,P1643,4,Good value for money.,2024-10-07,Positive
R03411,CUST4980,P1855,4,Works as expected.,2023-03-29,Positive
R03412,CUST4721,P1918,4,Works as expected.,2024-03-13,Positive
R03413,CUST1654,P1096,5,Works as expected.,2025-08-27,Positive
R03414,CUST3655,P1367,5,"Excellent product, highly recommended!",2025-10-22,Positive
R03415,CUST1624,P1051,4,Very satisfied with the purchase.,2025-09-09,Positive
R03416,CUST2794,P1670,5,Good value for money.,2025-08-01,Positive
R03417,CUST3367,P1115,5,Very satisfied with the purchase.,2024-12-10,Positive
R03418,CUST2914,P1395,2,Disappointed with the build quality.,2024-09-02,Negative
R03419,CUST0451,P0899,4,Good value for money.,2025-10-14,Positive
R03420,CUST2904,P1593,2,Stopped working after a week.,2025-03-06,Negative
R03421,CUST2457,P1367,5,Quality is great for the price.,2024-03-08,Positive
R03422,CUST3570,P0175,4,Quality is great for the price.,2023-02-03,Positive
R03423,CUST2527,P0132,4,"Excellent product, highly recommended!",2025-05-24,Positive
R03424,CUST1310,P0360,5,Quality is great for the price.,2024-09-24,Positive
R03425,CUST4241,P1367,5,Good value for money.,2025-10-23,Positive
R03426,CUST1417,P1608,5,Very satisfied with the purchase.,2022-05-16,Positive
R03427,CUST4014,P1963,5,Good value for money.,2025-09-29,Positive
R03428,CUST2715,P0957,5,Good value for money.,2025-02-07,Positive
R03429,CUST0807,P0224,5,Quality is great for the price.,2024-08-09,Positive
R03430,CUST3138,P1030,5,"Excellent product, highly recommended!",2024-02-25,Positive
R03431,CUST2779,P0092,5,Very satisfied with the purchase.,2025-11-04,Positive
R03432,CUST1523,P0534,4,"Excellent product, highly recommended!",2024-07-21,Positive
R03433,CUST0917,P1294,5,Very satisfied with the purchase.,2025-01-18,Positive
R03434,CUST4865,P0869,4,Very satisfied with the purchase.,2025-11-07,Positive
R03435,CUST0936,P0694,4,Very satisfied with the purchase.,2025-04-06,Positive
R03436,CUST3901,P0691,5,Good value for money.,2025-10-07,Positive
R03437,CUST2807,P0997,4,Works as expected.,2025-08-18,Positive
R03438,CUST0818,P0696,3,"Product is okay, nothing special.",2024-10-11,Neutral
R03439,CUST4805,P0101,5,Very satisfied with the purchase.,2025-08-04,Positive
R03440,CUST3479,P1130,4,Good value for money.,2025-05-31,Positive
R03441,CUST1419,P0451,5,"Excellent product, highly recommended!",2025-08-02,Positive
R03442,CUST3005,P1981,5,"Excellent product, highly recommended!",2024-03-02,Positive
R03443,CUST3839,P1032,3,Decent product for the price.,2025-05-19,Neutral
R03444,CUST0451,P1882,3,"Average quality, meets expectations.",2024-09-06,Neutral
R03445,CUST1564,P0837,5,Works as expected.,2025-05-29,Positive
R03446,CUST4817,P0764,5,Good value for money.,2025-08-14,Positive
R03447,CUST2954,P1869,5,Very satisfied with the purchase.,2025-03-29,Positive
R03448,CUST1635,P0935,5,"Excellent product, highly recommended!",2023-06-25,Positive
R03449,CUST0794,P0472,5,Good value for money.,2024-10-23,Positive
R03450,CUST3634,P0589,5,Good value for money.,2025-07-20,Positive
R03451,CUST2403,P1824,3,"Product is okay, nothing special.",2025-11-14,Neutral
R03452,CUST1815,P0114,4,Works as expected.,2024-01-30,Positive
R03453,CUST0713,P0781,5,Works as expected.,2024-03-31,Positive
R03454,CUST3182,P1728,3,"Average quality, meets expectations.",2024-12-16,Neutral
R03455,CUST4720,P1264,5,"Excellent product, highly recommended!",2025-08-15,Positive
R03456,CUST0906,P0659,5,Good value for money.,2024-01-10,Positive
R03457,CUST2215,P0179,5,Good value for money.,2023-12-18,Positive
R03458,CUST4065,P1698,5,Works as expected.,2025-01-30,Positive
R03459,CUST3111,P0302,1,Stopped working after a week.,2024-04-03,Negative
R03460,CUST1545,P1791,5,Quality is great for the price.,2025-07-15,Positive
R03461,CUST2235,P0717,4,Good value for money.,2025-09-16,Positive
R03462,CUST2650,P0245,4,Quality is great for the price.,2024-06-18,Positive
R03463,CUST2172,P0157,3,"Average quality, meets expectations.",2021-10-23,Neutral
R03464,CUST2327,P0397,4,Good value for money.,2024-05-11,Positive
R03465,CUST3308,P1740,5,Very satisfied with the purchase.,2024-07-25,Positive
R03466,CUST1659,P1161,3,Decent product for the price.,2025-03-28,Neutral
R03467,CUST3891,P0899,5,Very satisfied with the purchase.,2025-03-04,Positive
R03468,CUST4801,P0618,4,Good value for money.,2025-08-29,Positive
R03469,CUST1083,P1184,2,Stopped working after a week.,2025-10-30,Negative
R03470,CUST1170,P1508,5,Very satisfied with the purchase.,2024-04-10,Positive
R03471,CUST2776,P1532,5,Quality is great for the price.,2025-10-23,Positive
R03472,CUST1131,P1457,5,Quality is great for the price.,2025-07-27,Positive
R03473,CUST3465,P0666,5,"Excellent product, highly recommended!",2025-09-14,Positive
R03474,CUST1418,P1711,5,Good value for money.,2024-06-18,Positive
R03475,CUST4804,P0229,4,Very satisfied with the purchase.,2022-08-09,Positive
R03476,CUST2552,P0600,4,Very satisfied with the purchase.,2025-04-25,Positive
R03477,CUST3812,P1428,2,Poor customer service experience.,2025-05-25,Negative
R03478,CUST1813,P1791,4,Quality is great for the price.,2024-05-26,Positive
R03479,CUST4544,P0523,5,"Excellent product, highly recommended!",2025-08-08,Positive
R03480,CUST0346,P1867,3,"Product is okay, nothing special.",2024-08-24,Neutral
R03481,CUST4005,P1654,4,Works as expected.,2025-11-07,Positive
R03482,CUST1035,P0268,3,Decent product for the price.,2023-03-30,Neutral
R03483,CUST3684,P0920,3,"Product is okay, nothing special.",2025-10-29,Neutral
R03484,CUST0764,P0965,2,Poor customer service experience.,2024-05-29,Negative
R03485,CUST4236,P0882,4,Good value for money.,2025-11-03,Positive
R03486,CUST4149,P1675,2,Stopped working after a week.,2025-06-30,Negative
R03487,CUST2636,P0634,4,Works as expected.,2024-10-27,Positive
R03488,CUST1583,P1756,1,Stopped working after a week.,2024-12-21,Negative
R03489,CUST3335,P1917,5,Works as expected.,2022-05-28,Positive
R03490,CUST4600,P1789,2,Poor customer service experience.,2025-11-05,Negative
R03491,CUST3522,P0274,5,Quality is great for the price.,2025-02-19,Positive
R03492,CUST3582,P1598,5,Very satisfied with the purchase.,2023-06-08,Positive
R03493,CUST3228,P0998,4,"Excellent product, highly recommended!",2023-09-01,Positive
R03494,CUST0088,P1694,3,"Average quality, meets expectations.",2021-11-30,Neutral
R03495,CUST3651,P1066,5,Quality is great for the price.,2025-06-23,Positive
R03496,CUST1309,P1026,5,Very satisfied with the purchase.,2024-01-11,Positive
R03497,CUST4206,P1625,3,"Product is okay, nothing special.",2024-12-12,Neutral
R03498,CUST4916,P0972,5,Works as expected.,2025-07-28,Positive
R03499,CUST3409,P1855,4,Very satisfied with the purchase.,2024-06-27,Positive
R03500,CUST0198,P1248,2,Poor customer service experience.,2021-02-01,Negative
R03501,CUST1545,P0661,5,"Excellent product, highly recommended!",2025-10-23,Positive
R03502,CUST1524,P1349,5,"Excellent product, highly recommended!",2025-09-21,Positive
R03503,CUST0575,P1430,2,Disappointed with the build quality.,2023-04-05,Negative
R03504,CUST1471,P1981,3,"Product is okay, nothing special.",2020-08-25,Neutral
R03505,CUST3890,P1526,5,Very satisfied with the purchase.,2024-12-04,Positive
R03506,CUST2764,P0262,5,"Excellent product, highly recommended!",2025-08-06,Positive
R03507,CUST0774,P0561,3,Decent product for the price.,2025-08-07,Neutral
R03508,CUST2486,P1865,5,Quality is great for the price.,2025-10-04,Positive
R03509,CUST1298,P0529,2,Stopped working after a week.,2025-05-02,Negative
R03510,CUST2175,P1678,5,Quality is great for the price.,2024-09-19,Positive
R03511,CUST2887,P1362,3,It's fine but could be better.,2025-10-19,Neutral
R03512,CUST3355,P1847,3,"Average quality, meets expectations.",2025-01-20,Neutral
R03513,CUST4970,P1808,4,"Excellent product, highly recommended!",2025-03-25,Positive
R03514,CUST4316,P1978,5,"Excellent product, highly recommended!",2025-11-02,Positive
R03515,CUST3593,P0319,3,"Product is okay, nothing special.",2023-08-04,Neutral
R03516,CUST1174,P1837,3,Decent product for the price.,2024-12-20,Neutral
R03517,CUST4652,P1893,5,"Excellent product, highly recommended!",2025-07-13,Positive
R03518,CUST1065,P0293,5,Good value for money.,2025-08-20,Positive
R03519,CUST4798,P0607,3,Decent product for the price.,2024-01-08,Neutral
R03520,CUST3340,P1954,3,It's fine but could be better.,2025-09-09,Neutral
R03521,CUST4733,P1543,4,Good value for money.,2023-01-01,Positive
R03522,CUST2187,P0362,5,Very satisfied with the purchase.,2024-12-23,Positive
R03523,CUST1344,P0119,3,Decent product for the price.,2023-08-18,Neutral
R03524,CUST4798,P1708,4,Very satisfied with the purchase.,2023-07-19,Positive
R03525,CUST1256,P0112,5,Works as expected.,2022-04-08,Positive
R03526,CUST2909,P0617,5,Quality is great for the price.,2023-03-04,Positive
R03527,CUST0146,P0634,5,Good value for money.,2025-10-09,Positive
R03528,CUST4977,P0817,4,Quality is great for the price.,2024-07-25,Positive
R03529,CUST0427,P0448,5,Quality is great for the price.,2025-10-12,Positive
R03530,CUST1309,P1570,4,"Excellent product, highly recommended!",2025-06-08,Positive
R03531,CUST3128,P0173,4,Good value for money.,2022-03-09,Positive
R03532,CUST0671,P1636,1,Stopped working after a week.,2024-12-07,Negative
R03533,CUST0407,P0153,5,Works as expected.,2023-02-06,Positive
R03534,CUST4610,P0080,5,Quality is great for the price.,2024-08-20,Positive
R03535,CUST0680,P0151,5,"Excellent product, highly recommended!",2022-08-06,Positive
R03536,CUST4646,P0943,1,Stopped working after a week.,2025-05-01,Negative
R03537,CUST2186,P0048,1,Stopped working after a week.,2024-09-17,Negative
R03538,CUST3148,P1853,5,Good value for money.,2025-11-02,Positive
R03539,CUST0272,P1126,5,Quality is great for the price.,2024-02-16,Positive
R03540,CUST0180,P1798,5,Very satisfied with the purchase.,2025-08-26,Positive
R03541,CUST0015,P1981,4,Works as expected.,2024-07-18,Positive
R03542,CUST0040,P0904,3,"Average quality, meets expectations.",2023-06-30,Neutral
R03543,CUST4403,P1179,5,Quality is great for the price.,2025-08-20,Positive
R03544,CUST3790,P1502,4,Very satisfied with the purchase.,2025-09-16,Positive
R03545,CUST2727,P1201,5,Good value for money.,2024-08-23,Positive
R03546,CUST0458,P0637,2,Stopped working after a week.,2024-09-22,Negative
R03547,CUST2641,P1184,3,Decent product for the price.,2025-11-02,Neutral
R03548,CUST1903,P1628,4,Works as expected.,2021-03-30,Positive
R03549,CUST2272,P1042,5,Very satisfied with the purchase.,2023-09-11,Positive
R03550,CUST4671,P0666,5,Works as expected.,2024-07-26,Positive
R03551,CUST0070,P0073,4,Works as expected.,2025-08-06,Positive
R03552,CUST4890,P1924,5,Quality is great for the price.,2022-08-07,Positive
R03553,CUST1865,P1801,5,"Excellent product, highly recommended!",2025-06-16,Positive
R03554,CUST4259,P0368,4,Very satisfied with the purchase.,2024-12-03,Positive
R03555,CUST1389,P1092,3,"Average quality, meets expectations.",2024-04-21,Neutral
R03556,CUST4071,P1282,4,Works as expected.,2025-10-01,Positive
R03557,CUST3098,P1071,3,Decent product for the price.,2025-11-09,Neutral
R03558,CUST3024,P1399,4,Quality is great for the price.,2025-07-13,Positive
R03559,CUST1870,P1234,3,"Average quality, meets expectations.",2025-10-29,Neutral
R03560,CUST3119,P0964,3,"Product is okay, nothing special.",2024-02-18,Neutral
R03561,CUST1324,P1512,3,"Product is okay, nothing special.",2025-03-26,Neutral
R03562,CUST0764,P1037,5,Good value for money.,2025-09-29,Positive
R03563,CUST3572,P1200,5,Quality is great for the price.,2024-06-16,Positive
R03564,CUST1037,P1880,4,Very satisfied with the purchase.,2025-07-24,Positive
R03565,CUST0239,P1159,5,Good value for money.,2024-04-23,Positive
R03566,CUST4726,P0886,5,Works as expected.,2025-04-16,Positive
R03567,CUST1744,P0602,4,Quality is great for the price.,2024-12-14,Positive
R03568,CUST1120,P0859,3,Decent product for the price.,2025-04-17,Neutral
R03569,CUST0540,P1835,3,Decent product for the price.,2025-05-09,Neutral
R03570,CUST4219,P0156,5,Quality is great for the price.,2025-09-28,Positive
R03571,CUST1008,P1952,5,Quality is great for the price.,2025-04-18,Positive
R03572,CUST0348,P1984,5,Good value for money.,2025-09-04,Positive
R03573,CUST2641,P0487,3,"Product is okay, nothing special.",2025-04-06,Neutral
R03574,CUST1864,P0094,4,Quality is great for the price.,2025-03-11,Positive
R03575,CUST0604,P0850,2,Stopped working after a week.,2024-04-28,Negative
R03576,CUST4609,P1102,5,Very satisfied with the purchase.,2023-08-18,Positive
R03577,CUST4895,P0123,3,"Product is okay, nothing special.",2025-07-28,Neutral
R03578,CUST4843,P0733,5,Good value for money.,2025-08-16,Positive
R03579,CUST1950,P0658,4,Very satisfied with the purchase.,2024-03-07,Positive
R03580,CUST1062,P1469,5,Quality is great for the price.,2024-04-09,Positive
R03581,CUST0433,P1428,5,Good value for money.,2024-11-06,Positive
R03582,CUST0632,P0455,4,Quality is great for the price.,2024-08-14,Positive
R03583,CUST1571,P1497,3,"Product is okay, nothing special.",2022-12-15,Neutral
R03584,CUST1799,P0985,2,Stopped working after a week.,2025-09-03,Negative
R03585,CUST1336,P0411,5,"Excellent product, highly recommended!",2024-11-11,Positive
R03586,CUST2593,P0770,5,Very satisfied with the purchase.,2024-07-27,Positive
R03587,CUST3098,P1356,5,Very satisfied with the purchase.,2025-10-23,Positive
R03588,CUST2657,P0445,5,Works as expected.,2025-11-10,Positive
R03589,CUST3578,P1646,5,Good value for money.,2024-05-20,Positive
R03590,CUST2719,P0956,5,Works as expected.,2025-11-05,Positive
R03591,CUST0615,P0779,5,Very satisfied with the purchase.,2025-04-01,Positive
R03592,CUST4585,P1949,5,Quality is great for the price.,2022-09-14,Positive
R03593,CUST0541,P0371,5,"Excellent product, highly recommended!",2025-01-26,Positive
R03594,CUST0824,P1606,5,Works as expected.,2025-10-09,Positive
R03595,CUST2563,P1517,5,"Excellent product, highly recommended!",2025-10-30,Positive
R03596,CUST1943,P0357,4,Very satisfied with the purchase.,2023-02-21,Positive
R03597,CUST0976,P1866,5,Quality is great for the price.,2023-04-07,Positive
R03598,CUST4841,P1049,1,Not worth the money.,2025-05-18,Negative
R03599,CUST3528,P0924,2,Disappointed with the build quality.,2023-06-18,Negative
R03600,CUST3736,P0237,4,Works as expected.,2025-11-01,Positive
R03601,CUST1552,P1483,5,Works as expected.,2025-04-08,Positive
R03602,CUST3216,P0142,5,Quality is great for the price.,2025-05-17,Positive
R03603,CUST2660,P0989,4,Very satisfied with the purchase.,2025-09-07,Positive
R03604,CUST1579,P1487,4,Works as expected.,2025-05-18,Positive
R03605,CUST3917,P1085,5,Quality is great for the price.,2023-05-17,Positive
R03606,CUST2296,P0285,3,It's fine but could be better.,2024-12-21,Neutral
R03607,CUST3967,P0971,5,Quality is great for the price.,2024-10-18,Positive
R03608,CUST2039,P0381,3,"Product is okay, nothing special.",2024-11-30,Neutral
R03609,CUST3166,P1878,2,Poor customer service experience.,2025-07-17,Negative
R03610,CUST1833,P0302,5,Good value for money.,2024-10-29,Positive
R03611,CUST3849,P1113,3,"Product is okay, nothing special.",2025-06-21,Neutral
R03612,CUST2382,P1301,5,Good value for money.,2023-06-18,Positive
R03613,CUST0805,P1987,3,"Product is okay, nothing special.",2025-06-01,Neutral
R03614,CUST4273,P0855,3,"Average quality, meets expectations.",2025-06-25,Neutral
R03615,CUST1302,P0632,5,"Excellent product, highly recommended!",2023-09-14,Positive
R03616,CUST1166,P1688,5,Very satisfied with the purchase.,2025-11-11,Positive
R03617,CUST4766,P1683,4,Very satisfied with the purchase.,2023-07-07,Positive
R03618,CUST0934,P1785,5,Works as expected.,2025-01-30,Positive
R03619,CUST2469,P1536,4,"Excellent product, highly recommended!",2025-07-28,Positive
R03620,CUST1722,P1673,5,Works as expected.,2020-03-30,Positive
R03621,CUST3237,P0003,5,Quality is great for the price.,2024-04-08,Positive
R03622,CUST4381,P1459,5,Good value for money.,2023-03-20,Positive
R03623,CUST2762,P1917,5,Works as expected.,2021-02-01,Positive
R03624,CUST3355,P0014,5,Good value for money.,2025-11-13,Positive
R03625,CUST0335,P0877,3,It's fine but could be better.,2025-09-02,Neutral
R03626,CUST0249,P0449,3,Decent product for the price.,2024-12-28,Neutral
R03627,CUST2386,P1354,2,Poor customer service experience.,2025-09-22,Negative
R03628,CUST1413,P0729,3,"Average quality, meets expectations.",2025-10-10,Neutral
R03629,CUST1600,P0336,5,Very satisfied with the purchase.,2025-07-14,Positive
R03630,CUST4833,P1495,5,Works as expected.,2024-10-24,Positive
R03631,CUST4162,P1710,4,Good value for money.,2025-02-20,Positive
R03632,CUST0228,P0094,5,Works as expected.,2024-07-24,Positive
R03633,CUST0435,P1184,5,"Excellent product, highly recommended!",2025-10-06,Positive
R03634,CUST1985,P1512,3,It's fine but could be better.,2025-07-01,Neutral
R03635,CUST1391,P0490,4,Good value for money.,2025-05-21,Positive
R03636,CUST1774,P0159,2,Stopped working after a week.,2023-12-26,Negative
R03637,CUST2173,P1505,3,"Average quality, meets expectations.",2024-09-12,Neutral
R03638,CUST4355,P0924,4,Good value for money.,2023-06-21,Positive
R03639,CUST4431,P1284,4,Works as expected.,2025-10-21,Positive
R03640,CUST2415,P1105,5,Good value for money.,2021-04-26,Positive
R03641,CUST4854,P1766,3,"Product is okay, nothing special.",2024-09-24,Neutral
R03642,CUST0965,P1739,2,Not worth the money.,2025-02-23,Negative
R03643,CUST4684,P0300,4,Very satisfied with the purchase.,2020-03-16,Positive
R03644,CUST4528,P1585,5,Works as expected.,2022-05-26,Positive
R03645,CUST1532,P0283,5,Good value for money.,2022-10-22,Positive
R03646,CUST4689,P0981,4,Quality is great for the price.,2025-11-03,Positive
R03647,CUST2028,P1107,5,Good value for money.,2024-11-16,Positive
R03648,CUST3800,P1346,5,Quality is great for the price.,2025-09-21,Positive
R03649,CUST0682,P1880,5,Quality is great for the price.,2024-10-29,Positive
R03650,CUST0807,P1679,5,Quality is great for the price.,2024-04-24,Positive
R03651,CUST4083,P1304,3,"Average quality, meets expectations.",2022-08-02,Neutral
R03652,CUST1567,P0299,4,"Excellent product, highly recommended!",2024-01-29,Positive
R03653,CUST4689,P0565,5,Good value for money.,2025-09-05,Positive
R03654,CUST4514,P0602,2,Poor customer service experience.,2025-10-02,Negative
R03655,CUST0263,P0087,5,"Excellent product, highly recommended!",2025-06-08,Positive
R03656,CUST1362,P0946,5,"Excellent product, highly recommended!",2024-05-10,Positive
R03657,CUST2934,P1462,4,Good value for money.,2020-03-30,Positive
R03658,CUST3278,P0698,4,"Excellent product, highly recommended!",2023-04-30,Positive
R03659,CUST3989,P1101,4,Very satisfied with the purchase.,2022-02-06,Positive
R03660,CUST1673,P1591,4,Works as expected.,2025-08-26,Positive
R03661,CUST3496,P0517,5,Works as expected.,2024-06-07,Positive
R03662,CUST3671,P1420,5,Very satisfied with the purchase.,2024-07-07,Positive
R03663,CUST0876,P1021,4,Quality is great for the price.,2024-11-11,Positive
R03664,CUST3939,P0472,5,Works as expected.,2024-04-15,Positive
R03665,CUST2434,P0114,2,Disappointed with the build quality.,2023-07-19,Negative
R03666,CUST0098,P0946,5,Very satisfied with the purchase.,2023-01-08,Positive
R03667,CUST3567,P1092,5,Very satisfied with the purchase.,2025-11-01,Positive
R03668,CUST0836,P1344,5,Very satisfied with the purchase.,2023-10-25,Positive
R03669,CUST0006,P0428,3,"Average quality, meets expectations.",2024-02-02,Neutral
R03670,CUST1083,P1434,5,"Excellent product, highly recommended!",2025-01-21,Positive
R03671,CUST3704,P1544,5,Works as expected.,2025-08-27,Positive
R03672,CUST4231,P0475,5,Works as expected.,2021-03-09,Positive
R03673,CUST0284,P0061,4,Very satisfied with the purchase.,2024-10-11,Positive
R03674,CUST3709,P0992,2,Not worth the money.,2022-01-04,Negative
R03675,CUST2645,P1602,5,Good value for money.,2025-01-01,Positive
R03676,CUST1036,P1115,2,Not worth the money.,2024-09-21,Negative
R03677,CUST2686,P0590,5,Good value for money.,2025-05-06,Positive
R03678,CUST1461,P1264,5,Quality is great for the price.,2025-07-08,Positive
R03679,CUST0175,P0690,3,"Product is okay, nothing special.",2023-12-05,Neutral
R03680,CUST4653,P1892,5,Works as expected.,2025-09-11,Positive
R03681,CUST3312,P0941,4,Good value for money.,2024-12-02,Positive
R03682,CUST0016,P1677,5,"Excellent product, highly recommended!",2024-12-27,Positive
R03683,CUST3598,P0084,5,Very satisfied with the purchase.,2025-08-26,Positive
R03684,CUST4654,P1666,4,Good value for money.,2025-09-02,Positive
R03685,CUST2757,P0462,1,Not worth the money.,2024-06-23,Negative
R03686,CUST3105,P0762,5,Very satisfied with the purchase.,2025-08-04,Positive
R03687,CUST3781,P1389,5,"Excellent product, highly recommended!",2022-06-10,Positive
R03688,CUST1399,P0744,5,Good value for money.,2025-06-15,Positive
R03689,CUST0533,P1503,5,"Excellent product, highly recommended!",2025-11-06,Positive
R03690,CUST1924,P1054,4,Very satisfied with the purchase.,2025-07-12,Positive
R03691,CUST0343,P0958,4,"Excellent product, highly recommended!",2025-03-04,Positive
R03692,CUST4759,P1233,4,Quality is great for the price.,2024-03-24,Positive
R03693,CUST3030,P1902,5,"Excellent product, highly recommended!",2024-07-25,Positive
R03694,CUST1349,P1811,4,Quality is great for the price.,2022-03-25,Positive
R03695,CUST4033,P1055,4,Very satisfied with the purchase.,2024-12-30,Positive
R03696,CUST3864,P1915,5,"Excellent product, highly recommended!",2024-11-12,Positive
R03697,CUST0512,P1907,5,Good value for money.,2024-04-22,Positive
R03698,CUST4475,P1206,2,Poor customer service experience.,2025-06-04,Negative
R03699,CUST0484,P0431,4,Good value for money.,2023-06-16,Positive
R03700,CUST4838,P0747,5,Very satisfied with the purchase.,2025-10-11,Positive
R03701,CUST0089,P1057,5,"Excellent product, highly recommended!",2020-07-15,Positive
R03702,CUST3210,P1882,4,Good value for money.,2023-10-24,Positive
R03703,CUST3553,P0119,4,Very satisfied with the purchase.,2024-09-30,Positive
R03704,CUST3032,P1005,4,Quality is great for the price.,2025-11-08,Positive
R03705,CUST3356,P0140,5,Works as expected.,2023-06-25,Positive
R03706,CUST4787,P0448,5,Very satisfied with the purchase.,2025-10-09,Positive
R03707,CUST3488,P0733,5,Works as expected.,2025-05-01,Positive
R03708,CUST1710,P0449,5,"Excellent product, highly recommended!",2024-11-30,Positive
R03709,CUST0966,P1334,4,Works as expected.,2024-10-29,Positive
R03710,CUST0256,P0586,4,"Excellent product, highly recommended!",2024-01-12,Positive
R03711,CUST0298,P1551,2,Disappointed with the build quality.,2024-10-12,Negative
R03712,CUST2427,P0902,5,Very satisfied with the purchase.,2024-01-29,Positive
R03713,CUST1450,P1113,4,Very satisfied with the purchase.,2023-04-25,Positive
R03714,CUST0902,P1442,3,Decent product for the price.,2025-04-07,Neutral
R03715,CUST3096,P1870,5,Quality is great for the price.,2025-10-28,Positive
R03716,CUST0745,P1349,5,Works as expected.,2025-04-17,Positive
R03717,CUST0304,P0597,4,Quality is great for the price.,2024-08-29,Positive
R03718,CUST3327,P0450,4,Works as expected.,2025-09-21,Positive
R03719,CUST2325,P0235,5,"Excellent product, highly recommended!",2023-06-30,Positive
R03720,CUST2846,P1072,5,Good value for money.,2023-07-14,Positive
R03721,CUST3726,P1744,5,"Excellent product, highly recommended!",2025-07-07,Positive
R03722,CUST2956,P0478,4,"Excellent product, highly recommended!",2023-03-18,Positive
R03723,CUST3520,P0196,3,"Product is okay, nothing special.",2025-03-24,Neutral
R03724,CUST3473,P0983,4,"Excellent product, highly recommended!",2022-05-20,Positive
R03725,CUST4553,P0288,5,Good value for money.,2024-07-07,Positive
R03726,CUST2416,P1826,5,Works as expected.,2025-10-31,Positive
R03727,CUST3213,P1236,5,Good value for money.,2025-09-26,Positive
R03728,CUST1656,P1287,5,"Excellent product, highly recommended!",2023-04-18,Positive
R03729,CUST3770,P0876,5,"Excellent product, highly recommended!",2025-10-29,Positive
R03730,CUST4101,P0367,5,Very satisfied with the purchase.,2025-10-23,Positive
R03731,CUST1592,P0606,5,"Excellent product, highly recommended!",2025-01-30,Positive
R03732,CUST2363,P0083,4,Works as expected.,2025-10-12,Positive
R03733,CUST4525,P0798,5,Quality is great for the price.,2021-09-30,Positive
R03734,CUST4796,P0173,5,"Excellent product, highly recommended!",2024-08-24,Positive
R03735,CUST2639,P1684,4,Very satisfied with the purchase.,2025-01-06,Positive
R03736,CUST1576,P0374,5,"Excellent product, highly recommended!",2025-08-11,Positive
R03737,CUST3802,P0897,5,Very satisfied with the purchase.,2024-10-07,Positive
R03738,CUST1203,P0304,3,It's fine but could be better.,2025-11-06,Neutral
R03739,CUST3335,P0629,5,Very satisfied with the purchase.,2023-11-06,Positive
R03740,CUST0733,P1077,4,Good value for money.,2025-05-18,Positive
R03741,CUST4783,P0508,5,"Excellent product, highly recommended!",2025-11-02,Positive
R03742,CUST0173,P1402,5,Works as expected.,2024-09-10,Positive
R03743,CUST4143,P0029,5,Quality is great for the price.,2025-08-21,Positive
R03744,CUST2133,P0153,5,"Excellent product, highly recommended!",2024-07-06,Positive
R03745,CUST0600,P0360,5,"Excellent product, highly recommended!",2024-04-06,Positive
R03746,CUST1448,P1597,5,"Excellent product, highly recommended!",2025-03-15,Positive
R03747,CUST0857,P0836,4,Very satisfied with the purchase.,2024-04-03,Positive
R03748,CUST1462,P0851,5,Quality is great for the price.,2025-01-09,Positive
R03749,CUST1762,P1785,3,Decent product for the price.,2024-09-03,Neutral
R03750,CUST2713,P1329,5,Good value for money.,2025-09-02,Positive
R03751,CUST1777,P1499,5,Quality is great for the price.,2024-01-05,Positive
R03752,CUST1289,P0963,3,Decent product for the price.,2025-08-13,Neutral
R03753,CUST2487,P0475,4,Works as expected.,2025-10-20,Positive
R03754,CUST0157,P0274,5,"Excellent product, highly recommended!",2025-05-14,Positive
R03755,CUST4086,P1946,4,"Excellent product, highly recommended!",2024-11-21,Positive
R03756,CUST2685,P0868,4,"Excellent product, highly recommended!",2021-12-11,Positive
R03757,CUST2747,P1144,5,Quality is great for the price.,2024-07-10,Positive
R03758,CUST0597,P1791,4,Good value for money.,2023-07-19,Positive
R03759,CUST1734,P0310,3,Decent product for the price.,2021-03-03,Neutral
R03760,CUST1876,P1142,5,"Excellent product, highly recommended!",2025-08-26,Positive
R03761,CUST1234,P1185,2,Disappointed with the build quality.,2025-05-03,Negative
R03762,CUST4672,P1233,4,"Excellent product, highly recommended!",2023-09-03,Positive
R03763,CUST2551,P1905,5,Good value for money.,2025-06-11,Positive
R03764,CUST1402,P1279,5,Works as expected.,2025-04-24,Positive
R03765,CUST2832,P0454,4,"Excellent product, highly recommended!",2025-07-02,Positive
R03766,CUST2120,P1199,5,Works as expected.,2025-07-10,Positive
R03767,CUST0694,P1431,5,Quality is great for the price.,2024-12-25,Positive
R03768,CUST4089,P0825,4,"Excellent product, highly recommended!",2024-10-27,Positive
R03769,CUST1674,P1065,4,"Excellent product, highly recommended!",2023-07-01,Positive
R03770,CUST0326,P1186,5,"Excellent product, highly recommended!",2023-07-05,Positive
R03771,CUST3604,P0460,5,"Excellent product, highly recommended!",2025-01-07,Positive
R03772,CUST0526,P0470,4,Works as expected.,2025-10-04,Positive
R03773,CUST2018,P0024,5,Quality is great for the price.,2024-11-02,Positive
R03774,CUST3176,P1527,5,Works as expected.,2025-04-18,Positive
R03775,CUST3044,P1751,1,Poor customer service experience.,2023-07-08,Negative
R03776,CUST3951,P0129,3,"Product is okay, nothing special.",2024-11-17,Neutral
R03777,CUST1353,P0976,5,Very satisfied with the purchase.,2022-01-15,Positive
R03778,CUST0097,P0707,5,Quality is great for the price.,2024-10-30,Positive
R03779,CUST0451,P1610,5,"Excellent product, highly recommended!",2025-05-30,Positive
R03780,CUST0016,P0326,5,"Excellent product, highly recommended!",2022-05-28,Positive
R03781,CUST2735,P0019,2,Poor customer service experience.,2025-10-04,Negative
R03782,CUST0792,P0542,5,Works as expected.,2022-04-30,Positive
R03783,CUST1478,P1456,5,Quality is great for the price.,2025-02-28,Positive
R03784,CUST3956,P1668,4,Works as expected.,2025-08-31,Positive
R03785,CUST4673,P0549,5,Very satisfied with the purchase.,2024-08-03,Positive
R03786,CUST4512,P0895,5,Good value for money.,2025-08-25,Positive
R03787,CUST1308,P0621,3,"Average quality, meets expectations.",2025-09-20,Neutral
R03788,CUST0555,P1939,4,"Excellent product, highly recommended!",2025-08-14,Positive
R03789,CUST2508,P1420,5,Quality is great for the price.,2025-09-26,Positive
R03790,CUST3258,P1225,4,Good value for money.,2020-08-04,Positive
R03791,CUST3598,P1802,3,Decent product for the price.,2024-01-18,Neutral
R03792,CUST3843,P1722,5,Good value for money.,2024-08-21,Positive
R03793,CUST4274,P0149,3,Decent product for the price.,2025-06-13,Neutral
R03794,CUST3173,P0951,3,It's fine but could be better.,2025-10-13,Neutral
R03795,CUST4340,P1789,5,Works as expected.,2025-10-20,Positive
R03796,CUST3802,P1844,4,Works as expected.,2025-03-10,Positive
R03797,CUST3011,P0328,1,Stopped working after a week.,2025-05-28,Negative
R03798,CUST2584,P1409,5,Very satisfied with the purchase.,2025-04-21,Positive
R03799,CUST2959,P1869,5,Quality is great for the price.,2025-08-03,Positive
R03800,CUST1267,P0209,5,Quality is great for the price.,2025-07-23,Positive
R03801,CUST4755,P0928,4,Very satisfied with the purchase.,2025-04-13,Positive
R03802,CUST2356,P1594,5,Good value for money.,2024-01-04,Positive
R03803,CUST3498,P1901,5,Very satisfied with the purchase.,2025-07-26,Positive
R03804,CUST4362,P0898,5,Good value for money.,2025-09-25,Positive
R03805,CUST3572,P0552,5,Quality is great for the price.,2024-09-09,Positive
R03806,CUST2629,P0940,4,"Excellent product, highly recommended!",2024-10-21,Positive
R03807,CUST4198,P0721,4,Good value for money.,2023-12-30,Positive
R03808,CUST1585,P1927,4,Quality is great for the price.,2025-10-30,Positive
R03809,CUST1046,P0953,4,Very satisfied with the purchase.,2024-07-01,Positive
R03810,CUST4662,P1860,4,Quality is great for the price.,2021-01-15,Positive
R03811,CUST3663,P1255,5,Works as expected.,2025-01-20,Positive
R03812,CUST2334,P0619,5,Works as expected.,2025-10-24,Positive
R03813,CUST3578,P0689,5,Good value for money.,2025-08-23,Positive
R03814,CUST2895,P0513,5,Works as expected.,2023-07-10,Positive
R03815,CUST0107,P0967,5,Quality is great for the price.,2024-07-20,Positive
R03816,CUST3818,P1482,3,It's fine but could be better.,2025-10-27,Neutral
R03817,CUST3996,P0556,2,Poor customer service experience.,2025-06-21,Negative
R03818,CUST3571,P1993,5,Very satisfied with the purchase.,2025-09-10,Positive
R03819,CUST1366,P1529,5,Quality is great for the price.,2025-10-18,Positive
R03820,CUST1623,P0059,5,Very satisfied with the purchase.,2025-02-11,Positive
R03821,CUST1423,P1676,3,"Product is okay, nothing special.",2024-05-21,Neutral
R03822,CUST2053,P0334,3,It's fine but could be better.,2023-09-05,Neutral
R03823,CUST4034,P0309,4,Quality is great for the price.,2022-08-13,Positive
R03824,CUST4818,P0696,5,Quality is great for the price.,2025-01-05,Positive
R03825,CUST0146,P1386,5,Good value for money.,2025-10-06,Positive
R03826,CUST3929,P0201,4,Good value for money.,2025-03-06,Positive
R03827,CUST3983,P1003,4,Very satisfied with the purchase.,2025-04-09,Positive
R03828,CUST0777,P1357,3,Decent product for the price.,2025-05-11,Neutral
R03829,CUST1410,P1795,4,Good value for money.,2024-12-07,Positive
R03830,CUST4871,P0785,3,"Average quality, meets expectations.",2024-08-12,Neutral
R03831,CUST2599,P1925,5,Good value for money.,2025-06-10,Positive
R03832,CUST0603,P0842,4,"Excellent product, highly recommended!",2025-07-26,Positive
R03833,CUST0632,P0186,5,Good value for money.,2025-03-23,Positive
R03834,CUST0359,P1905,5,Good value for money.,2024-11-09,Positive
R03835,CUST2821,P0038,2,Disappointed with the build quality.,2025-10-31,Negative
R03836,CUST3178,P0884,5,"Excellent product, highly recommended!",2023-06-24,Positive
R03837,CUST0558,P1694,2,Not worth the money.,2023-12-20,Negative
R03838,CUST3685,P0353,4,"Excellent product, highly recommended!",2025-02-13,Positive
R03839,CUST4089,P1570,5,Very satisfied with the purchase.,2021-07-20,Positive
R03840,CUST1292,P0181,5,"Excellent product, highly recommended!",2022-11-25,Positive
R03841,CUST0119,P1948,5,Works as expected.,2024-06-03,Positive
R03842,CUST2486,P1551,5,Very satisfied with the purchase.,2024-04-03,Positive
R03843,CUST2622,P0416,1,Not worth the money.,2025-02-01,Negative
R03844,CUST3917,P1788,2,Not worth the money.,2024-02-10,Negative
R03845,CUST3731,P1441,5,Quality is great for the price.,2021-04-06,Positive
R03846,CUST2192,P1973,5,Very satisfied with the purchase.,2025-02-02,Positive
R03847,CUST4853,P0811,5,Good value for money.,2024-12-27,Positive
R03848,CUST4979,P0396,4,Quality is great for the price.,2025-08-10,Positive
R03849,CUST1966,P1447,5,Good value for money.,2025-06-01,Positive
R03850,CUST1742,P1443,4,Quality is great for the price.,2024-10-25,Positive
R03851,CUST2234,P1440,5,Very satisfied with the purchase.,2025-04-27,Positive
R03852,CUST4078,P1300,4,"Excellent product, highly recommended!",2025-01-13,Positive
R03853,CUST4161,P1012,4,Quality is great for the price.,2023-01-21,Positive
R03854,CUST2562,P0678,3,"Average quality, meets expectations.",2025-09-18,Neutral
R03855,CUST4845,P0691,4,Good value for money.,2025-01-17,Positive
R03856,CUST3269,P1477,3,It's fine but could be better.,2024-03-18,Neutral
R03857,CUST0818,P0811,3,"Average quality, meets expectations.",2024-12-11,Neutral
R03858,CUST1750,P0097,5,"Excellent product, highly recommended!",2025-07-27,Positive
R03859,CUST0973,P0753,3,Decent product for the price.,2024-08-01,Neutral
R03860,CUST3409,P0745,5,Works as expected.,2024-04-17,Positive
R03861,CUST1960,P1654,5,Works as expected.,2025-09-29,Positive
R03862,CUST3935,P0037,4,Good value for money.,2025-04-07,Positive
R03863,CUST0309,P1715,2,Poor customer service experience.,2022-05-04,Negative
R03864,CUST0717,P0204,2,Stopped working after a week.,2025-03-17,Negative
R03865,CUST3444,P1851,5,Good value for money.,2025-05-01,Positive
R03866,CUST3442,P0192,5,Works as expected.,2025-08-12,Positive
R03867,CUST3336,P1600,5,"Excellent product, highly recommended!",2024-08-03,Positive
R03868,CUST4530,P0114,4,Good value for money.,2025-04-16,Positive
R03869,CUST0713,P0812,3,It's fine but could be better.,2023-07-31,Neutral
R03870,CUST2321,P1377,5,Works as expected.,2021-04-11,Positive
R03871,CUST1066,P1621,4,"Excellent product, highly recommended!",2025-05-23,Positive
R03872,CUST0386,P1555,5,"Excellent product, highly recommended!",2021-09-06,Positive
R03873,CUST4969,P1336,4,"Excellent product, highly recommended!",2022-06-16,Positive
R03874,CUST2896,P1296,3,Decent product for the price.,2022-04-11,Neutral
R03875,CUST4348,P0357,3,It's fine but could be better.,2023-12-10,Neutral
R03876,CUST0367,P0719,5,Works as expected.,2023-11-18,Positive
R03877,CUST4190,P1270,4,"Excellent product, highly recommended!",2024-09-24,Positive
R03878,CUST3475,P0004,1,Stopped working after a week.,2023-11-18,Negative
R03879,CUST2951,P1609,5,"Excellent product, highly recommended!",2023-12-19,Positive
R03880,CUST4780,P1401,4,Good value for money.,2025-04-28,Positive
R03881,CUST3087,P1661,5,Works as expected.,2025-10-02,Positive
R03882,CUST4766,P0760,4,"Excellent product, highly recommended!",2024-05-18,Positive
R03883,CUST1261,P0333,5,Works as expected.,2025-08-25,Positive
R03884,CUST4645,P0686,2,Poor customer service experience.,2023-08-09,Negative
R03885,CUST4845,P1251,5,"Excellent product, highly recommended!",2022-03-14,Positive
R03886,CUST2453,P0392,5,Works as expected.,2025-01-27,Positive
R03887,CUST4978,P0676,4,Very satisfied with the purchase.,2025-03-19,Positive
R03888,CUST4589,P0420,4,Quality is great for the price.,2025-11-14,Positive
R03889,CUST2808,P0571,5,Good value for money.,2025-01-27,Positive
R03890,CUST3559,P1146,4,Good value for money.,2025-07-02,Positive
R03891,CUST3747,P0196,3,"Product is okay, nothing special.",2025-09-18,Neutral
R03892,CUST0128,P1141,5,Quality is great for the price.,2024-08-06,Positive
R03893,CUST0198,P1413,5,Works as expected.,2023-04-21,Positive
R03894,CUST1858,P1084,5,Works as expected.,2025-11-12,Positive
R03895,CUST3719,P0028,4,Very satisfied with the purchase.,2024-10-01,Positive
R03896,CUST2365,P0332,5,"Excellent product, highly recommended!",2025-05-07,Positive
R03897,CUST3050,P1567,4,Good value for money.,2025-05-25,Positive
R03898,CUST1988,P1907,5,Works as expected.,2023-08-22,Positive
R03899,CUST2487,P1462,2,Stopped working after a week.,2024-11-21,Negative
R03900,CUST0816,P1871,5,Good value for money.,2025-09-29,Positive
R03901,CUST4872,P0528,4,"Excellent product, highly recommended!",2022-05-16,Positive
R03902,CUST2369,P0307,5,"Excellent product, highly recommended!",2025-11-12,Positive
R03903,CUST0301,P1777,4,"Excellent product, highly recommended!",2024-10-20,Positive
R03904,CUST1028,P1407,5,Works as expected.,2024-05-03,Positive
R03905,CUST0858,P0866,4,"Excellent product, highly recommended!",2024-10-28,Positive
R03906,CUST1267,P0353,5,Works as expected.,2025-02-16,Positive
R03907,CUST4238,P0511,3,It's fine but could be better.,2024-05-25,Neutral
R03908,CUST2061,P1191,4,Good value for money.,2024-11-01,Positive
R03909,CUST1744,P0050,4,Good value for money.,2024-11-21,Positive
R03910,CUST3096,P0220,4,Quality is great for the price.,2025-07-31,Positive
R03911,CUST3902,P1016,5,Good value for money.,2025-06-03,Positive
R03912,CUST3711,P1770,5,Quality is great for the price.,2025-09-21,Positive
R03913,CUST3200,P1010,4,Quality is great for the price.,2025-08-19,Positive
R03914,CUST3288,P1306,5,Works as expected.,2025-09-18,Positive
R03915,CUST4392,P0277,4,"Excellent product, highly recommended!",2024-01-14,Positive
R03916,CUST3560,P0525,4,Quality is great for the price.,2025-06-25,Positive
R03917,CUST1058,P0224,5,Quality is great for the price.,2025-07-29,Positive
R03918,CUST1570,P1451,5,"Excellent product, highly recommended!",2025-05-29,Positive
R03919,CUST2562,P0536,3,"Product is okay, nothing special.",2023-10-14,Neutral
R03920,CUST3759,P1259,4,"Excellent product, highly recommended!",2025-05-06,Positive
R03921,CUST4516,P0331,5,Good value for money.,2023-11-29,Positive
R03922,CUST4769,P1775,2,Stopped working after a week.,2025-05-06,Negative
R03923,CUST1885,P1602,4,Works as expected.,2024-12-25,Positive
R03924,CUST2301,P0900,3,"Product is okay, nothing special.",2024-03-23,Neutral
R03925,CUST4921,P1934,5,Works as expected.,2025-09-24,Positive
R03926,CUST1366,P0774,3,"Average quality, meets expectations.",2025-06-18,Neutral
R03927,CUST2096,P1173,4,Very satisfied with the purchase.,2025-01-12,Positive
R03928,CUST2743,P1317,4,"Excellent product, highly recommended!",2025-02-12,Positive
R03929,CUST4493,P0182,3,Decent product for the price.,2025-08-24,Neutral
R03930,CUST0715,P0300,5,Quality is great for the price.,2023-06-16,Positive
R03931,CUST4545,P0332,5,"Excellent product, highly recommended!",2025-07-19,Positive
R03932,CUST0571,P0790,3,It's fine but could be better.,2024-12-26,Neutral
R03933,CUST2317,P1613,5,Works as expected.,2025-07-06,Positive
R03934,CUST3960,P0915,2,Stopped working after a week.,2024-09-11,Negative
R03935,CUST4443,P1196,4,Quality is great for the price.,2024-08-19,Positive
R03936,CUST3871,P1417,5,Good value for money.,2023-09-08,Positive
R03937,CUST0841,P0853,5,"Excellent product, highly recommended!",2024-09-04,Positive
R03938,CUST1521,P0973,4,"Excellent product, highly recommended!",2024-03-31,Positive
R03939,CUST2653,P1721,2,Disappointed with the build quality.,2024-07-12,Negative
R03940,CUST4146,P0393,5,Quality is great for the price.,2025-08-27,Positive
R03941,CUST2524,P1505,5,Good value for money.,2025-04-22,Positive
R03942,CUST1399,P0799,5,Very satisfied with the purchase.,2025-02-21,Positive
R03943,CUST2733,P0944,4,Very satisfied with the purchase.,2024-01-20,Positive
R03944,CUST4874,P0757,4,Works as expected.,2025-10-31,Positive
R03945,CUST2763,P1920,4,Very satisfied with the purchase.,2025-05-23,Positive
R03946,CUST3340,P1159,5,Good value for money.,2025-04-07,Positive
R03947,CUST0151,P0568,4,Quality is great for the price.,2024-10-27,Positive
R03948,CUST1715,P0818,5,Quality is great for the price.,2025-10-09,Positive
R03949,CUST4358,P0560,5,Quality is great for the price.,2025-01-18,Positive
R03950,CUST1033,P0630,1,Disappointed with the build quality.,2025-03-14,Negative
R03951,CUST1052,P1221,5,"Excellent product, highly recommended!",2025-07-29,Positive
R03952,CUST2054,P0204,5,Works as expected.,2022-05-02,Positive
R03953,CUST4398,P0333,4,Very satisfied with the purchase.,2025-10-17,Positive
R03954,CUST2964,P1619,4,Works as expected.,2025-11-04,Positive
R03955,CUST4826,P1218,5,Quality is great for the price.,2024-09-01,Positive
R03956,CUST2846,P0890,2,Disappointed with the build quality.,2025-08-30,Negative
R03957,CUST1049,P0844,3,"Product is okay, nothing special.",2025-08-02,Neutral
R03958,CUST4034,P0400,5,Works as expected.,2023-07-06,Positive
R03959,CUST1701,P1818,3,"Average quality, meets expectations.",2025-04-10,Neutral
R03960,CUST3642,P0730,5,Quality is great for the price.,2024-11-04,Positive
R03961,CUST2059,P0020,3,"Product is okay, nothing special.",2021-08-27,Neutral
R03962,CUST3136,P1620,5,Very satisfied with the purchase.,2024-10-15,Positive
R03963,CUST4658,P1520,4,Very satisfied with the purchase.,2024-04-10,Positive
R03964,CUST0690,P0356,5,Quality is great for the price.,2025-04-14,Positive
R03965,CUST0371,P0664,5,"Excellent product, highly recommended!",2024-02-14,Positive
R03966,CUST2099,P1217,5,Very satisfied with the purchase.,2024-07-29,Positive
R03967,CUST2514,P0101,4,Works as expected.,2025-09-28,Positive
R03968,CUST0030,P0672,5,Good value for money.,2024-09-24,Positive
R03969,CUST2856,P1442,4,Quality is great for the price.,2025-04-28,Positive
R03970,CUST1622,P0621,3,Decent product for the price.,2025-02-24,Neutral
R03971,CUST4769,P0331,4,Good value for money.,2025-02-27,Positive
R03972,CUST4811,P0402,4,Very satisfied with the purchase.,2023-08-16,Positive
R03973,CUST1617,P0003,5,"Excellent product, highly recommended!",2023-02-02,Positive
R03974,CUST1123,P0809,4,Very satisfied with the purchase.,2023-09-26,Positive
R03975,CUST0889,P1185,3,Decent product for the price.,2024-08-10,Neutral
R03976,CUST2335,P1206,3,It's fine but could be better.,2024-01-02,Neutral
R03977,CUST3886,P1594,5,"Excellent product, highly recommended!",2025-10-25,Positive
R03978,CUST4872,P0444,4,"Excellent product, highly recommended!",2024-07-18,Positive
R03979,CUST4482,P0351,4,"Excellent product, highly recommended!",2021-09-03,Positive
R03980,CUST2980,P1072,5,Good value for money.,2025-07-11,Positive
R03981,CUST3189,P1024,4,"Excellent product, highly recommended!",2024-03-04,Positive
R03982,CUST1635,P0017,2,Stopped working after a week.,2025-07-14,Negative
R03983,CUST1489,P0902,2,Not worth the money.,2025-06-06,Negative
R03984,CUST2165,P1140,5,Quality is great for the price.,2023-01-09,Positive
R03985,CUST3665,P1929,5,Very satisfied with the purchase.,2025-11-06,Positive
R03986,CUST0370,P1649,5,Quality is great for the price.,2024-07-20,Positive
R03987,CUST2754,P0700,3,It's fine but could be better.,2022-04-11,Neutral
R03988,CUST3616,P0505,4,Good value for money.,2023-08-19,Positive
R03989,CUST0870,P0083,5,Good value for money.,2025-11-11,Positive
R03990,CUST3238,P1513,4,Good value for money.,2024-07-04,Positive
R03991,CUST2258,P1474,4,Good value for money.,2025-09-03,Positive
R03992,CUST3594,P0455,1,Poor customer service experience.,2025-07-25,Negative
R03993,CUST4825,P0925,5,"Excellent product, highly recommended!",2024-05-23,Positive
R03994,CUST0055,P1845,4,Quality is great for the price.,2023-01-29,Positive
R03995,CUST4383,P1377,2,Poor customer service experience.,2021-10-26,Negative
R03996,CUST3808,P0359,4,Good value for money.,2023-11-11,Positive
R03997,CUST4033,P0970,4,Works as expected.,2025-11-12,Positive
R03998,CUST2147,P0757,5,"Excellent product, highly recommended!",2025-10-07,Positive
R03999,CUST4771,P0015,5,"Excellent product, highly recommended!",2025-11-07,Positive
R04000,CUST3214,P1956,5,Very satisfied with the purchase.,2025-10-07,Positive
R04001,CUST1319,P0242,4,Good value for money.,2023-09-12,Positive
R04002,CUST2911,P1047,4,"Excellent product, highly recommended!",2025-07-11,Positive
R04003,CUST2460,P0875,5,Very satisfied with the purchase.,2024-10-23,Positive
R04004,CUST2988,P1901,3,Decent product for the price.,2025-08-31,Neutral
R04005,CUST0734,P1823,5,Works as expected.,2025-07-15,Positive
R04006,CUST0372,P1979,2,Not worth the money.,2024-03-16,Negative
R04007,CUST3296,P1675,5,Quality is great for the price.,2025-02-23,Positive
R04008,CUST0317,P1507,5,Very satisfied with the purchase.,2024-03-27,Positive
R04009,CUST4804,P1949,4,"Excellent product, highly recommended!",2024-05-26,Positive
R04010,CUST3684,P1701,5,"Excellent product, highly recommended!",2025-04-27,Positive
R04011,CUST3901,P0003,4,Works as expected.,2025-10-17,Positive
R04012,CUST4642,P1747,4,Very satisfied with the purchase.,2024-05-25,Positive
R04013,CUST0067,P1253,5,Good value for money.,2025-07-20,Positive
R04014,CUST2096,P0324,4,Works as expected.,2023-11-07,Positive
R04015,CUST1794,P0515,2,Poor customer service experience.,2024-04-14,Negative
R04016,CUST4759,P1733,1,Not worth the money.,2024-01-10,Negative
R04017,CUST3003,P1165,1,Poor customer service experience.,2024-05-14,Negative
R04018,CUST3596,P0930,4,Good value for money.,2024-05-08,Positive
R04019,CUST0491,P0057,5,Quality is great for the price.,2024-10-15,Positive
R04020,CUST0045,P1062,5,Good value for money.,2024-12-19,Positive
R04021,CUST4481,P1306,3,"Product is okay, nothing special.",2025-07-09,Neutral
R04022,CUST2127,P0768,1,Disappointed with the build quality.,2025-05-21,Negative
R04023,CUST1327,P1920,5,"Excellent product, highly recommended!",2021-06-04,Positive
R04024,CUST2732,P0173,5,"Excellent product, highly recommended!",2025-11-03,Positive
R04025,CUST0476,P1006,4,Quality is great for the price.,2025-06-28,Positive
R04026,CUST0782,P0885,4,Good value for money.,2023-07-15,Positive
R04027,CUST4364,P0799,5,Good value for money.,2023-10-24,Positive
R04028,CUST2389,P1247,5,"Excellent product, highly recommended!",2024-11-08,Positive
R04029,CUST0115,P1040,3,It's fine but could be better.,2025-09-07,Neutral
R04030,CUST0173,P0367,3,Decent product for the price.,2025-10-22,Neutral
R04031,CUST3073,P1089,4,Quality is great for the price.,2024-01-29,Positive
R04032,CUST2687,P1076,4,Quality is great for the price.,2022-10-09,Positive
R04033,CUST1041,P1063,1,Disappointed with the build quality.,2023-07-30,Negative
R04034,CUST0932,P1165,4,Good value for money.,2025-07-10,Positive
R04035,CUST1217,P0201,4,Works as expected.,2025-09-11,Positive
R04036,CUST4280,P1912,4,"Excellent product, highly recommended!",2025-11-06,Positive
R04037,CUST2293,P1221,5,"Excellent product, highly recommended!",2023-04-19,Positive
R04038,CUST2938,P1113,3,Decent product for the price.,2025-07-08,Neutral
R04039,CUST2248,P1145,4,Very satisfied with the purchase.,2025-06-27,Positive
R04040,CUST4590,P0742,4,Very satisfied with the purchase.,2022-07-29,Positive
R04041,CUST0844,P0816,3,Decent product for the price.,2022-02-26,Neutral
R04042,CUST1646,P1086,5,Very satisfied with the purchase.,2025-02-22,Positive
R04043,CUST3089,P0426,5,"Excellent product, highly recommended!",2025-09-27,Positive
R04044,CUST3211,P1847,5,Good value for money.,2024-10-16,Positive
R04045,CUST4120,P1082,5,Very satisfied with the purchase.,2025-03-31,Positive
R04046,CUST0682,P1407,4,Works as expected.,2024-06-26,Positive
R04047,CUST0809,P0372,3,It's fine but could be better.,2022-06-04,Neutral
R04048,CUST1195,P0780,5,Works as expected.,2024-06-12,Positive
R04049,CUST4778,P0500,5,"Excellent product, highly recommended!",2025-11-03,Positive
R04050,CUST2159,P0717,5,Good value for money.,2025-09-08,Positive
R04051,CUST4966,P0473,5,Works as expected.,2023-10-24,Positive
R04052,CUST4423,P0387,5,Quality is great for the price.,2025-05-05,Positive
R04053,CUST0671,P1940,5,Works as expected.,2024-01-24,Positive
R04054,CUST2629,P0354,5,Quality is great for the price.,2024-12-03,Positive
R04055,CUST0048,P1962,4,Works as expected.,2021-04-09,Positive
R04056,CUST4322,P0047,5,Very satisfied with the purchase.,2022-01-04,Positive
R04057,CUST2096,P0687,4,Quality is great for the price.,2024-11-02,Positive
R04058,CUST2198,P0981,4,Good value for money.,2024-11-10,Positive
R04059,CUST4990,P1069,1,Stopped working after a week.,2025-10-18,Negative
R04060,CUST2113,P1460,4,"Excellent product, highly recommended!",2023-10-14,Positive
R04061,CUST0446,P1720,3,It's fine but could be better.,2024-03-23,Neutral
R04062,CUST0377,P1000,3,It's fine but could be better.,2024-03-14,Neutral
R04063,CUST2501,P0561,3,It's fine but could be better.,2025-09-06,Neutral
R04064,CUST0561,P0348,5,Very satisfied with the purchase.,2025-11-07,Positive
R04065,CUST1092,P0862,5,Very satisfied with the purchase.,2025-03-29,Positive
R04066,CUST4682,P1600,5,Quality is great for the price.,2024-12-02,Positive
R04067,CUST1390,P0851,4,Quality is great for the price.,2024-08-12,Positive
R04068,CUST1729,P0211,1,Stopped working after a week.,2023-07-17,Negative
R04069,CUST1651,P0031,3,Decent product for the price.,2025-07-18,Neutral
R04070,CUST0455,P1436,5,Works as expected.,2023-10-19,Positive
R04071,CUST1179,P0249,4,"Excellent product, highly recommended!",2025-03-25,Positive
R04072,CUST0683,P0666,5,Works as expected.,2025-10-15,Positive
R04073,CUST2544,P0694,5,"Excellent product, highly recommended!",2024-01-20,Positive
R04074,CUST2320,P0597,3,"Product is okay, nothing special.",2025-01-20,Neutral
R04075,CUST3538,P0652,3,"Product is okay, nothing special.",2025-10-21,Neutral
R04076,CUST2664,P0059,2,Disappointed with the build quality.,2025-02-21,Negative
R04077,CUST2416,P1061,5,"Excellent product, highly recommended!",2023-06-20,Positive
R04078,CUST2174,P1675,4,Quality is great for the price.,2025-04-05,Positive
R04079,CUST4610,P0386,5,Works as expected.,2025-11-11,Positive
R04080,CUST3949,P1637,5,Quality is great for the price.,2024-09-21,Positive
R04081,CUST3527,P1499,5,Very satisfied with the purchase.,2025-03-28,Positive
R04082,CUST1664,P1474,2,Poor customer service experience.,2025-01-25,Negative
R04083,CUST4154,P0132,4,Very satisfied with the purchase.,2024-03-31,Positive
R04084,CUST1496,P1596,5,Good value for money.,2023-04-12,Positive
R04085,CUST0747,P0949,5,Works as expected.,2025-05-20,Positive
R04086,CUST1171,P0287,4,Good value for money.,2025-01-28,Positive
R04087,CUST1407,P1848,4,Good value for money.,2025-10-14,Positive
R04088,CUST1996,P1833,2,Stopped working after a week.,2025-06-27,Negative
R04089,CUST4718,P1540,2,Disappointed with the build quality.,2022-05-26,Negative
R04090,CUST2864,P0968,5,Works as expected.,2024-09-13,Positive
R04091,CUST2274,P0947,5,Works as expected.,2025-03-07,Positive
R04092,CUST3094,P0284,4,Very satisfied with the purchase.,2023-09-11,Positive
R04093,CUST2785,P0832,5,Works as expected.,2025-10-31,Positive
R04094,CUST3180,P0426,4,Good value for money.,2025-09-11,Positive
R04095,CUST0195,P1250,2,Stopped working after a week.,2024-08-10,Negative
R04096,CUST1443,P0516,5,Good value for money.,2024-06-08,Positive
R04097,CUST4260,P1727,4,Works as expected.,2024-12-06,Positive
R04098,CUST3663,P0532,2,Poor customer service experience.,2025-07-24,Negative
R04099,CUST0239,P1504,3,"Product is okay, nothing special.",2024-11-29,Neutral
R04100,CUST0183,P1875,4,Quality is great for the price.,2023-09-28,Positive
R04101,CUST4845,P1278,4,Very satisfied with the purchase.,2020-12-18,Positive
R04102,CUST1844,P0190,4,Quality is great for the price.,2024-01-30,Positive
R04103,CUST1433,P0178,5,"Excellent product, highly recommended!",2023-08-02,Positive
R04104,CUST0883,P0037,4,Good value for money.,2025-09-15,Positive
R04105,CUST4385,P0614,4,Good value for money.,2025-10-06,Positive
R04106,CUST1426,P0856,4,"Excellent product, highly recommended!",2025-10-06,Positive
R04107,CUST2198,P0227,5,Very satisfied with the purchase.,2025-07-08,Positive
R04108,CUST2473,P0137,4,Quality is great for the price.,2025-04-01,Positive
R04109,CUST3972,P0478,5,Very satisfied with the purchase.,2023-08-13,Positive
R04110,CUST4923,P1049,5,Works as expected.,2025-06-30,Positive
R04111,CUST2863,P1773,5,Quality is great for the price.,2025-09-13,Positive
R04112,CUST0719,P0151,3,Decent product for the price.,2025-03-28,Neutral
R04113,CUST0799,P0247,2,Not worth the money.,2025-08-25,Negative
R04114,CUST1089,P1566,5,Very satisfied with the purchase.,2025-11-01,Positive
R04115,CUST2434,P1491,5,Very satisfied with the purchase.,2025-09-27,Positive
R04116,CUST1140,P0760,5,Good value for money.,2024-04-05,Positive
R04117,CUST2425,P1460,5,Good value for money.,2021-07-13,Positive
R04118,CUST3485,P1115,1,Poor customer service experience.,2025-06-08,Negative
R04119,CUST4198,P0089,3,Decent product for the price.,2024-09-26,Neutral
R04120,CUST4788,P1004,4,"Excellent product, highly recommended!",2025-08-27,Positive
R04121,CUST1030,P0936,5,Very satisfied with the purchase.,2025-08-14,Positive
R04122,CUST1107,P1359,4,Quality is great for the price.,2025-09-21,Positive
R04123,CUST4582,P1404,3,Decent product for the price.,2025-10-21,Neutral
R04124,CUST0027,P1951,5,"Excellent product, highly recommended!",2020-11-25,Positive
R04125,CUST1585,P0231,3,"Product is okay, nothing special.",2025-04-08,Neutral
R04126,CUST0576,P0689,4,Works as expected.,2025-11-09,Positive
R04127,CUST4553,P0222,5,Good value for money.,2023-08-24,Positive
R04128,CUST0102,P1603,5,Quality is great for the price.,2024-05-08,Positive
R04129,CUST1733,P1700,4,"Excellent product, highly recommended!",2025-03-27,Positive
R04130,CUST3122,P0895,4,Good value for money.,2023-11-23,Positive
R04131,CUST2952,P0169,2,Poor customer service experience.,2024-01-10,Negative
R04132,CUST1061,P0828,3,It's fine but could be better.,2025-08-06,Neutral
R04133,CUST2452,P0935,5,Works as expected.,2023-11-13,Positive
R04134,CUST0682,P0757,5,Very satisfied with the purchase.,2025-10-04,Positive
R04135,CUST0758,P0176,1,Poor customer service experience.,2025-07-21,Negative
R04136,CUST4874,P0911,5,Very satisfied with the purchase.,2025-10-24,Positive
R04137,CUST1296,P0423,4,"Excellent product, highly recommended!",2024-11-11,Positive
R04138,CUST0043,P1467,5,"Excellent product, highly recommended!",2025-03-09,Positive
R04139,CUST1526,P0554,3,Decent product for the price.,2025-10-20,Neutral
R04140,CUST4529,P0994,5,Works as expected.,2025-10-11,Positive
R04141,CUST2546,P1934,5,Quality is great for the price.,2023-06-02,Positive
R04142,CUST2986,P0851,5,Good value for money.,2025-08-08,Positive
R04143,CUST4089,P1307,4,"Excellent product, highly recommended!",2025-08-26,Positive
R04144,CUST2108,P0815,3,"Average quality, meets expectations.",2021-08-20,Neutral
R04145,CUST3009,P0696,5,Works as expected.,2022-05-11,Positive
R04146,CUST4098,P0886,4,Works as expected.,2025-03-15,Positive
R04147,CUST3601,P0133,3,"Average quality, meets expectations.",2024-02-16,Neutral
R04148,CUST0342,P1255,5,Quality is great for the price.,2024-12-07,Positive
R04149,CUST3696,P0249,2,Not worth the money.,2025-06-10,Negative
R04150,CUST2540,P0650,5,Works as expected.,2025-08-19,Positive
R04151,CUST4259,P1917,4,Very satisfied with the purchase.,2024-03-07,Positive
R04152,CUST3630,P1217,5,Very satisfied with the purchase.,2024-03-12,Positive
R04153,CUST1681,P1927,4,Good value for money.,2025-11-12,Positive
R04154,CUST1889,P0935,5,Very satisfied with the purchase.,2025-03-01,Positive
R04155,CUST1192,P1452,5,"Excellent product, highly recommended!",2025-04-11,Positive
R04156,CUST2248,P1711,5,Good value for money.,2025-08-22,Positive
R04157,CUST1248,P1291,4,Works as expected.,2021-07-06,Positive
R04158,CUST1478,P0073,5,Quality is great for the price.,2025-08-05,Positive
R04159,CUST2246,P1041,3,Decent product for the price.,2023-03-15,Neutral
R04160,CUST3658,P1743,3,Decent product for the price.,2025-07-04,Neutral
R04161,CUST3250,P1662,4,Good value for money.,2025-03-04,Positive
R04162,CUST2188,P1874,4,"Excellent product, highly recommended!",2024-11-06,Positive
R04163,CUST0832,P0312,5,"Excellent product, highly recommended!",2022-12-24,Positive
R04164,CUST4045,P1099,3,"Product is okay, nothing special.",2025-07-05,Neutral
R04165,CUST3387,P1668,4,Good value for money.,2025-04-25,Positive
R04166,CUST3984,P0018,3,"Average quality, meets expectations.",2025-10-09,Neutral
R04167,CUST3318,P1901,4,"Excellent product, highly recommended!",2025-07-26,Positive
R04168,CUST1192,P0878,4,"Excellent product, highly recommended!",2024-12-02,Positive
R04169,CUST4388,P1400,5,Quality is great for the price.,2023-08-14,Positive
R04170,CUST2163,P1154,2,Disappointed with the build quality.,2025-10-02,Negative
R04171,CUST3699,P0234,4,Quality is great for the price.,2025-03-09,Positive
R04172,CUST1239,P0872,5,Very satisfied with the purchase.,2025-07-06,Positive
R04173,CUST2192,P1921,4,Works as expected.,2025-06-23,Positive
R04174,CUST2120,P0059,4,Quality is great for the price.,2025-11-05,Positive
R04175,CUST3795,P1871,5,Good value for money.,2025-10-27,Positive
R04176,CUST2915,P0629,5,Good value for money.,2022-07-19,Positive
R04177,CUST3916,P1650,2,Not worth the money.,2020-04-10,Negative
R04178,CUST3721,P1887,4,Very satisfied with the purchase.,2024-10-01,Positive
R04179,CUST2104,P1806,5,"Excellent product, highly recommended!",2025-10-01,Positive
R04180,CUST3315,P1145,5,Works as expected.,2024-04-10,Positive
R04181,CUST3967,P1301,2,Disappointed with the build quality.,2025-06-25,Negative
R04182,CUST0926,P1401,3,"Average quality, meets expectations.",2025-07-11,Neutral
R04183,CUST0551,P1533,4,Good value for money.,2024-09-30,Positive
R04184,CUST1535,P0110,4,Quality is great for the price.,2025-09-24,Positive
R04185,CUST2381,P0285,5,Works as expected.,2025-07-14,Positive
R04186,CUST1282,P0676,3,"Average quality, meets expectations.",2025-04-08,Neutral
R04187,CUST0879,P1836,4,"Excellent product, highly recommended!",2025-02-19,Positive
R04188,CUST1938,P1084,5,"Excellent product, highly recommended!",2025-10-28,Positive
R04189,CUST3858,P1192,1,Not worth the money.,2024-04-11,Negative
R04190,CUST0705,P0111,5,Very satisfied with the purchase.,2024-11-10,Positive
R04191,CUST1983,P0797,4,Quality is great for the price.,2025-04-17,Positive
R04192,CUST0024,P0460,5,"Excellent product, highly recommended!",2024-01-30,Positive
R04193,CUST1304,P1355,5,Good value for money.,2024-03-10,Positive
R04194,CUST4638,P1145,3,"Product is okay, nothing special.",2025-05-16,Neutral
R04195,CUST1510,P0630,1,Not worth the money.,2025-04-27,Negative
R04196,CUST1390,P1327,5,"Excellent product, highly recommended!",2025-07-24,Positive
R04197,CUST3314,P1296,5,Very satisfied with the purchase.,2025-09-27,Positive
R04198,CUST0186,P1291,2,Not worth the money.,2023-11-04,Negative
R04199,CUST0570,P0364,4,Quality is great for the price.,2021-07-16,Positive
R04200,CUST2575,P0935,3,Decent product for the price.,2025-04-27,Neutral
R04201,CUST3230,P0215,1,Disappointed with the build quality.,2023-03-17,Negative
R04202,CUST1995,P0285,5,"Excellent product, highly recommended!",2025-08-11,Positive
R04203,CUST4091,P1005,4,Quality is great for the price.,2025-01-18,Positive
R04204,CUST0589,P0997,4,"Excellent product, highly recommended!",2023-10-16,Positive
R04205,CUST2699,P0846,5,Very satisfied with the purchase.,2024-08-14,Positive
R04206,CUST0287,P1509,4,Works as expected.,2024-11-10,Positive
R04207,CUST3387,P1131,4,Quality is great for the price.,2025-06-06,Positive
R04208,CUST2004,P1297,3,It's fine but could be better.,2025-07-15,Neutral
R04209,CUST1402,P0972,1,Poor customer service experience.,2025-10-26,Negative
R04210,CUST0299,P0872,4,Very satisfied with the purchase.,2025-03-30,Positive
R04211,CUST1922,P1868,4,"Excellent product, highly recommended!",2023-04-13,Positive
R04212,CUST1332,P1924,3,Decent product for the price.,2025-05-09,Neutral
R04213,CUST4592,P0610,4,Very satisfied with the purchase.,2025-04-03,Positive
R04214,CUST4638,P0181,4,Quality is great for the price.,2025-06-21,Positive
R04215,CUST0523,P1705,3,It's fine but could be better.,2025-09-08,Neutral
R04216,CUST3791,P1483,3,"Product is okay, nothing special.",2024-07-22,Neutral
R04217,CUST0989,P1175,4,Very satisfied with the purchase.,2024-12-18,Positive
R04218,CUST3406,P1168,4,Works as expected.,2025-05-06,Positive
R04219,CUST0696,P1557,5,"Excellent product, highly recommended!",2024-06-20,Positive
R04220,CUST1109,P1234,5,Works as expected.,2025-10-30,Positive
R04221,CUST2822,P1667,5,Quality is great for the price.,2024-10-23,Positive
R04222,CUST0052,P0870,3,Decent product for the price.,2023-11-20,Neutral
R04223,CUST2086,P1249,2,Disappointed with the build quality.,2025-09-14,Negative
R04224,CUST1355,P1317,3,It's fine but could be better.,2023-03-24,Neutral
R04225,CUST2850,P0566,4,Very satisfied with the purchase.,2024-08-22,Positive
R04226,CUST3162,P1693,5,"Excellent product, highly recommended!",2025-09-29,Positive
R04227,CUST3268,P1136,4,Works as expected.,2025-05-25,Positive
R04228,CUST2294,P0457,4,Good value for money.,2025-07-20,Positive
R04229,CUST2181,P1874,3,"Average quality, meets expectations.",2024-09-21,Neutral
R04230,CUST2337,P1835,4,Works as expected.,2025-09-21,Positive
R04231,CUST0726,P0853,4,Good value for money.,2023-03-13,Positive
R04232,CUST4483,P1507,5,Works as expected.,2021-07-13,Positive
R04233,CUST2009,P1845,5,Works as expected.,2022-03-14,Positive
R04234,CUST1441,P0080,5,Very satisfied with the purchase.,2023-01-04,Positive
R04235,CUST1958,P0074,2,Poor customer service experience.,2025-08-08,Negative
R04236,CUST0773,P1257,3,Decent product for the price.,2025-02-07,Neutral
R04237,CUST2328,P0840,3,"Average quality, meets expectations.",2021-07-16,Neutral
R04238,CUST1947,P0461,4,Good value for money.,2024-07-14,Positive
R04239,CUST4157,P1424,4,Good value for money.,2025-09-03,Positive
R04240,CUST3712,P1659,5,Quality is great for the price.,2024-12-20,Positive
R04241,CUST0326,P0497,2,Poor customer service experience.,2024-04-10,Negative
R04242,CUST2745,P1735,4,"Excellent product, highly recommended!",2025-03-09,Positive
R04243,CUST0400,P0017,3,"Average quality, meets expectations.",2024-05-09,Neutral
R04244,CUST2257,P0026,3,"Product is okay, nothing special.",2025-04-30,Neutral
R04245,CUST2273,P0559,4,"Excellent product, highly recommended!",2025-06-08,Positive
R04246,CUST4214,P0577,4,Quality is great for the price.,2024-08-19,Positive
R04247,CUST1153,P0450,2,Stopped working after a week.,2025-11-03,Negative
R04248,CUST1946,P0537,3,"Product is okay, nothing special.",2025-09-25,Neutral
R04249,CUST2391,P1238,5,Good value for money.,2024-12-31,Positive
R04250,CUST4698,P0990,1,Stopped working after a week.,2024-08-25,Negative
R04251,CUST0363,P0570,4,Works as expected.,2024-04-05,Positive
R04252,CUST4921,P0389,4,Works as expected.,2023-11-11,Positive
R04253,CUST3010,P0892,5,Good value for money.,2022-05-10,Positive
R04254,CUST1401,P1489,4,Works as expected.,2025-09-30,Positive
R04255,CUST3380,P0014,4,Very satisfied with the purchase.,2025-11-11,Positive
R04256,CUST1288,P1157,4,Good value for money.,2024-06-04,Positive
R04257,CUST1004,P0587,4,Very satisfied with the purchase.,2025-10-01,Positive
R04258,CUST4572,P0452,5,Quality is great for the price.,2025-07-06,Positive
R04259,CUST1011,P1284,2,Stopped working after a week.,2025-09-19,Negative
R04260,CUST1731,P0636,4,Works as expected.,2025-06-04,Positive
R04261,CUST0267,P0812,5,Very satisfied with the purchase.,2024-03-29,Positive
R04262,CUST3425,P0783,5,Good value for money.,2025-05-13,Positive
R04263,CUST4256,P1159,4,Very satisfied with the purchase.,2025-08-10,Positive
R04264,CUST0840,P1263,5,"Excellent product, highly recommended!",2025-03-19,Positive
R04265,CUST2507,P0173,5,Quality is great for the price.,2023-10-30,Positive
R04266,CUST0099,P0066,5,Works as expected.,2025-01-29,Positive
R04267,CUST2773,P0446,4,Works as expected.,2025-04-15,Positive
R04268,CUST4952,P1460,1,Stopped working after a week.,2022-09-21,Negative
R04269,CUST2884,P0269,5,Very satisfied with the purchase.,2024-11-18,Positive
R04270,CUST4073,P0047,5,Very satisfied with the purchase.,2024-08-02,Positive
R04271,CUST2396,P1232,4,Very satisfied with the purchase.,2025-09-25,Positive
R04272,CUST4417,P1144,2,Not worth the money.,2025-07-14,Negative
R04273,CUST0125,P1206,4,Very satisfied with the purchase.,2025-08-13,Positive
R04274,CUST1081,P1210,3,Decent product for the price.,2025-03-06,Neutral
R04275,CUST0243,P1566,4,Works as expected.,2025-10-01,Positive
R04276,CUST3022,P0920,5,Very satisfied with the purchase.,2025-07-14,Positive
R04277,CUST4109,P1276,5,Works as expected.,2025-06-08,Positive
R04278,CUST3084,P0274,4,Works as expected.,2025-05-21,Positive
R04279,CUST3721,P0401,5,"Excellent product, highly recommended!",2025-03-12,Positive
R04280,CUST2140,P1040,5,"Excellent product, highly recommended!",2025-03-18,Positive
R04281,CUST2002,P1420,3,It's fine but could be better.,2024-10-19,Neutral
R04282,CUST3644,P0440,5,Works as expected.,2025-11-13,Positive
R04283,CUST0509,P1380,4,Very satisfied with the purchase.,2024-03-27,Positive
R04284,CUST0074,P0216,4,Very satisfied with the purchase.,2024-11-01,Positive
R04285,CUST1069,P0042,3,"Average quality, meets expectations.",2025-03-09,Neutral
R04286,CUST0210,P0042,4,Good value for money.,2025-06-06,Positive
R04287,CUST4993,P0996,3,"Product is okay, nothing special.",2021-10-10,Neutral
R04288,CUST2704,P0192,4,"Excellent product, highly recommended!",2024-03-10,Positive
R04289,CUST4454,P0100,5,Very satisfied with the purchase.,2024-10-05,Positive
R04290,CUST3524,P0295,5,Quality is great for the price.,2025-10-07,Positive
R04291,CUST1829,P0704,5,Good value for money.,2024-09-29,Positive
R04292,CUST0766,P0123,5,Good value for money.,2025-02-16,Positive
R04293,CUST4558,P1301,5,Very satisfied with the purchase.,2023-09-30,Positive
R04294,CUST1883,P0433,5,Quality is great for the price.,2024-03-05,Positive
R04295,CUST0921,P1727,5,Very satisfied with the purchase.,2024-04-18,Positive
R04296,CUST4032,P1435,5,Very satisfied with the purchase.,2025-11-04,Positive
R04297,CUST4900,P1560,5,Very satisfied with the purchase.,2025-06-22,Positive
R04298,CUST1705,P1857,4,Good value for money.,2025-03-05,Positive
R04299,CUST2372,P0031,5,"Excellent product, highly recommended!",2025-10-31,Positive
R04300,CUST0830,P0124,5,Quality is great for the price.,2025-06-04,Positive
R04301,CUST0477,P0039,4,Quality is great for the price.,2023-08-13,Positive
R04302,CUST4620,P1935,4,"Excellent product, highly recommended!",2023-09-03,Positive
R04303,CUST2461,P1288,5,Works as expected.,2024-10-21,Positive
R04304,CUST2260,P1546,5,"Excellent product, highly recommended!",2024-05-24,Positive
R04305,CUST4057,P0671,5,Works as expected.,2025-10-15,Positive
R04306,CUST1944,P0643,3,It's fine but could be better.,2024-06-28,Neutral
R04307,CUST2736,P0590,4,Good value for money.,2024-05-31,Positive
R04308,CUST4192,P1870,5,"Excellent product, highly recommended!",2025-11-04,Positive
R04309,CUST0339,P1750,4,Quality is great for the price.,2023-04-26,Positive
R04310,CUST4792,P1934,4,Works as expected.,2024-03-28,Positive
R04311,CUST0171,P0089,5,Quality is great for the price.,2025-06-14,Positive
R04312,CUST3016,P1239,5,"Excellent product, highly recommended!",2025-09-15,Positive
R04313,CUST4010,P0419,5,Very satisfied with the purchase.,2023-07-29,Positive
R04314,CUST3608,P0783,5,Quality is great for the price.,2025-05-04,Positive
R04315,CUST2698,P0451,3,Decent product for the price.,2024-03-07,Neutral
R04316,CUST4619,P0840,5,Works as expected.,2024-05-20,Positive
R04317,CUST0692,P0891,5,Works as expected.,2025-10-10,Positive
R04318,CUST0323,P1432,4,Works as expected.,2025-07-05,Positive
R04319,CUST2136,P1437,3,"Average quality, meets expectations.",2021-05-30,Neutral
R04320,CUST1439,P1440,3,"Product is okay, nothing special.",2023-10-26,Neutral
R04321,CUST1574,P1984,3,"Average quality, meets expectations.",2023-07-21,Neutral
R04322,CUST1063,P1735,5,Works as expected.,2024-11-23,Positive
R04323,CUST4315,P0069,5,Very satisfied with the purchase.,2024-05-17,Positive
R04324,CUST4162,P0250,1,Disappointed with the build quality.,2024-06-12,Negative
R04325,CUST3174,P1460,4,Works as expected.,2022-02-20,Positive
R04326,CUST0951,P0446,5,Good value for money.,2024-12-21,Positive
R04327,CUST1537,P0998,1,Poor customer service experience.,2022-03-30,Negative
R04328,CUST3750,P0079,4,"Excellent product, highly recommended!",2024-05-12,Positive
R04329,CUST0529,P0544,5,Very satisfied with the purchase.,2022-12-29,Positive
R04330,CUST0923,P0822,5,Quality is great for the price.,2025-06-03,Positive
R04331,CUST2748,P0424,5,Good value for money.,2025-02-04,Positive
R04332,CUST3967,P1736,4,Very satisfied with the purchase.,2025-04-26,Positive
R04333,CUST1213,P1301,4,"Excellent product, highly recommended!",2025-10-09,Positive
R04334,CUST1041,P0709,5,"Excellent product, highly recommended!",2023-02-24,Positive
R04335,CUST4722,P0566,5,Good value for money.,2022-10-07,Positive
R04336,CUST3070,P1924,5,Very satisfied with the purchase.,2025-02-08,Positive
R04337,CUST1557,P0374,5,Quality is great for the price.,2025-07-27,Positive
R04338,CUST0749,P1368,5,Very satisfied with the purchase.,2022-01-31,Positive
R04339,CUST2357,P1629,5,Very satisfied with the purchase.,2025-10-05,Positive
R04340,CUST0662,P1280,5,Quality is great for the price.,2025-08-18,Positive
R04341,CUST3691,P0846,4,Quality is great for the price.,2025-07-28,Positive
R04342,CUST3781,P1547,5,Works as expected.,2024-06-16,Positive
R04343,CUST4655,P1632,4,Quality is great for the price.,2025-10-30,Positive
R04344,CUST2246,P1355,5,Very satisfied with the purchase.,2025-03-07,Positive
R04345,CUST1304,P1204,5,Very satisfied with the purchase.,2025-06-11,Positive
R04346,CUST0789,P1989,3,It's fine but could be better.,2025-02-03,Neutral
R04347,CUST0562,P0524,2,Not worth the money.,2025-10-27,Negative
R04348,CUST4428,P0962,5,Quality is great for the price.,2024-07-06,Positive
R04349,CUST2656,P0410,4,Very satisfied with the purchase.,2022-11-07,Positive
R04350,CUST0147,P0102,3,"Product is okay, nothing special.",2022-05-01,Neutral
R04351,CUST4492,P1733,4,Works as expected.,2025-10-31,Positive
R04352,CUST2635,P0112,4,Good value for money.,2025-10-01,Positive
R04353,CUST3279,P0583,4,Works as expected.,2025-03-19,Positive
R04354,CUST3322,P1083,5,"Excellent product, highly recommended!",2025-07-18,Positive
R04355,CUST0770,P0702,5,Good value for money.,2025-03-10,Positive
R04356,CUST0437,P1996,4,Good value for money.,2025-02-13,Positive
R04357,CUST2490,P0951,2,Stopped working after a week.,2025-02-15,Negative
R04358,CUST2919,P0651,4,"Excellent product, highly recommended!",2025-10-15,Positive
R04359,CUST3527,P1429,5,Works as expected.,2022-12-15,Positive
R04360,CUST2282,P1616,4,Works as expected.,2025-08-01,Positive
R04361,CUST0895,P0497,3,It's fine but could be better.,2025-08-09,Neutral
R04362,CUST0532,P1117,2,Disappointed with the build quality.,2022-12-09,Negative
R04363,CUST1258,P0278,4,Quality is great for the price.,2024-07-25,Positive
R04364,CUST2727,P1957,2,Stopped working after a week.,2024-12-18,Negative
R04365,CUST2383,P0198,3,Decent product for the price.,2020-11-15,Neutral
R04366,CUST3637,P0248,3,"Product is okay, nothing special.",2024-06-20,Neutral
R04367,CUST4554,P0376,3,"Average quality, meets expectations.",2025-10-29,Neutral
R04368,CUST1055,P0839,5,Good value for money.,2025-08-19,Positive
R04369,CUST1146,P1034,2,Not worth the money.,2025-10-13,Negative
R04370,CUST2737,P0576,5,"Excellent product, highly recommended!",2023-08-23,Positive
R04371,CUST2097,P0687,2,Not worth the money.,2020-05-21,Negative
R04372,CUST1293,P1768,4,Very satisfied with the purchase.,2025-05-23,Positive
R04373,CUST4337,P1418,4,"Excellent product, highly recommended!",2025-10-13,Positive
R04374,CUST1068,P1324,3,Decent product for the price.,2023-03-09,Neutral
R04375,CUST0415,P0029,3,It's fine but could be better.,2025-11-13,Neutral
R04376,CUST4061,P0797,5,Very satisfied with the purchase.,2025-07-18,Positive
R04377,CUST0649,P0643,3,"Average quality, meets expectations.",2025-09-12,Neutral
R04378,CUST4874,P1079,5,"Excellent product, highly recommended!",2025-09-20,Positive
R04379,CUST1389,P0854,2,Not worth the money.,2025-03-30,Negative
R04380,CUST3752,P0835,4,Very satisfied with the purchase.,2025-08-30,Positive
R04381,CUST0310,P1164,3,"Product is okay, nothing special.",2023-10-05,Neutral
R04382,CUST1970,P0291,5,Quality is great for the price.,2025-05-12,Positive
R04383,CUST4628,P0813,5,Very satisfied with the purchase.,2025-06-02,Positive
R04384,CUST1976,P1243,5,Quality is great for the price.,2020-01-08,Positive
R04385,CUST3020,P0021,3,It's fine but could be better.,2022-02-05,Neutral
R04386,CUST3025,P1813,5,Good value for money.,2021-06-17,Positive
R04387,CUST2164,P1336,5,Very satisfied with the purchase.,2025-01-28,Positive
R04388,CUST4969,P0323,4,Very satisfied with the purchase.,2025-07-31,Positive
R04389,CUST1479,P1807,5,Quality is great for the price.,2024-05-12,Positive
R04390,CUST4134,P0852,5,Good value for money.,2025-06-04,Positive
R04391,CUST4075,P1922,4,Quality is great for the price.,2025-09-21,Positive
R04392,CUST2754,P1431,2,Disappointed with the build quality.,2024-06-13,Negative
R04393,CUST1163,P1810,5,Very satisfied with the purchase.,2025-08-25,Positive
R04394,CUST3208,P0547,4,Very satisfied with the purchase.,2023-10-17,Positive
R04395,CUST2862,P0740,5,"Excellent product, highly recommended!",2023-11-16,Positive
R04396,CUST4775,P1599,4,Very satisfied with the purchase.,2021-09-06,Positive
R04397,CUST3011,P0153,4,Good value for money.,2025-02-06,Positive
R04398,CUST1431,P0348,5,Very satisfied with the purchase.,2025-10-30,Positive
R04399,CUST1744,P0020,5,Very satisfied with the purchase.,2024-07-22,Positive
R04400,CUST2460,P1129,3,Decent product for the price.,2025-09-13,Neutral
R04401,CUST0620,P0878,4,Good value for money.,2024-11-11,Positive
R04402,CUST3126,P1082,4,Quality is great for the price.,2025-01-29,Positive
R04403,CUST2835,P0498,5,Very satisfied with the purchase.,2025-09-05,Positive
R04404,CUST3332,P0488,2,Disappointed with the build quality.,2024-09-19,Negative
R04405,CUST0090,P1257,3,Decent product for the price.,2022-09-30,Neutral
R04406,CUST2586,P1406,4,Good value for money.,2025-10-07,Positive
R04407,CUST3109,P1054,1,Poor customer service experience.,2025-11-06,Negative
R04408,CUST2010,P1378,4,Very satisfied with the purchase.,2025-06-20,Positive
R04409,CUST0211,P1767,2,Disappointed with the build quality.,2025-07-26,Negative
R04410,CUST0042,P0020,5,"Excellent product, highly recommended!",2025-09-07,Positive
R04411,CUST2620,P1765,5,Very satisfied with the purchase.,2024-04-11,Positive
R04412,CUST0709,P1977,2,Disappointed with the build quality.,2025-03-06,Negative
R04413,CUST3847,P1051,4,Good value for money.,2023-09-25,Positive
R04414,CUST2470,P0075,5,Good value for money.,2025-10-13,Positive
R04415,CUST0227,P1036,5,"Excellent product, highly recommended!",2024-08-28,Positive
R04416,CUST0591,P0514,4,Very satisfied with the purchase.,2025-06-27,Positive
R04417,CUST3495,P1557,5,Quality is great for the price.,2025-11-05,Positive
R04418,CUST3976,P0039,4,Quality is great for the price.,2023-08-09,Positive
R04419,CUST0381,P1545,3,It's fine but could be better.,2025-10-24,Neutral
R04420,CUST0695,P1901,5,Quality is great for the price.,2025-09-22,Positive
R04421,CUST0358,P1932,5,"Excellent product, highly recommended!",2024-12-04,Positive
R04422,CUST3141,P0830,5,"Excellent product, highly recommended!",2022-04-28,Positive
R04423,CUST0168,P1817,4,Very satisfied with the purchase.,2022-12-29,Positive
R04424,CUST4929,P0089,5,Quality is great for the price.,2025-10-31,Positive
R04425,CUST0237,P0466,4,Good value for money.,2024-02-14,Positive
R04426,CUST2264,P0327,4,"Excellent product, highly recommended!",2025-10-09,Positive
R04427,CUST2600,P0877,5,Works as expected.,2024-08-23,Positive
R04428,CUST3955,P0813,3,Decent product for the price.,2025-06-08,Neutral
R04429,CUST3047,P0610,4,Works as expected.,2023-06-20,Positive
R04430,CUST2845,P0013,3,Decent product for the price.,2024-12-22,Neutral
R04431,CUST2596,P1532,5,Good value for money.,2025-07-25,Positive
R04432,CUST4671,P0578,5,Works as expected.,2025-11-12,Positive
R04433,CUST3901,P1764,4,Good value for money.,2025-09-10,Positive
R04434,CUST0831,P0763,3,"Average quality, meets expectations.",2025-08-17,Neutral
R04435,CUST3062,P1701,3,Decent product for the price.,2025-08-17,Neutral
R04436,CUST0660,P0282,2,Not worth the money.,2025-10-13,Negative
R04437,CUST0022,P1944,3,It's fine but could be better.,2025-06-09,Neutral
R04438,CUST1079,P0052,5,Good value for money.,2025-10-16,Positive
R04439,CUST4416,P1684,5,"Excellent product, highly recommended!",2025-09-13,Positive
R04440,CUST4921,P0296,5,Quality is great for the price.,2025-02-27,Positive
R04441,CUST4969,P1128,5,"Excellent product, highly recommended!",2022-04-20,Positive
R04442,CUST3859,P0099,3,Decent product for the price.,2022-05-10,Neutral
R04443,CUST3226,P0315,5,Good value for money.,2021-03-05,Positive
R04444,CUST0939,P1044,5,"Excellent product, highly recommended!",2024-06-15,Positive
R04445,CUST0461,P1975,2,Not worth the money.,2025-10-14,Negative
R04446,CUST4247,P0355,4,"Excellent product, highly recommended!",2024-10-07,Positive
R04447,CUST3160,P1635,5,"Excellent product, highly recommended!",2025-09-02,Positive
R04448,CUST0300,P1665,3,"Product is okay, nothing special.",2023-05-02,Neutral
R04449,CUST4949,P0671,4,Quality is great for the price.,2024-08-28,Positive
R04450,CUST2748,P0726,5,Good value for money.,2023-06-13,Positive
R04451,CUST1448,P1777,3,It's fine but could be better.,2025-08-15,Neutral
R04452,CUST0704,P0072,4,Good value for money.,2024-04-14,Positive
R04453,CUST3033,P0931,4,"Excellent product, highly recommended!",2024-10-03,Positive
R04454,CUST2049,P0220,4,Very satisfied with the purchase.,2024-01-11,Positive
R04455,CUST0010,P1483,5,Works as expected.,2024-03-05,Positive
R04456,CUST1047,P0258,4,Works as expected.,2023-10-22,Positive
R04457,CUST1377,P1166,5,Quality is great for the price.,2024-06-14,Positive
R04458,CUST3259,P0997,5,Good value for money.,2024-04-28,Positive
R04459,CUST3130,P0648,5,Quality is great for the price.,2024-10-10,Positive
R04460,CUST3663,P1283,3,Decent product for the price.,2025-04-18,Neutral
R04461,CUST4880,P1665,3,Decent product for the price.,2025-09-03,Neutral
R04462,CUST3877,P1057,5,"Excellent product, highly recommended!",2025-09-23,Positive
R04463,CUST3489,P0398,5,Quality is great for the price.,2025-05-16,Positive
R04464,CUST1383,P0453,1,Poor customer service experience.,2025-06-01,Negative
R04465,CUST4291,P1145,5,Quality is great for the price.,2025-09-25,Positive
R04466,CUST2652,P0629,5,Works as expected.,2025-05-18,Positive
R04467,CUST0162,P1892,4,Works as expected.,2022-12-06,Positive
R04468,CUST0814,P0748,3,"Product is okay, nothing special.",2021-11-10,Neutral
R04469,CUST3110,P1662,3,"Average quality, meets expectations.",2025-03-01,Neutral
R04470,CUST0363,P0425,4,Good value for money.,2023-06-15,Positive
R04471,CUST0860,P0230,4,Very satisfied with the purchase.,2025-10-08,Positive
R04472,CUST1993,P1040,5,Works as expected.,2024-10-09,Positive
R04473,CUST3141,P0007,4,Good value for money.,2024-08-29,Positive
R04474,CUST2716,P0569,3,"Average quality, meets expectations.",2020-08-16,Neutral
R04475,CUST3893,P0314,4,Quality is great for the price.,2024-08-24,Positive
R04476,CUST4839,P0182,4,Good value for money.,2025-09-17,Positive
R04477,CUST1717,P1520,5,"Excellent product, highly recommended!",2023-12-10,Positive
R04478,CUST0512,P1248,3,It's fine but could be better.,2023-06-06,Neutral
R04479,CUST2255,P1681,5,Quality is great for the price.,2022-04-30,Positive
R04480,CUST3709,P1160,2,Poor customer service experience.,2024-08-30,Negative
R04481,CUST3864,P1079,4,Very satisfied with the purchase.,2023-08-03,Positive
R04482,CUST3916,P0296,5,"Excellent product, highly recommended!",2024-11-16,Positive
R04483,CUST2547,P1845,2,Not worth the money.,2025-08-13,Negative
R04484,CUST0574,P1229,4,Very satisfied with the purchase.,2023-01-28,Positive
R04485,CUST1705,P1517,5,"Excellent product, highly recommended!",2025-05-31,Positive
R04486,CUST3530,P1752,4,Works as expected.,2025-01-31,Positive
R04487,CUST3958,P0862,5,Quality is great for the price.,2025-09-22,Positive
R04488,CUST0220,P0899,5,Good value for money.,2025-09-09,Positive
R04489,CUST3206,P1475,4,Quality is great for the price.,2025-08-04,Positive
R04490,CUST1378,P0168,4,Very satisfied with the purchase.,2022-08-14,Positive
R04491,CUST3467,P1132,5,Good value for money.,2024-12-20,Positive
R04492,CUST3780,P0885,5,"Excellent product, highly recommended!",2025-10-17,Positive
R04493,CUST3278,P0328,3,"Product is okay, nothing special.",2022-11-22,Neutral
R04494,CUST1895,P1053,3,"Average quality, meets expectations.",2025-09-05,Neutral
R04495,CUST3927,P0049,3,"Average quality, meets expectations.",2025-07-16,Neutral
R04496,CUST3587,P0180,4,Very satisfied with the purchase.,2024-02-10,Positive
R04497,CUST3891,P0665,5,Quality is great for the price.,2025-05-21,Positive
R04498,CUST3911,P0695,2,Stopped working after a week.,2025-10-06,Negative
R04499,CUST1066,P1037,5,Very satisfied with the purchase.,2025-07-13,Positive
R04500,CUST3820,P0182,3,Decent product for the price.,2025-09-06,Neutral
R04501,CUST4470,P1186,4,Quality is great for the price.,2023-07-03,Positive
R04502,CUST3047,P1268,4,Very satisfied with the purchase.,2022-11-26,Positive
R04503,CUST3679,P1204,5,Very satisfied with the purchase.,2023-01-12,Positive
R04504,CUST0313,P0435,5,Works as expected.,2024-07-16,Positive
R04505,CUST1022,P1152,5,Quality is great for the price.,2025-09-08,Positive
R04506,CUST1823,P0462,4,Very satisfied with the purchase.,2025-03-08,Positive
R04507,CUST2165,P1883,4,Good value for money.,2025-07-29,Positive
R04508,CUST2529,P0274,5,Works as expected.,2024-02-27,Positive
R04509,CUST1052,P1752,5,Works as expected.,2025-06-19,Positive
R04510,CUST1934,P1287,4,Quality is great for the price.,2024-11-07,Positive
R04511,CUST1357,P1640,3,"Average quality, meets expectations.",2025-04-08,Neutral
R04512,CUST3746,P0717,4,"Excellent product, highly recommended!",2025-11-06,Positive
R04513,CUST3285,P0150,5,"Excellent product, highly recommended!",2024-01-02,Positive
R04514,CUST0318,P0816,5,Works as expected.,2025-07-11,Positive
R04515,CUST2041,P0215,3,It's fine but could be better.,2024-10-26,Neutral
R04516,CUST0603,P0263,4,"Excellent product, highly recommended!",2021-11-16,Positive
R04517,CUST0498,P1888,5,Works as expected.,2023-08-09,Positive
R04518,CUST4405,P1854,5,"Excellent product, highly recommended!",2022-09-26,Positive
R04519,CUST3527,P0269,5,"Excellent product, highly recommended!",2025-02-04,Positive
R04520,CUST1737,P1003,5,Quality is great for the price.,2024-11-17,Positive
R04521,CUST4853,P0475,4,Works as expected.,2025-07-21,Positive
R04522,CUST1816,P1095,5,"Excellent product, highly recommended!",2024-03-06,Positive
R04523,CUST0791,P0832,5,Quality is great for the price.,2025-08-09,Positive
R04524,CUST3528,P0200,4,Very satisfied with the purchase.,2025-10-22,Positive
R04525,CUST2756,P0699,5,"Excellent product, highly recommended!",2023-09-15,Positive
R04526,CUST3804,P0667,4,Quality is great for the price.,2025-07-30,Positive
R04527,CUST4919,P1531,4,Works as expected.,2024-06-28,Positive
R04528,CUST3018,P1318,5,"Excellent product, highly recommended!",2025-10-26,Positive
R04529,CUST3220,P0702,5,Very satisfied with the purchase.,2025-09-27,Positive
R04530,CUST4257,P1004,3,"Average quality, meets expectations.",2025-08-29,Neutral
R04531,CUST4541,P1845,3,"Average quality, meets expectations.",2025-11-05,Neutral
R04532,CUST4863,P1649,4,Works as expected.,2025-05-29,Positive
R04533,CUST0058,P0670,4,"Excellent product, highly recommended!",2022-07-12,Positive
R04534,CUST2032,P1858,4,"Excellent product, highly recommended!",2025-06-17,Positive
R04535,CUST0297,P0351,3,Decent product for the price.,2025-05-19,Neutral
R04536,CUST3974,P1403,4,"Excellent product, highly recommended!",2025-05-26,Positive
R04537,CUST3276,P1162,5,Quality is great for the price.,2024-06-01,Positive
R04538,CUST3234,P1664,4,Very satisfied with the purchase.,2025-01-04,Positive
R04539,CUST3968,P0621,5,Works as expected.,2022-12-23,Positive
R04540,CUST2747,P1269,5,Very satisfied with the purchase.,2023-02-16,Positive
R04541,CUST3521,P0827,5,Quality is great for the price.,2025-10-08,Positive
R04542,CUST1994,P1888,3,"Average quality, meets expectations.",2021-03-20,Neutral
R04543,CUST0281,P1791,5,Good value for money.,2024-02-29,Positive
R04544,CUST1027,P1402,3,"Average quality, meets expectations.",2025-09-11,Neutral
R04545,CUST1301,P1564,5,Works as expected.,2023-10-01,Positive
R04546,CUST0776,P0850,5,Very satisfied with the purchase.,2022-05-11,Positive
R04547,CUST3777,P0088,5,Good value for money.,2025-10-09,Positive
R04548,CUST4461,P0234,4,Good value for money.,2025-08-31,Positive
R04549,CUST4978,P0562,4,Works as expected.,2025-09-28,Positive
R04550,CUST3681,P0929,3,"Product is okay, nothing special.",2025-11-04,Neutral
R04551,CUST0399,P1098,5,Works as expected.,2024-07-22,Positive
R04552,CUST2544,P1102,5,Quality is great for the price.,2023-03-29,Positive
R04553,CUST1968,P1638,1,Disappointed with the build quality.,2025-02-28,Negative
R04554,CUST2664,P1772,2,Poor customer service experience.,2024-06-16,Negative
R04555,CUST1059,P1752,5,Good value for money.,2025-03-13,Positive
R04556,CUST3683,P0922,3,It's fine but could be better.,2021-04-20,Neutral
R04557,CUST2098,P0553,3,"Product is okay, nothing special.",2025-04-14,Neutral
R04558,CUST1028,P0409,5,Quality is great for the price.,2025-04-03,Positive
R04559,CUST2622,P0758,3,"Product is okay, nothing special.",2025-10-24,Neutral
R04560,CUST2775,P0776,4,Good value for money.,2025-10-29,Positive
R04561,CUST4219,P1580,4,Works as expected.,2023-06-08,Positive
R04562,CUST2862,P0139,2,Not worth the money.,2025-06-27,Negative
R04563,CUST0409,P0221,4,Very satisfied with the purchase.,2025-10-21,Positive
R04564,CUST4383,P0623,5,Works as expected.,2025-10-27,Positive
R04565,CUST3015,P0346,5,Quality is great for the price.,2021-10-07,Positive
R04566,CUST4689,P0526,3,"Product is okay, nothing special.",2025-03-16,Neutral
R04567,CUST3507,P0522,4,Quality is great for the price.,2025-11-08,Positive
R04568,CUST2018,P1878,4,Quality is great for the price.,2025-08-07,Positive
R04569,CUST0171,P1244,5,"Excellent product, highly recommended!",2025-06-23,Positive
R04570,CUST0665,P0361,4,Quality is great for the price.,2024-06-11,Positive
R04571,CUST2179,P0638,5,Good value for money.,2024-12-06,Positive
R04572,CUST2893,P0472,5,Good value for money.,2025-01-28,Positive
R04573,CUST3287,P0967,5,Good value for money.,2023-04-16,Positive
R04574,CUST3455,P0896,3,It's fine but could be better.,2025-10-31,Neutral
R04575,CUST1132,P0296,5,Very satisfied with the purchase.,2025-03-13,Positive
R04576,CUST4415,P1995,2,Poor customer service experience.,2024-07-30,Negative
R04577,CUST0373,P1867,5,Works as expected.,2022-09-02,Positive
R04578,CUST0262,P1841,5,Quality is great for the price.,2025-07-23,Positive
R04579,CUST0087,P1159,5,Works as expected.,2025-04-05,Positive
R04580,CUST2362,P0403,4,"Excellent product, highly recommended!",2023-06-05,Positive
R04581,CUST1123,P1672,2,Poor customer service experience.,2024-11-25,Negative
R04582,CUST0272,P0823,4,"Excellent product, highly recommended!",2022-10-05,Positive
R04583,CUST0565,P1905,5,"Excellent product, highly recommended!",2024-12-09,Positive
R04584,CUST4184,P0358,4,"Excellent product, highly recommended!",2025-09-12,Positive
R04585,CUST0424,P1602,5,Very satisfied with the purchase.,2025-06-17,Positive
R04586,CUST2435,P0791,4,Works as expected.,2025-07-02,Positive
R04587,CUST4927,P0865,5,"Excellent product, highly recommended!",2025-06-06,Positive
R04588,CUST3094,P1322,4,Very satisfied with the purchase.,2025-01-29,Positive
R04589,CUST2549,P1823,5,Quality is great for the price.,2024-12-12,Positive
R04590,CUST4778,P0644,4,Works as expected.,2025-09-21,Positive
R04591,CUST4260,P1765,5,Good value for money.,2025-04-03,Positive
R04592,CUST1994,P1930,4,Good value for money.,2023-07-06,Positive
R04593,CUST2459,P0408,4,"Excellent product, highly recommended!",2024-08-06,Positive
R04594,CUST4554,P1987,5,Works as expected.,2025-09-09,Positive
R04595,CUST4239,P1874,4,Quality is great for the price.,2024-10-18,Positive
R04596,CUST1374,P0919,4,"Excellent product, highly recommended!",2025-11-01,Positive
R04597,CUST2390,P0301,4,Works as expected.,2022-08-04,Positive
R04598,CUST1095,P1597,5,Quality is great for the price.,2022-01-23,Positive
R04599,CUST0292,P0248,3,"Average quality, meets expectations.",2021-02-11,Neutral
R04600,CUST1767,P0725,4,Quality is great for the price.,2025-11-13,Positive
R04601,CUST2030,P0701,4,Very satisfied with the purchase.,2024-10-06,Positive
R04602,CUST3954,P2000,3,Decent product for the price.,2025-09-20,Neutral
R04603,CUST1758,P0519,3,Decent product for the price.,2022-10-19,Neutral
R04604,CUST4356,P1864,3,"Product is okay, nothing special.",2024-05-15,Neutral
R04605,CUST2168,P1150,5,Quality is great for the price.,2023-02-04,Positive
R04606,CUST0462,P0757,5,"Excellent product, highly recommended!",2025-11-06,Positive
R04607,CUST3087,P1335,3,"Average quality, meets expectations.",2025-08-03,Neutral
R04608,CUST2992,P1489,5,"Excellent product, highly recommended!",2025-11-01,Positive
R04609,CUST0256,P0415,2,Not worth the money.,2025-08-23,Negative
R04610,CUST4126,P0591,5,Very satisfied with the purchase.,2025-09-16,Positive
R04611,CUST4068,P1125,2,Not worth the money.,2025-08-11,Negative
R04612,CUST1538,P0132,4,Quality is great for the price.,2025-05-08,Positive
R04613,CUST0038,P1451,5,Very satisfied with the purchase.,2025-04-04,Positive
R04614,CUST0582,P0003,4,Good value for money.,2024-02-14,Positive
R04615,CUST2074,P1485,4,Very satisfied with the purchase.,2025-01-28,Positive
R04616,CUST0605,P0471,4,Very satisfied with the purchase.,2025-02-08,Positive
R04617,CUST0031,P1158,3,"Product is okay, nothing special.",2025-05-08,Neutral
R04618,CUST3047,P1811,4,Very satisfied with the purchase.,2025-03-06,Positive
R04619,CUST3029,P0698,4,"Excellent product, highly recommended!",2020-10-09,Positive
R04620,CUST4515,P1099,3,It's fine but could be better.,2024-06-10,Neutral
R04621,CUST1306,P1638,5,Quality is great for the price.,2025-01-11,Positive
R04622,CUST3037,P0051,5,"Excellent product, highly recommended!",2025-09-05,Positive
R04623,CUST4809,P0711,5,Good value for money.,2025-03-31,Positive
R04624,CUST1032,P0338,4,"Excellent product, highly recommended!",2025-02-13,Positive
R04625,CUST4241,P1214,5,Good value for money.,2024-08-19,Positive
R04626,CUST3066,P0546,5,Good value for money.,2024-04-23,Positive
R04627,CUST4147,P0174,5,"Excellent product, highly recommended!",2024-11-24,Positive
R04628,CUST0562,P1135,5,Good value for money.,2025-10-29,Positive
R04629,CUST0010,P1744,4,Quality is great for the price.,2024-05-03,Positive
R04630,CUST2969,P1071,5,Works as expected.,2023-12-10,Positive
R04631,CUST1254,P1052,4,Very satisfied with the purchase.,2021-09-23,Positive
R04632,CUST1103,P1321,5,"Excellent product, highly recommended!",2025-03-27,Positive
R04633,CUST1677,P0736,3,"Average quality, meets expectations.",2025-07-09,Neutral
R04634,CUST2202,P1841,5,Good value for money.,2025-08-09,Positive
R04635,CUST4753,P0398,5,Quality is great for the price.,2025-05-03,Positive
R04636,CUST2568,P1161,5,"Excellent product, highly recommended!",2024-11-10,Positive
R04637,CUST2973,P1821,5,Very satisfied with the purchase.,2025-10-29,Positive
R04638,CUST4646,P0479,4,Good value for money.,2025-09-15,Positive
R04639,CUST3906,P1972,5,Quality is great for the price.,2024-07-15,Positive
R04640,CUST2689,P0598,5,Quality is great for the price.,2025-03-29,Positive
R04641,CUST0212,P0279,3,Decent product for the price.,2023-10-29,Neutral
R04642,CUST1780,P1368,5,Quality is great for the price.,2023-02-08,Positive
R04643,CUST2830,P0630,3,It's fine but could be better.,2025-07-21,Neutral
R04644,CUST1456,P0201,4,Very satisfied with the purchase.,2025-08-21,Positive
R04645,CUST2504,P0906,2,Poor customer service experience.,2025-01-01,Negative
R04646,CUST3084,P1860,5,Works as expected.,2024-07-03,Positive
R04647,CUST3184,P1273,5,"Excellent product, highly recommended!",2025-06-07,Positive
R04648,CUST2127,P1391,5,Quality is great for the price.,2024-11-19,Positive
R04649,CUST1161,P0372,4,"Excellent product, highly recommended!",2024-08-12,Positive
R04650,CUST0387,P0332,5,Quality is great for the price.,2024-11-08,Positive
R04651,CUST1360,P0552,4,Good value for money.,2023-05-24,Positive
R04652,CUST2217,P1355,2,Disappointed with the build quality.,2025-06-03,Negative
R04653,CUST0938,P1585,5,"Excellent product, highly recommended!",2025-08-30,Positive
R04654,CUST1271,P0268,5,Good value for money.,2021-12-31,Positive
R04655,CUST3737,P0431,5,Good value for money.,2023-01-31,Positive
R04656,CUST4908,P1060,4,Very satisfied with the purchase.,2022-03-19,Positive
R04657,CUST3083,P1947,4,Quality is great for the price.,2025-08-05,Positive
R04658,CUST2637,P1813,4,Good value for money.,2025-02-12,Positive
R04659,CUST2953,P1629,3,Decent product for the price.,2024-07-01,Neutral
R04660,CUST1535,P0945,4,Quality is great for the price.,2025-11-03,Positive
R04661,CUST4057,P0379,4,"Excellent product, highly recommended!",2025-11-07,Positive
R04662,CUST3804,P0691,4,"Excellent product, highly recommended!",2025-11-01,Positive
R04663,CUST2285,P1787,4,Good value for money.,2023-10-23,Positive
R04664,CUST0027,P1931,5,"Excellent product, highly recommended!",2025-03-07,Positive
R04665,CUST1611,P0251,5,Good value for money.,2025-02-16,Positive
R04666,CUST4812,P1594,5,Good value for money.,2024-09-26,Positive
R04667,CUST2224,P0355,5,Quality is great for the price.,2024-10-02,Positive
R04668,CUST0015,P1147,1,Poor customer service experience.,2023-09-16,Negative
R04669,CUST0482,P0187,2,Disappointed with the build quality.,2025-10-16,Negative
R04670,CUST1219,P0424,2,Stopped working after a week.,2023-07-30,Negative
R04671,CUST1129,P1127,5,Very satisfied with the purchase.,2025-02-28,Positive
R04672,CUST3938,P0644,3,"Product is okay, nothing special.",2023-08-19,Neutral
R04673,CUST0624,P1776,5,Works as expected.,2024-12-30,Positive
R04674,CUST4427,P1142,5,Good value for money.,2020-10-10,Positive
R04675,CUST3088,P0671,5,Quality is great for the price.,2025-04-23,Positive
R04676,CUST3279,P1315,4,"Excellent product, highly recommended!",2021-10-04,Positive
R04677,CUST1846,P0713,5,Good value for money.,2025-11-13,Positive
R04678,CUST4931,P0371,3,"Average quality, meets expectations.",2025-11-13,Neutral
R04679,CUST0398,P1113,5,Good value for money.,2024-05-16,Positive
R04680,CUST0348,P0374,5,"Excellent product, highly recommended!",2025-07-16,Positive
R04681,CUST2831,P0984,3,Decent product for the price.,2024-03-23,Neutral
R04682,CUST1704,P1514,2,Not worth the money.,2025-11-01,Negative
R04683,CUST3228,P0312,3,"Average quality, meets expectations.",2023-08-20,Neutral
R04684,CUST1371,P1085,5,Quality is great for the price.,2024-02-26,Positive
R04685,CUST1979,P0509,3,Decent product for the price.,2024-08-18,Neutral
R04686,CUST4907,P0161,3,It's fine but could be better.,2023-07-28,Neutral
R04687,CUST0156,P0577,5,Very satisfied with the purchase.,2022-05-12,Positive
R04688,CUST2619,P1307,5,Quality is great for the price.,2025-09-10,Positive
R04689,CUST0913,P1087,5,Works as expected.,2025-07-13,Positive
R04690,CUST3919,P1769,4,Works as expected.,2025-09-10,Positive
R04691,CUST4208,P1564,5,"Excellent product, highly recommended!",2025-05-31,Positive
R04692,CUST3804,P0069,4,Good value for money.,2025-11-03,Positive
R04693,CUST4804,P1201,5,Good value for money.,2024-09-15,Positive
R04694,CUST2051,P1158,1,Poor customer service experience.,2023-08-27,Negative
R04695,CUST2277,P0787,1,Not worth the money.,2022-02-05,Negative
R04696,CUST1037,P1129,5,Quality is great for the price.,2025-07-19,Positive
R04697,CUST1406,P0583,5,"Excellent product, highly recommended!",2023-12-05,Positive
R04698,CUST4258,P0123,4,Quality is great for the price.,2024-10-18,Positive
R04699,CUST0431,P0698,4,Very satisfied with the purchase.,2023-04-13,Positive
R04700,CUST1718,P0325,4,"Excellent product, highly recommended!",2023-03-27,Positive
R04701,CUST0123,P1896,3,It's fine but could be better.,2025-09-18,Neutral
R04702,CUST4144,P1080,2,Poor customer service experience.,2025-05-15,Negative
R04703,CUST2938,P1345,4,"Excellent product, highly recommended!",2023-03-10,Positive
R04704,CUST1236,P1479,5,Works as expected.,2024-02-24,Positive
R04705,CUST2560,P1383,4,"Excellent product, highly recommended!",2025-01-26,Positive
R04706,CUST2724,P1375,5,Works as expected.,2024-12-08,Positive
R04707,CUST0593,P1526,4,Works as expected.,2024-10-27,Positive
R04708,CUST2068,P0833,5,Very satisfied with the purchase.,2025-01-20,Positive
R04709,CUST4551,P0752,1,Poor customer service experience.,2024-03-17,Negative
R04710,CUST2843,P1864,5,"Excellent product, highly recommended!",2025-10-21,Positive
R04711,CUST3776,P0346,2,Stopped working after a week.,2024-03-31,Negative
R04712,CUST3129,P0010,5,Works as expected.,2023-11-25,Positive
R04713,CUST1012,P1670,5,Very satisfied with the purchase.,2025-10-14,Positive
R04714,CUST3526,P0539,5,"Excellent product, highly recommended!",2023-01-05,Positive
R04715,CUST0016,P0238,4,Quality is great for the price.,2025-10-12,Positive
R04716,CUST3788,P1960,5,Quality is great for the price.,2024-08-21,Positive
R04717,CUST1429,P0949,2,Not worth the money.,2025-04-30,Negative
R04718,CUST0491,P0730,5,Works as expected.,2020-02-17,Positive
R04719,CUST0607,P1271,3,"Product is okay, nothing special.",2025-02-12,Neutral
R04720,CUST2381,P1928,5,Good value for money.,2025-09-22,Positive
R04721,CUST2478,P0668,3,Decent product for the price.,2024-11-16,Neutral
R04722,CUST0467,P1141,5,Very satisfied with the purchase.,2024-08-28,Positive
R04723,CUST1677,P1503,2,Stopped working after a week.,2025-10-26,Negative
R04724,CUST3903,P1447,5,Very satisfied with the purchase.,2024-09-22,Positive
R04725,CUST1325,P0975,5,"Excellent product, highly recommended!",2025-09-10,Positive
R04726,CUST1191,P1764,4,Quality is great for the price.,2025-09-12,Positive
R04727,CUST3174,P0364,2,Disappointed with the build quality.,2025-08-12,Negative
R04728,CUST0272,P0378,2,Poor customer service experience.,2023-07-08,Negative
R04729,CUST3279,P1721,4,Very satisfied with the purchase.,2023-07-22,Positive
R04730,CUST3147,P0065,5,Good value for money.,2025-06-30,Positive
R04731,CUST4052,P0058,3,"Average quality, meets expectations.",2024-03-02,Neutral
R04732,CUST2821,P1066,5,"Excellent product, highly recommended!",2025-10-29,Positive
R04733,CUST2407,P1761,3,Decent product for the price.,2025-04-13,Neutral
R04734,CUST0859,P1650,5,Quality is great for the price.,2025-11-03,Positive
R04735,CUST2837,P1589,5,Quality is great for the price.,2024-07-20,Positive
R04736,CUST3626,P0867,4,Works as expected.,2025-07-24,Positive
R04737,CUST4115,P0047,4,Works as expected.,2025-10-01,Positive
R04738,CUST1986,P0769,4,"Excellent product, highly recommended!",2025-06-02,Positive
R04739,CUST0981,P0345,4,Works as expected.,2024-01-05,Positive
R04740,CUST4333,P0299,1,Stopped working after a week.,2022-10-18,Negative
R04741,CUST2712,P1366,3,"Average quality, meets expectations.",2023-04-10,Neutral
R04742,CUST1100,P1232,4,Good value for money.,2025-01-21,Positive
R04743,CUST3608,P1141,5,Very satisfied with the purchase.,2023-12-25,Positive
R04744,CUST3344,P1569,5,Works as expected.,2025-11-08,Positive
R04745,CUST4287,P0077,2,Not worth the money.,2025-08-17,Negative
R04746,CUST2526,P0635,3,"Average quality, meets expectations.",2023-04-25,Neutral
R04747,CUST3695,P0638,5,Good value for money.,2024-10-25,Positive
R04748,CUST2289,P1551,4,Very satisfied with the purchase.,2024-11-07,Positive
R04749,CUST1289,P1595,5,Good value for money.,2025-08-19,Positive
R04750,CUST3018,P0796,2,Disappointed with the build quality.,2025-03-20,Negative
R04751,CUST1633,P1544,5,Good value for money.,2025-10-24,Positive
R04752,CUST0676,P1937,4,Quality is great for the price.,2025-03-22,Positive
R04753,CUST2000,P1601,3,Decent product for the price.,2025-01-04,Neutral
R04754,CUST3926,P0864,2,Not worth the money.,2025-08-02,Negative
R04755,CUST0700,P0017,4,Very satisfied with the purchase.,2025-08-31,Positive
R04756,CUST4629,P1592,2,Stopped working after a week.,2020-12-09,Negative
R04757,CUST4650,P1951,5,"Excellent product, highly recommended!",2025-05-22,Positive
R04758,CUST4833,P0312,3,"Average quality, meets expectations.",2025-07-20,Neutral
R04759,CUST1732,P0885,2,Stopped working after a week.,2025-04-01,Negative
R04760,CUST3656,P0437,2,Stopped working after a week.,2024-08-25,Negative
R04761,CUST4742,P1775,3,Decent product for the price.,2025-08-31,Neutral
R04762,CUST0232,P1977,5,Very satisfied with the purchase.,2025-11-03,Positive
R04763,CUST1619,P0276,4,"Excellent product, highly recommended!",2025-03-19,Positive
R04764,CUST2763,P1422,2,Disappointed with the build quality.,2025-09-07,Negative
R04765,CUST3399,P1602,5,Works as expected.,2022-12-28,Positive
R04766,CUST4402,P1764,5,Good value for money.,2025-05-25,Positive
R04767,CUST3972,P1300,5,"Excellent product, highly recommended!",2025-02-18,Positive
R04768,CUST4397,P1770,3,"Average quality, meets expectations.",2023-06-21,Neutral
R04769,CUST0588,P0416,5,Good value for money.,2024-05-04,Positive
R04770,CUST2233,P1671,5,"Excellent product, highly recommended!",2023-12-26,Positive
R04771,CUST0355,P0087,4,Good value for money.,2025-10-12,Positive
R04772,CUST3343,P1439,5,Works as expected.,2023-07-26,Positive
R04773,CUST3944,P0773,3,"Product is okay, nothing special.",2025-06-29,Neutral
R04774,CUST2113,P1181,3,"Product is okay, nothing special.",2023-09-17,Neutral
R04775,CUST4426,P1662,4,Quality is great for the price.,2024-07-27,Positive
R04776,CUST3964,P0754,3,"Average quality, meets expectations.",2025-10-13,Neutral
R04777,CUST2814,P0699,3,Decent product for the price.,2020-06-14,Neutral
R04778,CUST2424,P0722,2,Not worth the money.,2024-09-04,Negative
R04779,CUST4272,P0743,4,Very satisfied with the purchase.,2023-07-09,Positive
R04780,CUST2006,P1345,5,"Excellent product, highly recommended!",2022-07-04,Positive
R04781,CUST3214,P0746,5,Quality is great for the price.,2025-10-05,Positive
R04782,CUST3540,P0605,3,"Product is okay, nothing special.",2021-05-06,Neutral
R04783,CUST2849,P1828,2,Disappointed with the build quality.,2025-01-12,Negative
R04784,CUST2838,P1347,3,"Average quality, meets expectations.",2025-05-28,Neutral
R04785,CUST4702,P0624,4,"Excellent product, highly recommended!",2024-11-10,Positive
R04786,CUST2974,P0799,5,Very satisfied with the purchase.,2025-08-23,Positive
R04787,CUST1300,P0151,4,Very satisfied with the purchase.,2025-05-16,Positive
R04788,CUST4717,P0056,4,Works as expected.,2025-05-31,Positive
R04789,CUST3111,P0391,3,"Average quality, meets expectations.",2025-05-14,Neutral
R04790,CUST3006,P1273,4,Good value for money.,2024-02-26,Positive
R04791,CUST3977,P1464,5,"Excellent product, highly recommended!",2024-11-30,Positive
R04792,CUST0807,P1978,5,"Excellent product, highly recommended!",2024-12-12,Positive
R04793,CUST2262,P1102,5,"Excellent product, highly recommended!",2025-10-17,Positive
R04794,CUST2302,P0506,3,"Product is okay, nothing special.",2023-10-02,Neutral
R04795,CUST0699,P1776,3,"Average quality, meets expectations.",2025-02-23,Neutral
R04796,CUST4783,P0738,3,It's fine but could be better.,2025-11-06,Neutral
R04797,CUST4224,P1110,2,Disappointed with the build quality.,2023-11-14,Negative
R04798,CUST4008,P1876,3,"Average quality, meets expectations.",2022-11-04,Neutral
R04799,CUST2513,P1017,5,"Excellent product, highly recommended!",2024-07-11,Positive
R04800,CUST2861,P1736,5,"Excellent product, highly recommended!",2024-12-28,Positive
R04801,CUST1932,P0254,3,It's fine but could be better.,2021-11-20,Neutral
R04802,CUST2516,P0171,4,"Excellent product, highly recommended!",2025-06-15,Positive
R04803,CUST4413,P0696,5,Quality is great for the price.,2025-08-24,Positive
R04804,CUST2903,P1944,5,Quality is great for the price.,2022-08-04,Positive
R04805,CUST4533,P0400,5,Works as expected.,2025-11-05,Positive
R04806,CUST1851,P0485,4,"Excellent product, highly recommended!",2023-01-23,Positive
R04807,CUST0298,P0793,4,Works as expected.,2025-10-25,Positive
R04808,CUST0336,P0311,4,"Excellent product, highly recommended!",2025-09-07,Positive
R04809,CUST4085,P1552,5,Very satisfied with the purchase.,2024-11-29,Positive
R04810,CUST4807,P0269,5,Good value for money.,2025-09-25,Positive
R04811,CUST2080,P1475,4,Works as expected.,2023-07-14,Positive
R04812,CUST1393,P1154,3,"Average quality, meets expectations.",2023-12-26,Neutral
R04813,CUST2343,P1410,5,Quality is great for the price.,2025-08-05,Positive
R04814,CUST4929,P0982,4,Quality is great for the price.,2023-03-10,Positive
R04815,CUST1950,P0835,5,Quality is great for the price.,2025-10-28,Positive
R04816,CUST3532,P0195,5,Works as expected.,2025-11-11,Positive
R04817,CUST3577,P1489,5,Good value for money.,2022-10-13,Positive
R04818,CUST1853,P1276,4,"Excellent product, highly recommended!",2025-09-06,Positive
R04819,CUST0818,P0857,5,Good value for money.,2024-09-21,Positive
R04820,CUST2177,P0916,5,Good value for money.,2022-05-12,Positive
R04821,CUST2395,P0617,5,Very satisfied with the purchase.,2021-06-19,Positive
R04822,CUST0323,P1632,5,"Excellent product, highly recommended!",2025-11-09,Positive
R04823,CUST0522,P0908,1,Poor customer service experience.,2025-06-08,Negative
R04824,CUST4170,P1447,5,Good value for money.,2024-11-25,Positive
R04825,CUST1211,P1655,2,Stopped working after a week.,2023-11-19,Negative
R04826,CUST3424,P1470,3,It's fine but could be better.,2022-04-14,Neutral
R04827,CUST3887,P1068,5,"Excellent product, highly recommended!",2022-08-24,Positive
R04828,CUST4270,P0470,4,"Excellent product, highly recommended!",2022-09-04,Positive
R04829,CUST2861,P1147,3,"Product is okay, nothing special.",2020-08-04,Neutral
R04830,CUST0704,P0791,5,"Excellent product, highly recommended!",2021-03-23,Positive
R04831,CUST2387,P1106,4,"Excellent product, highly recommended!",2025-06-24,Positive
R04832,CUST3315,P0913,4,Good value for money.,2023-08-10,Positive
R04833,CUST4466,P1264,3,"Product is okay, nothing special.",2024-06-13,Neutral
R04834,CUST4111,P0138,5,Works as expected.,2025-09-11,Positive
R04835,CUST1560,P0796,5,Very satisfied with the purchase.,2025-04-06,Positive
R04836,CUST0798,P1751,5,Good value for money.,2022-12-06,Positive
R04837,CUST3540,P1519,5,Good value for money.,2022-06-30,Positive
R04838,CUST3544,P0212,4,"Excellent product, highly recommended!",2025-08-17,Positive
R04839,CUST0728,P1866,4,Good value for money.,2025-09-06,Positive
R04840,CUST2004,P1587,5,"Excellent product, highly recommended!",2025-01-13,Positive
R04841,CUST4718,P0123,1,Not worth the money.,2024-10-18,Negative
R04842,CUST4857,P1290,5,Very satisfied with the purchase.,2025-04-17,Positive
R04843,CUST3886,P1900,5,Quality is great for the price.,2025-11-06,Positive
R04844,CUST2530,P1307,5,Good value for money.,2025-04-08,Positive
R04845,CUST3457,P0192,5,Good value for money.,2023-07-05,Positive
R04846,CUST4467,P0025,5,Works as expected.,2025-07-14,Positive
R04847,CUST1489,P1656,5,Works as expected.,2022-07-02,Positive
R04848,CUST4496,P1162,4,Works as expected.,2025-09-04,Positive
R04849,CUST2591,P1595,5,Works as expected.,2025-08-01,Positive
R04850,CUST3210,P1562,5,Good value for money.,2025-10-13,Positive
R04851,CUST0288,P1799,4,Quality is great for the price.,2025-07-30,Positive
R04852,CUST0742,P1906,5,Quality is great for the price.,2021-02-14,Positive
R04853,CUST1465,P0686,3,Decent product for the price.,2025-09-29,Neutral
R04854,CUST4273,P0532,4,Good value for money.,2025-10-15,Positive
R04855,CUST3523,P1140,5,Good value for money.,2025-01-06,Positive
R04856,CUST2133,P0053,5,Good value for money.,2023-01-16,Positive
R04857,CUST4015,P1648,5,Works as expected.,2025-03-03,Positive
R04858,CUST2080,P0778,3,"Product is okay, nothing special.",2024-09-19,Neutral
R04859,CUST0187,P0358,3,"Average quality, meets expectations.",2025-08-14,Neutral
R04860,CUST1104,P1409,4,Works as expected.,2022-12-02,Positive
R04861,CUST2955,P1075,5,Quality is great for the price.,2024-05-04,Positive
R04862,CUST3944,P0496,3,"Product is okay, nothing special.",2024-06-09,Neutral
R04863,CUST2197,P0767,5,"Excellent product, highly recommended!",2025-07-03,Positive
R04864,CUST1882,P0433,5,Very satisfied with the purchase.,2025-03-01,Positive
R04865,CUST0219,P1065,5,"Excellent product, highly recommended!",2024-01-08,Positive
R04866,CUST4485,P1322,4,Quality is great for the price.,2024-12-17,Positive
R04867,CUST4833,P0080,4,Very satisfied with the purchase.,2025-09-18,Positive
R04868,CUST4208,P0268,2,Not worth the money.,2025-09-09,Negative
R04869,CUST0472,P1260,4,"Excellent product, highly recommended!",2025-08-28,Positive
R04870,CUST3628,P1193,4,Very satisfied with the purchase.,2025-08-25,Positive
R04871,CUST2134,P0213,5,Good value for money.,2025-08-20,Positive
R04872,CUST0904,P1487,5,Good value for money.,2023-08-01,Positive
R04873,CUST0003,P1312,4,Good value for money.,2025-09-01,Positive
R04874,CUST0191,P0313,4,"Excellent product, highly recommended!",2024-05-23,Positive
R04875,CUST4753,P0777,4,Good value for money.,2025-05-23,Positive
R04876,CUST4389,P1903,5,Works as expected.,2025-08-24,Positive
R04877,CUST4526,P0300,4,"Excellent product, highly recommended!",2024-04-06,Positive
R04878,CUST0004,P1603,2,Stopped working after a week.,2022-06-22,Negative
R04879,CUST2921,P1946,1,Not worth the money.,2024-10-20,Negative
R04880,CUST0926,P1125,5,Works as expected.,2023-08-29,Positive
R04881,CUST2821,P0635,5,Works as expected.,2023-11-20,Positive
R04882,CUST1513,P0773,5,Good value for money.,2024-06-09,Positive
R04883,CUST4214,P0773,5,"Excellent product, highly recommended!",2023-11-21,Positive
R04884,CUST2246,P1569,4,Quality is great for the price.,2025-07-07,Positive
R04885,CUST0486,P1736,4,Works as expected.,2023-10-20,Positive
R04886,CUST2811,P0061,4,Works as expected.,2025-10-31,Positive
R04887,CUST4530,P1036,4,Quality is great for the price.,2025-08-17,Positive
R04888,CUST0056,P1232,4,Quality is great for the price.,2023-06-02,Positive
R04889,CUST0069,P1241,5,Works as expected.,2024-09-28,Positive
R04890,CUST0283,P0234,4,"Excellent product, highly recommended!",2025-01-16,Positive
R04891,CUST4455,P1884,3,Decent product for the price.,2025-01-25,Neutral
R04892,CUST4154,P1354,5,Quality is great for the price.,2025-09-24,Positive
R04893,CUST4912,P0476,5,Quality is great for the price.,2023-06-30,Positive
R04894,CUST0389,P0777,1,Poor customer service experience.,2025-03-21,Negative
R04895,CUST3753,P1571,3,It's fine but could be better.,2025-07-03,Neutral
R04896,CUST2897,P0938,4,Quality is great for the price.,2025-07-03,Positive
R04897,CUST2925,P0170,3,It's fine but could be better.,2022-08-07,Neutral
R04898,CUST3658,P0194,3,It's fine but could be better.,2025-01-22,Neutral
R04899,CUST3399,P0781,5,Quality is great for the price.,2025-09-06,Positive
R04900,CUST2345,P0189,4,Works as expected.,2022-09-29,Positive
R04901,CUST1900,P1256,3,"Product is okay, nothing special.",2022-10-19,Neutral
R04902,CUST1851,P0080,4,Good value for money.,2021-02-15,Positive
R04903,CUST4208,P1875,4,Very satisfied with the purchase.,2025-01-14,Positive
R04904,CUST2590,P0277,3,It's fine but could be better.,2025-11-09,Neutral
R04905,CUST4359,P1919,5,Very satisfied with the purchase.,2025-08-07,Positive
R04906,CUST4276,P0127,4,Very satisfied with the purchase.,2025-06-03,Positive
R04907,CUST4506,P1899,4,Quality is great for the price.,2025-07-13,Positive
R04908,CUST1306,P0555,3,"Product is okay, nothing special.",2024-09-24,Neutral
R04909,CUST3864,P0500,4,Very satisfied with the purchase.,2024-07-15,Positive
R04910,CUST1710,P0187,4,"Excellent product, highly recommended!",2025-03-20,Positive
R04911,CUST2371,P0831,5,Quality is great for the price.,2024-09-05,Positive
R04912,CUST2239,P0952,5,Quality is great for the price.,2022-10-20,Positive
R04913,CUST1840,P0790,5,Good value for money.,2024-06-11,Positive
R04914,CUST2331,P1363,5,"Excellent product, highly recommended!",2023-07-18,Positive
R04915,CUST0435,P1547,4,Works as expected.,2023-02-09,Positive
R04916,CUST1803,P1575,5,Works as expected.,2025-10-28,Positive
R04917,CUST4021,P1610,4,"Excellent product, highly recommended!",2025-09-08,Positive
R04918,CUST0065,P0561,4,Good value for money.,2025-08-28,Positive
R04919,CUST0174,P0285,5,Good value for money.,2025-06-06,Positive
R04920,CUST1747,P0512,4,Works as expected.,2025-11-09,Positive
R04921,CUST3242,P0409,3,Decent product for the price.,2024-12-05,Neutral
R04922,CUST3275,P0749,4,Very satisfied with the purchase.,2025-01-22,Positive
R04923,CUST0128,P1588,4,Good value for money.,2025-09-11,Positive
R04924,CUST4681,P1295,2,Disappointed with the build quality.,2025-03-03,Negative
R04925,CUST4002,P1159,3,It's fine but could be better.,2025-07-13,Neutral
R04926,CUST1246,P0973,4,"Excellent product, highly recommended!",2023-11-05,Positive
R04927,CUST4426,P0327,4,"Excellent product, highly recommended!",2025-11-13,Positive
R04928,CUST3897,P0459,5,"Excellent product, highly recommended!",2025-04-07,Positive
R04929,CUST4717,P1856,5,"Excellent product, highly recommended!",2025-05-08,Positive
R04930,CUST0184,P1121,3,Decent product for the price.,2023-06-21,Neutral
R04931,CUST4807,P0191,1,Stopped working after a week.,2024-06-28,Negative
R04932,CUST3130,P0501,5,"Excellent product, highly recommended!",2023-07-29,Positive
R04933,CUST1556,P1931,4,Works as expected.,2024-06-12,Positive
R04934,CUST2684,P1515,2,Not worth the money.,2025-07-22,Negative
R04935,CUST0520,P0656,2,Disappointed with the build quality.,2023-10-16,Negative
R04936,CUST1270,P0932,5,Good value for money.,2025-11-13,Positive
R04937,CUST3781,P1411,4,Very satisfied with the purchase.,2025-02-23,Positive
R04938,CUST0518,P1584,5,Very satisfied with the purchase.,2022-03-03,Positive
R04939,CUST1151,P1637,5,Good value for money.,2024-10-28,Positive
R04940,CUST1971,P0727,5,Very satisfied with the purchase.,2023-02-19,Positive
R04941,CUST2752,P0706,4,Quality is great for the price.,2024-03-13,Positive
R04942,CUST4629,P1000,5,Good value for money.,2024-11-30,Positive
R04943,CUST4506,P0799,5,Very satisfied with the purchase.,2023-07-12,Positive
R04944,CUST0635,P1020,5,Works as expected.,2025-06-09,Positive
R04945,CUST1196,P0128,4,Very satisfied with the purchase.,2023-07-13,Positive
R04946,CUST4930,P1485,3,"Product is okay, nothing special.",2025-06-11,Neutral
R04947,CUST3578,P0503,2,Not worth the money.,2023-11-15,Negative
R04948,CUST3811,P0163,4,Works as expected.,2024-06-28,Positive
R04949,CUST2931,P1694,2,Poor customer service experience.,2024-05-22,Negative
R04950,CUST2227,P1093,4,"Excellent product, highly recommended!",2025-07-25,Positive
R04951,CUST3208,P0585,4,Quality is great for the price.,2025-03-13,Positive
R04952,CUST0307,P1004,4,Good value for money.,2025-10-10,Positive
R04953,CUST1259,P0672,5,Quality is great for the price.,2024-12-27,Positive
R04954,CUST2192,P0545,4,"Excellent product, highly recommended!",2025-08-15,Positive
R04955,CUST3965,P1709,5,"Excellent product, highly recommended!",2025-01-23,Positive
R04956,CUST2152,P0937,2,Stopped working after a week.,2025-03-09,Negative
R04957,CUST3944,P1035,2,Disappointed with the build quality.,2024-11-10,Negative
R04958,CUST0553,P1853,4,Quality is great for the price.,2024-08-22,Positive
R04959,CUST1513,P0208,3,"Average quality, meets expectations.",2025-06-15,Neutral
R04960,CUST4384,P0572,4,"Excellent product, highly recommended!",2025-10-19,Positive
R04961,CUST4114,P1613,5,Quality is great for the price.,2024-10-31,Positive
R04962,CUST0212,P1542,3,It's fine but could be better.,2025-07-21,Neutral
R04963,CUST2219,P1722,4,Quality is great for the price.,2024-02-09,Positive
R04964,CUST1930,P1590,5,Very satisfied with the purchase.,2024-11-22,Positive
R04965,CUST3925,P0958,2,Disappointed with the build quality.,2025-11-12,Negative
R04966,CUST4537,P1871,5,Works as expected.,2025-10-11,Positive
R04967,CUST4515,P1578,5,Works as expected.,2022-11-29,Positive
R04968,CUST1269,P1954,2,Poor customer service experience.,2025-07-25,Negative
R04969,CUST3423,P0919,5,Good value for money.,2025-07-23,Positive
R04970,CUST0603,P0468,5,Quality is great for the price.,2025-04-07,Positive
R04971,CUST3886,P1306,5,"Excellent product, highly recommended!",2025-10-25,Positive
R04972,CUST1437,P0920,3,Decent product for the price.,2025-09-18,Neutral
R04973,CUST2033,P0698,5,Good value for money.,2023-03-24,Positive
R04974,CUST1047,P0852,3,"Product is okay, nothing special.",2025-04-30,Neutral
R04975,CUST2076,P0944,3,"Average quality, meets expectations.",2024-11-13,Neutral
R04976,CUST3234,P1246,4,"Excellent product, highly recommended!",2021-10-31,Positive
R04977,CUST1441,P0690,5,Works as expected.,2024-08-24,Positive
R04978,CUST2855,P0138,5,Quality is great for the price.,2025-08-24,Positive
R04979,CUST0096,P0687,4,Very satisfied with the purchase.,2025-06-04,Positive
R04980,CUST1906,P0379,4,"Excellent product, highly recommended!",2021-06-28,Positive
R04981,CUST2731,P0530,5,Good value for money.,2025-01-18,Positive
R04982,CUST4257,P1975,5,Works as expected.,2023-12-20,Positive
R04983,CUST0357,P1879,4,Works as expected.,2025-05-27,Positive
R04984,CUST0360,P1280,3,"Product is okay, nothing special.",2025-11-06,Neutral
R04985,CUST0287,P1788,4,"Excellent product, highly recommended!",2025-10-22,Positive
R04986,CUST3054,P1731,5,Good value for money.,2025-09-22,Positive
R04987,CUST3925,P1526,5,"Excellent product, highly recommended!",2025-04-26,Positive
R04988,CUST0581,P0526,5,"Excellent product, highly recommended!",2020-05-23,Positive
R04989,CUST1327,P0474,2,Not worth the money.,2024-07-29,Negative
R04990,CUST3922,P1477,5,"Excellent product, highly recommended!",2025-01-26,Positive
R04991,CUST0585,P0757,4,"Excellent product, highly recommended!",2025-10-26,Positive
R04992,CUST3143,P0750,5,Very satisfied with the purchase.,2025-10-16,Positive
R04993,CUST3498,P0847,5,Works as expected.,2024-01-02,Positive
R04994,CUST0290,P0622,2,Disappointed with the build quality.,2024-10-09,Negative
R04995,CUST3652,P0630,5,Good value for money.,2024-12-05,Positive
R04996,CUST3658,P0355,5,Good value for money.,2024-08-15,Positive
R04997,CUST3150,P1631,4,Quality is great for the price.,2025-09-15,Positive
R04998,CUST3926,P0794,5,Very satisfied with the purchase.,2025-01-03,Positive
R04999,CUST4340,P0920,5,Works as expected.,2025-10-07,Positive
R05000,CUST3688,P1974,5,Works as expected.,2025-07-30,Positive
R05001,CUST3625,P0932,5,Works as expected.,2025-10-20,Positive
R05002,CUST4201,P0273,4,Quality is great for the price.,2022-01-23,Positive
R05003,CUST0058,P1593,5,Works as expected.,2025-05-29,Positive
R05004,CUST3453,P0485,4,Quality is great for the price.,2022-07-29,Positive
R05005,CUST1509,P1865,3,Decent product for the price.,2025-08-18,Neutral
R05006,CUST1554,P0166,5,"Excellent product, highly recommended!",2024-06-03,Positive
R05007,CUST4605,P1548,5,Works as expected.,2025-02-06,Positive
R05008,CUST2567,P1274,3,It's fine but could be better.,2024-12-05,Neutral
R05009,CUST0064,P0454,4,Works as expected.,2025-06-11,Positive
R05010,CUST3886,P1510,4,"Excellent product, highly recommended!",2025-11-05,Positive
R05011,CUST0120,P1044,5,Very satisfied with the purchase.,2024-11-06,Positive
R05012,CUST3993,P1820,4,Good value for money.,2025-10-01,Positive
R05013,CUST4265,P1146,5,Quality is great for the price.,2021-04-11,Positive
R05014,CUST0008,P0788,5,Very satisfied with the purchase.,2024-08-08,Positive
R05015,CUST3423,P0776,1,Stopped working after a week.,2025-05-04,Negative
R05016,CUST3934,P1831,3,It's fine but could be better.,2025-05-30,Neutral
R05017,CUST1903,P0213,5,Very satisfied with the purchase.,2024-06-28,Positive
R05018,CUST3349,P0866,5,"Excellent product, highly recommended!",2025-10-30,Positive
R05019,CUST2776,P0926,5,Good value for money.,2024-09-21,Positive
R05020,CUST1383,P0301,5,Quality is great for the price.,2025-11-01,Positive
R05021,CUST2434,P1836,4,"Excellent product, highly recommended!",2025-09-21,Positive
R05022,CUST0125,P1094,5,Good value for money.,2025-07-13,Positive
R05023,CUST3764,P1222,5,Good value for money.,2025-08-13,Positive
R05024,CUST4549,P1746,5,Very satisfied with the purchase.,2021-10-01,Positive
R05025,CUST3905,P0349,5,Very satisfied with the purchase.,2025-11-06,Positive
R05026,CUST0980,P1056,4,Very satisfied with the purchase.,2024-05-01,Positive
R05027,CUST0327,P1154,4,"Excellent product, highly recommended!",2024-06-11,Positive
R05028,CUST3017,P0370,5,Good value for money.,2025-10-20,Positive
R05029,CUST3912,P1692,5,Works as expected.,2024-02-03,Positive
R05030,CUST1062,P0796,5,Works as expected.,2025-02-04,Positive
R05031,CUST1074,P1802,5,"Excellent product, highly recommended!",2023-06-07,Positive
R05032,CUST0321,P1221,4,Very satisfied with the purchase.,2023-06-08,Positive
R05033,CUST1110,P0040,4,Good value for money.,2024-12-16,Positive
R05034,CUST2933,P1540,4,Good value for money.,2024-01-31,Positive
R05035,CUST1262,P1226,3,Decent product for the price.,2025-10-11,Neutral
R05036,CUST3493,P1019,5,Very satisfied with the purchase.,2025-03-03,Positive
R05037,CUST3058,P0234,2,Poor customer service experience.,2024-11-21,Negative
R05038,CUST4843,P0439,4,Quality is great for the price.,2025-11-01,Positive
R05039,CUST3927,P1188,2,Disappointed with the build quality.,2025-07-07,Negative
R05040,CUST3141,P1439,3,Decent product for the price.,2021-05-12,Neutral
R05041,CUST3388,P0897,5,Good value for money.,2024-12-13,Positive
R05042,CUST4247,P1741,4,"Excellent product, highly recommended!",2025-04-21,Positive
R05043,CUST4090,P0116,5,Good value for money.,2025-01-15,Positive
R05044,CUST4386,P0945,5,Very satisfied with the purchase.,2025-08-09,Positive
R05045,CUST0651,P1103,1,Poor customer service experience.,2025-07-10,Negative
R05046,CUST2706,P0361,3,"Average quality, meets expectations.",2025-08-27,Neutral
R05047,CUST4550,P1284,5,Very satisfied with the purchase.,2025-02-08,Positive
R05048,CUST3510,P0588,3,"Product is okay, nothing special.",2025-07-12,Neutral
R05049,CUST0743,P0499,4,Good value for money.,2024-12-22,Positive
R05050,CUST3427,P1341,4,Works as expected.,2025-08-28,Positive
R05051,CUST2518,P0718,3,"Average quality, meets expectations.",2024-10-06,Neutral
R05052,CUST4807,P0747,4,Good value for money.,2025-11-02,Positive
R05053,CUST3579,P0532,5,Works as expected.,2023-09-04,Positive
R05054,CUST2329,P1894,5,Good value for money.,2025-11-04,Positive
R05055,CUST2666,P1493,5,Very satisfied with the purchase.,2025-08-07,Positive
R05056,CUST1741,P1939,4,Works as expected.,2025-08-17,Positive
R05057,CUST2467,P0837,5,"Excellent product, highly recommended!",2021-02-07,Positive
R05058,CUST4793,P1988,5,Quality is great for the price.,2025-02-05,Positive
R05059,CUST2852,P0373,5,Very satisfied with the purchase.,2025-09-11,Positive
R05060,CUST4487,P0021,5,"Excellent product, highly recommended!",2022-11-19,Positive
R05061,CUST0980,P0381,5,Very satisfied with the purchase.,2025-05-15,Positive
R05062,CUST0105,P1719,5,Quality is great for the price.,2024-04-04,Positive
R05063,CUST4286,P1129,2,Disappointed with the build quality.,2025-07-26,Negative
R05064,CUST4211,P1897,5,Good value for money.,2025-10-11,Positive
R05065,CUST3252,P1300,4,Good value for money.,2025-01-14,Positive
R05066,CUST1499,P0034,5,Very satisfied with the purchase.,2023-04-21,Positive
R05067,CUST1518,P0485,5,Good value for money.,2022-01-29,Positive
R05068,CUST4518,P1616,3,"Product is okay, nothing special.",2025-07-30,Neutral
R05069,CUST4208,P1284,4,Very satisfied with the purchase.,2024-12-18,Positive
R05070,CUST2082,P0151,4,Works as expected.,2023-05-31,Positive
R05071,CUST0105,P0179,5,"Excellent product, highly recommended!",2025-06-27,Positive
R05072,CUST1141,P1600,5,"Excellent product, highly recommended!",2025-10-22,Positive
R05073,CUST0550,P1090,5,Quality is great for the price.,2025-03-12,Positive
R05074,CUST4471,P1628,3,"Average quality, meets expectations.",2024-02-14,Neutral
R05075,CUST0715,P1618,5,Quality is great for the price.,2025-06-05,Positive
R05076,CUST4689,P0753,5,"Excellent product, highly recommended!",2023-12-03,Positive
R05077,CUST3600,P1158,4,Good value for money.,2025-08-19,Positive
R05078,CUST3436,P0659,5,Works as expected.,2023-07-29,Positive
R05079,CUST3532,P1487,5,Quality is great for the price.,2025-11-13,Positive
R05080,CUST1786,P1460,5,"Excellent product, highly recommended!",2021-01-15,Positive
R05081,CUST3629,P0532,2,Not worth the money.,2025-07-23,Negative
R05082,CUST3306,P0960,5,Quality is great for the price.,2023-03-09,Positive
R05083,CUST2357,P0805,5,"Excellent product, highly recommended!",2023-01-04,Positive
R05084,CUST1452,P0762,5,Works as expected.,2025-01-24,Positive
R05085,CUST2352,P0498,4,Works as expected.,2023-03-28,Positive
R05086,CUST4565,P1873,5,Very satisfied with the purchase.,2023-08-15,Positive
R05087,CUST2013,P1097,4,Good value for money.,2025-07-14,Positive
R05088,CUST2087,P1683,5,Very satisfied with the purchase.,2023-12-05,Positive
R05089,CUST0634,P0911,3,It's fine but could be better.,2025-05-03,Neutral
R05090,CUST3570,P1266,5,"Excellent product, highly recommended!",2025-07-02,Positive
R05091,CUST4181,P1040,5,Quality is great for the price.,2025-06-21,Positive
R05092,CUST1211,P1740,5,Very satisfied with the purchase.,2025-05-26,Positive
R05093,CUST4442,P1609,5,Good value for money.,2022-05-29,Positive
R05094,CUST3110,P0194,5,Good value for money.,2025-03-01,Positive
R05095,CUST0153,P0745,2,Disappointed with the build quality.,2022-03-30,Negative
R05096,CUST1409,P0798,5,Very satisfied with the purchase.,2025-06-11,Positive
R05097,CUST0145,P1990,5,Works as expected.,2024-07-14,Positive
R05098,CUST4713,P0289,2,Not worth the money.,2025-06-05,Negative
R05099,CUST0325,P1632,5,Quality is great for the price.,2025-09-20,Positive
R05100,CUST3204,P1848,4,Very satisfied with the purchase.,2024-01-25,Positive
R05101,CUST2619,P1347,4,"Excellent product, highly recommended!",2025-03-19,Positive
R05102,CUST2682,P1245,5,"Excellent product, highly recommended!",2023-08-28,Positive
R05103,CUST1551,P1896,2,Not worth the money.,2025-03-31,Negative
R05104,CUST1916,P0278,5,Quality is great for the price.,2025-05-24,Positive
R05105,CUST0668,P1128,5,Very satisfied with the purchase.,2025-01-21,Positive
R05106,CUST1619,P1194,5,Very satisfied with the purchase.,2025-06-02,Positive
R05107,CUST1733,P0430,4,"Excellent product, highly recommended!",2023-10-02,Positive
R05108,CUST0620,P0731,4,Very satisfied with the purchase.,2025-01-26,Positive
R05109,CUST4791,P0596,5,Very satisfied with the purchase.,2025-03-23,Positive
R05110,CUST4056,P0259,4,Very satisfied with the purchase.,2025-01-06,Positive
R05111,CUST2125,P0035,4,Quality is great for the price.,2025-10-26,Positive
R05112,CUST1190,P0807,5,Works as expected.,2025-08-09,Positive
R05113,CUST2450,P1804,5,"Excellent product, highly recommended!",2024-07-09,Positive
R05114,CUST3313,P0160,2,Disappointed with the build quality.,2025-04-30,Negative
R05115,CUST3845,P1913,4,"Excellent product, highly recommended!",2024-11-24,Positive
R05116,CUST1045,P0141,2,Not worth the money.,2025-05-04,Negative
R05117,CUST0765,P0024,5,Quality is great for the price.,2025-07-07,Positive
R05118,CUST3009,P0294,5,"Excellent product, highly recommended!",2024-12-20,Positive
R05119,CUST1185,P1734,4,Quality is great for the price.,2025-05-17,Positive
R05120,CUST4505,P0119,4,"Excellent product, highly recommended!",2023-01-27,Positive
R05121,CUST4660,P0201,4,Very satisfied with the purchase.,2025-07-11,Positive
R05122,CUST2001,P1746,4,"Excellent product, highly recommended!",2025-04-17,Positive
R05123,CUST1165,P0116,1,Poor customer service experience.,2022-12-06,Negative
R05124,CUST3057,P0446,4,"Excellent product, highly recommended!",2025-10-15,Positive
R05125,CUST0536,P0210,4,Good value for money.,2025-08-20,Positive
R05126,CUST4029,P1891,4,Works as expected.,2025-05-12,Positive
R05127,CUST4674,P0475,4,"Excellent product, highly recommended!",2020-12-19,Positive
R05128,CUST1203,P1963,4,Works as expected.,2025-01-02,Positive
R05129,CUST1463,P0825,4,Works as expected.,2025-10-17,Positive
R05130,CUST0384,P1355,4,Good value for money.,2025-09-02,Positive
R05131,CUST4329,P1133,5,Quality is great for the price.,2024-04-09,Positive
R05132,CUST0185,P1563,5,Very satisfied with the purchase.,2024-01-09,Positive
R05133,CUST1042,P0826,4,Good value for money.,2025-10-12,Positive
R05134,CUST2625,P1083,5,Very satisfied with the purchase.,2022-09-17,Positive
R05135,CUST2508,P1485,4,Good value for money.,2025-02-25,Positive
R05136,CUST1557,P1959,5,Works as expected.,2025-02-21,Positive
R05137,CUST0033,P0597,5,Quality is great for the price.,2023-10-08,Positive
R05138,CUST4054,P0615,5,Very satisfied with the purchase.,2025-05-08,Positive
R05139,CUST2581,P1093,3,"Average quality, meets expectations.",2025-07-03,Neutral
R05140,CUST2163,P0142,4,Quality is great for the price.,2023-03-29,Positive
R05141,CUST3391,P0411,3,It's fine but could be better.,2024-09-09,Neutral
R05142,CUST1933,P1637,5,"Excellent product, highly recommended!",2025-08-07,Positive
R05143,CUST1779,P0466,5,"Excellent product, highly recommended!",2025-08-31,Positive
R05144,CUST0775,P0422,4,Good value for money.,2024-11-15,Positive
R05145,CUST0938,P1823,5,Very satisfied with the purchase.,2025-09-29,Positive
R05146,CUST2349,P1430,4,"Excellent product, highly recommended!",2024-11-22,Positive
R05147,CUST4259,P1192,4,"Excellent product, highly recommended!",2024-08-14,Positive
R05148,CUST4483,P0488,5,Very satisfied with the purchase.,2025-07-13,Positive
R05149,CUST2248,P1450,3,"Average quality, meets expectations.",2025-08-23,Neutral
R05150,CUST4723,P1910,3,"Product is okay, nothing special.",2023-04-07,Neutral
R05151,CUST3300,P0127,4,Good value for money.,2025-05-15,Positive
R05152,CUST4875,P0751,4,Quality is great for the price.,2024-07-31,Positive
R05153,CUST0059,P1227,4,"Excellent product, highly recommended!",2025-10-08,Positive
R05154,CUST1585,P1079,5,Very satisfied with the purchase.,2023-08-11,Positive
R05155,CUST2334,P1937,1,Not worth the money.,2025-08-27,Negative
R05156,CUST0144,P1975,2,Stopped working after a week.,2022-11-25,Negative
R05157,CUST2641,P0472,4,"Excellent product, highly recommended!",2024-02-03,Positive
R05158,CUST1705,P0346,4,Works as expected.,2025-08-14,Positive
R05159,CUST4958,P1094,4,Very satisfied with the purchase.,2025-09-28,Positive
R05160,CUST0397,P1616,5,Very satisfied with the purchase.,2025-07-26,Positive
R05161,CUST0219,P0575,4,Quality is great for the price.,2025-07-15,Positive
R05162,CUST0016,P1794,5,Works as expected.,2023-03-22,Positive
R05163,CUST1797,P0522,5,Quality is great for the price.,2023-08-26,Positive
R05164,CUST0615,P1156,5,Quality is great for the price.,2024-11-27,Positive
R05165,CUST0289,P1980,4,Very satisfied with the purchase.,2025-09-19,Positive
R05166,CUST1253,P1125,4,Quality is great for the price.,2024-06-26,Positive
R05167,CUST3571,P0246,4,Very satisfied with the purchase.,2022-05-28,Positive
R05168,CUST3775,P0678,5,Works as expected.,2024-12-22,Positive
R05169,CUST4864,P1312,4,Good value for money.,2024-11-10,Positive
R05170,CUST1169,P1988,3,Decent product for the price.,2025-02-07,Neutral
R05171,CUST4176,P1075,5,"Excellent product, highly recommended!",2025-09-24,Positive
R05172,CUST4473,P0620,5,"Excellent product, highly recommended!",2025-01-13,Positive
R05173,CUST3282,P1560,4,"Excellent product, highly recommended!",2025-09-28,Positive
R05174,CUST0367,P0470,2,Poor customer service experience.,2020-07-03,Negative
R05175,CUST3419,P0041,5,Good value for money.,2025-10-09,Positive
R05176,CUST4977,P1367,5,"Excellent product, highly recommended!",2024-06-25,Positive
R05177,CUST4215,P0250,4,Works as expected.,2024-03-18,Positive
R05178,CUST1983,P0215,3,"Average quality, meets expectations.",2022-11-17,Neutral
R05179,CUST4446,P1501,2,Poor customer service experience.,2021-07-15,Negative
R05180,CUST4738,P0304,4,Works as expected.,2024-10-29,Positive
R05181,CUST1471,P1244,4,Very satisfied with the purchase.,2022-03-18,Positive
R05182,CUST2726,P1344,4,Good value for money.,2022-10-04,Positive
R05183,CUST3666,P1993,3,"Average quality, meets expectations.",2025-09-14,Neutral
R05184,CUST3085,P1082,5,Good value for money.,2023-12-31,Positive
R05185,CUST3813,P1132,4,Quality is great for the price.,2020-05-14,Positive
R05186,CUST0563,P1115,5,Works as expected.,2023-09-30,Positive
R05187,CUST0313,P1131,4,Very satisfied with the purchase.,2025-05-20,Positive
R05188,CUST2238,P1490,5,Quality is great for the price.,2025-08-09,Positive
R05189,CUST0748,P0127,1,Disappointed with the build quality.,2025-05-23,Negative
R05190,CUST0772,P0358,3,It's fine but could be better.,2022-12-23,Neutral
R05191,CUST2082,P1135,4,"Excellent product, highly recommended!",2025-06-19,Positive
R05192,CUST1195,P1593,3,"Product is okay, nothing special.",2025-11-01,Neutral
R05193,CUST3405,P0405,5,"Excellent product, highly recommended!",2024-12-09,Positive
R05194,CUST4956,P0854,4,Quality is great for the price.,2025-03-18,Positive
R05195,CUST4246,P1432,5,Very satisfied with the purchase.,2025-09-30,Positive
R05196,CUST4307,P1564,3,"Average quality, meets expectations.",2024-07-07,Neutral
R05197,CUST4508,P1088,5,Good value for money.,2023-04-04,Positive
R05198,CUST2902,P0505,4,"Excellent product, highly recommended!",2024-12-11,Positive
R05199,CUST0423,P1256,4,Very satisfied with the purchase.,2023-04-06,Positive
R05200,CUST1151,P1591,5,Works as expected.,2025-05-13,Positive
R05201,CUST1736,P0642,5,Works as expected.,2024-10-30,Positive
R05202,CUST1899,P1396,5,Very satisfied with the purchase.,2025-05-25,Positive
R05203,CUST3355,P1627,5,Good value for money.,2024-01-14,Positive
R05204,CUST3773,P1232,5,Quality is great for the price.,2025-07-23,Positive
R05205,CUST1249,P0149,4,Good value for money.,2025-08-24,Positive
R05206,CUST3314,P1293,4,Works as expected.,2025-10-03,Positive
R05207,CUST3820,P0627,3,Decent product for the price.,2024-07-08,Neutral
R05208,CUST4105,P0248,5,Very satisfied with the purchase.,2020-02-29,Positive
R05209,CUST0910,P0537,4,Quality is great for the price.,2025-02-27,Positive
R05210,CUST3998,P0221,2,Disappointed with the build quality.,2025-09-12,Negative
R05211,CUST3365,P0538,4,Quality is great for the price.,2023-12-12,Positive
R05212,CUST3025,P0861,4,Quality is great for the price.,2020-08-22,Positive
R05213,CUST3678,P0391,3,Decent product for the price.,2025-10-13,Neutral
R05214,CUST1993,P1358,1,Disappointed with the build quality.,2023-09-24,Negative
R05215,CUST1469,P0685,4,Good value for money.,2025-09-25,Positive
R05216,CUST0686,P1375,5,Very satisfied with the purchase.,2025-04-17,Positive
R05217,CUST1486,P1609,3,"Product is okay, nothing special.",2024-02-24,Neutral
R05218,CUST1506,P1802,3,"Product is okay, nothing special.",2022-06-09,Neutral
R05219,CUST1502,P1034,5,Very satisfied with the purchase.,2025-10-22,Positive
R05220,CUST4168,P0503,5,Very satisfied with the purchase.,2024-09-23,Positive
R05221,CUST1759,P0499,1,Stopped working after a week.,2022-06-19,Negative
R05222,CUST3945,P1879,5,Works as expected.,2024-08-31,Positive
R05223,CUST0581,P0822,4,Works as expected.,2025-10-21,Positive
R05224,CUST4217,P1362,5,Quality is great for the price.,2025-07-10,Positive
R05225,CUST4896,P1259,3,Decent product for the price.,2023-03-20,Neutral
R05226,CUST3538,P0593,4,Very satisfied with the purchase.,2025-10-28,Positive
R05227,CUST3222,P0288,2,Disappointed with the build quality.,2024-05-24,Negative
R05228,CUST2118,P0142,5,Quality is great for the price.,2025-10-19,Positive
R05229,CUST0529,P1895,4,"Excellent product, highly recommended!",2024-12-24,Positive
R05230,CUST4129,P0589,4,Quality is great for the price.,2025-01-06,Positive
R05231,CUST4216,P0858,2,Poor customer service experience.,2020-02-13,Negative
R05232,CUST0012,P0603,5,"Excellent product, highly recommended!",2025-08-07,Positive
R05233,CUST2137,P1774,5,Good value for money.,2025-07-20,Positive
R05234,CUST2590,P1196,5,Very satisfied with the purchase.,2024-07-13,Positive
R05235,CUST2442,P0442,5,Quality is great for the price.,2025-07-23,Positive
R05236,CUST3245,P1347,5,Works as expected.,2025-06-18,Positive
R05237,CUST3925,P1793,3,"Product is okay, nothing special.",2025-06-02,Neutral
R05238,CUST4183,P1999,3,Decent product for the price.,2024-05-26,Neutral
R05239,CUST0720,P1714,1,Not worth the money.,2022-10-04,Negative
R05240,CUST1322,P1603,4,"Excellent product, highly recommended!",2025-07-11,Positive
R05241,CUST1291,P1844,4,Quality is great for the price.,2025-01-17,Positive
R05242,CUST1056,P1820,4,"Excellent product, highly recommended!",2025-04-09,Positive
R05243,CUST1094,P1819,5,Very satisfied with the purchase.,2022-12-25,Positive
R05244,CUST3348,P0165,4,Quality is great for the price.,2023-10-16,Positive
R05245,CUST4536,P0059,4,"Excellent product, highly recommended!",2025-04-27,Positive
R05246,CUST4542,P0461,1,Disappointed with the build quality.,2021-09-29,Negative
R05247,CUST3265,P1955,4,Good value for money.,2025-06-11,Positive
R05248,CUST1710,P0612,3,Decent product for the price.,2025-08-01,Neutral
R05249,CUST2803,P0680,1,Stopped working after a week.,2024-08-23,Negative
R05250,CUST4071,P0763,4,"Excellent product, highly recommended!",2025-07-02,Positive
R05251,CUST3293,P1219,3,Decent product for the price.,2024-03-28,Neutral
R05252,CUST0716,P1041,5,Very satisfied with the purchase.,2025-01-30,Positive
R05253,CUST3170,P1806,5,"Excellent product, highly recommended!",2025-06-15,Positive
R05254,CUST1646,P0277,5,Very satisfied with the purchase.,2023-10-03,Positive
R05255,CUST3665,P0514,5,"Excellent product, highly recommended!",2025-11-14,Positive
R05256,CUST1573,P1367,4,Very satisfied with the purchase.,2024-03-26,Positive
R05257,CUST1191,P0116,4,Quality is great for the price.,2025-04-24,Positive
R05258,CUST2847,P0747,4,Works as expected.,2025-04-18,Positive
R05259,CUST3383,P1098,5,Very satisfied with the purchase.,2023-11-09,Positive
R05260,CUST1419,P0407,4,Works as expected.,2025-06-27,Positive
R05261,CUST4165,P1347,5,Works as expected.,2025-07-09,Positive
R05262,CUST3023,P0566,5,Very satisfied with the purchase.,2024-01-26,Positive
R05263,CUST2939,P0184,5,Very satisfied with the purchase.,2022-12-14,Positive
R05264,CUST4032,P1140,2,Poor customer service experience.,2022-09-13,Negative
R05265,CUST0831,P1561,4,"Excellent product, highly recommended!",2024-01-28,Positive
R05266,CUST2829,P1236,3,Decent product for the price.,2025-10-17,Neutral
R05267,CUST4250,P0228,5,Works as expected.,2025-04-05,Positive
R05268,CUST0061,P1105,4,Works as expected.,2024-10-15,Positive
R05269,CUST4644,P0253,5,Very satisfied with the purchase.,2025-08-07,Positive
R05270,CUST3933,P0235,5,Good value for money.,2025-08-21,Positive
R05271,CUST3410,P0426,5,"Excellent product, highly recommended!",2023-09-05,Positive
R05272,CUST2609,P0182,5,"Excellent product, highly recommended!",2025-10-24,Positive
R05273,CUST3176,P1887,5,Quality is great for the price.,2024-04-23,Positive
R05274,CUST3898,P1247,3,Decent product for the price.,2025-03-30,Neutral
R05275,CUST0154,P1582,4,"Excellent product, highly recommended!",2025-07-28,Positive
R05276,CUST2086,P1135,4,Very satisfied with the purchase.,2025-07-13,Positive
R05277,CUST1862,P0062,5,Good value for money.,2025-05-16,Positive
R05278,CUST2203,P0436,5,Works as expected.,2024-12-25,Positive
R05279,CUST3694,P1102,4,Good value for money.,2024-04-28,Positive
R05280,CUST2337,P1988,5,Quality is great for the price.,2025-07-22,Positive
R05281,CUST0281,P0028,5,Works as expected.,2023-12-15,Positive
R05282,CUST0729,P0369,4,Quality is great for the price.,2023-05-03,Positive
R05283,CUST1032,P0751,4,Very satisfied with the purchase.,2024-06-12,Positive
R05284,CUST2206,P1570,5,Works as expected.,2020-08-15,Positive
R05285,CUST1647,P1949,4,Quality is great for the price.,2022-08-04,Positive
R05286,CUST4479,P0775,5,Very satisfied with the purchase.,2024-04-14,Positive
R05287,CUST2080,P1073,4,Works as expected.,2023-10-03,Positive
R05288,CUST4666,P0597,5,Good value for money.,2025-10-11,Positive
R05289,CUST3199,P0259,4,Quality is great for the price.,2024-07-15,Positive
R05290,CUST3655,P0570,4,Good value for money.,2025-09-29,Positive
R05291,CUST3768,P1307,3,"Product is okay, nothing special.",2025-05-06,Neutral
R05292,CUST1678,P0962,2,Stopped working after a week.,2022-08-29,Negative
R05293,CUST1491,P0505,3,"Product is okay, nothing special.",2025-11-09,Neutral
R05294,CUST4747,P1620,4,Quality is great for the price.,2024-11-17,Positive
R05295,CUST4106,P1454,5,Good value for money.,2025-04-04,Positive
R05296,CUST2203,P0563,4,Works as expected.,2023-04-08,Positive
R05297,CUST0787,P0437,1,Disappointed with the build quality.,2024-09-19,Negative
R05298,CUST3317,P1578,5,Good value for money.,2024-08-19,Positive
R05299,CUST3874,P1789,4,Very satisfied with the purchase.,2025-10-17,Positive
R05300,CUST0707,P0858,4,Works as expected.,2024-10-31,Positive
R05301,CUST0664,P0946,4,Quality is great for the price.,2025-03-16,Positive
R05302,CUST2442,P1996,3,It's fine but could be better.,2025-07-21,Neutral
R05303,CUST3710,P0039,5,Quality is great for the price.,2025-04-22,Positive
R05304,CUST4322,P1218,1,Disappointed with the build quality.,2024-11-18,Negative
R05305,CUST2907,P1995,5,"Excellent product, highly recommended!",2025-04-21,Positive
R05306,CUST1329,P0241,5,"Excellent product, highly recommended!",2024-12-15,Positive
R05307,CUST0184,P0746,3,"Product is okay, nothing special.",2025-08-27,Neutral
R05308,CUST1414,P1125,4,Works as expected.,2025-05-23,Positive
R05309,CUST3724,P0409,3,Decent product for the price.,2023-08-08,Neutral
R05310,CUST1127,P0300,5,Quality is great for the price.,2023-03-03,Positive
R05311,CUST3291,P1882,4,"Excellent product, highly recommended!",2021-07-26,Positive
R05312,CUST4441,P1247,4,Very satisfied with the purchase.,2025-02-25,Positive
R05313,CUST0857,P0630,5,Very satisfied with the purchase.,2025-03-26,Positive
R05314,CUST1860,P0820,5,Works as expected.,2025-11-09,Positive
R05315,CUST2090,P0375,5,Very satisfied with the purchase.,2023-12-17,Positive
R05316,CUST1466,P0908,5,Good value for money.,2023-11-17,Positive
R05317,CUST3990,P0171,3,Decent product for the price.,2023-10-30,Neutral
R05318,CUST4993,P1809,4,Good value for money.,2024-07-06,Positive
R05319,CUST3025,P0181,4,Very satisfied with the purchase.,2023-09-27,Positive
R05320,CUST1902,P1102,4,Works as expected.,2024-02-25,Positive
R05321,CUST3651,P1529,2,Stopped working after a week.,2025-10-16,Negative
R05322,CUST2398,P1002,4,Works as expected.,2025-10-16,Positive
R05323,CUST3806,P1509,4,Works as expected.,2025-06-07,Positive
R05324,CUST2876,P0248,1,Stopped working after a week.,2023-10-08,Negative
R05325,CUST0415,P0929,4,Good value for money.,2025-04-26,Positive
R05326,CUST4465,P0180,5,"Excellent product, highly recommended!",2025-06-27,Positive
R05327,CUST1133,P0351,5,Good value for money.,2023-11-26,Positive
R05328,CUST0399,P0870,4,Works as expected.,2025-10-04,Positive
R05329,CUST0671,P0318,5,Good value for money.,2020-04-02,Positive
R05330,CUST3803,P1757,5,Very satisfied with the purchase.,2022-12-10,Positive
R05331,CUST3503,P1994,5,Quality is great for the price.,2025-08-09,Positive
R05332,CUST4462,P1437,5,Good value for money.,2025-04-20,Positive
R05333,CUST2182,P0017,5,"Excellent product, highly recommended!",2024-10-27,Positive
R05334,CUST4514,P1636,2,Stopped working after a week.,2025-07-09,Negative
R05335,CUST2904,P1837,3,It's fine but could be better.,2023-07-13,Neutral
R05336,CUST3599,P0017,5,"Excellent product, highly recommended!",2023-11-09,Positive
R05337,CUST1782,P0894,5,Good value for money.,2023-12-14,Positive
R05338,CUST0367,P1201,5,"Excellent product, highly recommended!",2025-06-04,Positive
R05339,CUST3185,P0674,5,Quality is great for the price.,2025-10-13,Positive
R05340,CUST1205,P1926,4,Quality is great for the price.,2023-04-09,Positive
R05341,CUST2239,P0206,5,Very satisfied with the purchase.,2024-12-03,Positive
R05342,CUST0969,P1759,5,Works as expected.,2024-01-03,Positive
R05343,CUST0309,P0325,4,Works as expected.,2024-05-29,Positive
R05344,CUST1610,P1109,5,Quality is great for the price.,2022-11-09,Positive
R05345,CUST0195,P0122,5,"Excellent product, highly recommended!",2024-08-24,Positive
R05346,CUST0918,P1805,3,It's fine but could be better.,2022-09-16,Neutral
R05347,CUST3839,P0442,5,"Excellent product, highly recommended!",2025-10-17,Positive
R05348,CUST3852,P0690,5,Good value for money.,2025-01-28,Positive
R05349,CUST3394,P0324,4,Good value for money.,2024-08-25,Positive
R05350,CUST2289,P1571,5,"Excellent product, highly recommended!",2025-11-13,Positive
R05351,CUST0641,P1666,4,Works as expected.,2025-01-07,Positive
R05352,CUST3179,P1612,5,"Excellent product, highly recommended!",2025-10-28,Positive
R05353,CUST3493,P1462,4,Quality is great for the price.,2025-09-10,Positive
R05354,CUST1046,P0888,4,Very satisfied with the purchase.,2025-01-31,Positive
R05355,CUST0202,P1400,5,Good value for money.,2024-04-10,Positive
R05356,CUST0567,P1640,5,Very satisfied with the purchase.,2022-08-09,Positive
R05357,CUST2825,P1132,4,Good value for money.,2021-01-29,Positive
R05358,CUST0241,P0137,4,Quality is great for the price.,2024-08-03,Positive
R05359,CUST2158,P1708,4,Good value for money.,2022-05-11,Positive
R05360,CUST3795,P1846,4,Good value for money.,2025-09-11,Positive
R05361,CUST0641,P0633,3,"Average quality, meets expectations.",2025-03-17,Neutral
R05362,CUST4571,P0840,5,"Excellent product, highly recommended!",2023-09-06,Positive
R05363,CUST1595,P1173,5,"Excellent product, highly recommended!",2024-03-13,Positive
R05364,CUST0700,P1564,3,It's fine but could be better.,2025-10-09,Neutral
R05365,CUST2558,P0122,3,It's fine but could be better.,2024-01-24,Neutral
R05366,CUST0949,P0915,4,Quality is great for the price.,2024-02-04,Positive
R05367,CUST1861,P1925,4,Quality is great for the price.,2025-02-21,Positive
R05368,CUST3751,P0274,5,"Excellent product, highly recommended!",2025-07-13,Positive
R05369,CUST4345,P0430,5,Good value for money.,2024-07-23,Positive
R05370,CUST4443,P0062,2,Stopped working after a week.,2021-06-05,Negative
R05371,CUST4832,P1836,3,Decent product for the price.,2025-05-24,Neutral
R05372,CUST3064,P1241,5,Good value for money.,2025-09-25,Positive
R05373,CUST2770,P1079,5,Very satisfied with the purchase.,2023-01-02,Positive
R05374,CUST4081,P0223,5,Works as expected.,2025-11-09,Positive
R05375,CUST1655,P1254,5,Very satisfied with the purchase.,2025-10-31,Positive
R05376,CUST3001,P1033,3,It's fine but could be better.,2025-07-30,Neutral
R05377,CUST1802,P0655,5,Quality is great for the price.,2025-03-06,Positive
R05378,CUST0774,P1281,5,Works as expected.,2021-01-21,Positive
R05379,CUST4116,P0118,5,Works as expected.,2023-08-06,Positive
R05380,CUST3889,P0295,3,It's fine but could be better.,2025-10-19,Neutral
R05381,CUST0219,P1621,4,Works as expected.,2025-09-27,Positive
R05382,CUST2784,P0903,5,Good value for money.,2025-07-21,Positive
R05383,CUST3717,P1886,3,It's fine but could be better.,2025-08-07,Neutral
R05384,CUST3617,P1618,2,Stopped working after a week.,2025-01-05,Negative
R05385,CUST1835,P0130,4,"Excellent product, highly recommended!",2025-07-10,Positive
R05386,CUST2640,P1591,4,Good value for money.,2021-08-14,Positive
R05387,CUST3598,P1425,4,Quality is great for the price.,2025-09-28,Positive
R05388,CUST2065,P1091,4,Good value for money.,2025-08-23,Positive
R05389,CUST0026,P1675,3,"Product is okay, nothing special.",2024-12-10,Neutral
R05390,CUST2889,P1661,2,Disappointed with the build quality.,2022-11-20,Negative
R05391,CUST3030,P1119,4,Works as expected.,2024-09-21,Positive
R05392,CUST0770,P1415,5,"Excellent product, highly recommended!",2022-02-11,Positive
R05393,CUST0520,P0445,4,Works as expected.,2024-12-02,Positive
R05394,CUST1006,P0346,5,"Excellent product, highly recommended!",2025-07-10,Positive
R05395,CUST3030,P0807,3,"Average quality, meets expectations.",2025-05-08,Neutral
R05396,CUST2267,P1400,5,Good value for money.,2025-01-07,Positive
R05397,CUST3328,P0763,5,Quality is great for the price.,2024-01-28,Positive
R05398,CUST3226,P1351,5,"Excellent product, highly recommended!",2022-08-29,Positive
R05399,CUST2973,P0661,4,Quality is great for the price.,2025-10-27,Positive
R05400,CUST4476,P1523,5,Quality is great for the price.,2024-07-12,Positive
R05401,CUST0972,P1575,5,"Excellent product, highly recommended!",2025-10-11,Positive
R05402,CUST2537,P1831,5,Works as expected.,2023-10-23,Positive
R05403,CUST2258,P0599,4,Very satisfied with the purchase.,2025-08-26,Positive
R05404,CUST1352,P1199,4,Good value for money.,2024-01-16,Positive
R05405,CUST4691,P0817,3,"Product is okay, nothing special.",2024-05-06,Neutral
R05406,CUST0289,P0478,4,Works as expected.,2024-11-10,Positive
R05407,CUST3702,P1297,5,Quality is great for the price.,2025-10-24,Positive
R05408,CUST2944,P0325,2,Disappointed with the build quality.,2022-12-07,Negative
R05409,CUST2665,P1271,4,Quality is great for the price.,2025-04-03,Positive
R05410,CUST1960,P1896,5,Works as expected.,2025-10-08,Positive
R05411,CUST1408,P0842,5,Quality is great for the price.,2025-09-07,Positive
R05412,CUST1476,P0179,3,Decent product for the price.,2023-09-17,Neutral
R05413,CUST3163,P1544,4,Good value for money.,2024-09-28,Positive
R05414,CUST1638,P0099,5,Quality is great for the price.,2024-06-20,Positive
R05415,CUST4638,P0829,5,Good value for money.,2025-10-20,Positive
R05416,CUST3051,P0231,5,Works as expected.,2025-04-02,Positive
R05417,CUST3718,P1807,3,"Average quality, meets expectations.",2023-03-29,Neutral
R05418,CUST1538,P0410,5,Works as expected.,2025-06-27,Positive
R05419,CUST3381,P1222,3,Decent product for the price.,2023-12-18,Neutral
R05420,CUST4894,P1249,4,Works as expected.,2024-06-14,Positive
R05421,CUST3321,P1153,5,Quality is great for the price.,2024-02-29,Positive
R05422,CUST1915,P1311,5,"Excellent product, highly recommended!",2024-03-21,Positive
R05423,CUST4738,P0194,3,"Product is okay, nothing special.",2024-07-22,Neutral
R05424,CUST2578,P0997,3,It's fine but could be better.,2025-08-14,Neutral
R05425,CUST1353,P0764,4,"Excellent product, highly recommended!",2025-03-18,Positive
R05426,CUST0116,P0339,5,"Excellent product, highly recommended!",2025-07-30,Positive
R05427,CUST4947,P0107,3,It's fine but could be better.,2025-11-12,Neutral
R05428,CUST2860,P0053,4,Good value for money.,2025-08-06,Positive
R05429,CUST1254,P0533,5,Good value for money.,2023-01-08,Positive
R05430,CUST0353,P0330,5,Good value for money.,2023-04-01,Positive
R05431,CUST0685,P0024,3,It's fine but could be better.,2023-03-12,Neutral
R05432,CUST3835,P0726,3,It's fine but could be better.,2025-05-26,Neutral
R05433,CUST3090,P0103,5,Good value for money.,2025-11-12,Positive
R05434,CUST4724,P1505,2,Poor customer service experience.,2025-08-05,Negative
R05435,CUST1820,P0774,5,Quality is great for the price.,2023-11-29,Positive
R05436,CUST3275,P0869,3,"Average quality, meets expectations.",2023-11-29,Neutral
R05437,CUST3651,P1448,5,Works as expected.,2025-07-23,Positive
R05438,CUST0045,P1944,5,Very satisfied with the purchase.,2022-12-30,Positive
R05439,CUST2563,P1670,1,Poor customer service experience.,2025-05-14,Negative
R05440,CUST2027,P0674,4,Works as expected.,2025-03-12,Positive
R05441,CUST3431,P0929,4,Very satisfied with the purchase.,2024-04-10,Positive
R05442,CUST4087,P1422,4,Quality is great for the price.,2024-08-28,Positive
R05443,CUST3883,P0534,4,Works as expected.,2024-01-14,Positive
R05444,CUST0802,P1202,4,Good value for money.,2024-04-11,Positive
R05445,CUST4200,P0834,5,"Excellent product, highly recommended!",2024-07-17,Positive
R05446,CUST4018,P1620,4,Quality is great for the price.,2024-06-21,Positive
R05447,CUST3065,P1319,2,Poor customer service experience.,2023-08-16,Negative
R05448,CUST3450,P0940,5,Very satisfied with the purchase.,2025-05-10,Positive
R05449,CUST4447,P0907,4,Good value for money.,2023-10-30,Positive
R05450,CUST1060,P0156,2,Stopped working after a week.,2025-02-20,Negative
R05451,CUST2743,P0406,4,"Excellent product, highly recommended!",2025-05-10,Positive
R05452,CUST3774,P1457,3,Decent product for the price.,2024-09-14,Neutral
R05453,CUST4288,P0569,5,Works as expected.,2022-05-25,Positive
R05454,CUST2231,P1231,5,Very satisfied with the purchase.,2021-08-20,Positive
R05455,CUST2814,P0044,4,Works as expected.,2023-04-21,Positive
R05456,CUST3281,P0804,5,Very satisfied with the purchase.,2024-02-25,Positive
R05457,CUST0621,P1072,1,Poor customer service experience.,2023-02-20,Negative
R05458,CUST0695,P1102,3,It's fine but could be better.,2022-11-12,Neutral
R05459,CUST3300,P1821,3,It's fine but could be better.,2025-09-04,Neutral
R05460,CUST0763,P0140,2,Stopped working after a week.,2025-09-02,Negative
R05461,CUST0381,P1940,4,Good value for money.,2025-10-26,Positive
R05462,CUST1799,P1443,4,"Excellent product, highly recommended!",2025-01-18,Positive
R05463,CUST2184,P0235,5,Good value for money.,2023-12-17,Positive
R05464,CUST4045,P1327,3,Decent product for the price.,2025-05-14,Neutral
R05465,CUST4694,P1378,5,"Excellent product, highly recommended!",2025-06-28,Positive
R05466,CUST3780,P0071,3,"Average quality, meets expectations.",2024-09-11,Neutral
R05467,CUST1431,P1231,2,Not worth the money.,2024-03-25,Negative
R05468,CUST3257,P0945,4,"Excellent product, highly recommended!",2025-08-11,Positive
R05469,CUST3399,P1994,5,Good value for money.,2024-12-10,Positive
R05470,CUST4618,P0411,5,Quality is great for the price.,2025-02-25,Positive
R05471,CUST4031,P1991,5,Good value for money.,2025-08-14,Positive
R05472,CUST0307,P1991,4,Works as expected.,2024-01-24,Positive
R05473,CUST3103,P0534,5,Quality is great for the price.,2024-04-04,Positive
R05474,CUST0958,P1337,1,Not worth the money.,2025-10-20,Negative
R05475,CUST0537,P0607,4,Very satisfied with the purchase.,2024-08-08,Positive
R05476,CUST4280,P0474,2,Not worth the money.,2025-07-23,Negative
R05477,CUST4502,P1840,5,Good value for money.,2025-08-13,Positive
R05478,CUST4116,P1591,5,Works as expected.,2025-04-10,Positive
R05479,CUST3169,P1883,5,Works as expected.,2025-04-20,Positive
R05480,CUST0245,P0170,2,Not worth the money.,2024-10-29,Negative
R05481,CUST0522,P0601,3,"Average quality, meets expectations.",2025-01-24,Neutral
R05482,CUST4218,P1745,5,"Excellent product, highly recommended!",2024-07-13,Positive
R05483,CUST3081,P1068,5,Quality is great for the price.,2021-07-26,Positive
R05484,CUST2502,P0736,3,"Average quality, meets expectations.",2025-10-20,Neutral
R05485,CUST3488,P0888,1,Not worth the money.,2025-03-26,Negative
R05486,CUST2900,P0613,5,"Excellent product, highly recommended!",2023-12-12,Positive
R05487,CUST2920,P0236,4,Quality is great for the price.,2024-12-05,Positive
R05488,CUST2534,P1604,2,Disappointed with the build quality.,2021-10-05,Negative
R05489,CUST0690,P1753,5,"Excellent product, highly recommended!",2022-09-06,Positive
R05490,CUST4738,P1004,5,"Excellent product, highly recommended!",2025-10-30,Positive
R05491,CUST1895,P1406,4,Quality is great for the price.,2022-12-14,Positive
R05492,CUST0271,P1069,5,Very satisfied with the purchase.,2025-10-26,Positive
R05493,CUST2775,P1653,5,Very satisfied with the purchase.,2025-11-06,Positive
R05494,CUST3586,P0863,5,"Excellent product, highly recommended!",2025-11-08,Positive
R05495,CUST0845,P1214,1,Poor customer service experience.,2024-07-28,Negative
R05496,CUST2173,P0726,5,Works as expected.,2024-05-04,Positive
R05497,CUST3763,P0342,3,"Product is okay, nothing special.",2023-04-13,Neutral
R05498,CUST0449,P1513,4,Quality is great for the price.,2024-04-03,Positive
R05499,CUST0019,P0572,4,"Excellent product, highly recommended!",2025-11-08,Positive
R05500,CUST0814,P0449,3,"Product is okay, nothing special.",2025-02-18,Neutral
R05501,CUST0741,P1494,5,Works as expected.,2025-01-01,Positive
R05502,CUST1462,P1654,2,Not worth the money.,2025-11-06,Negative
R05503,CUST4265,P0338,4,"Excellent product, highly recommended!",2020-07-06,Positive
R05504,CUST4147,P1222,4,Works as expected.,2024-06-23,Positive
R05505,CUST0503,P0302,2,Disappointed with the build quality.,2025-03-12,Negative
R05506,CUST2235,P1293,2,Not worth the money.,2025-03-09,Negative
R05507,CUST3956,P0207,2,Stopped working after a week.,2025-09-26,Negative
R05508,CUST0995,P0800,4,Works as expected.,2025-03-13,Positive
R05509,CUST0813,P0992,5,Very satisfied with the purchase.,2023-09-29,Positive
R05510,CUST4970,P1757,5,Good value for money.,2025-05-23,Positive
R05511,CUST1312,P1273,5,Good value for money.,2025-10-24,Positive
R05512,CUST4246,P0295,5,Good value for money.,2025-06-25,Positive
R05513,CUST3315,P1666,5,Quality is great for the price.,2024-11-23,Positive
R05514,CUST3573,P1624,4,Good value for money.,2025-11-06,Positive
R05515,CUST4985,P0784,5,Good value for money.,2025-07-01,Positive
R05516,CUST2149,P1387,5,Very satisfied with the purchase.,2025-09-08,Positive
R05517,CUST4347,P0405,5,Quality is great for the price.,2025-06-12,Positive
R05518,CUST4048,P0516,5,Very satisfied with the purchase.,2021-12-06,Positive
R05519,CUST3931,P1231,5,"Excellent product, highly recommended!",2024-06-11,Positive
R05520,CUST0825,P0957,3,"Product is okay, nothing special.",2024-04-18,Neutral
R05521,CUST0699,P1894,3,"Product is okay, nothing special.",2025-10-20,Neutral
R05522,CUST4550,P0775,4,Good value for money.,2025-05-31,Positive
R05523,CUST2900,P1518,5,Quality is great for the price.,2020-09-12,Positive
R05524,CUST2529,P1801,3,It's fine but could be better.,2025-08-07,Neutral
R05525,CUST4085,P0807,5,Good value for money.,2025-07-29,Positive
R05526,CUST3947,P0281,3,"Product is okay, nothing special.",2025-10-25,Neutral
R05527,CUST3021,P0827,3,It's fine but could be better.,2024-06-01,Neutral
R05528,CUST0140,P0515,5,Good value for money.,2023-01-26,Positive
R05529,CUST2661,P0428,3,"Product is okay, nothing special.",2025-02-28,Neutral
R05530,CUST4605,P1734,5,Good value for money.,2024-07-17,Positive
R05531,CUST4648,P1403,4,Very satisfied with the purchase.,2025-11-12,Positive
R05532,CUST2543,P1167,5,"Excellent product, highly recommended!",2022-10-31,Positive
R05533,CUST1912,P1104,5,Good value for money.,2023-02-18,Positive
R05534,CUST3837,P1648,3,"Product is okay, nothing special.",2025-04-02,Neutral
R05535,CUST1003,P1528,2,Stopped working after a week.,2025-05-31,Negative
R05536,CUST2603,P1627,4,Quality is great for the price.,2025-03-05,Positive
R05537,CUST4727,P1216,4,Quality is great for the price.,2021-08-09,Positive
R05538,CUST1908,P1392,4,Very satisfied with the purchase.,2023-07-03,Positive
R05539,CUST4498,P0294,4,"Excellent product, highly recommended!",2022-10-15,Positive
R05540,CUST4869,P0395,3,"Average quality, meets expectations.",2025-03-19,Neutral
R05541,CUST0030,P0978,4,"Excellent product, highly recommended!",2022-04-06,Positive
R05542,CUST2725,P1341,5,Very satisfied with the purchase.,2022-10-20,Positive
R05543,CUST4105,P0594,4,Works as expected.,2025-02-25,Positive
R05544,CUST2272,P0459,5,"Excellent product, highly recommended!",2025-06-14,Positive
R05545,CUST2937,P1697,4,Works as expected.,2025-08-10,Positive
R05546,CUST0113,P1566,5,Very satisfied with the purchase.,2025-10-07,Positive
R05547,CUST0014,P1316,5,Good value for money.,2025-11-01,Positive
R05548,CUST1560,P1752,4,Good value for money.,2025-06-04,Positive
R05549,CUST2472,P0246,3,Decent product for the price.,2025-02-01,Neutral
R05550,CUST1820,P1916,3,Decent product for the price.,2023-11-06,Neutral
R05551,CUST2283,P1473,4,Good value for money.,2024-01-10,Positive
R05552,CUST2090,P1571,3,Decent product for the price.,2025-04-15,Neutral
R05553,CUST3353,P1502,5,Quality is great for the price.,2025-08-21,Positive
R05554,CUST0830,P1860,5,Good value for money.,2025-05-16,Positive
R05555,CUST3033,P0779,4,Quality is great for the price.,2024-07-03,Positive
R05556,CUST0667,P1450,4,Works as expected.,2025-10-05,Positive
R05557,CUST4366,P0694,4,Quality is great for the price.,2024-08-04,Positive
R05558,CUST4582,P1894,5,"Excellent product, highly recommended!",2023-12-25,Positive
R05559,CUST4745,P1125,5,Quality is great for the price.,2025-06-17,Positive
R05560,CUST2740,P0674,5,Very satisfied with the purchase.,2024-09-27,Positive
R05561,CUST2137,P1772,4,"Excellent product, highly recommended!",2022-12-26,Positive
R05562,CUST4813,P0566,5,Good value for money.,2022-06-24,Positive
R05563,CUST2678,P0866,5,Very satisfied with the purchase.,2025-04-26,Positive
R05564,CUST3413,P0774,5,Good value for money.,2025-10-19,Positive
R05565,CUST4061,P0474,5,Works as expected.,2025-10-05,Positive
R05566,CUST4227,P0287,4,"Excellent product, highly recommended!",2025-02-13,Positive
R05567,CUST1166,P1875,4,"Excellent product, highly recommended!",2025-10-01,Positive
R05568,CUST2196,P1259,4,Works as expected.,2022-09-27,Positive
R05569,CUST3018,P1567,3,"Average quality, meets expectations.",2025-08-29,Neutral
R05570,CUST2634,P1005,4,Good value for money.,2025-10-27,Positive
R05571,CUST1835,P1137,4,Quality is great for the price.,2025-07-17,Positive
R05572,CUST0968,P0662,2,Disappointed with the build quality.,2024-07-16,Negative
R05573,CUST1855,P1457,5,"Excellent product, highly recommended!",2024-06-12,Positive
R05574,CUST0285,P0924,3,It's fine but could be better.,2022-08-13,Neutral
R05575,CUST4707,P1451,4,"Excellent product, highly recommended!",2025-03-06,Positive
R05576,CUST4727,P0082,3,It's fine but could be better.,2024-11-23,Neutral
R05577,CUST2317,P0800,4,"Excellent product, highly recommended!",2024-12-18,Positive
R05578,CUST1110,P0863,4,Works as expected.,2024-12-04,Positive
R05579,CUST0245,P0274,3,Decent product for the price.,2025-06-18,Neutral
R05580,CUST0540,P0711,5,Works as expected.,2025-11-01,Positive
R05581,CUST4883,P1741,3,"Average quality, meets expectations.",2023-08-09,Neutral
R05582,CUST4554,P0277,5,Good value for money.,2025-04-16,Positive
R05583,CUST3804,P1714,4,Works as expected.,2025-09-05,Positive
R05584,CUST0836,P0142,3,It's fine but could be better.,2025-05-25,Neutral
R05585,CUST4454,P1198,5,Good value for money.,2025-01-02,Positive
R05586,CUST3238,P0999,4,Very satisfied with the purchase.,2023-05-31,Positive
R05587,CUST2507,P0177,5,Works as expected.,2025-09-26,Positive
R05588,CUST0915,P0737,5,Good value for money.,2022-05-06,Positive
R05589,CUST1488,P1879,5,"Excellent product, highly recommended!",2025-09-16,Positive
R05590,CUST4082,P0472,5,Good value for money.,2025-02-26,Positive
R05591,CUST1773,P1835,1,Stopped working after a week.,2024-09-13,Negative
R05592,CUST1057,P1471,5,Good value for money.,2025-10-20,Positive
R05593,CUST2928,P0247,5,Good value for money.,2025-08-28,Positive
R05594,CUST2738,P0802,4,"Excellent product, highly recommended!",2025-07-16,Positive
R05595,CUST3241,P0080,4,"Excellent product, highly recommended!",2024-11-18,Positive
R05596,CUST1796,P1833,5,Works as expected.,2025-08-30,Positive
R05597,CUST2984,P1844,4,"Excellent product, highly recommended!",2025-01-07,Positive
R05598,CUST3670,P0014,4,"Excellent product, highly recommended!",2025-11-13,Positive
R05599,CUST1602,P0228,5,Very satisfied with the purchase.,2024-03-29,Positive
R05600,CUST2632,P1588,3,Decent product for the price.,2025-08-04,Neutral
R05601,CUST2070,P0132,5,Good value for money.,2025-11-03,Positive
R05602,CUST2482,P0109,4,Very satisfied with the purchase.,2025-10-28,Positive
R05603,CUST0248,P0351,5,Quality is great for the price.,2024-01-23,Positive
R05604,CUST0339,P1505,4,Works as expected.,2024-11-18,Positive
R05605,CUST0315,P0870,5,Quality is great for the price.,2024-07-04,Positive
R05606,CUST4202,P0347,5,Good value for money.,2025-04-04,Positive
R05607,CUST3465,P0484,3,Decent product for the price.,2025-04-25,Neutral
R05608,CUST4165,P0999,5,Works as expected.,2021-03-29,Positive
R05609,CUST1463,P0920,4,Very satisfied with the purchase.,2025-08-08,Positive
R05610,CUST2173,P1345,3,Decent product for the price.,2022-12-12,Neutral
R05611,CUST0132,P0402,5,Very satisfied with the purchase.,2024-07-16,Positive
R05612,CUST1538,P0872,5,"Excellent product, highly recommended!",2025-02-20,Positive
R05613,CUST0533,P1127,5,Works as expected.,2024-11-25,Positive
R05614,CUST3547,P0018,3,Decent product for the price.,2025-04-04,Neutral
R05615,CUST0599,P1295,4,"Excellent product, highly recommended!",2022-06-25,Positive
R05616,CUST1596,P1753,5,Good value for money.,2022-12-11,Positive
R05617,CUST0729,P1324,5,Works as expected.,2023-02-04,Positive
R05618,CUST2165,P0245,5,"Excellent product, highly recommended!",2025-04-21,Positive
R05619,CUST0510,P0941,5,Works as expected.,2021-09-24,Positive
R05620,CUST4404,P0908,4,"Excellent product, highly recommended!",2022-07-28,Positive
R05621,CUST0360,P1626,4,Works as expected.,2025-09-29,Positive
R05622,CUST3338,P0239,3,It's fine but could be better.,2025-05-08,Neutral
R05623,CUST1240,P0595,5,Works as expected.,2024-12-16,Positive
R05624,CUST3873,P1422,5,Very satisfied with the purchase.,2024-10-08,Positive
R05625,CUST1622,P1142,4,Good value for money.,2024-11-13,Positive
R05626,CUST4616,P0549,5,Works as expected.,2022-05-19,Positive
R05627,CUST2467,P1755,5,Very satisfied with the purchase.,2021-04-17,Positive
R05628,CUST3991,P1140,5,"Excellent product, highly recommended!",2025-08-02,Positive
R05629,CUST0031,P0729,5,"Excellent product, highly recommended!",2025-10-01,Positive
R05630,CUST2863,P0586,4,Quality is great for the price.,2025-09-08,Positive
R05631,CUST3097,P0051,4,Good value for money.,2025-10-24,Positive
R05632,CUST3592,P1302,5,Quality is great for the price.,2024-01-20,Positive
R05633,CUST0532,P1705,2,Not worth the money.,2024-06-22,Negative
R05634,CUST4971,P1517,4,Works as expected.,2024-02-21,Positive
R05635,CUST4406,P1834,5,Works as expected.,2025-03-01,Positive
R05636,CUST0332,P0774,2,Poor customer service experience.,2023-12-04,Negative
R05637,CUST0381,P1920,4,Works as expected.,2025-10-26,Positive
R05638,CUST1083,P1432,5,"Excellent product, highly recommended!",2025-01-05,Positive
R05639,CUST0226,P1611,5,Very satisfied with the purchase.,2024-09-11,Positive
R05640,CUST3502,P0732,4,"Excellent product, highly recommended!",2024-05-22,Positive
R05641,CUST2936,P0353,4,Quality is great for the price.,2025-09-08,Positive
R05642,CUST0835,P1988,4,Works as expected.,2025-09-11,Positive
R05643,CUST3659,P0111,5,Quality is great for the price.,2025-10-10,Positive
R05644,CUST4208,P0408,5,Quality is great for the price.,2025-09-24,Positive
R05645,CUST1796,P0128,5,Very satisfied with the purchase.,2025-09-10,Positive
R05646,CUST1550,P1638,5,Good value for money.,2025-07-31,Positive
R05647,CUST0840,P0019,5,"Excellent product, highly recommended!",2025-03-16,Positive
R05648,CUST4692,P1265,5,Good value for money.,2024-10-10,Positive
R05649,CUST3351,P0107,5,"Excellent product, highly recommended!",2025-02-13,Positive
R05650,CUST2125,P0121,4,Works as expected.,2025-09-10,Positive
R05651,CUST0921,P0957,3,Decent product for the price.,2025-02-20,Neutral
R05652,CUST0886,P1321,5,Works as expected.,2024-11-18,Positive
R05653,CUST1850,P1655,4,"Excellent product, highly recommended!",2024-04-07,Positive
R05654,CUST1221,P0674,4,Good value for money.,2024-08-10,Positive
R05655,CUST3632,P0548,5,Good value for money.,2025-03-02,Positive
R05656,CUST3469,P0441,4,Good value for money.,2021-09-19,Positive
R05657,CUST0254,P1496,1,Not worth the money.,2023-02-04,Negative
R05658,CUST1169,P1719,3,"Product is okay, nothing special.",2024-09-23,Neutral
R05659,CUST0883,P0126,4,Works as expected.,2024-11-29,Positive
R05660,CUST4372,P1521,5,Very satisfied with the purchase.,2024-03-14,Positive
R05661,CUST0112,P1566,2,Not worth the money.,2025-10-26,Negative
R05662,CUST1247,P0005,5,"Excellent product, highly recommended!",2025-10-22,Positive
R05663,CUST4770,P1115,5,Works as expected.,2024-07-28,Positive
R05664,CUST0137,P1820,4,Works as expected.,2024-08-11,Positive
R05665,CUST0744,P0509,5,Good value for money.,2022-12-01,Positive
R05666,CUST0521,P1687,5,"Excellent product, highly recommended!",2025-02-18,Positive
R05667,CUST0733,P1688,4,Works as expected.,2025-08-07,Positive
R05668,CUST3635,P0731,5,"Excellent product, highly recommended!",2024-12-27,Positive
R05669,CUST1852,P1091,5,Quality is great for the price.,2024-01-06,Positive
R05670,CUST1868,P1558,5,Works as expected.,2025-05-03,Positive
R05671,CUST3930,P0172,4,Works as expected.,2020-06-16,Positive
R05672,CUST3821,P0569,3,Decent product for the price.,2024-03-31,Neutral
R05673,CUST4345,P1201,5,Good value for money.,2024-08-15,Positive
R05674,CUST0526,P0306,2,Not worth the money.,2025-09-23,Negative
R05675,CUST0817,P0003,5,Quality is great for the price.,2023-03-18,Positive
R05676,CUST4732,P0490,5,Works as expected.,2025-04-13,Positive
R05677,CUST4609,P1402,2,Poor customer service experience.,2025-08-03,Negative
R05678,CUST0398,P0669,5,Quality is great for the price.,2021-06-22,Positive
R05679,CUST0915,P0006,3,"Average quality, meets expectations.",2024-05-28,Neutral
R05680,CUST1327,P0040,2,Not worth the money.,2025-09-04,Negative
R05681,CUST2581,P0247,5,Quality is great for the price.,2025-09-21,Positive
R05682,CUST4992,P0342,2,Stopped working after a week.,2024-11-02,Negative
R05683,CUST0279,P1498,5,Very satisfied with the purchase.,2024-09-28,Positive
R05684,CUST3978,P1504,4,Works as expected.,2024-10-11,Positive
R05685,CUST2849,P0517,5,Very satisfied with the purchase.,2025-03-31,Positive
R05686,CUST3540,P0454,4,Works as expected.,2021-08-18,Positive
R05687,CUST0942,P1431,3,"Product is okay, nothing special.",2025-02-12,Neutral
R05688,CUST4785,P0098,4,Works as expected.,2025-01-27,Positive
R05689,CUST3400,P1872,4,Quality is great for the price.,2025-08-25,Positive
R05690,CUST2304,P1460,4,"Excellent product, highly recommended!",2020-12-23,Positive
R05691,CUST4575,P1953,4,Very satisfied with the purchase.,2024-01-18,Positive
R05692,CUST4000,P1262,5,"Excellent product, highly recommended!",2024-07-17,Positive
R05693,CUST2641,P1295,4,Good value for money.,2022-08-31,Positive
R05694,CUST4311,P1926,4,Quality is great for the price.,2025-05-23,Positive
R05695,CUST2252,P1450,5,Good value for money.,2025-10-20,Positive
R05696,CUST0327,P1595,5,Very satisfied with the purchase.,2025-07-31,Positive
R05697,CUST2387,P1130,5,Quality is great for the price.,2025-08-04,Positive
R05698,CUST2951,P1170,5,Works as expected.,2025-05-20,Positive
R05699,CUST2075,P1938,5,Works as expected.,2025-08-03,Positive
R05700,CUST3424,P1323,5,Good value for money.,2025-10-01,Positive
R05701,CUST1506,P1722,4,Works as expected.,2024-05-07,Positive
R05702,CUST0542,P0228,2,Stopped working after a week.,2024-07-26,Negative
R05703,CUST4504,P0089,4,Very satisfied with the purchase.,2025-07-07,Positive
R05704,CUST4735,P0027,1,Not worth the money.,2025-11-01,Negative
R05705,CUST1796,P1687,3,It's fine but could be better.,2025-03-25,Neutral
R05706,CUST0204,P0897,4,Quality is great for the price.,2023-10-12,Positive
R05707,CUST3127,P0069,5,Quality is great for the price.,2022-11-04,Positive
R05708,CUST4256,P1776,4,Very satisfied with the purchase.,2022-08-06,Positive
R05709,CUST3117,P0475,4,"Excellent product, highly recommended!",2025-08-31,Positive
R05710,CUST3911,P0968,5,Very satisfied with the purchase.,2025-10-30,Positive
R05711,CUST0831,P0630,5,Works as expected.,2025-04-14,Positive
R05712,CUST2550,P1454,5,Good value for money.,2025-09-03,Positive
R05713,CUST0370,P1248,5,Good value for money.,2022-12-30,Positive
R05714,CUST1594,P1663,4,Good value for money.,2025-05-30,Positive
R05715,CUST0506,P1756,5,"Excellent product, highly recommended!",2025-04-01,Positive
R05716,CUST1874,P1932,1,Not worth the money.,2025-01-30,Negative
R05717,CUST3300,P0294,3,"Average quality, meets expectations.",2025-11-01,Neutral
R05718,CUST0601,P0538,5,Very satisfied with the purchase.,2024-12-15,Positive
R05719,CUST2044,P0226,2,Poor customer service experience.,2022-08-17,Negative
R05720,CUST2371,P0395,5,Quality is great for the price.,2024-10-13,Positive
R05721,CUST3225,P0889,5,Works as expected.,2024-04-13,Positive
R05722,CUST4624,P0473,5,Works as expected.,2025-03-08,Positive
R05723,CUST2122,P0485,5,Very satisfied with the purchase.,2023-01-19,Positive
R05724,CUST0102,P0745,3,It's fine but could be better.,2025-10-17,Neutral
R05725,CUST3558,P1947,5,Good value for money.,2024-10-31,Positive
R05726,CUST4488,P1565,4,Quality is great for the price.,2025-04-29,Positive
R05727,CUST4661,P0231,5,Works as expected.,2025-06-24,Positive
R05728,CUST1342,P0167,5,Very satisfied with the purchase.,2023-06-22,Positive
R05729,CUST3972,P0431,4,"Excellent product, highly recommended!",2025-09-09,Positive
R05730,CUST1246,P1118,3,"Average quality, meets expectations.",2025-02-08,Neutral
R05731,CUST0461,P1007,5,Very satisfied with the purchase.,2025-04-16,Positive
R05732,CUST1483,P0293,3,"Average quality, meets expectations.",2024-11-24,Neutral
R05733,CUST4057,P0844,5,Good value for money.,2025-10-02,Positive
R05734,CUST4144,P1540,5,Very satisfied with the purchase.,2025-03-03,Positive
R05735,CUST4168,P0629,1,Disappointed with the build quality.,2025-10-31,Negative
R05736,CUST0443,P0724,3,Decent product for the price.,2025-09-08,Neutral
R05737,CUST2874,P0634,3,Decent product for the price.,2024-10-13,Neutral
R05738,CUST1343,P0492,3,"Product is okay, nothing special.",2025-03-26,Neutral
R05739,CUST0692,P1608,5,Very satisfied with the purchase.,2023-12-14,Positive
R05740,CUST4279,P0318,3,It's fine but could be better.,2022-02-15,Neutral
R05741,CUST0486,P0283,5,Works as expected.,2025-06-20,Positive
R05742,CUST1821,P1952,2,Disappointed with the build quality.,2022-03-04,Negative
R05743,CUST3409,P1128,3,"Product is okay, nothing special.",2025-07-06,Neutral
R05744,CUST4985,P1343,5,Very satisfied with the purchase.,2025-09-09,Positive
R05745,CUST2796,P1946,4,Very satisfied with the purchase.,2024-11-20,Positive
R05746,CUST4804,P0104,5,Good value for money.,2025-04-29,Positive
R05747,CUST0042,P1060,3,"Average quality, meets expectations.",2025-07-31,Neutral
R05748,CUST4016,P1336,4,Works as expected.,2025-05-08,Positive
R05749,CUST2796,P1318,4,"Excellent product, highly recommended!",2024-08-22,Positive
R05750,CUST0081,P0211,1,Not worth the money.,2024-09-08,Negative
R05751,CUST0894,P1442,4,Quality is great for the price.,2024-07-08,Positive
R05752,CUST3447,P0983,2,Poor customer service experience.,2025-05-30,Negative
R05753,CUST1684,P1410,5,Very satisfied with the purchase.,2025-08-23,Positive
R05754,CUST4373,P1561,5,Very satisfied with the purchase.,2025-08-27,Positive
R05755,CUST4788,P1266,5,Good value for money.,2025-08-23,Positive
R05756,CUST1192,P0806,4,Very satisfied with the purchase.,2024-12-25,Positive
R05757,CUST1907,P1215,3,It's fine but could be better.,2025-08-10,Neutral
R05758,CUST4478,P1946,5,Quality is great for the price.,2024-08-05,Positive
R05759,CUST2492,P0418,4,Good value for money.,2025-04-01,Positive
R05760,CUST3198,P1779,5,Works as expected.,2024-03-15,Positive
R05761,CUST4395,P0592,5,Good value for money.,2024-03-11,Positive
R05762,CUST4123,P0758,5,Works as expected.,2025-01-20,Positive
R05763,CUST4762,P0406,5,Works as expected.,2025-07-10,Positive
R05764,CUST3292,P0725,4,Works as expected.,2025-07-29,Positive
R05765,CUST1846,P1737,4,Quality is great for the price.,2025-10-31,Positive
R05766,CUST2697,P0019,5,Good value for money.,2025-09-04,Positive
R05767,CUST2479,P0096,4,"Excellent product, highly recommended!",2025-10-07,Positive
R05768,CUST3119,P1494,2,Stopped working after a week.,2024-12-28,Negative
R05769,CUST1154,P1181,3,It's fine but could be better.,2023-10-31,Neutral
R05770,CUST2302,P0871,2,Poor customer service experience.,2023-04-17,Negative
R05771,CUST1587,P0550,5,Good value for money.,2025-10-02,Positive
R05772,CUST2049,P1773,5,Quality is great for the price.,2022-08-05,Positive
R05773,CUST2185,P0419,4,"Excellent product, highly recommended!",2025-04-24,Positive
R05774,CUST0929,P1216,4,"Excellent product, highly recommended!",2023-07-08,Positive
R05775,CUST0593,P0758,2,Disappointed with the build quality.,2025-07-19,Negative
R05776,CUST2800,P0926,5,Works as expected.,2024-07-06,Positive
R05777,CUST4424,P0525,5,Works as expected.,2024-12-05,Positive
R05778,CUST0691,P0031,2,Poor customer service experience.,2025-04-06,Negative
R05779,CUST3891,P0120,4,"Excellent product, highly recommended!",2025-04-08,Positive
R05780,CUST1246,P1037,4,Works as expected.,2024-02-13,Positive
R05781,CUST3877,P1383,3,It's fine but could be better.,2025-08-16,Neutral
R05782,CUST3252,P1161,4,Quality is great for the price.,2024-07-16,Positive
R05783,CUST1961,P0013,5,Good value for money.,2025-09-05,Positive
R05784,CUST4362,P0953,5,Very satisfied with the purchase.,2025-09-12,Positive
R05785,CUST3468,P0288,5,Good value for money.,2025-10-24,Positive
R05786,CUST2963,P0370,2,Not worth the money.,2024-10-16,Negative
R05787,CUST1394,P1328,4,Quality is great for the price.,2025-06-22,Positive
R05788,CUST3221,P0744,5,Good value for money.,2025-08-13,Positive
R05789,CUST4936,P1383,3,"Product is okay, nothing special.",2024-05-18,Neutral
R05790,CUST3618,P0067,5,"Excellent product, highly recommended!",2023-12-16,Positive
R05791,CUST3099,P0638,4,Quality is great for the price.,2023-03-04,Positive
R05792,CUST0164,P0053,5,Good value for money.,2025-06-24,Positive
R05793,CUST4777,P0814,4,Quality is great for the price.,2021-09-26,Positive
R05794,CUST1239,P0159,4,Very satisfied with the purchase.,2024-11-01,Positive
R05795,CUST3063,P0644,4,"Excellent product, highly recommended!",2024-01-10,Positive
R05796,CUST4876,P1146,4,Quality is great for the price.,2023-01-03,Positive
R05797,CUST0529,P1144,4,"Excellent product, highly recommended!",2021-12-23,Positive
R05798,CUST0293,P1130,4,Good value for money.,2025-07-15,Positive
R05799,CUST3539,P0395,3,"Average quality, meets expectations.",2024-04-01,Neutral
R05800,CUST3188,P0190,5,Quality is great for the price.,2025-09-29,Positive
R05801,CUST0478,P0739,5,Works as expected.,2025-09-12,Positive
R05802,CUST2401,P0130,4,Quality is great for the price.,2023-07-12,Positive
R05803,CUST0571,P0679,5,Good value for money.,2024-12-16,Positive
R05804,CUST2177,P1032,4,Works as expected.,2025-05-07,Positive
R05805,CUST1711,P1590,3,It's fine but could be better.,2024-04-17,Neutral
R05806,CUST0056,P0770,5,"Excellent product, highly recommended!",2025-01-28,Positive
R05807,CUST2991,P0325,4,"Excellent product, highly recommended!",2025-06-23,Positive
R05808,CUST1097,P0566,2,Poor customer service experience.,2024-12-22,Negative
R05809,CUST3526,P0536,3,"Product is okay, nothing special.",2024-07-29,Neutral
R05810,CUST2658,P0929,3,It's fine but could be better.,2024-11-01,Neutral
R05811,CUST4035,P1075,3,"Product is okay, nothing special.",2025-07-17,Neutral
R05812,CUST1377,P1335,5,Very satisfied with the purchase.,2024-12-24,Positive
R05813,CUST4662,P1466,5,Very satisfied with the purchase.,2021-07-21,Positive
R05814,CUST4322,P1683,4,Good value for money.,2025-04-19,Positive
R05815,CUST3132,P1233,4,Works as expected.,2025-09-19,Positive
R05816,CUST2015,P1978,5,Very satisfied with the purchase.,2025-05-20,Positive
R05817,CUST3067,P0180,4,Works as expected.,2024-11-24,Positive
R05818,CUST1445,P1572,2,Disappointed with the build quality.,2022-01-06,Negative
R05819,CUST1751,P0318,5,Works as expected.,2021-09-10,Positive
R05820,CUST2188,P0351,4,Works as expected.,2025-07-16,Positive
R05821,CUST4598,P1479,5,Quality is great for the price.,2022-12-20,Positive
R05822,CUST0471,P0645,5,Good value for money.,2020-02-07,Positive
R05823,CUST0304,P1055,4,Very satisfied with the purchase.,2024-08-07,Positive
R05824,CUST3381,P0853,4,Works as expected.,2023-05-06,Positive
R05825,CUST1341,P0857,4,Good value for money.,2023-01-10,Positive
R05826,CUST4266,P0144,5,Quality is great for the price.,2024-01-02,Positive
R05827,CUST0110,P1843,5,"Excellent product, highly recommended!",2025-09-25,Positive
R05828,CUST1050,P1519,4,Works as expected.,2025-07-22,Positive
R05829,CUST1137,P1923,4,Good value for money.,2022-02-03,Positive
R05830,CUST4967,P0223,3,"Average quality, meets expectations.",2025-09-02,Neutral
R05831,CUST1978,P0875,4,Very satisfied with the purchase.,2022-06-16,Positive
R05832,CUST1187,P1263,5,Good value for money.,2025-06-02,Positive
R05833,CUST0196,P0677,5,Works as expected.,2022-07-15,Positive
R05834,CUST3564,P1958,5,Quality is great for the price.,2021-07-22,Positive
R05835,CUST3172,P1537,3,It's fine but could be better.,2024-08-28,Neutral
R05836,CUST3658,P0175,4,"Excellent product, highly recommended!",2024-10-16,Positive
R05837,CUST2961,P0139,1,Not worth the money.,2025-10-21,Negative
R05838,CUST2541,P0806,5,Good value for money.,2024-05-29,Positive
R05839,CUST1342,P1911,3,"Product is okay, nothing special.",2023-08-11,Neutral
R05840,CUST1807,P0525,4,"Excellent product, highly recommended!",2025-01-21,Positive
R05841,CUST4231,P0886,2,Poor customer service experience.,2025-08-18,Negative
R05842,CUST4440,P1311,5,Good value for money.,2025-07-13,Positive
R05843,CUST3380,P1786,5,Quality is great for the price.,2025-10-14,Positive
R05844,CUST2670,P0014,4,Works as expected.,2025-11-12,Positive
R05845,CUST4864,P1541,4,Quality is great for the price.,2025-04-15,Positive
R05846,CUST3314,P0241,5,Good value for money.,2025-10-07,Positive
R05847,CUST3140,P1681,5,Very satisfied with the purchase.,2024-10-02,Positive
R05848,CUST3460,P0413,3,Decent product for the price.,2025-04-28,Neutral
R05849,CUST0380,P1379,3,"Product is okay, nothing special.",2024-04-16,Neutral
R05850,CUST4940,P1441,1,Disappointed with the build quality.,2024-08-18,Negative
R05851,CUST0368,P0945,5,Quality is great for the price.,2021-12-16,Positive
R05852,CUST0769,P0827,3,Decent product for the price.,2024-08-20,Neutral
R05853,CUST2898,P0833,4,Quality is great for the price.,2025-05-08,Positive
R05854,CUST3597,P0595,4,Very satisfied with the purchase.,2024-10-30,Positive
R05855,CUST2257,P1843,5,"Excellent product, highly recommended!",2025-11-04,Positive
R05856,CUST0337,P0759,5,"Excellent product, highly recommended!",2025-06-06,Positive
R05857,CUST2880,P1367,5,Good value for money.,2023-01-01,Positive
R05858,CUST2593,P1795,5,Quality is great for the price.,2025-02-07,Positive
R05859,CUST4526,P0841,4,"Excellent product, highly recommended!",2025-06-19,Positive
R05860,CUST4719,P0942,5,Very satisfied with the purchase.,2025-11-09,Positive
R05861,CUST3170,P1609,4,"Excellent product, highly recommended!",2024-12-20,Positive
R05862,CUST4197,P0479,5,"Excellent product, highly recommended!",2023-03-29,Positive
R05863,CUST2649,P0673,2,Poor customer service experience.,2022-04-24,Negative
R05864,CUST4036,P0189,5,"Excellent product, highly recommended!",2023-08-13,Positive
R05865,CUST1944,P0810,3,"Average quality, meets expectations.",2023-01-28,Neutral
R05866,CUST4618,P1795,4,"Excellent product, highly recommended!",2025-03-02,Positive
R05867,CUST1121,P1327,5,Works as expected.,2025-09-17,Positive
R05868,CUST4049,P0279,2,Not worth the money.,2023-02-09,Negative
R05869,CUST1143,P0336,4,Works as expected.,2025-04-20,Positive
R05870,CUST4721,P1070,5,Very satisfied with the purchase.,2024-03-23,Positive
R05871,CUST2369,P0470,4,Quality is great for the price.,2021-01-26,Positive
R05872,CUST4026,P1873,4,"Excellent product, highly recommended!",2022-10-01,Positive
R05873,CUST0199,P0648,2,Poor customer service experience.,2025-09-21,Negative
R05874,CUST4412,P1076,2,Poor customer service experience.,2022-03-14,Negative
R05875,CUST4561,P0533,4,Very satisfied with the purchase.,2023-01-25,Positive
R05876,CUST0026,P1686,4,Quality is great for the price.,2024-08-13,Positive
R05877,CUST2015,P1923,5,Good value for money.,2025-06-24,Positive
R05878,CUST2194,P1254,4,Works as expected.,2023-10-14,Positive
R05879,CUST0858,P1305,5,Very satisfied with the purchase.,2025-10-10,Positive
R05880,CUST0183,P1579,3,Decent product for the price.,2023-12-28,Neutral
R05881,CUST4246,P1037,4,Quality is great for the price.,2025-10-05,Positive
R05882,CUST1268,P1161,2,Disappointed with the build quality.,2025-09-21,Negative
R05883,CUST2662,P0137,2,Not worth the money.,2025-08-14,Negative
R05884,CUST2709,P1111,4,"Excellent product, highly recommended!",2021-04-20,Positive
R05885,CUST0867,P1699,3,"Product is okay, nothing special.",2023-04-27,Neutral
R05886,CUST3723,P0762,5,Works as expected.,2024-11-08,Positive
R05887,CUST1969,P0015,5,Works as expected.,2023-10-27,Positive
R05888,CUST3005,P1537,5,"Excellent product, highly recommended!",2025-06-09,Positive
R05889,CUST3982,P1283,5,"Excellent product, highly recommended!",2024-11-11,Positive
R05890,CUST2120,P1737,3,It's fine but could be better.,2025-10-16,Neutral
R05891,CUST4322,P0558,5,Works as expected.,2024-07-13,Positive
R05892,CUST3439,P0315,5,Good value for money.,2024-05-01,Positive
R05893,CUST0227,P1520,5,Very satisfied with the purchase.,2024-09-28,Positive
R05894,CUST0377,P0142,4,Works as expected.,2023-06-26,Positive
R05895,CUST3870,P1506,4,Quality is great for the price.,2024-01-15,Positive
R05896,CUST0010,P0494,4,Works as expected.,2025-08-08,Positive
R05897,CUST4819,P1777,5,Works as expected.,2024-07-29,Positive
R05898,CUST0016,P0322,4,Works as expected.,2025-05-28,Positive
R05899,CUST2525,P0860,4,Works as expected.,2024-09-26,Positive
R05900,CUST4295,P1983,5,Good value for money.,2025-09-22,Positive
R05901,CUST2097,P0455,5,Good value for money.,2025-04-29,Positive
R05902,CUST4236,P0413,4,Quality is great for the price.,2024-11-26,Positive
R05903,CUST2301,P1847,1,Not worth the money.,2024-12-06,Negative
R05904,CUST0503,P0629,4,"Excellent product, highly recommended!",2025-10-31,Positive
R05905,CUST1599,P0834,4,Quality is great for the price.,2021-03-21,Positive
R05906,CUST1218,P1285,5,Good value for money.,2025-08-12,Positive
R05907,CUST0107,P1552,4,Good value for money.,2024-10-07,Positive
R05908,CUST1911,P1820,1,Stopped working after a week.,2025-05-17,Negative
R05909,CUST0505,P1021,1,Poor customer service experience.,2021-04-28,Negative
R05910,CUST4612,P0568,4,Very satisfied with the purchase.,2025-07-03,Positive
R05911,CUST3245,P1708,5,"Excellent product, highly recommended!",2023-10-28,Positive
R05912,CUST4129,P0644,5,"Excellent product, highly recommended!",2025-06-24,Positive
R05913,CUST0244,P0622,2,Poor customer service experience.,2025-08-08,Negative
R05914,CUST2892,P1270,4,Quality is great for the price.,2024-01-20,Positive
R05915,CUST2046,P0068,5,Good value for money.,2024-03-21,Positive
R05916,CUST4206,P1486,2,Not worth the money.,2025-02-06,Negative
R05917,CUST1322,P1658,3,"Average quality, meets expectations.",2025-06-07,Neutral
R05918,CUST4463,P1288,5,Works as expected.,2022-11-25,Positive
R05919,CUST4109,P1901,3,"Average quality, meets expectations.",2025-07-25,Neutral
R05920,CUST0769,P0306,4,Works as expected.,2025-04-02,Positive
R05921,CUST3954,P0945,5,Quality is great for the price.,2025-06-14,Positive
R05922,CUST3599,P1729,5,"Excellent product, highly recommended!",2021-07-09,Positive
R05923,CUST1925,P0842,5,Quality is great for the price.,2025-04-02,Positive
R05924,CUST2271,P1046,1,Stopped working after a week.,2025-10-18,Negative
R05925,CUST4386,P0956,4,Good value for money.,2024-12-28,Positive
R05926,CUST1160,P1606,4,Good value for money.,2020-02-09,Positive
R05927,CUST2354,P0465,3,Decent product for the price.,2025-10-17,Neutral
R05928,CUST4929,P0178,5,Quality is great for the price.,2024-12-26,Positive
R05929,CUST4522,P1733,5,Quality is great for the price.,2023-09-13,Positive
R05930,CUST4255,P1051,5,Good value for money.,2025-05-06,Positive
R05931,CUST2543,P1619,5,Good value for money.,2025-10-19,Positive
R05932,CUST2589,P0500,5,Quality is great for the price.,2025-05-05,Positive
R05933,CUST4284,P1051,1,Stopped working after a week.,2023-10-04,Negative
R05934,CUST4318,P1475,3,"Average quality, meets expectations.",2025-11-02,Neutral
R05935,CUST3130,P0199,5,Works as expected.,2025-07-05,Positive
R05936,CUST4916,P1899,4,Good value for money.,2025-02-11,Positive
R05937,CUST3411,P0497,5,Good value for money.,2025-02-26,Positive
R05938,CUST3390,P0398,5,Works as expected.,2025-03-11,Positive
R05939,CUST2804,P0225,1,Not worth the money.,2022-04-11,Negative
R05940,CUST4982,P0670,5,Very satisfied with the purchase.,2025-08-07,Positive
R05941,CUST4136,P1204,3,It's fine but could be better.,2025-04-26,Neutral
R05942,CUST3941,P1805,5,"Excellent product, highly recommended!",2020-05-22,Positive
R05943,CUST2912,P1307,4,Works as expected.,2025-10-07,Positive
R05944,CUST1320,P0942,4,Very satisfied with the purchase.,2024-11-18,Positive
R05945,CUST1016,P1235,2,Not worth the money.,2023-09-17,Negative
R05946,CUST2632,P1224,5,Works as expected.,2024-11-09,Positive
R05947,CUST0478,P0739,5,Works as expected.,2025-03-10,Positive
R05948,CUST1940,P1866,1,Not worth the money.,2025-09-07,Negative
R05949,CUST3652,P1640,4,Quality is great for the price.,2024-01-27,Positive
R05950,CUST2236,P0477,4,Good value for money.,2025-08-04,Positive
R05951,CUST1155,P0265,4,Works as expected.,2025-02-18,Positive
R05952,CUST4479,P1417,5,Quality is great for the price.,2025-09-08,Positive
R05953,CUST4581,P1644,3,"Product is okay, nothing special.",2025-10-19,Neutral
R05954,CUST1438,P0403,3,It's fine but could be better.,2023-07-07,Neutral
R05955,CUST4629,P0355,5,"Excellent product, highly recommended!",2023-02-21,Positive
R05956,CUST4728,P0133,4,"Excellent product, highly recommended!",2025-09-17,Positive
R05957,CUST4516,P1502,5,Quality is great for the price.,2025-09-26,Positive
R05958,CUST2176,P0544,5,"Excellent product, highly recommended!",2022-11-30,Positive
R05959,CUST0508,P0568,3,It's fine but could be better.,2025-10-05,Neutral
R05960,CUST4369,P0122,3,Decent product for the price.,2023-10-15,Neutral
R05961,CUST0905,P0799,3,"Average quality, meets expectations.",2022-01-26,Neutral
R05962,CUST2363,P0430,4,Very satisfied with the purchase.,2025-03-18,Positive
R05963,CUST4142,P0283,5,Very satisfied with the purchase.,2025-01-20,Positive
R05964,CUST3835,P0271,5,"Excellent product, highly recommended!",2025-05-22,Positive
R05965,CUST0914,P1878,4,Works as expected.,2025-07-19,Positive
R05966,CUST2889,P1605,5,Very satisfied with the purchase.,2025-05-08,Positive
R05967,CUST0675,P1409,5,Works as expected.,2024-08-26,Positive
R05968,CUST4983,P0527,5,Good value for money.,2024-07-20,Positive
R05969,CUST3442,P1437,5,"Excellent product, highly recommended!",2024-12-11,Positive
R05970,CUST4028,P1185,1,Stopped working after a week.,2024-09-27,Negative
R05971,CUST3069,P0709,2,Disappointed with the build quality.,2023-12-03,Negative
R05972,CUST3178,P1325,5,Works as expected.,2023-12-14,Positive
R05973,CUST0742,P0697,4,Quality is great for the price.,2025-09-03,Positive
R05974,CUST3055,P1377,5,Very satisfied with the purchase.,2021-06-22,Positive
R05975,CUST1426,P1596,5,Quality is great for the price.,2025-04-05,Positive
R05976,CUST3698,P0536,3,Decent product for the price.,2025-01-26,Neutral
R05977,CUST0310,P0093,4,Quality is great for the price.,2022-04-10,Positive
R05978,CUST2833,P1189,2,Disappointed with the build quality.,2025-01-31,Negative
R05979,CUST4825,P1077,5,Works as expected.,2025-11-02,Positive
R05980,CUST1341,P0634,2,Not worth the money.,2024-07-11,Negative
R05981,CUST3282,P1900,3,It's fine but could be better.,2025-11-03,Neutral
R05982,CUST1006,P0092,2,Poor customer service experience.,2025-01-20,Negative
R05983,CUST4798,P0528,5,"Excellent product, highly recommended!",2024-03-27,Positive
R05984,CUST4919,P0634,5,Good value for money.,2024-07-23,Positive
R05985,CUST4879,P1544,5,Good value for money.,2024-12-11,Positive
R05986,CUST2948,P1491,4,Very satisfied with the purchase.,2025-10-31,Positive
R05987,CUST1224,P0464,5,Quality is great for the price.,2025-11-10,Positive
R05988,CUST4465,P1403,3,"Average quality, meets expectations.",2025-06-20,Neutral
R05989,CUST1228,P0327,4,Very satisfied with the purchase.,2025-11-10,Positive
R05990,CUST2377,P1488,5,"Excellent product, highly recommended!",2024-07-24,Positive
R05991,CUST2447,P0987,5,Very satisfied with the purchase.,2022-05-07,Positive
R05992,CUST3558,P1018,5,Very satisfied with the purchase.,2025-10-11,Positive
R05993,CUST1853,P1326,5,Very satisfied with the purchase.,2025-01-31,Positive
R05994,CUST4043,P1593,4,Works as expected.,2025-05-27,Positive
R05995,CUST1104,P1370,5,Good value for money.,2024-03-30,Positive
R05996,CUST2183,P0993,4,Good value for money.,2024-04-28,Positive
R05997,CUST2791,P0299,4,Good value for money.,2024-12-06,Positive
R05998,CUST3759,P1941,5,Works as expected.,2023-04-17,Positive
R05999,CUST0736,P0543,2,Poor customer service experience.,2024-05-27,Negative
R06000,CUST4729,P1253,4,"Excellent product, highly recommended!",2025-11-01,Positive
R06001,CUST1179,P1010,4,"Excellent product, highly recommended!",2025-03-05,Positive
R06002,CUST0578,P0033,3,"Product is okay, nothing special.",2023-12-01,Neutral
R06003,CUST2420,P1800,4,"Excellent product, highly recommended!",2024-09-05,Positive
R06004,CUST4918,P1146,4,Good value for money.,2024-05-02,Positive
R06005,CUST2649,P0188,5,Very satisfied with the purchase.,2024-11-20,Positive
R06006,CUST4882,P1012,3,It's fine but could be better.,2025-10-11,Neutral
R06007,CUST1310,P1981,4,Quality is great for the price.,2023-10-13,Positive
R06008,CUST1522,P1661,5,Good value for money.,2023-03-07,Positive
R06009,CUST4890,P1544,4,"Excellent product, highly recommended!",2024-11-22,Positive
R06010,CUST0984,P1269,3,It's fine but could be better.,2025-10-31,Neutral
R06011,CUST4984,P1712,4,Very satisfied with the purchase.,2023-02-22,Positive
R06012,CUST3635,P1766,4,Works as expected.,2025-02-02,Positive
R06013,CUST3407,P0609,4,Good value for money.,2025-02-14,Positive
R06014,CUST2812,P0269,5,Good value for money.,2024-10-02,Positive
R06015,CUST3051,P1744,4,Very satisfied with the purchase.,2024-04-10,Positive
R06016,CUST0644,P0274,5,"Excellent product, highly recommended!",2025-05-21,Positive
R06017,CUST1277,P1353,5,Very satisfied with the purchase.,2025-09-24,Positive
R06018,CUST4660,P1038,5,Good value for money.,2022-08-22,Positive
R06019,CUST4606,P0291,3,"Average quality, meets expectations.",2025-10-26,Neutral
R06020,CUST3071,P0106,5,Very satisfied with the purchase.,2024-08-24,Positive
R06021,CUST4325,P0794,5,Good value for money.,2024-01-26,Positive
R06022,CUST1325,P1276,3,Decent product for the price.,2023-11-09,Neutral
R06023,CUST3138,P0386,5,Works as expected.,2025-11-05,Positive
R06024,CUST1096,P0793,4,"Excellent product, highly recommended!",2025-10-09,Positive
R06025,CUST4940,P0840,5,Good value for money.,2021-04-18,Positive
R06026,CUST4467,P0302,3,It's fine but could be better.,2022-05-19,Neutral
R06027,CUST4496,P1350,4,Very satisfied with the purchase.,2025-09-19,Positive
R06028,CUST4520,P0540,5,"Excellent product, highly recommended!",2025-04-23,Positive
R06029,CUST1236,P1528,5,Good value for money.,2025-06-21,Positive
R06030,CUST2675,P0833,5,Works as expected.,2025-01-19,Positive
R06031,CUST1651,P1988,5,"Excellent product, highly recommended!",2025-10-31,Positive
R06032,CUST3153,P0922,2,Disappointed with the build quality.,2025-02-07,Negative
R06033,CUST1924,P0835,2,Disappointed with the build quality.,2025-10-12,Negative
R06034,CUST4499,P0208,5,Good value for money.,2024-11-02,Positive
R06035,CUST3332,P0995,4,Quality is great for the price.,2025-02-21,Positive
R06036,CUST1440,P1611,5,Works as expected.,2025-05-03,Positive
R06037,CUST1028,P1440,5,Quality is great for the price.,2025-08-21,Positive
R06038,CUST1084,P0691,5,Works as expected.,2024-09-28,Positive
R06039,CUST0680,P1580,5,Works as expected.,2025-05-02,Positive
R06040,CUST4960,P1524,4,"Excellent product, highly recommended!",2024-11-14,Positive
R06041,CUST1895,P0716,5,Works as expected.,2025-07-16,Positive
R06042,CUST0827,P1756,5,Very satisfied with the purchase.,2024-10-04,Positive
R06043,CUST0012,P0229,5,Very satisfied with the purchase.,2023-02-28,Positive
R06044,CUST2001,P0302,4,"Excellent product, highly recommended!",2025-09-28,Positive
R06045,CUST4730,P0869,5,Very satisfied with the purchase.,2023-08-06,Positive
R06046,CUST2009,P0609,5,"Excellent product, highly recommended!",2025-03-09,Positive
R06047,CUST3842,P1299,5,Quality is great for the price.,2025-10-02,Positive
R06048,CUST3692,P1791,5,"Excellent product, highly recommended!",2025-08-05,Positive
R06049,CUST2133,P1921,4,Quality is great for the price.,2022-06-17,Positive
R06050,CUST3731,P0706,5,Quality is great for the price.,2023-11-14,Positive
R06051,CUST3040,P0929,5,Good value for money.,2025-10-01,Positive
R06052,CUST1197,P0015,2,Stopped working after a week.,2024-11-14,Negative
R06053,CUST2834,P1205,5,Works as expected.,2025-07-03,Positive
R06054,CUST2282,P1249,4,Very satisfied with the purchase.,2025-09-09,Positive
R06055,CUST0240,P0484,1,Poor customer service experience.,2025-06-30,Negative
R06056,CUST0783,P1553,1,Not worth the money.,2024-10-18,Negative
R06057,CUST2430,P0277,5,Quality is great for the price.,2025-11-11,Positive
R06058,CUST0426,P1667,5,Quality is great for the price.,2025-08-23,Positive
R06059,CUST1188,P1508,5,Good value for money.,2024-08-18,Positive
R06060,CUST0258,P0948,4,Quality is great for the price.,2020-12-07,Positive
R06061,CUST0532,P1507,1,Disappointed with the build quality.,2023-03-28,Negative
R06062,CUST0928,P0574,5,Works as expected.,2025-09-06,Positive
R06063,CUST3035,P0199,4,Good value for money.,2024-06-26,Positive
R06064,CUST4111,P0238,5,Very satisfied with the purchase.,2025-02-25,Positive
R06065,CUST1502,P1417,3,"Average quality, meets expectations.",2025-09-17,Neutral
R06066,CUST0580,P0634,4,"Excellent product, highly recommended!",2025-02-15,Positive
R06067,CUST0898,P1838,3,Decent product for the price.,2025-04-10,Neutral
R06068,CUST0581,P1387,5,Very satisfied with the purchase.,2022-03-19,Positive
R06069,CUST0445,P1390,4,Works as expected.,2024-02-24,Positive
R06070,CUST1306,P0732,5,Very satisfied with the purchase.,2025-03-05,Positive
R06071,CUST4352,P1591,3,Decent product for the price.,2024-07-11,Neutral
R06072,CUST0706,P1129,5,Works as expected.,2025-10-15,Positive
R06073,CUST2401,P0185,5,Good value for money.,2025-01-19,Positive
R06074,CUST4152,P0538,4,Good value for money.,2025-05-26,Positive
R06075,CUST2328,P1242,5,Good value for money.,2023-12-08,Positive
R06076,CUST1136,P1677,3,Decent product for the price.,2024-08-16,Neutral
R06077,CUST0197,P0067,4,"Excellent product, highly recommended!",2025-10-07,Positive
R06078,CUST4313,P0352,4,Very satisfied with the purchase.,2023-10-18,Positive
R06079,CUST1969,P1442,5,Quality is great for the price.,2025-06-07,Positive
R06080,CUST2436,P0288,5,Good value for money.,2025-07-20,Positive
R06081,CUST4615,P1630,4,Good value for money.,2025-11-01,Positive
R06082,CUST4954,P1549,3,Decent product for the price.,2025-08-04,Neutral
R06083,CUST4318,P0730,5,Works as expected.,2025-06-12,Positive
R06084,CUST2506,P1828,3,"Average quality, meets expectations.",2025-09-01,Neutral
R06085,CUST1836,P0727,4,"Excellent product, highly recommended!",2023-04-17,Positive
R06086,CUST2842,P1819,5,Good value for money.,2025-03-12,Positive
R06087,CUST2748,P0735,2,Poor customer service experience.,2025-05-14,Negative
R06088,CUST0711,P1838,5,Good value for money.,2025-02-26,Positive
R06089,CUST0857,P1513,5,"Excellent product, highly recommended!",2024-02-23,Positive
R06090,CUST2944,P0983,5,Very satisfied with the purchase.,2022-03-04,Positive
R06091,CUST1137,P0345,5,Very satisfied with the purchase.,2021-11-14,Positive
R06092,CUST0961,P0091,4,Quality is great for the price.,2025-05-26,Positive
R06093,CUST3319,P1628,5,Works as expected.,2024-05-04,Positive
R06094,CUST4773,P0461,3,"Average quality, meets expectations.",2022-12-29,Neutral
R06095,CUST1011,P0537,5,Quality is great for the price.,2025-11-10,Positive
R06096,CUST2256,P1603,5,Quality is great for the price.,2025-05-26,Positive
R06097,CUST3380,P1636,5,Works as expected.,2025-10-21,Positive
R06098,CUST0138,P1980,4,Quality is great for the price.,2024-11-29,Positive
R06099,CUST4337,P0002,3,Decent product for the price.,2025-08-10,Neutral
R06100,CUST3182,P1419,4,Good value for money.,2023-11-25,Positive
R06101,CUST3929,P1577,2,Disappointed with the build quality.,2025-09-16,Negative
R06102,CUST0333,P0904,1,Disappointed with the build quality.,2022-09-11,Negative
R06103,CUST2764,P0321,5,Works as expected.,2025-08-27,Positive
R06104,CUST2580,P0311,4,Good value for money.,2024-05-25,Positive
R06105,CUST0558,P1211,1,Poor customer service experience.,2024-06-16,Negative
R06106,CUST3601,P1051,5,"Excellent product, highly recommended!",2025-07-07,Positive
R06107,CUST3954,P1275,5,Quality is great for the price.,2021-06-12,Positive
R06108,CUST1098,P1604,5,Quality is great for the price.,2024-10-23,Positive
R06109,CUST4937,P0935,2,Not worth the money.,2024-03-02,Negative
R06110,CUST2728,P1773,4,Good value for money.,2023-01-21,Positive
R06111,CUST0516,P0671,4,Good value for money.,2024-09-05,Positive
R06112,CUST4271,P0207,4,"Excellent product, highly recommended!",2025-06-13,Positive
R06113,CUST4356,P0334,4,Works as expected.,2022-04-10,Positive
R06114,CUST0629,P1873,5,Good value for money.,2023-04-06,Positive
R06115,CUST1223,P1808,5,Good value for money.,2022-05-04,Positive
R06116,CUST2383,P0627,4,Very satisfied with the purchase.,2021-02-13,Positive
R06117,CUST0568,P0346,5,"Excellent product, highly recommended!",2025-10-03,Positive
R06118,CUST2916,P0053,5,"Excellent product, highly recommended!",2022-06-15,Positive
R06119,CUST1242,P0076,5,Quality is great for the price.,2024-09-05,Positive
R06120,CUST2465,P1084,1,Poor customer service experience.,2025-10-30,Negative
R06121,CUST0983,P1713,4,Good value for money.,2023-07-30,Positive
R06122,CUST4838,P0569,4,"Excellent product, highly recommended!",2025-10-19,Positive
R06123,CUST0992,P0814,3,Decent product for the price.,2025-07-05,Neutral
R06124,CUST3615,P0466,5,Good value for money.,2025-08-28,Positive
R06125,CUST0265,P1401,4,Very satisfied with the purchase.,2025-05-20,Positive
R06126,CUST4937,P1069,3,"Average quality, meets expectations.",2025-09-01,Neutral
R06127,CUST0181,P1310,5,Good value for money.,2022-03-31,Positive
R06128,CUST3106,P0673,5,Works as expected.,2025-08-15,Positive
R06129,CUST0005,P0782,4,Works as expected.,2025-09-02,Positive
R06130,CUST2843,P1001,5,Works as expected.,2023-10-02,Positive
R06131,CUST2337,P1080,4,Very satisfied with the purchase.,2024-11-23,Positive
R06132,CUST4126,P0381,5,Works as expected.,2025-05-12,Positive
R06133,CUST1336,P0518,4,Quality is great for the price.,2022-09-11,Positive
R06134,CUST1275,P0542,4,Works as expected.,2021-09-02,Positive
R06135,CUST2304,P1215,5,Quality is great for the price.,2020-04-12,Positive
R06136,CUST0967,P0528,3,It's fine but could be better.,2024-09-18,Neutral
R06137,CUST1025,P0788,5,Good value for money.,2024-12-15,Positive
R06138,CUST3258,P0903,5,Very satisfied with the purchase.,2025-01-16,Positive
R06139,CUST1684,P1131,5,Very satisfied with the purchase.,2025-07-16,Positive
R06140,CUST3953,P0178,4,Works as expected.,2025-06-13,Positive
R06141,CUST4076,P0357,4,Quality is great for the price.,2025-06-30,Positive
R06142,CUST4576,P1993,3,"Average quality, meets expectations.",2025-09-14,Neutral
R06143,CUST2134,P1598,2,Not worth the money.,2025-10-04,Negative
R06144,CUST1839,P1078,3,"Product is okay, nothing special.",2025-08-28,Neutral
R06145,CUST0358,P1589,5,Works as expected.,2025-10-24,Positive
R06146,CUST4132,P1956,5,Works as expected.,2025-04-24,Positive
R06147,CUST4318,P0712,5,Quality is great for the price.,2025-08-01,Positive
R06148,CUST2621,P1960,5,Works as expected.,2024-08-24,Positive
R06149,CUST0875,P1811,4,Quality is great for the price.,2023-06-07,Positive
R06150,CUST3595,P0462,4,Works as expected.,2025-07-25,Positive
R06151,CUST0813,P0736,5,Good value for money.,2025-10-07,Positive
R06152,CUST1463,P0565,4,"Excellent product, highly recommended!",2025-07-10,Positive
R06153,CUST0115,P1843,5,"Excellent product, highly recommended!",2023-08-08,Positive
R06154,CUST0465,P0593,5,Very satisfied with the purchase.,2025-06-29,Positive
R06155,CUST3251,P0595,4,Good value for money.,2024-12-06,Positive
R06156,CUST3147,P1771,4,Good value for money.,2025-07-18,Positive
R06157,CUST1933,P0709,5,Good value for money.,2025-08-03,Positive
R06158,CUST0754,P1352,4,"Excellent product, highly recommended!",2023-10-30,Positive
R06159,CUST3500,P0001,3,"Product is okay, nothing special.",2025-03-23,Neutral
R06160,CUST2634,P1582,4,Works as expected.,2024-01-16,Positive
R06161,CUST0617,P1214,4,Works as expected.,2023-10-08,Positive
R06162,CUST3769,P1581,4,Good value for money.,2022-04-14,Positive
R06163,CUST4221,P1873,1,Stopped working after a week.,2025-04-25,Negative
R06164,CUST0516,P0740,5,Good value for money.,2024-03-09,Positive
R06165,CUST1283,P1331,5,Good value for money.,2025-05-13,Positive
R06166,CUST2531,P1261,3,"Average quality, meets expectations.",2024-04-28,Neutral
R06167,CUST1355,P0563,5,Very satisfied with the purchase.,2024-07-11,Positive
R06168,CUST1294,P1753,5,Works as expected.,2025-03-04,Positive
R06169,CUST2912,P0003,5,Good value for money.,2025-05-09,Positive
R06170,CUST0921,P0940,3,Decent product for the price.,2025-10-17,Neutral
R06171,CUST4451,P0048,5,Good value for money.,2023-07-20,Positive
R06172,CUST1739,P1096,4,"Excellent product, highly recommended!",2025-07-12,Positive
R06173,CUST1539,P1775,3,"Average quality, meets expectations.",2025-03-02,Neutral
R06174,CUST1034,P1462,5,"Excellent product, highly recommended!",2020-11-11,Positive
R06175,CUST0234,P1765,4,Quality is great for the price.,2025-03-11,Positive
R06176,CUST0431,P1105,3,"Average quality, meets expectations.",2024-03-22,Neutral
R06177,CUST3049,P0991,1,Poor customer service experience.,2025-10-20,Negative
R06178,CUST2192,P0978,5,"Excellent product, highly recommended!",2025-03-09,Positive
R06179,CUST2121,P0588,5,"Excellent product, highly recommended!",2022-06-22,Positive
R06180,CUST1849,P0506,4,Good value for money.,2025-02-10,Positive
R06181,CUST3664,P0429,4,"Excellent product, highly recommended!",2025-11-08,Positive
R06182,CUST2162,P1268,2,Not worth the money.,2025-09-21,Negative
R06183,CUST1260,P0667,5,Good value for money.,2025-07-20,Positive
R06184,CUST0009,P1921,5,Quality is great for the price.,2022-02-15,Positive
R06185,CUST1670,P1053,4,Quality is great for the price.,2024-07-24,Positive
R06186,CUST0676,P0093,2,Poor customer service experience.,2025-03-13,Negative
R06187,CUST2722,P0060,4,Good value for money.,2025-09-09,Positive
R06188,CUST3009,P0168,5,Quality is great for the price.,2023-08-01,Positive
R06189,CUST1359,P0951,5,Quality is great for the price.,2025-06-22,Positive
R06190,CUST0372,P1787,5,Very satisfied with the purchase.,2024-08-30,Positive
R06191,CUST3109,P0623,5,Very satisfied with the purchase.,2025-09-13,Positive
R06192,CUST1226,P0508,5,Quality is great for the price.,2025-09-29,Positive
R06193,CUST0654,P0924,5,"Excellent product, highly recommended!",2025-06-23,Positive
R06194,CUST1188,P0023,4,Very satisfied with the purchase.,2021-08-23,Positive
R06195,CUST1915,P0545,2,Poor customer service experience.,2024-04-19,Negative
R06196,CUST1749,P1135,5,Quality is great for the price.,2025-08-23,Positive
R06197,CUST2436,P0847,3,Decent product for the price.,2025-02-12,Neutral
R06198,CUST3190,P1973,3,It's fine but could be better.,2025-02-10,Neutral
R06199,CUST4094,P1116,3,"Average quality, meets expectations.",2022-05-01,Neutral
R06200,CUST1823,P0046,4,Works as expected.,2025-08-25,Positive
R06201,CUST0060,P0406,5,Works as expected.,2025-09-04,Positive
R06202,CUST3357,P1677,4,Quality is great for the price.,2024-08-27,Positive
R06203,CUST0550,P1989,5,Quality is great for the price.,2023-11-11,Positive
R06204,CUST2898,P1797,4,Quality is great for the price.,2025-11-07,Positive
R06205,CUST4089,P1733,4,Works as expected.,2023-08-10,Positive
R06206,CUST2616,P0687,5,Works as expected.,2020-08-16,Positive
R06207,CUST4180,P1686,4,Quality is great for the price.,2025-11-03,Positive
R06208,CUST3997,P1061,5,Very satisfied with the purchase.,2021-10-17,Positive
R06209,CUST1624,P0568,5,Very satisfied with the purchase.,2025-07-14,Positive
R06210,CUST0918,P1370,4,Works as expected.,2023-10-20,Positive
R06211,CUST3018,P1767,4,"Excellent product, highly recommended!",2025-07-07,Positive
R06212,CUST2857,P1717,5,Quality is great for the price.,2025-05-09,Positive
R06213,CUST1662,P0857,5,Good value for money.,2024-11-27,Positive
R06214,CUST4009,P1354,5,Very satisfied with the purchase.,2025-11-02,Positive
R06215,CUST1129,P1485,5,Quality is great for the price.,2025-07-01,Positive
R06216,CUST2861,P0966,2,Not worth the money.,2025-06-28,Negative
R06217,CUST1239,P0383,5,Works as expected.,2022-02-21,Positive
R06218,CUST2324,P0883,4,Works as expected.,2025-06-29,Positive
R06219,CUST2754,P1115,5,"Excellent product, highly recommended!",2025-03-23,Positive
R06220,CUST3284,P0818,4,Quality is great for the price.,2024-07-17,Positive
R06221,CUST1795,P1026,5,Good value for money.,2025-06-03,Positive
R06222,CUST0774,P1982,3,"Average quality, meets expectations.",2022-04-22,Neutral
R06223,CUST0038,P1091,5,Good value for money.,2025-08-08,Positive
R06224,CUST2356,P1518,4,"Excellent product, highly recommended!",2023-10-09,Positive
R06225,CUST2432,P0364,4,Quality is great for the price.,2022-08-06,Positive
R06226,CUST0180,P0952,3,"Product is okay, nothing special.",2024-07-11,Neutral
R06227,CUST3361,P1329,5,Works as expected.,2024-04-21,Positive
R06228,CUST2383,P1334,5,Quality is great for the price.,2023-08-29,Positive
R06229,CUST4706,P0558,5,Good value for money.,2025-05-24,Positive
R06230,CUST4109,P1859,4,Very satisfied with the purchase.,2025-06-19,Positive
R06231,CUST3577,P0126,3,"Average quality, meets expectations.",2025-03-22,Neutral
R06232,CUST3863,P1674,4,Good value for money.,2025-10-02,Positive
R06233,CUST4033,P0495,5,Very satisfied with the purchase.,2025-10-03,Positive
R06234,CUST2239,P0712,3,Decent product for the price.,2024-01-15,Neutral
R06235,CUST4053,P1878,5,Quality is great for the price.,2025-09-13,Positive
R06236,CUST3534,P1919,5,Very satisfied with the purchase.,2025-08-10,Positive
R06237,CUST2748,P1145,5,Good value for money.,2025-08-13,Positive
R06238,CUST3046,P1811,5,"Excellent product, highly recommended!",2024-02-18,Positive
R06239,CUST3282,P0130,4,"Excellent product, highly recommended!",2023-04-02,Positive
R06240,CUST4067,P0829,2,Stopped working after a week.,2024-11-08,Negative
R06241,CUST3701,P0727,1,Poor customer service experience.,2023-01-26,Negative
R06242,CUST0151,P1854,3,"Product is okay, nothing special.",2023-02-02,Neutral
R06243,CUST1185,P1317,5,Very satisfied with the purchase.,2025-04-22,Positive
R06244,CUST0198,P1598,1,Poor customer service experience.,2023-12-19,Negative
R06245,CUST1866,P1523,5,"Excellent product, highly recommended!",2024-02-29,Positive
R06246,CUST1502,P1655,5,"Excellent product, highly recommended!",2025-10-06,Positive
R06247,CUST3353,P0469,4,Good value for money.,2025-11-12,Positive
R06248,CUST1558,P1724,3,"Average quality, meets expectations.",2025-03-05,Neutral
R06249,CUST1834,P0930,4,"Excellent product, highly recommended!",2024-02-22,Positive
R06250,CUST3301,P1090,5,"Excellent product, highly recommended!",2025-06-28,Positive
R06251,CUST0902,P1326,4,Works as expected.,2025-03-07,Positive
R06252,CUST4283,P0560,5,"Excellent product, highly recommended!",2024-06-09,Positive
R06253,CUST2901,P1297,5,Works as expected.,2025-08-29,Positive
R06254,CUST3973,P0697,4,Works as expected.,2025-09-13,Positive
R06255,CUST0282,P1850,4,Good value for money.,2025-05-01,Positive
R06256,CUST0032,P0558,5,Very satisfied with the purchase.,2025-08-14,Positive
R06257,CUST1045,P0904,4,Good value for money.,2024-12-28,Positive
R06258,CUST1415,P0084,1,Disappointed with the build quality.,2025-04-26,Negative
R06259,CUST1431,P1045,1,Not worth the money.,2023-07-09,Negative
R06260,CUST3203,P0137,5,Quality is great for the price.,2025-06-05,Positive
R06261,CUST2814,P0567,5,Very satisfied with the purchase.,2024-06-19,Positive
R06262,CUST3376,P0670,5,Good value for money.,2022-03-27,Positive
R06263,CUST1419,P1506,5,"Excellent product, highly recommended!",2024-02-02,Positive
R06264,CUST1600,P0923,4,Quality is great for the price.,2025-11-10,Positive
R06265,CUST1386,P0895,5,Works as expected.,2024-06-11,Positive
R06266,CUST4128,P1874,1,Stopped working after a week.,2025-09-21,Negative
R06267,CUST2874,P0170,1,Stopped working after a week.,2021-09-16,Negative
R06268,CUST0741,P1935,5,Quality is great for the price.,2023-12-26,Positive
R06269,CUST0121,P1004,5,Very satisfied with the purchase.,2025-06-21,Positive
R06270,CUST2260,P1933,4,Good value for money.,2022-11-26,Positive
R06271,CUST1828,P0987,5,Quality is great for the price.,2022-02-09,Positive
R06272,CUST1994,P0088,1,Stopped working after a week.,2025-10-31,Negative
R06273,CUST1474,P1115,3,"Product is okay, nothing special.",2024-06-05,Neutral
R06274,CUST1316,P1508,4,Very satisfied with the purchase.,2023-08-12,Positive
R06275,CUST1258,P1259,3,"Average quality, meets expectations.",2024-10-17,Neutral
R06276,CUST4932,P1943,2,Disappointed with the build quality.,2025-05-31,Negative
R06277,CUST2520,P0603,5,Very satisfied with the purchase.,2025-07-06,Positive
R06278,CUST4241,P1843,2,Not worth the money.,2024-02-08,Negative
R06279,CUST0453,P1765,4,Good value for money.,2024-11-24,Positive
R06280,CUST3020,P1710,5,Good value for money.,2025-07-17,Positive
R06281,CUST2750,P1223,5,"Excellent product, highly recommended!",2025-03-26,Positive
R06282,CUST2898,P0312,5,Very satisfied with the purchase.,2024-10-29,Positive
R06283,CUST1985,P0278,5,Quality is great for the price.,2024-11-22,Positive
R06284,CUST0037,P0173,5,Works as expected.,2022-04-20,Positive
R06285,CUST1884,P0881,3,"Product is okay, nothing special.",2025-10-21,Neutral
R06286,CUST3691,P1980,5,Very satisfied with the purchase.,2023-11-23,Positive
R06287,CUST3959,P1614,4,Good value for money.,2024-07-24,Positive
R06288,CUST0383,P1121,4,"Excellent product, highly recommended!",2025-08-12,Positive
R06289,CUST1336,P0013,3,It's fine but could be better.,2024-03-13,Neutral
R06290,CUST0168,P1666,3,"Average quality, meets expectations.",2025-05-11,Neutral
R06291,CUST3265,P1115,5,Very satisfied with the purchase.,2025-05-12,Positive
R06292,CUST2456,P1659,4,"Excellent product, highly recommended!",2025-03-07,Positive
R06293,CUST3378,P1310,4,Very satisfied with the purchase.,2025-08-14,Positive
R06294,CUST2486,P0935,4,"Excellent product, highly recommended!",2021-08-03,Positive
R06295,CUST0012,P1462,4,Very satisfied with the purchase.,2024-08-17,Positive
R06296,CUST4625,P0279,4,"Excellent product, highly recommended!",2025-05-14,Positive
R06297,CUST1849,P0890,5,Very satisfied with the purchase.,2023-01-13,Positive
R06298,CUST2152,P0304,5,Good value for money.,2023-12-13,Positive
R06299,CUST4302,P1169,5,Good value for money.,2024-08-18,Positive
R06300,CUST3106,P0497,4,Good value for money.,2025-11-02,Positive
R06301,CUST2504,P0529,3,Decent product for the price.,2025-04-02,Neutral
R06302,CUST1768,P0195,1,Not worth the money.,2025-03-04,Negative
R06303,CUST0705,P1916,3,Decent product for the price.,2024-10-13,Neutral
R06304,CUST2155,P0047,3,"Product is okay, nothing special.",2025-04-09,Neutral
R06305,CUST4483,P1256,4,Good value for money.,2025-07-06,Positive
R06306,CUST1514,P1650,3,It's fine but could be better.,2024-03-16,Neutral
R06307,CUST2331,P1674,3,"Average quality, meets expectations.",2025-08-30,Neutral
R06308,CUST2944,P0558,5,Very satisfied with the purchase.,2025-08-14,Positive
R06309,CUST0188,P1569,4,Very satisfied with the purchase.,2025-10-30,Positive
R06310,CUST4949,P0161,5,Very satisfied with the purchase.,2025-10-18,Positive
R06311,CUST0147,P0400,4,Good value for money.,2024-08-23,Positive
R06312,CUST0390,P1770,5,Works as expected.,2025-09-28,Positive
R06313,CUST3645,P1793,3,It's fine but could be better.,2024-11-07,Neutral
R06314,CUST3849,P0602,5,Good value for money.,2025-04-13,Positive
R06315,CUST3454,P0238,5,Good value for money.,2025-10-27,Positive
R06316,CUST0709,P0128,5,Works as expected.,2024-11-10,Positive
R06317,CUST3818,P0293,5,Very satisfied with the purchase.,2025-07-24,Positive
R06318,CUST2626,P0098,5,Quality is great for the price.,2025-01-05,Positive
R06319,CUST2952,P0687,5,Good value for money.,2023-03-14,Positive
R06320,CUST0650,P0313,5,"Excellent product, highly recommended!",2024-05-29,Positive
R06321,CUST0492,P0426,2,Not worth the money.,2022-12-19,Negative
R06322,CUST0861,P0808,4,Good value for money.,2025-02-20,Positive
R06323,CUST3720,P0278,5,Good value for money.,2024-11-16,Positive
R06324,CUST0108,P1012,5,"Excellent product, highly recommended!",2024-04-05,Positive
R06325,CUST1568,P1201,5,"Excellent product, highly recommended!",2025-05-15,Positive
R06326,CUST4032,P1634,5,Quality is great for the price.,2024-09-17,Positive
R06327,CUST0312,P0188,5,Quality is great for the price.,2025-07-01,Positive
R06328,CUST2472,P1739,5,Very satisfied with the purchase.,2024-10-12,Positive
R06329,CUST1848,P0817,5,"Excellent product, highly recommended!",2025-11-12,Positive
R06330,CUST4327,P1549,5,"Excellent product, highly recommended!",2024-08-22,Positive
R06331,CUST1745,P0484,5,Works as expected.,2025-10-02,Positive
R06332,CUST3202,P0834,4,"Excellent product, highly recommended!",2023-09-07,Positive
R06333,CUST2915,P1798,5,Works as expected.,2025-09-21,Positive
R06334,CUST1700,P0169,5,Good value for money.,2024-05-10,Positive
R06335,CUST4695,P1622,3,"Average quality, meets expectations.",2025-09-01,Neutral
R06336,CUST4472,P0628,5,Works as expected.,2025-04-09,Positive
R06337,CUST1859,P1808,5,Very satisfied with the purchase.,2025-10-12,Positive
R06338,CUST3582,P1327,3,It's fine but could be better.,2023-07-15,Neutral
R06339,CUST1871,P0404,1,Poor customer service experience.,2022-12-07,Negative
R06340,CUST2570,P1364,5,"Excellent product, highly recommended!",2024-11-13,Positive
R06341,CUST4473,P0381,5,Works as expected.,2022-02-03,Positive
R06342,CUST4573,P0591,5,Very satisfied with the purchase.,2025-07-03,Positive
R06343,CUST4681,P1617,5,Works as expected.,2025-10-30,Positive
R06344,CUST0022,P0903,4,"Excellent product, highly recommended!",2024-08-29,Positive
R06345,CUST1025,P1863,5,Works as expected.,2024-01-19,Positive
R06346,CUST3914,P1366,4,Good value for money.,2025-11-14,Positive
R06347,CUST4275,P0560,4,Works as expected.,2024-11-18,Positive
R06348,CUST4523,P1977,3,"Product is okay, nothing special.",2024-06-15,Neutral
R06349,CUST1238,P0597,4,Works as expected.,2025-03-15,Positive
R06350,CUST0145,P0495,5,Good value for money.,2025-10-22,Positive
R06351,CUST2520,P0443,4,Good value for money.,2025-10-30,Positive
R06352,CUST0333,P0764,2,Disappointed with the build quality.,2025-01-09,Negative
R06353,CUST4348,P1881,4,Very satisfied with the purchase.,2022-07-08,Positive
R06354,CUST1345,P0057,3,"Product is okay, nothing special.",2025-04-12,Neutral
R06355,CUST1920,P1074,5,Quality is great for the price.,2025-07-20,Positive
R06356,CUST0031,P0586,5,Quality is great for the price.,2025-06-21,Positive
R06357,CUST4681,P0318,5,Works as expected.,2025-02-14,Positive
R06358,CUST0077,P0185,4,"Excellent product, highly recommended!",2025-04-08,Positive
R06359,CUST2229,P1342,3,It's fine but could be better.,2025-10-02,Neutral
R06360,CUST1545,P1571,5,"Excellent product, highly recommended!",2025-07-16,Positive
R06361,CUST4426,P1102,5,Quality is great for the price.,2023-07-17,Positive
R06362,CUST3734,P0260,4,Good value for money.,2025-11-12,Positive
R06363,CUST2746,P0317,4,Good value for money.,2025-10-31,Positive
R06364,CUST1058,P0002,4,Quality is great for the price.,2025-05-31,Positive
R06365,CUST0611,P0632,3,Decent product for the price.,2024-12-20,Neutral
R06366,CUST1903,P1685,3,"Product is okay, nothing special.",2022-06-03,Neutral
R06367,CUST2637,P1263,5,Quality is great for the price.,2025-05-01,Positive
R06368,CUST3207,P1731,5,Very satisfied with the purchase.,2023-02-11,Positive
R06369,CUST3229,P1108,5,"Excellent product, highly recommended!",2025-11-10,Positive
R06370,CUST3536,P1071,3,"Product is okay, nothing special.",2025-04-24,Neutral
R06371,CUST0830,P1755,5,Good value for money.,2024-08-09,Positive
R06372,CUST0895,P1579,5,Very satisfied with the purchase.,2025-08-11,Positive
R06373,CUST0118,P0737,5,Very satisfied with the purchase.,2023-01-28,Positive
R06374,CUST3200,P0891,4,Very satisfied with the purchase.,2025-10-15,Positive
R06375,CUST0874,P1942,4,Good value for money.,2025-06-06,Positive
R06376,CUST0301,P1049,4,Quality is great for the price.,2025-06-30,Positive
R06377,CUST0841,P1435,3,Decent product for the price.,2025-08-31,Neutral
R06378,CUST3708,P0653,4,Very satisfied with the purchase.,2024-07-28,Positive
R06379,CUST0328,P1711,4,Good value for money.,2024-08-29,Positive
R06380,CUST1576,P0093,1,Disappointed with the build quality.,2025-03-06,Negative
R06381,CUST3452,P0068,4,"Excellent product, highly recommended!",2024-01-18,Positive
R06382,CUST4014,P0389,5,Very satisfied with the purchase.,2025-10-11,Positive
R06383,CUST2001,P0102,5,Very satisfied with the purchase.,2025-03-16,Positive
R06384,CUST4550,P0479,5,Very satisfied with the purchase.,2024-10-31,Positive
R06385,CUST0355,P1069,3,"Product is okay, nothing special.",2025-09-22,Neutral
R06386,CUST1030,P0022,5,Very satisfied with the purchase.,2023-01-06,Positive
R06387,CUST0296,P0538,3,"Average quality, meets expectations.",2025-10-11,Neutral
R06388,CUST2934,P0849,4,Good value for money.,2022-04-18,Positive
R06389,CUST2526,P0038,2,Not worth the money.,2025-11-13,Negative
R06390,CUST3475,P0447,5,Very satisfied with the purchase.,2025-07-03,Positive
R06391,CUST0032,P1932,2,Poor customer service experience.,2025-09-08,Negative
R06392,CUST4453,P1517,4,Quality is great for the price.,2024-09-30,Positive
R06393,CUST2090,P0405,5,Works as expected.,2023-11-09,Positive
R06394,CUST0701,P0978,4,Very satisfied with the purchase.,2025-03-31,Positive
R06395,CUST4212,P0155,5,Quality is great for the price.,2024-08-09,Positive
R06396,CUST3881,P0024,5,Good value for money.,2022-09-08,Positive
R06397,CUST4435,P0248,4,Quality is great for the price.,2025-07-29,Positive
R06398,CUST2296,P0897,5,Very satisfied with the purchase.,2025-01-21,Positive
R06399,CUST1084,P0711,4,"Excellent product, highly recommended!",2024-08-27,Positive
R06400,CUST0842,P0856,5,Very satisfied with the purchase.,2021-11-30,Positive
R06401,CUST0417,P1631,4,Very satisfied with the purchase.,2021-06-30,Positive
R06402,CUST3942,P0463,5,Quality is great for the price.,2025-09-17,Positive
R06403,CUST3487,P0012,5,Quality is great for the price.,2025-09-30,Positive
R06404,CUST2907,P0320,3,"Average quality, meets expectations.",2025-05-08,Neutral
R06405,CUST0106,P1719,1,Poor customer service experience.,2024-10-07,Negative
R06406,CUST2785,P0441,5,"Excellent product, highly recommended!",2025-03-10,Positive
R06407,CUST2005,P0353,5,Works as expected.,2024-12-07,Positive
R06408,CUST3192,P1647,3,"Product is okay, nothing special.",2021-10-15,Neutral
R06409,CUST0546,P1108,5,Good value for money.,2025-11-09,Positive
R06410,CUST1768,P1495,4,Works as expected.,2021-03-07,Positive
R06411,CUST0579,P1054,4,Works as expected.,2020-03-04,Positive
R06412,CUST2294,P1871,5,Works as expected.,2025-09-12,Positive
R06413,CUST3717,P0886,4,Very satisfied with the purchase.,2025-03-07,Positive
R06414,CUST4493,P0167,5,Works as expected.,2024-12-19,Positive
R06415,CUST2917,P0038,4,Works as expected.,2025-11-05,Positive
R06416,CUST4237,P1759,4,Quality is great for the price.,2025-09-19,Positive
R06417,CUST3688,P1076,5,Works as expected.,2025-02-16,Positive
R06418,CUST0436,P1799,4,Works as expected.,2022-07-28,Positive
R06419,CUST2798,P0768,5,Very satisfied with the purchase.,2024-09-17,Positive
R06420,CUST3062,P1636,2,Stopped working after a week.,2022-08-15,Negative
R06421,CUST1568,P1761,5,Good value for money.,2025-07-19,Positive
R06422,CUST2471,P0696,5,Very satisfied with the purchase.,2021-01-13,Positive
R06423,CUST0726,P0847,5,Works as expected.,2024-07-10,Positive
R06424,CUST4331,P0623,3,It's fine but could be better.,2025-11-11,Neutral
R06425,CUST1165,P0579,5,Very satisfied with the purchase.,2024-06-25,Positive
R06426,CUST2267,P0451,1,Disappointed with the build quality.,2024-08-28,Negative
R06427,CUST3289,P0185,4,Quality is great for the price.,2025-10-31,Positive
R06428,CUST2353,P0231,4,Very satisfied with the purchase.,2024-02-25,Positive
R06429,CUST3556,P0767,4,Very satisfied with the purchase.,2023-08-29,Positive
R06430,CUST0069,P1971,4,Good value for money.,2025-08-24,Positive
R06431,CUST2539,P1903,3,"Product is okay, nothing special.",2024-01-10,Neutral
R06432,CUST2266,P1079,5,Good value for money.,2024-05-20,Positive
R06433,CUST1003,P1027,4,Works as expected.,2024-11-23,Positive
R06434,CUST1397,P0652,4,Quality is great for the price.,2025-07-04,Positive
R06435,CUST3843,P0450,4,Good value for money.,2025-09-18,Positive
R06436,CUST2579,P1654,5,Quality is great for the price.,2025-04-16,Positive
R06437,CUST3384,P1244,5,Works as expected.,2025-07-17,Positive
R06438,CUST1003,P0089,4,Quality is great for the price.,2022-12-31,Positive
R06439,CUST1335,P1898,5,Works as expected.,2025-10-09,Positive
R06440,CUST0826,P0848,5,Quality is great for the price.,2024-02-14,Positive
R06441,CUST4934,P1202,4,Works as expected.,2022-01-23,Positive
R06442,CUST3198,P1723,3,Decent product for the price.,2024-08-25,Neutral
R06443,CUST1575,P0100,5,Very satisfied with the purchase.,2025-01-22,Positive
R06444,CUST3258,P0567,5,Works as expected.,2024-08-23,Positive
R06445,CUST3805,P1679,2,Not worth the money.,2024-06-01,Negative
R06446,CUST4133,P0131,4,"Excellent product, highly recommended!",2024-11-17,Positive
R06447,CUST1594,P1039,5,"Excellent product, highly recommended!",2025-08-18,Positive
R06448,CUST4470,P0091,4,Very satisfied with the purchase.,2023-03-08,Positive
R06449,CUST3360,P0722,4,Very satisfied with the purchase.,2025-06-23,Positive
R06450,CUST4424,P0366,3,It's fine but could be better.,2025-08-24,Neutral
R06451,CUST2398,P1685,1,Stopped working after a week.,2025-09-07,Negative
R06452,CUST2377,P1218,3,"Average quality, meets expectations.",2024-01-11,Neutral
R06453,CUST0386,P1272,3,Decent product for the price.,2025-03-20,Neutral
R06454,CUST0394,P1444,5,Very satisfied with the purchase.,2025-06-27,Positive
R06455,CUST3244,P0960,5,Very satisfied with the purchase.,2023-11-29,Positive
R06456,CUST3138,P0606,2,Poor customer service experience.,2024-10-05,Negative
R06457,CUST0179,P0309,1,Poor customer service experience.,2025-11-03,Negative
R06458,CUST1769,P1627,2,Stopped working after a week.,2024-09-06,Negative
R06459,CUST4714,P0730,5,"Excellent product, highly recommended!",2024-01-29,Positive
R06460,CUST1183,P0097,2,Poor customer service experience.,2024-03-12,Negative
R06461,CUST4008,P1425,4,Works as expected.,2025-09-05,Positive
R06462,CUST4676,P1035,3,"Product is okay, nothing special.",2022-07-24,Neutral
R06463,CUST0838,P0241,1,Disappointed with the build quality.,2024-11-26,Negative
R06464,CUST2745,P0913,2,Poor customer service experience.,2023-09-29,Negative
R06465,CUST1059,P1423,5,"Excellent product, highly recommended!",2024-02-23,Positive
R06466,CUST4554,P0549,5,Quality is great for the price.,2025-04-22,Positive
R06467,CUST2147,P0856,4,Quality is great for the price.,2024-05-12,Positive
R06468,CUST3085,P1688,5,Works as expected.,2025-10-29,Positive
R06469,CUST2998,P1413,5,Works as expected.,2025-07-31,Positive
R06470,CUST4915,P0559,5,Very satisfied with the purchase.,2025-09-17,Positive
R06471,CUST2155,P1790,5,"Excellent product, highly recommended!",2025-01-09,Positive
R06472,CUST4269,P1421,4,Good value for money.,2025-08-25,Positive
R06473,CUST0438,P0161,5,Works as expected.,2025-01-10,Positive
R06474,CUST2305,P0041,2,Poor customer service experience.,2023-07-25,Negative
R06475,CUST3889,P1774,4,"Excellent product, highly recommended!",2025-10-06,Positive
R06476,CUST3648,P1262,4,Quality is great for the price.,2024-10-29,Positive
R06477,CUST0200,P0747,5,"Excellent product, highly recommended!",2025-04-29,Positive
R06478,CUST4659,P0712,5,Good value for money.,2023-11-19,Positive
R06479,CUST1688,P1582,2,Disappointed with the build quality.,2025-08-12,Negative
R06480,CUST0722,P0525,3,"Product is okay, nothing special.",2025-07-08,Neutral
R06481,CUST1778,P1524,4,Works as expected.,2025-01-28,Positive
R06482,CUST2795,P0789,4,Good value for money.,2025-09-26,Positive
R06483,CUST1160,P1852,4,Quality is great for the price.,2021-08-13,Positive
R06484,CUST0653,P0285,4,Good value for money.,2025-10-24,Positive
R06485,CUST0879,P0292,3,Decent product for the price.,2025-07-12,Neutral
R06486,CUST3945,P1423,3,It's fine but could be better.,2024-01-25,Neutral
R06487,CUST4027,P1937,3,"Product is okay, nothing special.",2024-12-11,Neutral
R06488,CUST0502,P1028,5,Good value for money.,2024-03-26,Positive
R06489,CUST1772,P0835,4,Quality is great for the price.,2025-09-12,Positive
R06490,CUST4513,P0733,5,Quality is great for the price.,2025-07-21,Positive
R06491,CUST2799,P1147,3,"Product is okay, nothing special.",2025-06-16,Neutral
R06492,CUST1362,P0511,4,Good value for money.,2024-06-14,Positive
R06493,CUST3053,P0462,5,Quality is great for the price.,2025-10-16,Positive
R06494,CUST1584,P1396,4,Good value for money.,2025-11-07,Positive
R06495,CUST2259,P0272,2,Not worth the money.,2023-12-22,Negative
R06496,CUST0406,P1147,1,Stopped working after a week.,2023-06-23,Negative
R06497,CUST4298,P1460,4,Quality is great for the price.,2024-02-04,Positive
R06498,CUST3981,P0941,5,"Excellent product, highly recommended!",2023-08-15,Positive
R06499,CUST0899,P0291,5,Works as expected.,2025-03-24,Positive
R06500,CUST3126,P0685,5,Very satisfied with the purchase.,2025-05-19,Positive
R06501,CUST0517,P0282,5,Quality is great for the price.,2023-11-21,Positive
R06502,CUST1460,P1441,4,Works as expected.,2023-11-01,Positive
R06503,CUST1984,P0044,4,Works as expected.,2025-08-19,Positive
R06504,CUST3156,P1859,5,Works as expected.,2022-05-04,Positive
R06505,CUST4350,P0184,5,Works as expected.,2023-09-14,Positive
R06506,CUST1443,P0753,4,Very satisfied with the purchase.,2024-01-31,Positive
R06507,CUST3216,P0474,5,Good value for money.,2024-04-07,Positive
R06508,CUST3740,P0483,5,Works as expected.,2023-08-19,Positive
R06509,CUST2837,P0679,4,Very satisfied with the purchase.,2022-12-05,Positive
R06510,CUST0983,P0119,4,Quality is great for the price.,2023-11-30,Positive
R06511,CUST0369,P0189,5,Good value for money.,2025-04-12,Positive
R06512,CUST0135,P0352,5,"Excellent product, highly recommended!",2024-03-13,Positive
R06513,CUST0470,P1972,4,Good value for money.,2024-07-12,Positive
R06514,CUST0854,P1319,3,It's fine but could be better.,2025-04-13,Neutral
R06515,CUST0941,P0530,5,Very satisfied with the purchase.,2025-04-11,Positive
R06516,CUST1465,P0731,4,"Excellent product, highly recommended!",2025-05-16,Positive
R06517,CUST1127,P0606,5,Very satisfied with the purchase.,2024-02-15,Positive
R06518,CUST1594,P0635,3,"Product is okay, nothing special.",2025-03-09,Neutral
R06519,CUST0980,P0391,3,It's fine but could be better.,2024-05-04,Neutral
R06520,CUST2730,P1540,5,Works as expected.,2024-04-01,Positive
R06521,CUST3784,P0657,3,Decent product for the price.,2021-09-10,Neutral
R06522,CUST4039,P0815,5,"Excellent product, highly recommended!",2025-05-18,Positive
R06523,CUST4595,P1532,4,"Excellent product, highly recommended!",2023-03-12,Positive
R06524,CUST0043,P0423,5,Good value for money.,2022-01-08,Positive
R06525,CUST4178,P1046,5,Works as expected.,2024-06-01,Positive
R06526,CUST1568,P1203,4,Very satisfied with the purchase.,2022-01-07,Positive
R06527,CUST1905,P0593,3,"Average quality, meets expectations.",2025-10-24,Neutral
R06528,CUST4759,P1530,3,"Average quality, meets expectations.",2024-01-07,Neutral
R06529,CUST2651,P1610,2,Stopped working after a week.,2022-10-29,Negative
R06530,CUST3761,P1590,5,Quality is great for the price.,2022-08-16,Positive
R06531,CUST1413,P1329,3,"Average quality, meets expectations.",2025-09-02,Neutral
R06532,CUST4263,P1997,5,Good value for money.,2021-07-22,Positive
R06533,CUST2752,P1564,3,It's fine but could be better.,2021-10-10,Neutral
R06534,CUST1604,P1610,3,"Average quality, meets expectations.",2023-04-22,Neutral
R06535,CUST3228,P1211,5,"Excellent product, highly recommended!",2024-12-22,Positive
R06536,CUST1792,P1002,5,Quality is great for the price.,2024-06-10,Positive
R06537,CUST0470,P0617,5,Works as expected.,2021-02-14,Positive
R06538,CUST3164,P1443,5,"Excellent product, highly recommended!",2025-01-12,Positive
R06539,CUST0256,P1798,4,Quality is great for the price.,2025-09-07,Positive
R06540,CUST3040,P1069,5,Works as expected.,2025-09-16,Positive
R06541,CUST3161,P1325,3,"Average quality, meets expectations.",2025-10-18,Neutral
R06542,CUST1701,P0713,5,"Excellent product, highly recommended!",2023-09-22,Positive
R06543,CUST0795,P1475,4,Very satisfied with the purchase.,2024-06-06,Positive
R06544,CUST0509,P1394,5,Very satisfied with the purchase.,2022-08-12,Positive
R06545,CUST0036,P0389,5,"Excellent product, highly recommended!",2023-02-09,Positive
R06546,CUST3927,P0591,3,"Product is okay, nothing special.",2025-06-23,Neutral
R06547,CUST1774,P0225,5,Works as expected.,2024-03-15,Positive
R06548,CUST3562,P0052,3,It's fine but could be better.,2022-12-12,Neutral
R06549,CUST2654,P0852,5,Quality is great for the price.,2025-02-18,Positive
R06550,CUST2141,P1890,4,Very satisfied with the purchase.,2025-10-09,Positive
R06551,CUST1522,P1499,5,"Excellent product, highly recommended!",2025-05-30,Positive
R06552,CUST4417,P0050,5,Very satisfied with the purchase.,2025-09-23,Positive
R06553,CUST1149,P1099,5,Good value for money.,2025-06-20,Positive
R06554,CUST0724,P0989,5,Very satisfied with the purchase.,2024-12-13,Positive
R06555,CUST3391,P0066,3,Decent product for the price.,2023-08-05,Neutral
R06556,CUST0223,P0049,5,Good value for money.,2025-07-20,Positive
R06557,CUST3762,P0858,4,"Excellent product, highly recommended!",2024-09-07,Positive
R06558,CUST1137,P1174,5,"Excellent product, highly recommended!",2025-08-18,Positive
R06559,CUST0881,P0154,5,"Excellent product, highly recommended!",2025-10-08,Positive
R06560,CUST2957,P0418,5,Quality is great for the price.,2025-08-06,Positive
R06561,CUST2195,P0378,3,It's fine but could be better.,2024-08-04,Neutral
R06562,CUST0307,P1799,4,Quality is great for the price.,2020-08-08,Positive
R06563,CUST0134,P1643,5,"Excellent product, highly recommended!",2025-06-13,Positive
R06564,CUST2834,P1486,3,It's fine but could be better.,2025-01-26,Neutral
R06565,CUST3507,P0193,5,Very satisfied with the purchase.,2024-05-09,Positive
R06566,CUST4305,P0619,1,Not worth the money.,2025-06-27,Negative
R06567,CUST3808,P1578,2,Stopped working after a week.,2023-06-10,Negative
R06568,CUST3178,P1335,5,Good value for money.,2020-11-08,Positive
R06569,CUST2642,P1899,5,Very satisfied with the purchase.,2025-09-20,Positive
R06570,CUST2095,P1143,5,Quality is great for the price.,2025-09-13,Positive
R06571,CUST4011,P0876,5,Good value for money.,2024-10-24,Positive
R06572,CUST0134,P1629,4,Quality is great for the price.,2024-12-07,Positive
R06573,CUST3467,P0147,4,Works as expected.,2025-04-22,Positive
R06574,CUST4942,P1979,5,"Excellent product, highly recommended!",2022-03-14,Positive
R06575,CUST4594,P0013,5,Good value for money.,2025-10-06,Positive
R06576,CUST1613,P0751,5,Quality is great for the price.,2022-02-14,Positive
R06577,CUST0799,P0612,3,Decent product for the price.,2024-12-26,Neutral
R06578,CUST2757,P0747,4,Very satisfied with the purchase.,2025-04-20,Positive
R06579,CUST0939,P0079,5,"Excellent product, highly recommended!",2024-12-17,Positive
R06580,CUST0039,P0394,5,Quality is great for the price.,2020-09-24,Positive
R06581,CUST4889,P0494,4,Quality is great for the price.,2025-04-03,Positive
R06582,CUST1131,P0416,3,"Product is okay, nothing special.",2025-10-03,Neutral
R06583,CUST4221,P1235,3,Decent product for the price.,2025-08-25,Neutral
R06584,CUST0296,P0939,5,Quality is great for the price.,2025-10-15,Positive
R06585,CUST4768,P0752,4,Works as expected.,2022-05-24,Positive
R06586,CUST1133,P1651,4,Works as expected.,2025-06-10,Positive
R06587,CUST0515,P1462,5,Works as expected.,2022-06-06,Positive
R06588,CUST2078,P0210,4,"Excellent product, highly recommended!",2025-09-20,Positive
R06589,CUST4595,P0044,4,"Excellent product, highly recommended!",2024-11-22,Positive
R06590,CUST4441,P0906,4,Very satisfied with the purchase.,2025-10-24,Positive
R06591,CUST1765,P0498,5,Quality is great for the price.,2025-06-28,Positive
R06592,CUST2621,P0797,2,Not worth the money.,2025-05-29,Negative
R06593,CUST1245,P1824,5,Very satisfied with the purchase.,2024-04-16,Positive
R06594,CUST2709,P1222,5,Very satisfied with the purchase.,2024-03-04,Positive
R06595,CUST0995,P0166,5,Works as expected.,2023-08-26,Positive
R06596,CUST3841,P1265,5,Works as expected.,2023-11-13,Positive
R06597,CUST2542,P1185,5,Very satisfied with the purchase.,2024-10-10,Positive
R06598,CUST0264,P0900,4,Quality is great for the price.,2024-06-10,Positive
R06599,CUST2569,P0214,5,Quality is great for the price.,2025-09-06,Positive
R06600,CUST2014,P1917,3,"Average quality, meets expectations.",2024-09-14,Neutral
R06601,CUST4390,P0691,5,Quality is great for the price.,2025-03-11,Positive
R06602,CUST0087,P0411,3,"Product is okay, nothing special.",2024-12-06,Neutral
R06603,CUST1620,P1228,4,Works as expected.,2025-08-16,Positive
R06604,CUST4847,P1575,5,Works as expected.,2025-11-01,Positive
R06605,CUST3684,P1258,3,Decent product for the price.,2024-11-06,Neutral
R06606,CUST2701,P1694,5,Works as expected.,2025-05-30,Positive
R06607,CUST2491,P0591,5,Works as expected.,2025-05-21,Positive
R06608,CUST2523,P0084,5,"Excellent product, highly recommended!",2025-03-01,Positive
R06609,CUST0711,P0048,3,"Product is okay, nothing special.",2024-07-24,Neutral
R06610,CUST3735,P0218,5,Quality is great for the price.,2024-03-13,Positive
R06611,CUST4561,P1987,5,"Excellent product, highly recommended!",2024-12-24,Positive
R06612,CUST4575,P1724,4,Very satisfied with the purchase.,2023-06-22,Positive
R06613,CUST2606,P1071,5,Very satisfied with the purchase.,2024-10-27,Positive
R06614,CUST4395,P1093,5,"Excellent product, highly recommended!",2025-10-29,Positive
R06615,CUST1726,P1179,5,"Excellent product, highly recommended!",2025-08-05,Positive
R06616,CUST4029,P1792,5,Quality is great for the price.,2023-09-07,Positive
R06617,CUST2692,P0761,4,Very satisfied with the purchase.,2025-10-13,Positive
R06618,CUST2552,P1847,3,"Average quality, meets expectations.",2025-10-26,Neutral
R06619,CUST0951,P0068,4,Good value for money.,2023-05-22,Positive
R06620,CUST1419,P0392,4,Very satisfied with the purchase.,2025-09-10,Positive
R06621,CUST2840,P0724,5,Quality is great for the price.,2025-10-19,Positive
R06622,CUST4723,P0974,3,It's fine but could be better.,2025-02-15,Neutral
R06623,CUST0952,P1475,5,"Excellent product, highly recommended!",2022-07-03,Positive
R06624,CUST1637,P0708,2,Stopped working after a week.,2021-01-19,Negative
R06625,CUST1515,P1969,4,Quality is great for the price.,2021-06-11,Positive
R06626,CUST4797,P1746,2,Poor customer service experience.,2024-03-05,Negative
R06627,CUST3185,P0337,1,Poor customer service experience.,2025-04-20,Negative
R06628,CUST3847,P1108,4,Very satisfied with the purchase.,2025-11-03,Positive
R06629,CUST2752,P1438,5,Good value for money.,2024-10-07,Positive
R06630,CUST1291,P0991,5,Quality is great for the price.,2025-10-05,Positive
R06631,CUST2211,P1900,5,Works as expected.,2024-06-22,Positive
R06632,CUST3901,P0170,4,"Excellent product, highly recommended!",2025-10-20,Positive
R06633,CUST0432,P1900,5,Works as expected.,2023-12-28,Positive
R06634,CUST3521,P1341,5,Works as expected.,2021-11-22,Positive
R06635,CUST2604,P1705,3,It's fine but could be better.,2025-10-24,Neutral
R06636,CUST0692,P1625,5,Very satisfied with the purchase.,2022-07-28,Positive
R06637,CUST1696,P0617,5,"Excellent product, highly recommended!",2022-08-27,Positive
R06638,CUST2043,P0036,3,"Product is okay, nothing special.",2025-03-24,Neutral
R06639,CUST2396,P1159,5,Good value for money.,2025-04-29,Positive
R06640,CUST2727,P0416,4,"Excellent product, highly recommended!",2023-04-20,Positive
R06641,CUST0484,P1126,3,"Product is okay, nothing special.",2025-02-04,Neutral
R06642,CUST1580,P0558,4,Very satisfied with the purchase.,2024-06-13,Positive
R06643,CUST0447,P0390,5,Works as expected.,2025-08-27,Positive
R06644,CUST2975,P0498,1,Not worth the money.,2025-10-01,Negative
R06645,CUST0617,P0611,5,Good value for money.,2024-08-22,Positive
R06646,CUST2286,P1438,3,It's fine but could be better.,2024-04-13,Neutral
R06647,CUST4357,P0644,3,Decent product for the price.,2023-09-16,Neutral
R06648,CUST1782,P0345,3,Decent product for the price.,2023-12-26,Neutral
R06649,CUST0536,P1746,5,Quality is great for the price.,2023-04-24,Positive
R06650,CUST3586,P1276,4,Works as expected.,2025-04-07,Positive
R06651,CUST2218,P1632,5,Quality is great for the price.,2025-10-05,Positive
R06652,CUST2417,P0084,5,Very satisfied with the purchase.,2023-10-17,Positive
R06653,CUST1615,P0667,3,"Average quality, meets expectations.",2025-08-05,Neutral
R06654,CUST2200,P0286,5,Very satisfied with the purchase.,2025-09-11,Positive
R06655,CUST2257,P1365,5,Quality is great for the price.,2024-12-05,Positive
R06656,CUST4665,P0401,5,"Excellent product, highly recommended!",2025-11-09,Positive
R06657,CUST0940,P1257,4,Works as expected.,2025-04-20,Positive
R06658,CUST4386,P1555,5,Very satisfied with the purchase.,2025-10-04,Positive
R06659,CUST1178,P1879,4,Very satisfied with the purchase.,2024-10-29,Positive
R06660,CUST3108,P1775,5,Good value for money.,2024-12-13,Positive
R06661,CUST4786,P0440,3,Decent product for the price.,2025-07-29,Neutral
R06662,CUST2409,P1512,5,Very satisfied with the purchase.,2024-10-10,Positive
R06663,CUST0643,P1997,4,"Excellent product, highly recommended!",2022-05-13,Positive
R06664,CUST1615,P0670,3,"Product is okay, nothing special.",2022-07-29,Neutral
R06665,CUST1781,P0500,5,Quality is great for the price.,2024-04-16,Positive
R06666,CUST3553,P0031,5,Quality is great for the price.,2024-11-18,Positive
R06667,CUST4590,P1442,2,Not worth the money.,2025-02-20,Negative
R06668,CUST4784,P0909,3,"Product is okay, nothing special.",2025-01-08,Neutral
R06669,CUST3351,P1826,1,Disappointed with the build quality.,2025-10-11,Negative
R06670,CUST0242,P1307,2,Not worth the money.,2024-11-07,Negative
R06671,CUST2435,P0458,4,Good value for money.,2025-07-29,Positive
R06672,CUST3914,P1492,2,Poor customer service experience.,2025-08-12,Negative
R06673,CUST1455,P0471,5,Good value for money.,2025-04-11,Positive
R06674,CUST2432,P0936,5,"Excellent product, highly recommended!",2022-04-23,Positive
R06675,CUST3728,P1412,5,Quality is great for the price.,2025-08-26,Positive
R06676,CUST2733,P0194,3,Decent product for the price.,2025-07-24,Neutral
R06677,CUST4329,P1993,4,"Excellent product, highly recommended!",2025-09-14,Positive
R06678,CUST2377,P1915,3,"Average quality, meets expectations.",2025-11-06,Neutral
R06679,CUST4906,P1550,4,Works as expected.,2020-11-09,Positive
R06680,CUST2984,P1902,1,Stopped working after a week.,2025-04-08,Negative
R06681,CUST2554,P1576,5,Works as expected.,2025-08-30,Positive
R06682,CUST2927,P1829,5,Works as expected.,2022-10-09,Positive
R06683,CUST2817,P1923,5,Works as expected.,2023-02-18,Positive
R06684,CUST0863,P0834,4,Works as expected.,2022-02-20,Positive
R06685,CUST4374,P0788,3,Decent product for the price.,2023-01-05,Neutral
R06686,CUST2865,P0535,4,Works as expected.,2024-12-23,Positive
R06687,CUST4515,P0352,5,Quality is great for the price.,2024-02-19,Positive
R06688,CUST1475,P1751,3,"Product is okay, nothing special.",2023-05-12,Neutral
R06689,CUST3211,P0058,4,Quality is great for the price.,2023-06-13,Positive
R06690,CUST1389,P1301,5,Quality is great for the price.,2024-09-19,Positive
R06691,CUST4244,P1401,5,Works as expected.,2024-12-17,Positive
R06692,CUST0376,P0973,4,"Excellent product, highly recommended!",2023-12-03,Positive
R06693,CUST1372,P1290,5,Quality is great for the price.,2025-05-16,Positive
R06694,CUST4217,P1637,2,Disappointed with the build quality.,2025-07-10,Negative
R06695,CUST1525,P0245,2,Stopped working after a week.,2025-11-07,Negative
R06696,CUST3105,P0382,5,Very satisfied with the purchase.,2025-08-08,Positive
R06697,CUST0806,P1664,5,"Excellent product, highly recommended!",2025-08-17,Positive
R06698,CUST1546,P1298,5,Works as expected.,2024-06-26,Positive
R06699,CUST2263,P1535,5,Quality is great for the price.,2025-02-08,Positive
R06700,CUST0299,P0937,4,Quality is great for the price.,2025-08-18,Positive
R06701,CUST1991,P1072,5,"Excellent product, highly recommended!",2024-07-22,Positive
R06702,CUST4103,P0011,3,"Average quality, meets expectations.",2025-11-10,Neutral
R06703,CUST4805,P1615,4,Very satisfied with the purchase.,2025-05-26,Positive
R06704,CUST3066,P0207,5,Very satisfied with the purchase.,2025-08-04,Positive
R06705,CUST3560,P0642,5,"Excellent product, highly recommended!",2024-01-18,Positive
R06706,CUST2987,P1677,5,Quality is great for the price.,2025-08-31,Positive
R06707,CUST1333,P0927,5,Good value for money.,2023-06-30,Positive
R06708,CUST2063,P1263,3,"Average quality, meets expectations.",2025-10-20,Neutral
R06709,CUST2203,P1418,2,Not worth the money.,2022-12-08,Negative
R06710,CUST3370,P1539,5,Works as expected.,2025-11-11,Positive
R06711,CUST3527,P0173,2,Disappointed with the build quality.,2021-10-02,Negative
R06712,CUST4090,P1921,2,Poor customer service experience.,2023-08-21,Negative
R06713,CUST0861,P0256,3,"Average quality, meets expectations.",2024-07-14,Neutral
R06714,CUST2934,P0578,3,Decent product for the price.,2025-10-03,Neutral
R06715,CUST3825,P0006,5,Very satisfied with the purchase.,2023-03-18,Positive
R06716,CUST2939,P0369,3,"Product is okay, nothing special.",2025-10-22,Neutral
R06717,CUST3773,P1398,5,"Excellent product, highly recommended!",2025-11-12,Positive
R06718,CUST0527,P0116,1,Stopped working after a week.,2025-07-29,Negative
R06719,CUST0356,P1350,4,Works as expected.,2024-07-12,Positive
R06720,CUST4591,P0700,4,Good value for money.,2025-03-07,Positive
R06721,CUST0285,P0284,2,Not worth the money.,2024-10-30,Negative
R06722,CUST4236,P1410,2,Not worth the money.,2025-09-02,Negative
R06723,CUST0871,P1921,3,Decent product for the price.,2025-08-07,Neutral
R06724,CUST2434,P1617,4,Works as expected.,2025-10-28,Positive
R06725,CUST4668,P1905,4,Quality is great for the price.,2023-06-01,Positive
R06726,CUST1607,P0239,2,Stopped working after a week.,2025-07-20,Negative
R06727,CUST3231,P1469,5,Very satisfied with the purchase.,2024-07-12,Positive
R06728,CUST1275,P0577,3,Decent product for the price.,2022-03-25,Neutral
R06729,CUST1502,P1501,5,Quality is great for the price.,2025-10-23,Positive
R06730,CUST2257,P1728,5,Quality is great for the price.,2025-08-27,Positive
R06731,CUST1859,P1470,4,Works as expected.,2023-05-15,Positive
R06732,CUST0009,P0047,5,Good value for money.,2023-06-14,Positive
R06733,CUST1520,P1019,1,Not worth the money.,2024-08-23,Negative
R06734,CUST4539,P0497,2,Poor customer service experience.,2024-02-14,Negative
R06735,CUST4927,P1513,5,"Excellent product, highly recommended!",2025-03-18,Positive
R06736,CUST2978,P1698,1,Poor customer service experience.,2022-08-07,Negative
R06737,CUST0017,P0134,5,Very satisfied with the purchase.,2023-09-05,Positive
R06738,CUST3595,P1497,5,Very satisfied with the purchase.,2025-10-28,Positive
R06739,CUST0961,P0402,5,Good value for money.,2024-09-17,Positive
R06740,CUST0712,P1330,5,Very satisfied with the purchase.,2022-12-09,Positive
R06741,CUST2176,P1006,4,Works as expected.,2020-08-01,Positive
R06742,CUST3399,P1338,5,Works as expected.,2024-02-08,Positive
R06743,CUST2688,P0828,3,"Product is okay, nothing special.",2025-07-03,Neutral
R06744,CUST2893,P1316,5,Works as expected.,2025-09-27,Positive
R06745,CUST0392,P0209,4,Very satisfied with the purchase.,2025-08-20,Positive
R06746,CUST1208,P1054,3,Decent product for the price.,2023-02-17,Neutral
R06747,CUST4769,P1037,4,Good value for money.,2022-06-29,Positive
R06748,CUST0007,P0021,4,Good value for money.,2025-06-28,Positive
R06749,CUST4512,P0036,3,It's fine but could be better.,2025-10-05,Neutral
R06750,CUST4883,P1180,4,Works as expected.,2025-07-10,Positive
R06751,CUST3697,P1307,5,Works as expected.,2025-04-13,Positive
R06752,CUST1030,P0480,5,Works as expected.,2025-08-18,Positive
R06753,CUST1342,P0229,5,"Excellent product, highly recommended!",2023-04-04,Positive
R06754,CUST2718,P0536,5,Very satisfied with the purchase.,2025-02-28,Positive
R06755,CUST1123,P1099,5,Works as expected.,2025-01-19,Positive
R06756,CUST2475,P0829,5,Good value for money.,2025-11-11,Positive
R06757,CUST4150,P1965,5,Very satisfied with the purchase.,2025-11-06,Positive
R06758,CUST4780,P0409,4,Very satisfied with the purchase.,2025-10-24,Positive
R06759,CUST4658,P1522,5,"Excellent product, highly recommended!",2024-06-08,Positive
R06760,CUST3746,P0489,2,Not worth the money.,2025-02-06,Negative
R06761,CUST4705,P1027,2,Not worth the money.,2024-11-24,Negative
R06762,CUST3678,P1184,5,Good value for money.,2025-10-16,Positive
R06763,CUST4189,P1181,4,Very satisfied with the purchase.,2025-01-16,Positive
R06764,CUST3228,P0638,2,Poor customer service experience.,2024-11-13,Negative
R06765,CUST0442,P1588,5,Works as expected.,2025-04-09,Positive
R06766,CUST3272,P0496,3,It's fine but could be better.,2025-01-17,Neutral
R06767,CUST0527,P1521,2,Stopped working after a week.,2023-10-24,Negative
R06768,CUST4784,P0857,5,Very satisfied with the purchase.,2024-04-10,Positive
R06769,CUST0889,P0883,5,Very satisfied with the purchase.,2025-03-16,Positive
R06770,CUST1834,P1477,3,Decent product for the price.,2025-09-11,Neutral
R06771,CUST4525,P0551,4,Quality is great for the price.,2025-01-24,Positive
R06772,CUST1679,P0092,2,Poor customer service experience.,2023-12-31,Negative
R06773,CUST2602,P1766,5,Works as expected.,2023-09-30,Positive
R06774,CUST3598,P0060,5,Good value for money.,2025-10-09,Positive
R06775,CUST4129,P1130,5,Works as expected.,2025-09-26,Positive
R06776,CUST1185,P0735,4,Very satisfied with the purchase.,2023-11-05,Positive
R06777,CUST2534,P1548,5,Good value for money.,2023-11-01,Positive
R06778,CUST2020,P1198,4,Very satisfied with the purchase.,2025-09-25,Positive
R06779,CUST1207,P0281,5,Works as expected.,2025-10-28,Positive
R06780,CUST1006,P1752,2,Stopped working after a week.,2025-03-14,Negative
R06781,CUST0732,P1559,5,Good value for money.,2025-09-17,Positive
R06782,CUST4565,P1175,4,Very satisfied with the purchase.,2025-01-05,Positive
R06783,CUST0264,P0004,5,Quality is great for the price.,2024-12-30,Positive
R06784,CUST2357,P0735,5,"Excellent product, highly recommended!",2024-07-29,Positive
R06785,CUST1474,P1327,5,Works as expected.,2024-12-19,Positive
R06786,CUST3825,P0646,5,Works as expected.,2022-06-26,Positive
R06787,CUST0246,P0264,4,Good value for money.,2023-07-28,Positive
R06788,CUST1102,P1536,2,Stopped working after a week.,2024-11-11,Negative
R06789,CUST4756,P1881,4,Good value for money.,2025-02-16,Positive
R06790,CUST2816,P1932,5,Works as expected.,2024-08-06,Positive
R06791,CUST3478,P0284,3,"Product is okay, nothing special.",2025-03-31,Neutral
R06792,CUST2402,P1726,5,Very satisfied with the purchase.,2025-06-29,Positive
R06793,CUST4102,P1857,4,Very satisfied with the purchase.,2025-04-27,Positive
R06794,CUST3543,P1502,4,Works as expected.,2025-10-16,Positive
R06795,CUST0248,P1904,4,Works as expected.,2023-10-04,Positive
R06796,CUST3126,P0658,4,Good value for money.,2025-01-09,Positive
R06797,CUST1279,P0748,4,Quality is great for the price.,2021-12-18,Positive
R06798,CUST0044,P1762,5,Very satisfied with the purchase.,2025-11-01,Positive
R06799,CUST0241,P1851,3,It's fine but could be better.,2025-10-10,Neutral
R06800,CUST1475,P1034,5,"Excellent product, highly recommended!",2025-04-17,Positive
R06801,CUST1159,P1802,4,Quality is great for the price.,2022-02-06,Positive
R06802,CUST2003,P0875,4,"Excellent product, highly recommended!",2025-03-12,Positive
R06803,CUST1482,P0687,5,Works as expected.,2024-12-15,Positive
R06804,CUST1167,P1653,3,"Average quality, meets expectations.",2025-06-21,Neutral
R06805,CUST0012,P0644,1,Disappointed with the build quality.,2025-05-30,Negative
R06806,CUST4498,P1125,4,"Excellent product, highly recommended!",2023-09-09,Positive
R06807,CUST1176,P0134,5,Quality is great for the price.,2025-10-04,Positive
R06808,CUST0884,P1790,4,Works as expected.,2023-08-03,Positive
R06809,CUST4262,P0982,2,Stopped working after a week.,2025-11-05,Negative
R06810,CUST4775,P0155,5,Good value for money.,2025-03-01,Positive
R06811,CUST2718,P0125,5,Works as expected.,2025-09-08,Positive
R06812,CUST3300,P0263,4,Very satisfied with the purchase.,2024-12-11,Positive
R06813,CUST0283,P1932,4,"Excellent product, highly recommended!",2025-05-21,Positive
R06814,CUST3417,P0588,3,"Product is okay, nothing special.",2025-11-12,Neutral
R06815,CUST0887,P0717,5,Good value for money.,2025-05-23,Positive
R06816,CUST1294,P0571,5,Quality is great for the price.,2023-03-05,Positive
R06817,CUST1264,P0228,5,Good value for money.,2025-10-02,Positive
R06818,CUST2389,P1517,3,"Average quality, meets expectations.",2025-10-08,Neutral
R06819,CUST0669,P0280,5,Quality is great for the price.,2023-02-28,Positive
R06820,CUST2724,P0788,5,Works as expected.,2023-07-29,Positive
R06821,CUST1056,P1375,4,Quality is great for the price.,2025-08-13,Positive
R06822,CUST4764,P1182,5,Good value for money.,2023-02-17,Positive
R06823,CUST1331,P1047,5,Good value for money.,2025-04-21,Positive
R06824,CUST0568,P0788,4,Very satisfied with the purchase.,2025-09-17,Positive
R06825,CUST3898,P1830,5,Good value for money.,2023-07-04,Positive
R06826,CUST2320,P0219,2,Not worth the money.,2025-09-12,Negative
R06827,CUST3576,P0401,5,"Excellent product, highly recommended!",2024-12-12,Positive
R06828,CUST2683,P1311,4,Quality is great for the price.,2022-02-05,Positive
R06829,CUST0161,P0179,4,Very satisfied with the purchase.,2025-10-09,Positive
R06830,CUST4963,P1279,3,"Product is okay, nothing special.",2024-12-05,Neutral
R06831,CUST0951,P1362,3,It's fine but could be better.,2025-10-11,Neutral
R06832,CUST2911,P1317,5,Very satisfied with the purchase.,2021-11-19,Positive
R06833,CUST3802,P1759,5,Very satisfied with the purchase.,2025-02-21,Positive
R06834,CUST0731,P0494,2,Stopped working after a week.,2025-08-30,Negative
R06835,CUST0021,P1967,5,Quality is great for the price.,2023-05-31,Positive
R06836,CUST3745,P1640,1,Stopped working after a week.,2022-08-06,Negative
R06837,CUST4223,P0347,4,"Excellent product, highly recommended!",2024-08-11,Positive
R06838,CUST1234,P0458,3,It's fine but could be better.,2025-02-28,Neutral
R06839,CUST4820,P1860,5,Very satisfied with the purchase.,2023-09-19,Positive
R06840,CUST2209,P0987,3,"Average quality, meets expectations.",2022-03-05,Neutral
R06841,CUST3471,P1551,3,"Average quality, meets expectations.",2025-09-29,Neutral
R06842,CUST4645,P0432,4,Good value for money.,2023-12-26,Positive
R06843,CUST0092,P0221,4,Quality is great for the price.,2025-04-22,Positive
R06844,CUST1195,P0003,5,Works as expected.,2025-08-24,Positive
R06845,CUST2594,P1288,2,Stopped working after a week.,2024-11-25,Negative
R06846,CUST3871,P1977,5,Very satisfied with the purchase.,2024-07-29,Positive
R06847,CUST0251,P1736,4,Works as expected.,2024-06-07,Positive
R06848,CUST1399,P0915,4,"Excellent product, highly recommended!",2025-02-20,Positive
R06849,CUST3395,P0949,2,Stopped working after a week.,2025-08-06,Negative
R06850,CUST3301,P0035,5,"Excellent product, highly recommended!",2025-06-03,Positive
R06851,CUST0008,P0066,3,"Average quality, meets expectations.",2023-11-01,Neutral
R06852,CUST2329,P0540,5,Good value for money.,2025-11-07,Positive
R06853,CUST3884,P1789,2,Disappointed with the build quality.,2025-11-05,Negative
R06854,CUST4557,P1549,5,"Excellent product, highly recommended!",2024-06-07,Positive
R06855,CUST0630,P1654,3,"Product is okay, nothing special.",2025-09-24,Neutral
R06856,CUST1203,P0747,5,Very satisfied with the purchase.,2025-06-17,Positive
R06857,CUST1756,P0226,5,"Excellent product, highly recommended!",2023-10-05,Positive
R06858,CUST4563,P1333,5,Good value for money.,2023-12-21,Positive
R06859,CUST4223,P1262,3,It's fine but could be better.,2025-07-17,Neutral
R06860,CUST1857,P0692,4,Very satisfied with the purchase.,2023-10-02,Positive
R06861,CUST4367,P0916,5,Works as expected.,2024-09-24,Positive
R06862,CUST3271,P0932,5,"Excellent product, highly recommended!",2025-10-16,Positive
R06863,CUST1447,P0033,4,"Excellent product, highly recommended!",2024-06-02,Positive
R06864,CUST1385,P1261,4,Works as expected.,2025-11-01,Positive
R06865,CUST4611,P0334,3,Decent product for the price.,2025-01-01,Neutral
R06866,CUST2561,P1034,4,Quality is great for the price.,2025-06-20,Positive
R06867,CUST4543,P1014,5,Very satisfied with the purchase.,2022-08-12,Positive
R06868,CUST3298,P1864,5,"Excellent product, highly recommended!",2024-06-05,Positive
R06869,CUST4947,P0041,3,It's fine but could be better.,2025-10-03,Neutral
R06870,CUST4747,P0890,5,"Excellent product, highly recommended!",2024-02-23,Positive
R06871,CUST0469,P0822,2,Not worth the money.,2024-11-03,Negative
R06872,CUST0176,P1001,5,Quality is great for the price.,2022-10-19,Positive
R06873,CUST1550,P0661,2,Disappointed with the build quality.,2025-10-06,Negative
R06874,CUST0989,P0818,4,Very satisfied with the purchase.,2025-09-23,Positive
R06875,CUST4304,P1762,5,Good value for money.,2025-10-04,Positive
R06876,CUST1193,P0145,4,Very satisfied with the purchase.,2025-11-02,Positive
R06877,CUST2062,P0344,4,Good value for money.,2025-10-27,Positive
R06878,CUST3148,P0312,3,Decent product for the price.,2025-10-16,Neutral
R06879,CUST0902,P0778,5,Very satisfied with the purchase.,2023-11-19,Positive
R06880,CUST1873,P0596,5,Very satisfied with the purchase.,2025-09-12,Positive
R06881,CUST0861,P1881,3,"Average quality, meets expectations.",2022-03-05,Neutral
R06882,CUST0457,P0521,4,Quality is great for the price.,2023-07-24,Positive
R06883,CUST4212,P1290,5,"Excellent product, highly recommended!",2023-06-23,Positive
R06884,CUST1175,P0821,4,"Excellent product, highly recommended!",2021-11-29,Positive
R06885,CUST2253,P0162,4,"Excellent product, highly recommended!",2025-09-14,Positive
R06886,CUST4115,P0106,3,"Average quality, meets expectations.",2025-10-03,Neutral
R06887,CUST3482,P1760,1,Stopped working after a week.,2024-04-17,Negative
R06888,CUST1348,P1198,2,Disappointed with the build quality.,2025-08-27,Negative
R06889,CUST1801,P0326,4,Very satisfied with the purchase.,2020-05-05,Positive
R06890,CUST4023,P0384,2,Poor customer service experience.,2025-09-20,Negative
R06891,CUST0513,P0158,3,It's fine but could be better.,2024-10-03,Neutral
R06892,CUST1671,P0317,5,Quality is great for the price.,2025-10-15,Positive
R06893,CUST1196,P0357,3,"Product is okay, nothing special.",2022-06-23,Neutral
R06894,CUST3501,P0180,3,Decent product for the price.,2025-10-23,Neutral
R06895,CUST4881,P1599,5,Works as expected.,2025-10-21,Positive
R06896,CUST4472,P0997,4,Very satisfied with the purchase.,2024-01-13,Positive
R06897,CUST4848,P0094,5,"Excellent product, highly recommended!",2025-05-10,Positive
R06898,CUST3106,P0361,5,Quality is great for the price.,2025-04-09,Positive
R06899,CUST4908,P1623,3,"Average quality, meets expectations.",2024-04-07,Neutral
R06900,CUST2120,P0258,5,Very satisfied with the purchase.,2025-08-16,Positive
R06901,CUST0639,P1587,5,Good value for money.,2025-03-26,Positive
R06902,CUST0181,P1162,2,Poor customer service experience.,2022-04-30,Negative
R06903,CUST2160,P0773,3,"Average quality, meets expectations.",2025-07-13,Neutral
R06904,CUST0644,P1912,5,Very satisfied with the purchase.,2025-09-20,Positive
R06905,CUST1393,P1968,5,Good value for money.,2024-01-28,Positive
R06906,CUST0693,P0619,3,"Product is okay, nothing special.",2025-09-25,Neutral
R06907,CUST2463,P0469,5,Good value for money.,2025-10-30,Positive
R06908,CUST2456,P0601,4,Good value for money.,2025-07-07,Positive
R06909,CUST1155,P0505,5,Very satisfied with the purchase.,2024-08-20,Positive
R06910,CUST3939,P1791,3,"Average quality, meets expectations.",2024-04-04,Neutral
R06911,CUST0821,P1258,5,Works as expected.,2025-09-12,Positive
R06912,CUST0124,P1285,4,Works as expected.,2025-08-08,Positive
R06913,CUST2750,P1938,5,Works as expected.,2025-04-04,Positive
R06914,CUST3646,P1542,4,Good value for money.,2025-09-29,Positive
R06915,CUST1669,P0689,4,Good value for money.,2025-06-27,Positive
R06916,CUST4179,P0203,5,"Excellent product, highly recommended!",2024-09-05,Positive
R06917,CUST1432,P1545,2,Poor customer service experience.,2025-08-24,Negative
R06918,CUST0361,P1205,3,"Average quality, meets expectations.",2023-08-12,Neutral
R06919,CUST4587,P1528,5,Very satisfied with the purchase.,2025-08-03,Positive
R06920,CUST0169,P0545,4,Quality is great for the price.,2024-04-18,Positive
R06921,CUST3964,P0899,3,It's fine but could be better.,2025-10-07,Neutral
R06922,CUST3490,P1280,5,Quality is great for the price.,2024-12-28,Positive
R06923,CUST4143,P1241,5,Quality is great for the price.,2024-12-01,Positive
R06924,CUST1554,P1051,4,Works as expected.,2025-01-03,Positive
R06925,CUST4689,P1024,4,Works as expected.,2025-01-10,Positive
R06926,CUST0423,P1250,3,"Product is okay, nothing special.",2024-12-14,Neutral
R06927,CUST0968,P0810,4,Good value for money.,2024-12-16,Positive
R06928,CUST2717,P0398,5,Good value for money.,2025-04-04,Positive
R06929,CUST0756,P0960,4,Good value for money.,2024-12-29,Positive
R06930,CUST2234,P1471,5,Good value for money.,2025-10-08,Positive
R06931,CUST4105,P1135,4,Very satisfied with the purchase.,2025-10-22,Positive
R06932,CUST1206,P1266,5,Good value for money.,2025-04-06,Positive
R06933,CUST0306,P0360,1,Not worth the money.,2025-09-20,Negative
R06934,CUST3545,P0444,2,Not worth the money.,2025-08-07,Negative
R06935,CUST1986,P0085,4,Quality is great for the price.,2025-03-30,Positive
R06936,CUST3721,P0593,3,Decent product for the price.,2025-09-09,Neutral
R06937,CUST3921,P1554,2,Disappointed with the build quality.,2025-09-10,Negative
R06938,CUST3400,P1684,3,"Average quality, meets expectations.",2025-02-03,Neutral
R06939,CUST1848,P0128,5,Works as expected.,2023-10-14,Positive
R06940,CUST1626,P1029,5,Very satisfied with the purchase.,2025-10-17,Positive
R06941,CUST2355,P1637,5,Quality is great for the price.,2025-07-28,Positive
R06942,CUST4565,P0203,3,"Product is okay, nothing special.",2023-11-29,Neutral
R06943,CUST1684,P1258,4,Works as expected.,2025-05-21,Positive
R06944,CUST1139,P1855,5,Very satisfied with the purchase.,2025-03-07,Positive
R06945,CUST0868,P0583,4,Quality is great for the price.,2025-10-10,Positive
R06946,CUST2219,P0621,5,Works as expected.,2024-03-20,Positive
R06947,CUST1629,P1569,3,"Average quality, meets expectations.",2025-08-12,Neutral
R06948,CUST0041,P1367,3,It's fine but could be better.,2025-05-21,Neutral
R06949,CUST1374,P1236,5,Very satisfied with the purchase.,2025-06-28,Positive
R06950,CUST3787,P1658,5,Very satisfied with the purchase.,2025-10-07,Positive
R06951,CUST4781,P1591,2,Not worth the money.,2025-10-09,Negative
R06952,CUST3712,P1189,5,"Excellent product, highly recommended!",2024-08-18,Positive
R06953,CUST1655,P1100,5,Very satisfied with the purchase.,2025-11-11,Positive
R06954,CUST0085,P0899,4,Good value for money.,2025-05-15,Positive
R06955,CUST1272,P1879,5,Very satisfied with the purchase.,2025-10-02,Positive
R06956,CUST1831,P1693,3,"Product is okay, nothing special.",2025-10-08,Neutral
R06957,CUST2650,P0684,5,Works as expected.,2025-06-20,Positive
R06958,CUST3125,P0017,4,Good value for money.,2023-05-18,Positive
R06959,CUST2292,P0119,4,Very satisfied with the purchase.,2025-04-19,Positive
R06960,CUST1383,P1870,5,Works as expected.,2025-10-22,Positive
R06961,CUST2740,P1168,4,"Excellent product, highly recommended!",2025-06-10,Positive
R06962,CUST1032,P0492,5,"Excellent product, highly recommended!",2024-12-31,Positive
R06963,CUST1108,P0999,5,Good value for money.,2025-09-14,Positive
R06964,CUST1288,P0807,4,Works as expected.,2025-07-11,Positive
R06965,CUST4033,P0571,5,Good value for money.,2023-05-26,Positive
R06966,CUST2542,P1117,4,Quality is great for the price.,2023-02-15,Positive
R06967,CUST3976,P1410,4,Works as expected.,2025-09-23,Positive
R06968,CUST2580,P0443,5,Good value for money.,2025-10-12,Positive
R06969,CUST1076,P0442,4,"Excellent product, highly recommended!",2025-07-23,Positive
R06970,CUST1257,P0399,5,"Excellent product, highly recommended!",2025-08-17,Positive
R06971,CUST1728,P1135,4,Very satisfied with the purchase.,2025-06-30,Positive
R06972,CUST1014,P1194,5,Good value for money.,2025-06-05,Positive
R06973,CUST2184,P0169,5,Very satisfied with the purchase.,2025-04-16,Positive
R06974,CUST1071,P1603,5,Good value for money.,2021-07-13,Positive
R06975,CUST2016,P0720,5,Good value for money.,2025-09-27,Positive
R06976,CUST0458,P0168,5,"Excellent product, highly recommended!",2025-01-18,Positive
R06977,CUST4977,P0663,3,It's fine but could be better.,2025-11-02,Neutral
R06978,CUST4686,P1715,2,Not worth the money.,2025-07-12,Negative
R06979,CUST0739,P0666,2,Not worth the money.,2023-05-18,Negative
R06980,CUST1136,P0672,5,Works as expected.,2025-10-24,Positive
R06981,CUST1120,P1026,3,"Average quality, meets expectations.",2025-05-20,Neutral
R06982,CUST0095,P0612,5,Good value for money.,2024-03-10,Positive
R06983,CUST0467,P0243,4,Works as expected.,2022-08-08,Positive
R06984,CUST4490,P0247,1,Poor customer service experience.,2025-05-31,Negative
R06985,CUST3320,P0762,5,Good value for money.,2025-10-29,Positive
R06986,CUST3068,P0250,5,Works as expected.,2025-02-17,Positive
R06987,CUST1212,P1578,3,"Average quality, meets expectations.",2024-05-13,Neutral
R06988,CUST2858,P1212,5,Works as expected.,2025-06-09,Positive
R06989,CUST2948,P0064,3,"Average quality, meets expectations.",2022-08-19,Neutral
R06990,CUST1221,P0956,5,"Excellent product, highly recommended!",2024-12-23,Positive
R06991,CUST2407,P0742,3,Decent product for the price.,2025-04-08,Neutral
R06992,CUST2552,P1024,5,Very satisfied with the purchase.,2023-05-03,Positive
R06993,CUST2485,P0798,5,Good value for money.,2025-10-22,Positive
R06994,CUST0888,P0638,5,Good value for money.,2024-08-10,Positive
R06995,CUST3734,P0819,5,Works as expected.,2025-11-09,Positive
R06996,CUST0096,P0823,4,Very satisfied with the purchase.,2025-06-27,Positive
R06997,CUST2986,P0740,5,Very satisfied with the purchase.,2025-11-11,Positive
R06998,CUST1158,P1371,3,Decent product for the price.,2022-11-21,Neutral
R06999,CUST0442,P1493,3,"Product is okay, nothing special.",2025-09-16,Neutral
R07000,CUST3873,P0572,5,Works as expected.,2025-02-12,Positive
R07001,CUST2826,P1821,5,"Excellent product, highly recommended!",2025-08-31,Positive
R07002,CUST1456,P0991,5,Very satisfied with the purchase.,2025-10-02,Positive
R07003,CUST4522,P0396,5,Works as expected.,2022-06-02,Positive
R07004,CUST1904,P0222,5,"Excellent product, highly recommended!",2024-07-11,Positive
R07005,CUST0279,P0726,4,"Excellent product, highly recommended!",2025-04-20,Positive
R07006,CUST4122,P0901,5,"Excellent product, highly recommended!",2024-11-17,Positive
R07007,CUST4661,P0073,4,"Excellent product, highly recommended!",2021-02-07,Positive
R07008,CUST2277,P1357,3,"Product is okay, nothing special.",2025-03-29,Neutral
R07009,CUST0484,P0002,5,Works as expected.,2025-07-31,Positive
R07010,CUST4593,P1005,4,Good value for money.,2022-02-16,Positive
R07011,CUST1027,P0511,5,Works as expected.,2025-10-13,Positive
R07012,CUST2692,P1203,4,Works as expected.,2023-01-14,Positive
R07013,CUST3644,P0074,5,Very satisfied with the purchase.,2025-06-09,Positive
R07014,CUST4619,P0202,4,Works as expected.,2024-08-10,Positive
R07015,CUST0760,P0917,4,Quality is great for the price.,2024-03-11,Positive
R07016,CUST1039,P1439,4,Quality is great for the price.,2024-11-11,Positive
R07017,CUST0028,P1564,5,Works as expected.,2022-11-19,Positive
R07018,CUST0222,P1003,5,Good value for money.,2025-01-17,Positive
R07019,CUST3388,P0135,4,Quality is great for the price.,2024-07-13,Positive
R07020,CUST3605,P1383,4,Good value for money.,2025-06-19,Positive
R07021,CUST3310,P1189,5,Works as expected.,2024-01-06,Positive
R07022,CUST2650,P1283,4,"Excellent product, highly recommended!",2024-10-23,Positive
R07023,CUST3430,P1319,5,Quality is great for the price.,2024-10-03,Positive
R07024,CUST0917,P0409,4,Good value for money.,2023-05-31,Positive
R07025,CUST3830,P1828,4,Good value for money.,2024-06-11,Positive
R07026,CUST4272,P0569,5,"Excellent product, highly recommended!",2025-10-06,Positive
R07027,CUST1930,P0487,5,Works as expected.,2024-05-30,Positive
R07028,CUST0227,P0530,5,Very satisfied with the purchase.,2024-11-04,Positive
R07029,CUST2301,P0738,5,"Excellent product, highly recommended!",2025-10-28,Positive
R07030,CUST2562,P0920,4,"Excellent product, highly recommended!",2025-11-07,Positive
R07031,CUST3488,P1409,5,"Excellent product, highly recommended!",2023-07-26,Positive
R07032,CUST4645,P0739,5,Quality is great for the price.,2024-08-27,Positive
R07033,CUST3985,P0738,5,Very satisfied with the purchase.,2025-10-06,Positive
R07034,CUST4734,P1849,5,Very satisfied with the purchase.,2023-05-03,Positive
R07035,CUST3929,P1636,2,Not worth the money.,2024-11-10,Negative
R07036,CUST3074,P1990,5,Works as expected.,2022-08-25,Positive
R07037,CUST3632,P0707,5,Quality is great for the price.,2024-11-23,Positive
R07038,CUST0451,P0335,4,Works as expected.,2025-06-16,Positive
R07039,CUST4187,P0335,5,"Excellent product, highly recommended!",2025-10-22,Positive
R07040,CUST2940,P1786,4,Works as expected.,2025-11-14,Positive
R07041,CUST0746,P0011,5,Quality is great for the price.,2023-03-12,Positive
R07042,CUST2201,P0526,5,Quality is great for the price.,2021-12-26,Positive
R07043,CUST3195,P0963,4,Good value for money.,2025-10-24,Positive
R07044,CUST3017,P1457,5,Works as expected.,2024-08-26,Positive
R07045,CUST1342,P0132,5,Works as expected.,2024-09-02,Positive
R07046,CUST4660,P1712,3,Decent product for the price.,2024-07-15,Neutral
R07047,CUST1880,P0753,4,"Excellent product, highly recommended!",2024-10-16,Positive
R07048,CUST4504,P0459,5,Quality is great for the price.,2025-09-05,Positive
R07049,CUST3133,P0663,5,Very satisfied with the purchase.,2025-11-08,Positive
R07050,CUST4901,P0265,4,Very satisfied with the purchase.,2025-04-04,Positive
R07051,CUST3355,P1797,5,Quality is great for the price.,2025-07-14,Positive
R07052,CUST4803,P0623,5,Works as expected.,2025-06-15,Positive
R07053,CUST3445,P1915,3,Decent product for the price.,2025-03-17,Neutral
R07054,CUST2899,P0637,4,Very satisfied with the purchase.,2025-10-09,Positive
R07055,CUST4598,P0160,4,Works as expected.,2025-09-09,Positive
R07056,CUST0554,P1131,4,"Excellent product, highly recommended!",2025-05-01,Positive
R07057,CUST0306,P0421,3,Decent product for the price.,2024-11-04,Neutral
R07058,CUST0061,P1803,4,Very satisfied with the purchase.,2025-07-19,Positive
R07059,CUST1257,P0295,4,Good value for money.,2024-11-15,Positive
R07060,CUST2450,P1890,3,It's fine but could be better.,2025-09-06,Neutral
R07061,CUST2440,P1038,4,Quality is great for the price.,2021-12-24,Positive
R07062,CUST1521,P0983,5,Works as expected.,2021-08-14,Positive
R07063,CUST2958,P1733,4,"Excellent product, highly recommended!",2023-12-07,Positive
R07064,CUST3773,P0021,5,Very satisfied with the purchase.,2024-05-13,Positive
R07065,CUST1827,P1336,4,Works as expected.,2023-11-08,Positive
R07066,CUST4026,P1209,3,Decent product for the price.,2025-09-30,Neutral
R07067,CUST3128,P1991,5,Works as expected.,2025-08-20,Positive
R07068,CUST2799,P1798,3,"Average quality, meets expectations.",2025-11-05,Neutral
R07069,CUST2879,P0641,4,"Excellent product, highly recommended!",2024-07-30,Positive
R07070,CUST3986,P1218,2,Poor customer service experience.,2025-10-23,Negative
R07071,CUST0616,P1336,5,"Excellent product, highly recommended!",2024-09-02,Positive
R07072,CUST3706,P0719,5,Quality is great for the price.,2023-08-23,Positive
R07073,CUST2005,P1129,5,Works as expected.,2025-10-20,Positive
R07074,CUST4188,P0330,5,Works as expected.,2024-12-18,Positive
R07075,CUST0515,P1122,4,Works as expected.,2022-01-01,Positive
R07076,CUST0758,P1458,5,Good value for money.,2025-07-20,Positive
R07077,CUST2956,P0597,3,It's fine but could be better.,2021-07-30,Neutral
R07078,CUST1113,P0782,3,"Average quality, meets expectations.",2025-08-19,Neutral
R07079,CUST4229,P0759,4,"Excellent product, highly recommended!",2022-09-08,Positive
R07080,CUST2117,P0078,3,"Average quality, meets expectations.",2024-11-11,Neutral
R07081,CUST0324,P0216,4,Quality is great for the price.,2025-08-08,Positive
R07082,CUST2082,P1815,5,Quality is great for the price.,2024-10-13,Positive
R07083,CUST0812,P0006,4,Quality is great for the price.,2025-10-01,Positive
R07084,CUST4419,P0011,4,Good value for money.,2021-12-20,Positive
R07085,CUST2700,P1673,2,Stopped working after a week.,2024-06-21,Negative
R07086,CUST0691,P0785,4,Quality is great for the price.,2023-05-14,Positive
R07087,CUST0728,P0441,4,Works as expected.,2025-10-13,Positive
R07088,CUST2790,P1596,4,Quality is great for the price.,2025-09-06,Positive
R07089,CUST3620,P1875,5,Very satisfied with the purchase.,2024-09-26,Positive
R07090,CUST0734,P0642,5,Good value for money.,2023-06-07,Positive
R07091,CUST1931,P1513,4,Works as expected.,2024-08-27,Positive
R07092,CUST1785,P0185,4,Very satisfied with the purchase.,2025-02-04,Positive
R07093,CUST1875,P0845,5,"Excellent product, highly recommended!",2024-03-29,Positive
R07094,CUST3522,P1624,2,Stopped working after a week.,2024-10-23,Negative
R07095,CUST2801,P1008,4,Good value for money.,2025-06-09,Positive
R07096,CUST3177,P1888,3,It's fine but could be better.,2025-02-27,Neutral
R07097,CUST1975,P1452,5,Quality is great for the price.,2024-05-31,Positive
R07098,CUST4620,P0701,3,It's fine but could be better.,2024-09-20,Neutral
R07099,CUST1730,P0628,4,"Excellent product, highly recommended!",2025-10-30,Positive
R07100,CUST4233,P0932,3,"Average quality, meets expectations.",2025-04-18,Neutral
R07101,CUST0638,P0033,5,Good value for money.,2022-06-27,Positive
R07102,CUST2911,P0989,3,Decent product for the price.,2025-09-27,Neutral
R07103,CUST3327,P0327,4,Works as expected.,2025-10-26,Positive
R07104,CUST1882,P1821,2,Disappointed with the build quality.,2025-10-08,Negative
R07105,CUST2815,P0712,4,Good value for money.,2024-06-07,Positive
R07106,CUST2268,P0004,3,"Product is okay, nothing special.",2025-10-22,Neutral
R07107,CUST3024,P0022,3,"Product is okay, nothing special.",2022-10-04,Neutral
R07108,CUST2510,P1685,5,Very satisfied with the purchase.,2023-09-18,Positive
R07109,CUST0382,P1726,5,Very satisfied with the purchase.,2025-11-09,Positive
R07110,CUST2948,P1595,4,Very satisfied with the purchase.,2025-08-25,Positive
R07111,CUST4672,P1344,5,Works as expected.,2025-07-22,Positive
R07112,CUST2283,P1360,4,Quality is great for the price.,2025-10-13,Positive
R07113,CUST3205,P1268,5,Very satisfied with the purchase.,2024-02-20,Positive
R07114,CUST1019,P1706,4,"Excellent product, highly recommended!",2024-11-05,Positive
R07115,CUST2255,P1329,4,"Excellent product, highly recommended!",2024-11-09,Positive
R07116,CUST4982,P1194,4,Quality is great for the price.,2025-05-24,Positive
R07117,CUST0169,P1767,4,Works as expected.,2025-11-08,Positive
R07118,CUST0333,P0448,5,Very satisfied with the purchase.,2025-08-30,Positive
R07119,CUST1686,P0915,3,"Product is okay, nothing special.",2024-08-25,Neutral
R07120,CUST2208,P0172,5,Works as expected.,2025-08-27,Positive
R07121,CUST2158,P0071,4,"Excellent product, highly recommended!",2023-08-03,Positive
R07122,CUST4783,P1921,4,Good value for money.,2023-03-09,Positive
R07123,CUST3635,P1096,5,Quality is great for the price.,2024-09-12,Positive
R07124,CUST4634,P0658,3,Decent product for the price.,2024-09-18,Neutral
R07125,CUST0822,P1656,4,Quality is great for the price.,2024-11-07,Positive
R07126,CUST1729,P0677,5,Very satisfied with the purchase.,2021-06-21,Positive
R07127,CUST4761,P0223,5,Good value for money.,2025-06-25,Positive
R07128,CUST4716,P0567,5,Very satisfied with the purchase.,2023-11-24,Positive
R07129,CUST1122,P1789,5,Good value for money.,2025-10-04,Positive
R07130,CUST1405,P1349,2,Poor customer service experience.,2025-10-24,Negative
R07131,CUST0469,P1668,5,Very satisfied with the purchase.,2025-04-30,Positive
R07132,CUST1580,P1457,4,Good value for money.,2024-05-16,Positive
R07133,CUST2142,P1933,4,Quality is great for the price.,2024-02-10,Positive
R07134,CUST0395,P0672,3,Decent product for the price.,2025-08-19,Neutral
R07135,CUST2944,P1799,5,Quality is great for the price.,2022-12-06,Positive
R07136,CUST1863,P1614,4,Good value for money.,2024-10-06,Positive
R07137,CUST1267,P1562,3,"Product is okay, nothing special.",2025-02-14,Neutral
R07138,CUST4828,P0867,5,Quality is great for the price.,2025-05-23,Positive
R07139,CUST3932,P1115,4,Works as expected.,2023-09-08,Positive
R07140,CUST4211,P0406,5,Quality is great for the price.,2023-10-10,Positive
R07141,CUST4655,P0115,5,Quality is great for the price.,2023-06-21,Positive
R07142,CUST2513,P1196,5,Good value for money.,2024-07-15,Positive
R07143,CUST2932,P1616,5,Very satisfied with the purchase.,2025-11-10,Positive
R07144,CUST2340,P0688,4,Very satisfied with the purchase.,2023-12-21,Positive
R07145,CUST3111,P0694,2,Disappointed with the build quality.,2024-12-11,Negative
R07146,CUST0638,P0610,3,It's fine but could be better.,2022-12-17,Neutral
R07147,CUST3959,P0029,5,Very satisfied with the purchase.,2025-04-07,Positive
R07148,CUST1871,P0775,4,"Excellent product, highly recommended!",2021-11-12,Positive
R07149,CUST0694,P0441,3,"Product is okay, nothing special.",2025-05-13,Neutral
R07150,CUST3716,P0818,2,Poor customer service experience.,2024-08-08,Negative
R07151,CUST3220,P0058,4,Good value for money.,2022-11-15,Positive
R07152,CUST4607,P1997,5,"Excellent product, highly recommended!",2025-07-13,Positive
R07153,CUST1565,P0808,4,"Excellent product, highly recommended!",2025-07-12,Positive
R07154,CUST1292,P0309,2,Poor customer service experience.,2022-06-17,Negative
R07155,CUST4265,P0789,5,Very satisfied with the purchase.,2025-11-02,Positive
R07156,CUST2412,P1619,5,"Excellent product, highly recommended!",2025-08-25,Positive
R07157,CUST4982,P0848,4,Very satisfied with the purchase.,2022-05-18,Positive
R07158,CUST4306,P0011,3,Decent product for the price.,2025-05-21,Neutral
R07159,CUST2598,P0113,5,Works as expected.,2025-10-28,Positive
R07160,CUST4353,P0759,5,Works as expected.,2024-06-27,Positive
R07161,CUST1787,P1856,5,"Excellent product, highly recommended!",2022-02-02,Positive
R07162,CUST1341,P1544,3,"Product is okay, nothing special.",2024-07-22,Neutral
R07163,CUST1390,P0726,5,Good value for money.,2025-03-16,Positive
R07164,CUST3235,P0679,2,Disappointed with the build quality.,2025-10-28,Negative
R07165,CUST0829,P0393,4,"Excellent product, highly recommended!",2025-06-16,Positive
R07166,CUST0774,P0432,5,Very satisfied with the purchase.,2025-07-04,Positive
R07167,CUST0686,P1873,2,Poor customer service experience.,2025-03-27,Negative
R07168,CUST3247,P1599,5,"Excellent product, highly recommended!",2021-04-30,Positive
R07169,CUST0387,P1005,5,Good value for money.,2025-02-01,Positive
R07170,CUST3228,P1153,4,Works as expected.,2023-01-12,Positive
R07171,CUST2702,P1701,2,Stopped working after a week.,2024-12-12,Negative
R07172,CUST1383,P1044,3,"Product is okay, nothing special.",2024-08-08,Neutral
R07173,CUST3679,P0223,4,Very satisfied with the purchase.,2022-05-09,Positive
R07174,CUST1368,P0193,5,Good value for money.,2023-06-22,Positive
R07175,CUST4271,P1788,4,"Excellent product, highly recommended!",2024-05-07,Positive
R07176,CUST1416,P0412,4,Works as expected.,2023-10-06,Positive
R07177,CUST2324,P0511,2,Stopped working after a week.,2025-03-20,Negative
R07178,CUST0071,P1594,4,"Excellent product, highly recommended!",2023-11-23,Positive
R07179,CUST2349,P1686,4,Works as expected.,2024-11-14,Positive
R07180,CUST0793,P0992,5,Good value for money.,2023-10-10,Positive
R07181,CUST3220,P1153,4,Very satisfied with the purchase.,2022-09-16,Positive
R07182,CUST2297,P1258,4,Very satisfied with the purchase.,2024-08-15,Positive
R07183,CUST4155,P0999,4,Good value for money.,2021-11-09,Positive
R07184,CUST0295,P0025,5,Works as expected.,2025-09-20,Positive
R07185,CUST3783,P0825,5,Good value for money.,2024-11-18,Positive
R07186,CUST4537,P1592,3,"Product is okay, nothing special.",2020-07-21,Neutral
R07187,CUST3932,P1890,3,It's fine but could be better.,2025-04-24,Neutral
R07188,CUST4254,P1979,5,Works as expected.,2021-09-24,Positive
R07189,CUST0488,P1990,2,Disappointed with the build quality.,2024-04-10,Negative
R07190,CUST1796,P0081,5,Quality is great for the price.,2024-06-09,Positive
R07191,CUST4784,P0800,2,Stopped working after a week.,2025-10-18,Negative
R07192,CUST0954,P0709,4,Good value for money.,2022-11-27,Positive
R07193,CUST4967,P1796,4,Very satisfied with the purchase.,2025-06-22,Positive
R07194,CUST2516,P1698,5,Very satisfied with the purchase.,2024-05-28,Positive
R07195,CUST2176,P1499,2,Disappointed with the build quality.,2025-03-03,Negative
R07196,CUST3109,P0048,5,Works as expected.,2025-04-04,Positive
R07197,CUST0127,P0775,3,It's fine but could be better.,2022-11-02,Neutral
R07198,CUST3802,P1804,4,"Excellent product, highly recommended!",2024-04-24,Positive
R07199,CUST2351,P0621,3,"Average quality, meets expectations.",2024-02-25,Neutral
R07200,CUST2653,P0175,3,It's fine but could be better.,2021-10-17,Neutral
R07201,CUST2274,P1459,4,Very satisfied with the purchase.,2025-08-22,Positive
R07202,CUST3950,P1064,5,Works as expected.,2025-05-29,Positive
R07203,CUST2157,P1431,5,"Excellent product, highly recommended!",2024-10-11,Positive
R07204,CUST4886,P0037,5,Good value for money.,2025-06-02,Positive
R07205,CUST3295,P1125,2,Poor customer service experience.,2025-10-03,Negative
R07206,CUST0071,P1788,5,Very satisfied with the purchase.,2023-09-23,Positive
R07207,CUST4869,P1836,5,"Excellent product, highly recommended!",2025-02-03,Positive
R07208,CUST0846,P0812,5,Quality is great for the price.,2025-10-25,Positive
R07209,CUST0116,P0001,4,"Excellent product, highly recommended!",2025-01-22,Positive
R07210,CUST2115,P0404,5,"Excellent product, highly recommended!",2021-09-23,Positive
R07211,CUST3329,P1708,2,Not worth the money.,2024-09-11,Negative
R07212,CUST4427,P0128,4,Very satisfied with the purchase.,2025-07-12,Positive
R07213,CUST1837,P1093,2,Stopped working after a week.,2025-05-17,Negative
R07214,CUST2312,P1895,4,Very satisfied with the purchase.,2024-06-01,Positive
R07215,CUST4572,P1719,4,Good value for money.,2025-08-08,Positive
R07216,CUST2824,P1364,5,"Excellent product, highly recommended!",2023-08-08,Positive
R07217,CUST2517,P1054,4,"Excellent product, highly recommended!",2024-11-26,Positive
R07218,CUST2229,P1110,5,Works as expected.,2023-04-11,Positive
R07219,CUST0103,P1736,4,"Excellent product, highly recommended!",2025-02-12,Positive
R07220,CUST4374,P1037,4,Works as expected.,2022-06-23,Positive
R07221,CUST0191,P1819,4,"Excellent product, highly recommended!",2021-12-12,Positive
R07222,CUST2674,P0488,5,Works as expected.,2025-06-26,Positive
R07223,CUST1345,P0707,4,Quality is great for the price.,2025-01-30,Positive
R07224,CUST3046,P0678,5,Good value for money.,2024-06-02,Positive
R07225,CUST4661,P1496,4,Very satisfied with the purchase.,2023-02-15,Positive
R07226,CUST1286,P0059,4,Works as expected.,2025-10-12,Positive
R07227,CUST3251,P1853,4,"Excellent product, highly recommended!",2025-09-23,Positive
R07228,CUST0901,P1107,4,Very satisfied with the purchase.,2020-11-26,Positive
R07229,CUST4596,P0337,4,Quality is great for the price.,2020-09-18,Positive
R07230,CUST4168,P1953,5,Works as expected.,2024-11-08,Positive
R07231,CUST3416,P1951,4,Quality is great for the price.,2022-08-13,Positive
R07232,CUST0129,P1043,4,Quality is great for the price.,2025-05-30,Positive
R07233,CUST4818,P1067,4,Very satisfied with the purchase.,2025-07-05,Positive
R07234,CUST3718,P0557,3,It's fine but could be better.,2023-11-20,Neutral
R07235,CUST2793,P1349,3,Decent product for the price.,2025-08-02,Neutral
R07236,CUST0328,P1219,4,Good value for money.,2023-01-06,Positive
R07237,CUST0551,P0199,4,"Excellent product, highly recommended!",2025-03-13,Positive
R07238,CUST3916,P0235,5,Very satisfied with the purchase.,2023-09-14,Positive
R07239,CUST4625,P1872,4,Very satisfied with the purchase.,2025-01-05,Positive
R07240,CUST3724,P1714,5,Works as expected.,2023-06-02,Positive
R07241,CUST0294,P1002,3,Decent product for the price.,2023-07-15,Neutral
R07242,CUST4247,P1478,5,"Excellent product, highly recommended!",2024-08-14,Positive
R07243,CUST1498,P0406,4,Works as expected.,2023-09-08,Positive
R07244,CUST1597,P1857,5,Quality is great for the price.,2025-02-05,Positive
R07245,CUST3766,P0502,4,Good value for money.,2025-04-21,Positive
R07246,CUST1279,P1483,5,Works as expected.,2025-11-03,Positive
R07247,CUST0990,P0861,5,"Excellent product, highly recommended!",2025-09-20,Positive
R07248,CUST2392,P0288,2,Disappointed with the build quality.,2025-09-24,Negative
R07249,CUST3000,P0225,4,Quality is great for the price.,2025-09-06,Positive
R07250,CUST3895,P1926,1,Poor customer service experience.,2023-05-07,Negative
R07251,CUST2616,P1479,5,Very satisfied with the purchase.,2024-12-05,Positive
R07252,CUST2789,P0004,4,Works as expected.,2025-01-07,Positive
R07253,CUST1267,P0130,4,Works as expected.,2024-07-01,Positive
R07254,CUST4854,P1653,5,Very satisfied with the purchase.,2024-06-02,Positive
R07255,CUST4211,P1513,5,Very satisfied with the purchase.,2025-03-07,Positive
R07256,CUST4868,P1803,3,Decent product for the price.,2025-10-20,Neutral
R07257,CUST2841,P0082,3,Decent product for the price.,2025-02-18,Neutral
R07258,CUST3824,P1665,4,Very satisfied with the purchase.,2024-09-25,Positive
R07259,CUST0243,P0013,4,Good value for money.,2024-03-10,Positive
R07260,CUST2882,P1216,1,Poor customer service experience.,2024-12-21,Negative
R07261,CUST2228,P0964,5,Good value for money.,2024-08-15,Positive
R07262,CUST0707,P1364,5,Very satisfied with the purchase.,2025-03-25,Positive
R07263,CUST1860,P0187,5,Very satisfied with the purchase.,2025-10-31,Positive
R07264,CUST4636,P0370,2,Not worth the money.,2025-04-22,Negative
R07265,CUST0571,P0920,4,"Excellent product, highly recommended!",2025-08-15,Positive
R07266,CUST4650,P0457,3,Decent product for the price.,2025-05-13,Neutral
R07267,CUST1341,P1825,5,"Excellent product, highly recommended!",2024-06-07,Positive
R07268,CUST0039,P0669,4,Good value for money.,2022-02-07,Positive
R07269,CUST0797,P1803,5,Works as expected.,2025-08-08,Positive
R07270,CUST0506,P0460,4,"Excellent product, highly recommended!",2023-02-13,Positive
R07271,CUST1255,P0276,3,"Product is okay, nothing special.",2025-02-09,Neutral
R07272,CUST0117,P1640,4,Good value for money.,2025-07-07,Positive
R07273,CUST4407,P0278,5,Works as expected.,2024-07-21,Positive
R07274,CUST0025,P1957,5,Works as expected.,2025-11-13,Positive
R07275,CUST1660,P0905,4,"Excellent product, highly recommended!",2021-05-28,Positive
R07276,CUST2801,P0951,4,Works as expected.,2025-04-20,Positive
R07277,CUST3767,P0049,5,Very satisfied with the purchase.,2025-10-20,Positive
R07278,CUST3365,P0268,5,Works as expected.,2025-06-08,Positive
R07279,CUST1583,P1945,3,It's fine but could be better.,2023-01-27,Neutral
R07280,CUST3915,P0874,4,"Excellent product, highly recommended!",2022-06-24,Positive
R07281,CUST3913,P0597,2,Stopped working after a week.,2025-10-01,Negative
R07282,CUST3941,P0444,1,Poor customer service experience.,2022-04-08,Negative
R07283,CUST1717,P0091,4,Very satisfied with the purchase.,2023-01-13,Positive
R07284,CUST0437,P1852,4,Quality is great for the price.,2025-02-19,Positive
R07285,CUST4564,P0161,4,Quality is great for the price.,2023-10-03,Positive
R07286,CUST3092,P1442,2,Stopped working after a week.,2024-10-05,Negative
R07287,CUST4303,P0396,5,Works as expected.,2025-06-30,Positive
R07288,CUST2573,P1654,4,Good value for money.,2025-05-21,Positive
R07289,CUST0036,P1511,5,Good value for money.,2024-08-23,Positive
R07290,CUST2341,P0468,4,Good value for money.,2025-04-28,Positive
R07291,CUST1112,P1248,5,"Excellent product, highly recommended!",2025-05-14,Positive
R07292,CUST1924,P0008,5,Good value for money.,2024-06-19,Positive
R07293,CUST1354,P1297,5,Good value for money.,2025-10-09,Positive
R07294,CUST1413,P0056,1,Not worth the money.,2024-03-27,Negative
R07295,CUST3753,P0320,3,"Average quality, meets expectations.",2023-12-10,Neutral
R07296,CUST2202,P0865,4,Works as expected.,2025-09-06,Positive
R07297,CUST3352,P1358,5,"Excellent product, highly recommended!",2024-10-19,Positive
R07298,CUST3620,P0973,5,Works as expected.,2024-10-04,Positive
R07299,CUST4711,P0467,4,Very satisfied with the purchase.,2022-01-11,Positive
R07300,CUST2275,P1770,3,Decent product for the price.,2024-09-21,Neutral
R07301,CUST3060,P1005,2,Stopped working after a week.,2021-12-08,Negative
R07302,CUST0056,P1316,5,"Excellent product, highly recommended!",2025-10-23,Positive
R07303,CUST3627,P1039,4,Good value for money.,2024-05-29,Positive
R07304,CUST1441,P0385,5,Good value for money.,2023-05-18,Positive
R07305,CUST4817,P0672,4,"Excellent product, highly recommended!",2024-07-13,Positive
R07306,CUST4769,P0728,5,Works as expected.,2022-08-22,Positive
R07307,CUST0643,P1023,5,Quality is great for the price.,2025-03-13,Positive
R07308,CUST4013,P1230,5,"Excellent product, highly recommended!",2025-02-01,Positive
R07309,CUST1495,P0951,4,Quality is great for the price.,2025-08-31,Positive
R07310,CUST4038,P0142,5,"Excellent product, highly recommended!",2025-09-29,Positive
R07311,CUST0088,P0036,4,Very satisfied with the purchase.,2023-05-29,Positive
R07312,CUST4503,P1941,4,Very satisfied with the purchase.,2025-03-29,Positive
R07313,CUST0130,P1826,4,Quality is great for the price.,2025-10-24,Positive
R07314,CUST2118,P1601,4,Works as expected.,2025-10-23,Positive
R07315,CUST3844,P1700,5,Very satisfied with the purchase.,2024-10-26,Positive
R07316,CUST3665,P0280,3,It's fine but could be better.,2025-10-17,Neutral
R07317,CUST2234,P1503,5,Very satisfied with the purchase.,2025-02-02,Positive
R07318,CUST2132,P0722,4,Quality is great for the price.,2025-01-28,Positive
R07319,CUST1307,P0220,5,"Excellent product, highly recommended!",2023-10-21,Positive
R07320,CUST3904,P0382,5,Quality is great for the price.,2025-09-24,Positive
R07321,CUST2231,P0608,5,Very satisfied with the purchase.,2025-05-01,Positive
R07322,CUST4436,P0874,4,Good value for money.,2022-07-28,Positive
R07323,CUST4641,P0322,5,Very satisfied with the purchase.,2024-10-04,Positive
R07324,CUST3739,P1798,5,Very satisfied with the purchase.,2025-07-20,Positive
R07325,CUST3471,P1301,5,Very satisfied with the purchase.,2023-09-09,Positive
R07326,CUST1584,P0873,5,Quality is great for the price.,2025-09-10,Positive
R07327,CUST4730,P1367,3,"Product is okay, nothing special.",2023-11-03,Neutral
R07328,CUST0406,P0083,5,Works as expected.,2025-09-25,Positive
R07329,CUST3551,P0945,4,"Excellent product, highly recommended!",2025-01-16,Positive
R07330,CUST0787,P0080,4,"Excellent product, highly recommended!",2025-08-06,Positive
R07331,CUST0736,P0001,3,Decent product for the price.,2025-09-23,Neutral
R07332,CUST3160,P0849,3,Decent product for the price.,2025-09-23,Neutral
R07333,CUST4716,P1409,2,Poor customer service experience.,2024-09-03,Negative
R07334,CUST0336,P1353,4,"Excellent product, highly recommended!",2025-10-14,Positive
R07335,CUST2216,P1852,3,"Average quality, meets expectations.",2024-12-20,Neutral
R07336,CUST4453,P1905,5,"Excellent product, highly recommended!",2025-07-07,Positive
R07337,CUST2679,P0115,4,Very satisfied with the purchase.,2025-05-08,Positive
R07338,CUST1349,P1959,5,Very satisfied with the purchase.,2024-03-30,Positive
R07339,CUST3358,P0357,4,Good value for money.,2024-11-26,Positive
R07340,CUST0792,P1168,5,"Excellent product, highly recommended!",2021-11-26,Positive
R07341,CUST0773,P0358,4,Good value for money.,2025-09-08,Positive
R07342,CUST1391,P0200,4,"Excellent product, highly recommended!",2025-01-17,Positive
R07343,CUST2693,P0363,5,"Excellent product, highly recommended!",2025-10-07,Positive
R07344,CUST0361,P0860,1,Not worth the money.,2022-01-19,Negative
R07345,CUST3869,P1614,4,Good value for money.,2024-08-24,Positive
R07346,CUST4582,P0004,4,Good value for money.,2025-10-11,Positive
R07347,CUST2170,P1256,5,Quality is great for the price.,2025-07-07,Positive
R07348,CUST2956,P0893,4,"Excellent product, highly recommended!",2025-02-12,Positive
R07349,CUST0650,P1575,5,Quality is great for the price.,2025-11-06,Positive
R07350,CUST1886,P1945,4,Good value for money.,2025-07-01,Positive
R07351,CUST4258,P0275,1,Stopped working after a week.,2025-01-17,Negative
R07352,CUST3014,P1319,2,Stopped working after a week.,2023-07-29,Negative
R07353,CUST3192,P1963,5,Very satisfied with the purchase.,2023-08-10,Positive
R07354,CUST4875,P0386,4,Very satisfied with the purchase.,2025-11-09,Positive
R07355,CUST4352,P0496,5,Quality is great for the price.,2020-12-15,Positive
R07356,CUST1559,P1321,3,"Average quality, meets expectations.",2025-10-25,Neutral
R07357,CUST1587,P1940,5,Good value for money.,2025-08-27,Positive
R07358,CUST1332,P1903,3,Decent product for the price.,2024-09-19,Neutral
R07359,CUST2788,P1282,3,It's fine but could be better.,2025-06-18,Neutral
R07360,CUST1760,P1791,5,Good value for money.,2025-06-23,Positive
R07361,CUST1884,P0892,5,Good value for money.,2025-03-04,Positive
R07362,CUST0866,P1038,4,Good value for money.,2024-10-07,Positive
R07363,CUST2755,P1000,5,Quality is great for the price.,2022-12-29,Positive
R07364,CUST3416,P0020,4,Good value for money.,2022-11-24,Positive
R07365,CUST3195,P1174,4,Good value for money.,2025-03-17,Positive
R07366,CUST3375,P0155,3,"Average quality, meets expectations.",2025-04-09,Neutral
R07367,CUST0452,P1275,5,"Excellent product, highly recommended!",2025-09-21,Positive
R07368,CUST2645,P0019,5,Very satisfied with the purchase.,2025-06-21,Positive
R07369,CUST3539,P0878,2,Not worth the money.,2025-06-14,Negative
R07370,CUST1950,P1662,4,Works as expected.,2024-09-12,Positive
R07371,CUST2794,P0810,3,"Average quality, meets expectations.",2025-07-10,Neutral
R07372,CUST4189,P0952,4,Good value for money.,2025-05-27,Positive
R07373,CUST3464,P1886,5,Very satisfied with the purchase.,2025-10-06,Positive
R07374,CUST1455,P1832,4,Good value for money.,2025-06-17,Positive
R07375,CUST3847,P0651,5,Good value for money.,2025-10-26,Positive
R07376,CUST3551,P0836,5,Good value for money.,2023-04-23,Positive
R07377,CUST3965,P1530,4,Very satisfied with the purchase.,2023-08-19,Positive
R07378,CUST2695,P0190,5,Good value for money.,2025-05-18,Positive
R07379,CUST1670,P0755,4,Quality is great for the price.,2020-11-07,Positive
R07380,CUST0125,P0534,2,Disappointed with the build quality.,2025-09-24,Negative
R07381,CUST1260,P1064,5,Quality is great for the price.,2025-08-15,Positive
R07382,CUST4117,P1496,5,"Excellent product, highly recommended!",2024-10-02,Positive
R07383,CUST2306,P0986,5,Works as expected.,2022-04-24,Positive
R07384,CUST4935,P0824,3,"Product is okay, nothing special.",2024-08-22,Neutral
R07385,CUST0230,P0921,3,"Product is okay, nothing special.",2025-04-13,Neutral
R07386,CUST1285,P1357,1,Not worth the money.,2024-06-20,Negative
R07387,CUST0551,P1642,4,Works as expected.,2024-12-04,Positive
R07388,CUST1187,P0836,5,Quality is great for the price.,2025-08-03,Positive
R07389,CUST0509,P1792,3,It's fine but could be better.,2025-01-13,Neutral
R07390,CUST4842,P0493,5,"Excellent product, highly recommended!",2025-06-21,Positive
R07391,CUST0108,P0583,2,Not worth the money.,2023-03-19,Negative
R07392,CUST1618,P1712,3,"Average quality, meets expectations.",2024-11-16,Neutral
R07393,CUST4293,P1292,5,Works as expected.,2025-08-18,Positive
R07394,CUST0928,P1219,4,Quality is great for the price.,2025-06-09,Positive
R07395,CUST4795,P0456,3,It's fine but could be better.,2025-08-06,Neutral
R07396,CUST4485,P1186,2,Disappointed with the build quality.,2024-04-25,Negative
R07397,CUST4813,P1773,5,Quality is great for the price.,2024-03-04,Positive
R07398,CUST3755,P0597,3,"Product is okay, nothing special.",2025-02-11,Neutral
R07399,CUST3020,P1605,5,Good value for money.,2025-07-01,Positive
R07400,CUST2814,P0889,1,Stopped working after a week.,2025-03-08,Negative
R07401,CUST1733,P0156,4,Very satisfied with the purchase.,2025-06-05,Positive
R07402,CUST1744,P1323,4,Works as expected.,2025-06-07,Positive
R07403,CUST1259,P1014,4,Very satisfied with the purchase.,2023-04-27,Positive
R07404,CUST2863,P0613,3,"Average quality, meets expectations.",2025-10-09,Neutral
R07405,CUST3035,P0045,4,Works as expected.,2024-02-16,Positive
R07406,CUST1375,P1526,1,Not worth the money.,2024-09-08,Negative
R07407,CUST2610,P1188,3,It's fine but could be better.,2023-12-04,Neutral
R07408,CUST4436,P0300,5,Good value for money.,2025-08-04,Positive
R07409,CUST2298,P1042,2,Stopped working after a week.,2024-09-10,Negative
R07410,CUST3785,P0032,4,Good value for money.,2022-10-15,Positive
R07411,CUST1518,P1305,4,"Excellent product, highly recommended!",2025-07-18,Positive
R07412,CUST4377,P1246,5,Works as expected.,2024-04-08,Positive
R07413,CUST2524,P0347,3,It's fine but could be better.,2025-08-03,Neutral
R07414,CUST2842,P1707,5,Works as expected.,2024-03-30,Positive
R07415,CUST2861,P1018,5,Good value for money.,2025-10-15,Positive
R07416,CUST3684,P0200,4,Good value for money.,2025-03-14,Positive
R07417,CUST3847,P1750,4,"Excellent product, highly recommended!",2025-07-29,Positive
R07418,CUST2688,P1263,4,"Excellent product, highly recommended!",2025-05-19,Positive
R07419,CUST3674,P0301,2,Poor customer service experience.,2025-01-02,Negative
R07420,CUST1011,P1189,4,Quality is great for the price.,2025-09-09,Positive
R07421,CUST2085,P1760,5,Very satisfied with the purchase.,2025-06-17,Positive
R07422,CUST0618,P0790,5,Very satisfied with the purchase.,2025-11-07,Positive
R07423,CUST4495,P1612,5,Quality is great for the price.,2025-09-24,Positive
R07424,CUST3163,P1905,4,"Excellent product, highly recommended!",2024-11-02,Positive
R07425,CUST1938,P0788,5,Very satisfied with the purchase.,2023-12-30,Positive
R07426,CUST4152,P0135,4,Good value for money.,2025-04-05,Positive
R07427,CUST2294,P0233,5,Good value for money.,2024-12-05,Positive
R07428,CUST3579,P1964,5,Works as expected.,2023-05-17,Positive
R07429,CUST4248,P0913,3,"Average quality, meets expectations.",2025-08-24,Neutral
R07430,CUST3379,P1117,2,Poor customer service experience.,2021-11-09,Negative
R07431,CUST0070,P0639,3,Decent product for the price.,2025-10-11,Neutral
R07432,CUST4252,P1128,5,Very satisfied with the purchase.,2025-04-10,Positive
R07433,CUST3860,P1573,3,It's fine but could be better.,2025-10-12,Neutral
R07434,CUST4712,P0649,5,Very satisfied with the purchase.,2025-10-27,Positive
R07435,CUST3286,P1442,5,Good value for money.,2024-12-07,Positive
R07436,CUST2547,P1425,4,Quality is great for the price.,2023-06-08,Positive
R07437,CUST1578,P1729,4,"Excellent product, highly recommended!",2020-05-05,Positive
R07438,CUST4993,P0523,2,Poor customer service experience.,2025-07-03,Negative
R07439,CUST1954,P0814,5,Works as expected.,2025-07-29,Positive
R07440,CUST3511,P0381,5,"Excellent product, highly recommended!",2022-05-24,Positive
R07441,CUST3021,P1673,5,Very satisfied with the purchase.,2024-07-06,Positive
R07442,CUST0474,P0722,4,Works as expected.,2024-08-07,Positive
R07443,CUST3230,P1697,5,Very satisfied with the purchase.,2024-03-26,Positive
R07444,CUST1551,P0525,5,Very satisfied with the purchase.,2025-05-13,Positive
R07445,CUST2666,P0247,4,Quality is great for the price.,2025-09-09,Positive
R07446,CUST0965,P1750,5,Very satisfied with the purchase.,2024-11-12,Positive
R07447,CUST0069,P1331,5,Quality is great for the price.,2020-09-04,Positive
R07448,CUST3812,P0544,5,Works as expected.,2023-09-26,Positive
R07449,CUST2211,P1282,4,Quality is great for the price.,2024-10-27,Positive
R07450,CUST3498,P0752,1,Disappointed with the build quality.,2025-07-01,Negative
R07451,CUST1226,P1516,5,Very satisfied with the purchase.,2025-10-19,Positive
R07452,CUST3056,P1647,4,Good value for money.,2024-04-03,Positive
R07453,CUST3706,P0894,5,Very satisfied with the purchase.,2025-10-11,Positive
R07454,CUST2872,P1142,5,"Excellent product, highly recommended!",2020-12-19,Positive
R07455,CUST1640,P1626,5,Quality is great for the price.,2025-11-06,Positive
R07456,CUST1274,P1165,5,Quality is great for the price.,2023-02-12,Positive
R07457,CUST0721,P1938,5,Very satisfied with the purchase.,2025-02-04,Positive
R07458,CUST4408,P0865,5,Quality is great for the price.,2025-06-09,Positive
R07459,CUST1614,P0157,4,Good value for money.,2023-09-08,Positive
R07460,CUST1027,P0078,4,Good value for money.,2025-10-27,Positive
R07461,CUST2791,P1174,4,Good value for money.,2024-10-02,Positive
R07462,CUST0289,P1410,3,"Product is okay, nothing special.",2025-08-14,Neutral
R07463,CUST2310,P0950,5,Very satisfied with the purchase.,2024-12-31,Positive
R07464,CUST3531,P1522,4,"Excellent product, highly recommended!",2023-06-01,Positive
R07465,CUST4216,P0063,2,Not worth the money.,2025-07-23,Negative
R07466,CUST4539,P1357,4,Very satisfied with the purchase.,2025-08-28,Positive
R07467,CUST2016,P1130,5,Quality is great for the price.,2025-07-27,Positive
R07468,CUST2604,P0088,4,Works as expected.,2023-10-20,Positive
R07469,CUST3451,P1320,3,Decent product for the price.,2023-01-08,Neutral
R07470,CUST3945,P1018,3,Decent product for the price.,2025-10-24,Neutral
R07471,CUST4522,P0974,5,Good value for money.,2022-10-05,Positive
R07472,CUST0010,P1391,2,Not worth the money.,2025-05-26,Negative
R07473,CUST3961,P0604,5,Quality is great for the price.,2025-09-22,Positive
R07474,CUST1114,P1159,4,Very satisfied with the purchase.,2024-11-18,Positive
R07475,CUST2640,P0257,3,"Average quality, meets expectations.",2023-02-10,Neutral
R07476,CUST0724,P1671,3,"Average quality, meets expectations.",2023-05-29,Neutral
R07477,CUST3481,P0389,3,Decent product for the price.,2024-11-08,Neutral
R07478,CUST0016,P0001,4,Good value for money.,2025-06-03,Positive
R07479,CUST4787,P1147,3,It's fine but could be better.,2024-08-07,Neutral
R07480,CUST4844,P0951,5,Quality is great for the price.,2025-09-05,Positive
R07481,CUST2196,P1349,4,Good value for money.,2024-11-27,Positive
R07482,CUST2248,P1012,2,Disappointed with the build quality.,2025-07-17,Negative
R07483,CUST0799,P1138,5,Good value for money.,2025-01-13,Positive
R07484,CUST3974,P0864,4,"Excellent product, highly recommended!",2025-09-05,Positive
R07485,CUST1206,P0444,5,Very satisfied with the purchase.,2025-03-18,Positive
R07486,CUST1765,P0759,5,Quality is great for the price.,2023-08-07,Positive
R07487,CUST2815,P1729,4,"Excellent product, highly recommended!",2023-06-07,Positive
R07488,CUST4260,P0962,5,Quality is great for the price.,2025-04-20,Positive
R07489,CUST1009,P1943,3,Decent product for the price.,2021-03-21,Neutral
R07490,CUST0482,P1855,3,"Product is okay, nothing special.",2023-07-06,Neutral
R07491,CUST0712,P0461,4,"Excellent product, highly recommended!",2024-08-21,Positive
R07492,CUST2885,P0341,3,"Average quality, meets expectations.",2023-11-26,Neutral
R07493,CUST4506,P0028,3,Decent product for the price.,2024-01-06,Neutral
R07494,CUST4259,P0846,3,Decent product for the price.,2023-11-21,Neutral
R07495,CUST3608,P0122,5,"Excellent product, highly recommended!",2025-03-13,Positive
R07496,CUST0276,P0577,2,Poor customer service experience.,2025-05-01,Negative
R07497,CUST4590,P0596,5,"Excellent product, highly recommended!",2024-11-03,Positive
R07498,CUST4557,P0040,4,"Excellent product, highly recommended!",2025-09-15,Positive
R07499,CUST0653,P1800,2,Poor customer service experience.,2025-09-23,Negative
R07500,CUST3326,P0050,4,Works as expected.,2022-08-12,Positive
R07501,CUST1066,P0040,4,Works as expected.,2024-11-23,Positive
R07502,CUST1114,P1013,4,"Excellent product, highly recommended!",2025-05-09,Positive
R07503,CUST3593,P0510,4,"Excellent product, highly recommended!",2025-04-11,Positive
R07504,CUST1875,P1919,5,Good value for money.,2025-08-24,Positive
R07505,CUST0850,P0489,4,Very satisfied with the purchase.,2024-11-22,Positive
R07506,CUST1382,P1893,4,Good value for money.,2025-05-22,Positive
R07507,CUST4412,P1283,5,Works as expected.,2025-09-05,Positive
R07508,CUST1836,P0902,4,Works as expected.,2024-10-31,Positive
R07509,CUST4076,P1195,4,Works as expected.,2025-11-04,Positive
R07510,CUST3438,P1188,3,"Product is okay, nothing special.",2025-08-29,Neutral
R07511,CUST0834,P1959,5,Quality is great for the price.,2023-04-11,Positive
R07512,CUST4632,P0733,5,Quality is great for the price.,2025-10-11,Positive
R07513,CUST4233,P0812,5,Quality is great for the price.,2023-10-22,Positive
R07514,CUST3347,P0002,5,Good value for money.,2025-11-12,Positive
R07515,CUST0326,P0626,5,"Excellent product, highly recommended!",2025-08-11,Positive
R07516,CUST3927,P1714,3,It's fine but could be better.,2025-06-17,Neutral
R07517,CUST0111,P1564,4,"Excellent product, highly recommended!",2022-05-12,Positive
R07518,CUST1464,P1770,4,Good value for money.,2025-11-11,Positive
R07519,CUST1456,P1571,4,Quality is great for the price.,2025-06-24,Positive
R07520,CUST0904,P1808,5,Very satisfied with the purchase.,2022-10-02,Positive
R07521,CUST2514,P1830,5,"Excellent product, highly recommended!",2024-08-19,Positive
R07522,CUST1551,P1929,5,Quality is great for the price.,2024-01-12,Positive
R07523,CUST2406,P1847,3,"Product is okay, nothing special.",2024-02-14,Neutral
R07524,CUST0938,P1602,3,Decent product for the price.,2025-11-01,Neutral
R07525,CUST1966,P1839,5,Quality is great for the price.,2025-05-18,Positive
R07526,CUST4590,P1104,4,Very satisfied with the purchase.,2023-02-23,Positive
R07527,CUST2368,P1517,4,Good value for money.,2025-09-02,Positive
R07528,CUST0450,P0491,2,Disappointed with the build quality.,2025-10-08,Negative
R07529,CUST4894,P0063,4,"Excellent product, highly recommended!",2024-02-13,Positive
R07530,CUST2792,P0715,5,"Excellent product, highly recommended!",2025-04-20,Positive
R07531,CUST1439,P1175,4,"Excellent product, highly recommended!",2025-09-30,Positive
R07532,CUST3386,P0440,4,Quality is great for the price.,2025-06-28,Positive
R07533,CUST2393,P0624,2,Not worth the money.,2025-09-12,Negative
R07534,CUST3613,P0708,3,"Average quality, meets expectations.",2023-03-22,Neutral
R07535,CUST4309,P1958,5,Works as expected.,2021-04-09,Positive
R07536,CUST1260,P0657,4,"Excellent product, highly recommended!",2025-08-13,Positive
R07537,CUST2222,P0731,3,"Average quality, meets expectations.",2023-09-12,Neutral
R07538,CUST0523,P1272,4,"Excellent product, highly recommended!",2025-05-15,Positive
R07539,CUST4512,P0897,5,Quality is great for the price.,2025-10-13,Positive
R07540,CUST1865,P0401,2,Not worth the money.,2025-06-23,Negative
R07541,CUST2608,P1941,4,Works as expected.,2024-07-11,Positive
R07542,CUST4505,P0820,5,Very satisfied with the purchase.,2024-09-06,Positive
R07543,CUST2966,P1150,5,"Excellent product, highly recommended!",2025-03-10,Positive
R07544,CUST1650,P1345,3,"Average quality, meets expectations.",2024-09-13,Neutral
R07545,CUST3120,P1353,4,Good value for money.,2025-03-19,Positive
R07546,CUST3955,P0737,4,Works as expected.,2022-09-01,Positive
R07547,CUST3245,P0903,4,Works as expected.,2025-04-24,Positive
R07548,CUST3121,P1046,5,Quality is great for the price.,2025-10-04,Positive
R07549,CUST2506,P0239,4,Quality is great for the price.,2025-05-23,Positive
R07550,CUST1070,P1425,4,"Excellent product, highly recommended!",2023-07-01,Positive
R07551,CUST2889,P1367,3,It's fine but could be better.,2024-09-26,Neutral
R07552,CUST4593,P1965,5,"Excellent product, highly recommended!",2021-10-25,Positive
R07553,CUST2119,P0588,3,"Product is okay, nothing special.",2024-08-19,Neutral
R07554,CUST3492,P0349,5,Quality is great for the price.,2025-09-10,Positive
R07555,CUST3159,P1022,5,Very satisfied with the purchase.,2025-10-20,Positive
R07556,CUST0013,P0343,5,Very satisfied with the purchase.,2025-06-22,Positive
R07557,CUST1478,P0041,5,Very satisfied with the purchase.,2024-11-23,Positive
R07558,CUST4130,P1329,5,Works as expected.,2024-03-10,Positive
R07559,CUST3308,P1213,5,"Excellent product, highly recommended!",2025-05-13,Positive
R07560,CUST4738,P1978,3,Decent product for the price.,2023-10-09,Neutral
R07561,CUST3742,P0005,5,Works as expected.,2025-07-31,Positive
R07562,CUST3997,P0332,2,Poor customer service experience.,2024-09-23,Negative
R07563,CUST4619,P0554,5,Works as expected.,2025-10-02,Positive
R07564,CUST1361,P0686,5,"Excellent product, highly recommended!",2025-03-31,Positive
R07565,CUST3354,P1039,1,Not worth the money.,2025-10-20,Negative
R07566,CUST4288,P0217,4,"Excellent product, highly recommended!",2025-02-24,Positive
R07567,CUST2375,P1671,3,It's fine but could be better.,2024-01-09,Neutral
R07568,CUST0859,P1183,5,Very satisfied with the purchase.,2025-10-30,Positive
R07569,CUST0408,P1464,2,Stopped working after a week.,2023-10-05,Negative
R07570,CUST0931,P0594,5,Very satisfied with the purchase.,2025-08-12,Positive
R07571,CUST2212,P0699,4,Works as expected.,2025-03-30,Positive
R07572,CUST3786,P1474,2,Poor customer service experience.,2025-09-29,Negative
R07573,CUST1786,P0404,4,Good value for money.,2021-06-01,Positive
R07574,CUST1450,P0629,5,Quality is great for the price.,2025-08-20,Positive
R07575,CUST2789,P0741,5,Quality is great for the price.,2024-10-28,Positive
R07576,CUST3543,P0915,5,Works as expected.,2024-06-10,Positive
R07577,CUST2855,P1682,5,"Excellent product, highly recommended!",2025-05-31,Positive
R07578,CUST0774,P1158,5,Very satisfied with the purchase.,2024-12-08,Positive
R07579,CUST0354,P0069,5,Quality is great for the price.,2023-04-08,Positive
R07580,CUST2704,P0812,5,Quality is great for the price.,2024-02-23,Positive
R07581,CUST2389,P0990,5,Works as expected.,2023-06-16,Positive
R07582,CUST3764,P0299,2,Poor customer service experience.,2024-04-07,Negative
R07583,CUST4082,P1842,5,Good value for money.,2021-12-30,Positive
R07584,CUST3233,P0810,3,"Average quality, meets expectations.",2025-10-19,Neutral
R07585,CUST0555,P0320,5,"Excellent product, highly recommended!",2023-12-06,Positive
R07586,CUST0241,P0587,5,Very satisfied with the purchase.,2025-09-19,Positive
R07587,CUST4252,P1344,5,"Excellent product, highly recommended!",2025-03-06,Positive
R07588,CUST0514,P0555,5,"Excellent product, highly recommended!",2025-08-22,Positive
R07589,CUST1898,P1311,3,"Product is okay, nothing special.",2023-03-28,Neutral
R07590,CUST2091,P0933,4,Very satisfied with the purchase.,2025-04-20,Positive
R07591,CUST1458,P0234,5,Good value for money.,2025-06-14,Positive
R07592,CUST1460,P1089,4,Works as expected.,2025-03-15,Positive
R07593,CUST4030,P0245,1,Not worth the money.,2025-11-11,Negative
R07594,CUST1459,P1417,5,Works as expected.,2024-10-14,Positive
R07595,CUST1458,P1584,5,Good value for money.,2022-09-13,Positive
R07596,CUST0259,P0308,4,Good value for money.,2025-02-11,Positive
R07597,CUST0965,P0828,4,Very satisfied with the purchase.,2025-04-10,Positive
R07598,CUST4659,P0619,4,Quality is great for the price.,2025-06-15,Positive
R07599,CUST1564,P0527,4,Quality is great for the price.,2025-06-13,Positive
R07600,CUST0634,P0686,4,Good value for money.,2025-08-13,Positive
R07601,CUST1346,P0777,4,Good value for money.,2025-04-14,Positive
R07602,CUST4405,P1319,4,"Excellent product, highly recommended!",2024-08-31,Positive
R07603,CUST3563,P0722,4,Works as expected.,2023-12-17,Positive
R07604,CUST0775,P1221,5,Works as expected.,2025-09-07,Positive
R07605,CUST2082,P1577,4,Very satisfied with the purchase.,2024-08-14,Positive
R07606,CUST2435,P1177,3,"Product is okay, nothing special.",2025-07-27,Neutral
R07607,CUST4556,P0033,3,Decent product for the price.,2025-04-14,Neutral
R07608,CUST1410,P0513,5,"Excellent product, highly recommended!",2025-02-03,Positive
R07609,CUST3584,P1584,5,Very satisfied with the purchase.,2024-04-15,Positive
R07610,CUST0860,P0551,4,Good value for money.,2025-08-14,Positive
R07611,CUST1510,P0979,5,Good value for money.,2024-05-03,Positive
R07612,CUST2692,P1232,5,Good value for money.,2025-03-27,Positive
R07613,CUST3539,P1774,4,Good value for money.,2023-08-29,Positive
R07614,CUST4924,P0709,4,Works as expected.,2025-07-11,Positive
R07615,CUST0485,P0441,3,It's fine but could be better.,2023-04-24,Neutral
R07616,CUST3598,P0604,3,"Average quality, meets expectations.",2024-09-11,Neutral
R07617,CUST2837,P1197,1,Disappointed with the build quality.,2025-09-30,Negative
R07618,CUST1569,P1238,5,Good value for money.,2024-05-23,Positive
R07619,CUST2246,P1909,4,Good value for money.,2024-11-14,Positive
R07620,CUST0890,P1502,4,Works as expected.,2025-08-06,Positive
R07621,CUST4211,P1727,3,It's fine but could be better.,2025-02-11,Neutral
R07622,CUST3454,P1841,5,Works as expected.,2023-11-24,Positive
R07623,CUST3833,P0434,5,Good value for money.,2025-10-15,Positive
R07624,CUST0567,P1987,5,Very satisfied with the purchase.,2025-04-19,Positive
R07625,CUST4357,P0946,5,Works as expected.,2025-10-21,Positive
R07626,CUST2683,P0476,5,"Excellent product, highly recommended!",2022-11-24,Positive
R07627,CUST3116,P1768,3,Decent product for the price.,2025-06-07,Neutral
R07628,CUST1099,P1132,4,"Excellent product, highly recommended!",2025-05-19,Positive
R07629,CUST1542,P1888,4,Works as expected.,2025-01-12,Positive
R07630,CUST1213,P1652,4,"Excellent product, highly recommended!",2025-11-10,Positive
R07631,CUST0801,P0588,5,Very satisfied with the purchase.,2022-07-09,Positive
R07632,CUST1176,P1612,5,Very satisfied with the purchase.,2025-10-22,Positive
R07633,CUST0477,P1681,5,Quality is great for the price.,2023-07-18,Positive
R07634,CUST3812,P1281,3,It's fine but could be better.,2025-10-17,Neutral
R07635,CUST4055,P1725,5,Good value for money.,2025-01-28,Positive
R07636,CUST2710,P1777,3,"Product is okay, nothing special.",2024-10-11,Neutral
R07637,CUST0054,P1693,5,"Excellent product, highly recommended!",2025-02-12,Positive
R07638,CUST4006,P0575,2,Not worth the money.,2023-11-10,Negative
R07639,CUST3232,P0521,5,Works as expected.,2024-12-20,Positive
R07640,CUST0817,P1450,5,Quality is great for the price.,2025-06-06,Positive
R07641,CUST0503,P0968,5,Quality is great for the price.,2025-10-22,Positive
R07642,CUST2547,P1790,4,Very satisfied with the purchase.,2025-07-13,Positive
R07643,CUST2627,P1570,5,"Excellent product, highly recommended!",2025-09-28,Positive
R07644,CUST1179,P0071,5,Very satisfied with the purchase.,2023-11-01,Positive
R07645,CUST4513,P0541,5,Good value for money.,2020-11-14,Positive
R07646,CUST2731,P1622,4,Good value for money.,2025-09-22,Positive
R07647,CUST3043,P0019,3,Decent product for the price.,2025-01-15,Neutral
R07648,CUST4304,P0980,5,Very satisfied with the purchase.,2025-01-07,Positive
R07649,CUST0675,P0702,3,It's fine but could be better.,2025-03-10,Neutral
R07650,CUST4118,P1683,5,Works as expected.,2022-08-31,Positive
R07651,CUST3562,P1125,5,Good value for money.,2025-03-24,Positive
R07652,CUST4991,P0223,5,Works as expected.,2023-10-06,Positive
R07653,CUST0191,P0814,4,Quality is great for the price.,2025-02-16,Positive
R07654,CUST2968,P0802,3,"Average quality, meets expectations.",2025-10-27,Neutral
R07655,CUST4800,P0977,4,Very satisfied with the purchase.,2025-06-05,Positive
R07656,CUST1979,P0557,5,Quality is great for the price.,2024-11-12,Positive
R07657,CUST4062,P0084,5,Good value for money.,2023-05-23,Positive
R07658,CUST1481,P1542,2,Poor customer service experience.,2025-07-27,Negative
R07659,CUST3473,P1170,2,Not worth the money.,2024-04-23,Negative
R07660,CUST0551,P1010,3,"Average quality, meets expectations.",2025-06-20,Neutral
R07661,CUST2014,P1462,5,Quality is great for the price.,2025-10-13,Positive
R07662,CUST2271,P0391,5,Works as expected.,2022-10-02,Positive
R07663,CUST0351,P0252,1,Stopped working after a week.,2025-06-22,Negative
R07664,CUST2469,P1048,5,Very satisfied with the purchase.,2025-03-31,Positive
R07665,CUST2312,P0304,4,Very satisfied with the purchase.,2024-09-27,Positive
R07666,CUST2599,P0856,5,"Excellent product, highly recommended!",2025-05-17,Positive
R07667,CUST2847,P1680,5,Very satisfied with the purchase.,2025-08-16,Positive
R07668,CUST2311,P1759,4,Quality is great for the price.,2020-06-12,Positive
R07669,CUST1635,P0110,2,Not worth the money.,2025-11-11,Negative
R07670,CUST1653,P1823,5,Works as expected.,2021-03-10,Positive
R07671,CUST1778,P0422,2,Stopped working after a week.,2023-10-17,Negative
R07672,CUST0678,P1707,5,"Excellent product, highly recommended!",2024-04-30,Positive
R07673,CUST0731,P0693,4,"Excellent product, highly recommended!",2024-05-05,Positive
R07674,CUST4601,P0455,5,Good value for money.,2025-04-03,Positive
R07675,CUST3524,P1284,5,Works as expected.,2025-07-02,Positive
R07676,CUST4272,P1618,5,Works as expected.,2021-09-02,Positive
R07677,CUST1099,P1792,3,"Product is okay, nothing special.",2024-01-30,Neutral
R07678,CUST1579,P0101,3,"Product is okay, nothing special.",2025-11-05,Neutral
R07679,CUST4000,P1514,5,Very satisfied with the purchase.,2025-07-22,Positive
R07680,CUST4948,P1833,3,Decent product for the price.,2025-10-28,Neutral
R07681,CUST2600,P0665,5,Very satisfied with the purchase.,2024-11-13,Positive
R07682,CUST4652,P0162,5,Good value for money.,2025-10-02,Positive
R07683,CUST3984,P1621,4,Quality is great for the price.,2024-11-16,Positive
R07684,CUST3492,P1136,3,Decent product for the price.,2023-08-01,Neutral
R07685,CUST1022,P0979,4,Quality is great for the price.,2023-12-21,Positive
R07686,CUST4221,P1654,4,"Excellent product, highly recommended!",2025-07-02,Positive
R07687,CUST1993,P0874,3,"Average quality, meets expectations.",2024-11-03,Neutral
R07688,CUST1061,P0161,3,"Product is okay, nothing special.",2024-06-04,Neutral
R07689,CUST0546,P1761,4,Quality is great for the price.,2025-04-13,Positive
R07690,CUST4166,P0982,5,Works as expected.,2023-12-30,Positive
R07691,CUST0580,P1128,4,"Excellent product, highly recommended!",2025-06-20,Positive
R07692,CUST1055,P1741,5,Good value for money.,2025-09-16,Positive
R07693,CUST4086,P0988,4,Good value for money.,2022-10-10,Positive
R07694,CUST0434,P0069,2,Stopped working after a week.,2023-01-17,Negative
R07695,CUST4064,P0102,4,Works as expected.,2024-01-31,Positive
R07696,CUST2888,P0032,4,Very satisfied with the purchase.,2024-05-28,Positive
R07697,CUST1333,P1051,1,Poor customer service experience.,2024-10-31,Negative
R07698,CUST0509,P0325,5,Works as expected.,2023-04-03,Positive
R07699,CUST3459,P0930,5,"Excellent product, highly recommended!",2024-07-12,Positive
R07700,CUST2092,P0429,1,Disappointed with the build quality.,2025-10-08,Negative
R07701,CUST3297,P1659,3,It's fine but could be better.,2022-09-10,Neutral
R07702,CUST0841,P0239,5,Good value for money.,2024-08-17,Positive
R07703,CUST4513,P1624,5,Good value for money.,2024-12-12,Positive
R07704,CUST0095,P0841,5,Very satisfied with the purchase.,2025-03-23,Positive
R07705,CUST0336,P1117,4,"Excellent product, highly recommended!",2025-10-30,Positive
R07706,CUST2126,P0742,4,Works as expected.,2021-07-25,Positive
R07707,CUST2734,P0581,4,Works as expected.,2024-03-25,Positive
R07708,CUST4432,P1254,5,Quality is great for the price.,2025-11-09,Positive
R07709,CUST2474,P1470,5,Quality is great for the price.,2022-05-02,Positive
R07710,CUST1924,P0194,5,Quality is great for the price.,2025-02-04,Positive
R07711,CUST1775,P1602,3,Decent product for the price.,2025-06-22,Neutral
R07712,CUST4570,P1830,5,Quality is great for the price.,2025-08-28,Positive
R07713,CUST4957,P1486,3,"Product is okay, nothing special.",2024-10-23,Neutral
R07714,CUST3293,P1943,2,Stopped working after a week.,2024-09-26,Negative
R07715,CUST2211,P0527,4,"Excellent product, highly recommended!",2024-01-20,Positive
R07716,CUST0557,P0848,5,Very satisfied with the purchase.,2023-07-13,Positive
R07717,CUST2856,P1259,5,Works as expected.,2024-06-03,Positive
R07718,CUST1593,P0754,5,Good value for money.,2025-10-12,Positive
R07719,CUST2447,P0151,4,Works as expected.,2023-03-03,Positive
R07720,CUST4392,P0674,4,"Excellent product, highly recommended!",2024-05-13,Positive
R07721,CUST2905,P0921,4,Works as expected.,2024-11-22,Positive
R07722,CUST4656,P0684,4,Very satisfied with the purchase.,2023-11-22,Positive
R07723,CUST4297,P0048,4,Works as expected.,2023-03-10,Positive
R07724,CUST3667,P1155,2,Stopped working after a week.,2024-10-01,Negative
R07725,CUST0491,P0208,4,"Excellent product, highly recommended!",2025-04-22,Positive
R07726,CUST0103,P0709,2,Stopped working after a week.,2024-08-16,Negative
R07727,CUST2198,P0845,5,Works as expected.,2023-10-13,Positive
R07728,CUST1281,P1387,5,Works as expected.,2025-02-23,Positive
R07729,CUST2571,P0190,5,"Excellent product, highly recommended!",2024-06-04,Positive
R07730,CUST1456,P0161,3,"Average quality, meets expectations.",2025-11-05,Neutral
R07731,CUST0539,P1704,4,Quality is great for the price.,2025-06-02,Positive
R07732,CUST2866,P1093,5,Very satisfied with the purchase.,2021-08-02,Positive
R07733,CUST1349,P0593,4,Works as expected.,2025-09-29,Positive
R07734,CUST0158,P0663,5,Quality is great for the price.,2023-11-24,Positive
R07735,CUST4016,P0267,4,Quality is great for the price.,2025-11-04,Positive
R07736,CUST0241,P1152,5,Quality is great for the price.,2025-10-17,Positive
R07737,CUST0054,P0174,3,It's fine but could be better.,2025-02-26,Neutral
R07738,CUST4040,P0133,4,Quality is great for the price.,2025-03-13,Positive
R07739,CUST2320,P0818,3,Decent product for the price.,2024-10-05,Neutral
R07740,CUST3753,P0181,3,"Product is okay, nothing special.",2025-10-01,Neutral
R07741,CUST0726,P1856,5,Good value for money.,2021-11-08,Positive
R07742,CUST0107,P1737,4,Good value for money.,2023-08-03,Positive
R07743,CUST1314,P0636,5,Quality is great for the price.,2025-10-16,Positive
R07744,CUST3766,P0444,4,Good value for money.,2024-01-15,Positive
R07745,CUST2593,P0138,5,Works as expected.,2025-04-02,Positive
R07746,CUST4563,P0756,5,Good value for money.,2025-05-31,Positive
R07747,CUST2406,P0276,2,Disappointed with the build quality.,2024-02-23,Negative
R07748,CUST0346,P1615,4,Quality is great for the price.,2025-10-03,Positive
R07749,CUST3275,P1601,4,Quality is great for the price.,2025-07-28,Positive
R07750,CUST2103,P0281,4,Works as expected.,2025-09-21,Positive
R07751,CUST3910,P0018,3,It's fine but could be better.,2024-11-11,Neutral
R07752,CUST4681,P1171,3,It's fine but could be better.,2025-09-08,Neutral
R07753,CUST4618,P1128,1,Disappointed with the build quality.,2022-08-31,Negative
R07754,CUST3314,P1793,4,"Excellent product, highly recommended!",2025-10-02,Positive
R07755,CUST4901,P0564,5,Good value for money.,2025-08-13,Positive
R07756,CUST3096,P0877,5,Works as expected.,2025-11-07,Positive
R07757,CUST2428,P1105,4,"Excellent product, highly recommended!",2023-08-19,Positive
R07758,CUST0229,P1790,5,"Excellent product, highly recommended!",2025-05-27,Positive
R07759,CUST1041,P1619,5,Quality is great for the price.,2025-11-10,Positive
R07760,CUST2893,P0756,5,Good value for money.,2024-01-23,Positive
R07761,CUST4731,P1205,4,Works as expected.,2023-09-20,Positive
R07762,CUST2904,P1456,4,"Excellent product, highly recommended!",2022-11-03,Positive
R07763,CUST4908,P0921,5,Very satisfied with the purchase.,2025-05-07,Positive
R07764,CUST4862,P1653,3,"Product is okay, nothing special.",2025-08-26,Neutral
R07765,CUST3583,P1622,4,Good value for money.,2025-07-12,Positive
R07766,CUST4720,P1543,4,"Excellent product, highly recommended!",2022-12-31,Positive
R07767,CUST3988,P0207,5,Quality is great for the price.,2025-09-13,Positive
R07768,CUST3067,P1290,4,Good value for money.,2022-11-22,Positive
R07769,CUST4355,P0428,4,Quality is great for the price.,2024-10-29,Positive
R07770,CUST3996,P0559,5,Very satisfied with the purchase.,2025-06-23,Positive
R07771,CUST0945,P1760,5,Quality is great for the price.,2025-02-18,Positive
R07772,CUST1432,P1345,3,"Product is okay, nothing special.",2024-11-20,Neutral
R07773,CUST0224,P1347,5,Quality is great for the price.,2024-12-16,Positive
R07774,CUST3731,P0728,4,Good value for money.,2024-04-05,Positive
R07775,CUST2346,P0219,5,Very satisfied with the purchase.,2025-05-18,Positive
R07776,CUST1508,P0272,2,Stopped working after a week.,2025-03-05,Negative
R07777,CUST1443,P1511,5,Quality is great for the price.,2022-06-22,Positive
R07778,CUST4987,P1487,5,Works as expected.,2025-10-11,Positive
R07779,CUST0403,P0600,4,Good value for money.,2025-06-24,Positive
R07780,CUST2634,P0109,4,Works as expected.,2025-10-11,Positive
R07781,CUST2852,P1620,4,Quality is great for the price.,2024-11-21,Positive
R07782,CUST2691,P1848,5,Good value for money.,2023-12-24,Positive
R07783,CUST2309,P0187,4,"Excellent product, highly recommended!",2025-07-15,Positive
R07784,CUST3745,P0802,4,Quality is great for the price.,2025-09-04,Positive
R07785,CUST3777,P0016,4,Very satisfied with the purchase.,2025-10-08,Positive
R07786,CUST4549,P1168,5,Quality is great for the price.,2021-06-13,Positive
R07787,CUST0127,P1938,4,Good value for money.,2024-09-08,Positive
R07788,CUST1306,P1824,5,Good value for money.,2024-08-16,Positive
R07789,CUST1894,P1432,4,Good value for money.,2024-05-27,Positive
R07790,CUST3145,P0424,3,"Product is okay, nothing special.",2025-01-07,Neutral
R07791,CUST3683,P0935,4,Good value for money.,2025-05-13,Positive
R07792,CUST0185,P0460,5,Good value for money.,2023-11-16,Positive
R07793,CUST1696,P1933,4,Quality is great for the price.,2023-07-04,Positive
R07794,CUST4884,P0759,1,Disappointed with the build quality.,2023-08-19,Negative
R07795,CUST3685,P1968,3,"Product is okay, nothing special.",2024-08-27,Neutral
R07796,CUST2885,P1955,2,Disappointed with the build quality.,2020-07-13,Negative
R07797,CUST2661,P0207,4,Quality is great for the price.,2025-07-10,Positive
R07798,CUST4622,P1083,4,Good value for money.,2024-09-26,Positive
R07799,CUST1550,P0478,5,Good value for money.,2024-03-29,Positive
R07800,CUST4885,P1094,5,Good value for money.,2025-11-09,Positive
R07801,CUST0755,P1788,5,Quality is great for the price.,2024-10-02,Positive
R07802,CUST0845,P0721,3,"Average quality, meets expectations.",2021-03-15,Neutral
R07803,CUST4904,P1892,5,Quality is great for the price.,2025-04-19,Positive
R07804,CUST2841,P1341,2,Not worth the money.,2022-09-16,Negative
R07805,CUST3905,P1835,5,Good value for money.,2025-11-10,Positive
R07806,CUST4184,P0297,5,Works as expected.,2025-09-15,Positive
R07807,CUST0214,P1671,4,Quality is great for the price.,2024-03-04,Positive
R07808,CUST0578,P0433,3,It's fine but could be better.,2025-08-07,Neutral
R07809,CUST4400,P0869,5,Works as expected.,2023-11-02,Positive
R07810,CUST1270,P0591,5,"Excellent product, highly recommended!",2025-05-02,Positive
R07811,CUST0095,P1603,5,Good value for money.,2025-01-21,Positive
R07812,CUST1127,P1767,5,Very satisfied with the purchase.,2025-03-05,Positive
R07813,CUST2289,P0916,3,"Product is okay, nothing special.",2021-02-11,Neutral
R07814,CUST2527,P0427,4,Very satisfied with the purchase.,2025-11-06,Positive
R07815,CUST2800,P0090,5,Quality is great for the price.,2024-10-15,Positive
R07816,CUST0120,P1585,5,Quality is great for the price.,2024-02-16,Positive
R07817,CUST1322,P0470,3,"Product is okay, nothing special.",2023-08-19,Neutral
R07818,CUST3315,P0601,4,Very satisfied with the purchase.,2025-11-02,Positive
R07819,CUST3832,P1365,5,Very satisfied with the purchase.,2025-11-04,Positive
R07820,CUST1986,P1871,4,"Excellent product, highly recommended!",2025-10-18,Positive
R07821,CUST3179,P1783,3,It's fine but could be better.,2025-10-29,Neutral
R07822,CUST3186,P1436,5,Quality is great for the price.,2025-08-30,Positive
R07823,CUST4082,P0982,5,Very satisfied with the purchase.,2024-11-26,Positive
R07824,CUST1422,P1977,5,Works as expected.,2025-08-08,Positive
R07825,CUST0287,P0587,5,Good value for money.,2025-10-09,Positive
R07826,CUST3798,P0102,1,Disappointed with the build quality.,2021-01-14,Negative
R07827,CUST3975,P1089,4,Works as expected.,2023-11-09,Positive
R07828,CUST0247,P0049,3,"Average quality, meets expectations.",2025-04-07,Neutral
R07829,CUST1228,P1447,5,Works as expected.,2024-10-29,Positive
R07830,CUST3445,P1101,3,"Product is okay, nothing special.",2022-11-11,Neutral
R07831,CUST1537,P0377,2,Poor customer service experience.,2025-09-10,Negative
R07832,CUST2883,P0978,5,Quality is great for the price.,2025-06-30,Positive
R07833,CUST0834,P0372,5,Very satisfied with the purchase.,2024-09-16,Positive
R07834,CUST4765,P0491,5,Quality is great for the price.,2024-04-16,Positive
R07835,CUST2726,P0621,4,Good value for money.,2023-02-01,Positive
R07836,CUST0289,P1729,3,"Average quality, meets expectations.",2024-08-31,Neutral
R07837,CUST0565,P1975,4,Quality is great for the price.,2024-06-06,Positive
R07838,CUST1134,P1873,3,"Product is okay, nothing special.",2024-11-28,Neutral
R07839,CUST3888,P1051,4,Works as expected.,2024-02-01,Positive
R07840,CUST1260,P0928,4,Quality is great for the price.,2025-08-11,Positive
R07841,CUST4929,P0058,2,Poor customer service experience.,2025-09-30,Negative
R07842,CUST3867,P1154,5,Good value for money.,2025-01-16,Positive
R07843,CUST3305,P0815,4,"Excellent product, highly recommended!",2021-05-07,Positive
R07844,CUST0290,P0783,1,Poor customer service experience.,2025-06-01,Negative
R07845,CUST4665,P1292,4,Very satisfied with the purchase.,2023-08-20,Positive
R07846,CUST1508,P1885,4,Works as expected.,2025-08-15,Positive
R07847,CUST4454,P0903,4,Very satisfied with the purchase.,2025-10-07,Positive
R07848,CUST4026,P0210,2,Stopped working after a week.,2025-09-22,Negative
R07849,CUST3951,P1993,5,Good value for money.,2025-08-22,Positive
R07850,CUST3811,P0580,4,Good value for money.,2024-11-16,Positive
R07851,CUST0183,P1328,3,Decent product for the price.,2023-03-18,Neutral
R07852,CUST0245,P1071,5,Good value for money.,2023-05-27,Positive
R07853,CUST4176,P0266,5,Good value for money.,2025-08-09,Positive
R07854,CUST2273,P0790,5,Good value for money.,2024-11-10,Positive
R07855,CUST3822,P0248,3,Decent product for the price.,2024-10-05,Neutral
R07856,CUST0178,P0441,5,Works as expected.,2024-10-12,Positive
R07857,CUST2596,P0988,3,Decent product for the price.,2025-11-07,Neutral
R07858,CUST1214,P1849,4,Very satisfied with the purchase.,2025-05-11,Positive
R07859,CUST1779,P0869,3,"Average quality, meets expectations.",2023-08-25,Neutral
R07860,CUST2218,P0879,4,Works as expected.,2023-06-18,Positive
R07861,CUST4812,P1417,5,Works as expected.,2025-06-16,Positive
R07862,CUST0626,P0205,4,Works as expected.,2025-04-24,Positive
R07863,CUST2911,P1675,5,Works as expected.,2025-08-22,Positive
R07864,CUST3747,P0207,5,Very satisfied with the purchase.,2025-10-02,Positive
R07865,CUST0786,P1326,5,Good value for money.,2025-04-22,Positive
R07866,CUST4122,P0218,3,Decent product for the price.,2024-12-16,Neutral
R07867,CUST0866,P0926,3,"Average quality, meets expectations.",2025-07-29,Neutral
R07868,CUST4152,P0430,5,Very satisfied with the purchase.,2023-12-30,Positive
R07869,CUST4385,P0810,3,It's fine but could be better.,2024-07-16,Neutral
R07870,CUST3286,P0751,5,Quality is great for the price.,2022-05-18,Positive
R07871,CUST4958,P0445,2,Poor customer service experience.,2024-11-08,Negative
R07872,CUST4556,P0376,3,Decent product for the price.,2022-02-25,Neutral
R07873,CUST4617,P1938,5,"Excellent product, highly recommended!",2024-04-08,Positive
R07874,CUST3369,P0986,3,"Product is okay, nothing special.",2025-08-31,Neutral
R07875,CUST1205,P1788,3,Decent product for the price.,2025-04-27,Neutral
R07876,CUST2256,P0028,5,Very satisfied with the purchase.,2024-02-11,Positive
R07877,CUST0143,P0138,5,Works as expected.,2025-10-16,Positive
R07878,CUST0290,P0372,5,"Excellent product, highly recommended!",2025-09-13,Positive
R07879,CUST1323,P0002,3,"Product is okay, nothing special.",2025-10-07,Neutral
R07880,CUST0920,P0138,4,Very satisfied with the purchase.,2025-06-12,Positive
R07881,CUST0600,P1627,5,Quality is great for the price.,2024-02-14,Positive
R07882,CUST1951,P0742,5,Works as expected.,2024-11-27,Positive
R07883,CUST3014,P0643,4,Quality is great for the price.,2025-11-07,Positive
R07884,CUST1039,P0538,5,Very satisfied with the purchase.,2025-06-11,Positive
R07885,CUST2219,P0071,5,Works as expected.,2024-07-21,Positive
R07886,CUST2132,P0580,3,"Average quality, meets expectations.",2024-03-27,Neutral
R07887,CUST2036,P0938,4,Very satisfied with the purchase.,2025-11-12,Positive
R07888,CUST3443,P1109,5,Good value for money.,2023-06-24,Positive
R07889,CUST1326,P1754,5,Good value for money.,2024-08-21,Positive
R07890,CUST3555,P1050,3,"Average quality, meets expectations.",2023-03-02,Neutral
R07891,CUST3048,P0293,4,Good value for money.,2025-05-15,Positive
R07892,CUST0181,P0800,2,Not worth the money.,2025-05-01,Negative
R07893,CUST1532,P1055,4,Works as expected.,2024-06-11,Positive
R07894,CUST1563,P0125,3,"Average quality, meets expectations.",2023-10-05,Neutral
R07895,CUST1174,P1364,5,Good value for money.,2024-12-28,Positive
R07896,CUST1145,P0954,4,Works as expected.,2024-05-02,Positive
R07897,CUST4925,P1910,3,It's fine but could be better.,2025-10-30,Neutral
R07898,CUST2103,P1035,5,"Excellent product, highly recommended!",2025-10-29,Positive
R07899,CUST3878,P1441,5,Good value for money.,2025-07-11,Positive
R07900,CUST2368,P0893,5,"Excellent product, highly recommended!",2025-05-20,Positive
R07901,CUST1368,P0766,4,Works as expected.,2024-12-26,Positive
R07902,CUST4514,P0948,5,Quality is great for the price.,2022-08-20,Positive
R07903,CUST2159,P1084,5,Quality is great for the price.,2025-10-23,Positive
R07904,CUST1714,P1595,4,"Excellent product, highly recommended!",2025-08-07,Positive
R07905,CUST3374,P0407,4,Works as expected.,2025-05-19,Positive
R07906,CUST3210,P0383,5,Good value for money.,2023-06-02,Positive
R07907,CUST0143,P0966,5,"Excellent product, highly recommended!",2025-02-02,Positive
R07908,CUST1577,P1246,5,Very satisfied with the purchase.,2025-07-15,Positive
R07909,CUST4315,P0303,3,Decent product for the price.,2025-07-05,Neutral
R07910,CUST4152,P0300,4,Good value for money.,2020-03-19,Positive
R07911,CUST2991,P0586,4,Very satisfied with the purchase.,2025-10-01,Positive
R07912,CUST4829,P1294,1,Not worth the money.,2023-07-13,Negative
R07913,CUST2629,P0312,5,Works as expected.,2024-01-03,Positive
R07914,CUST3496,P1154,5,Very satisfied with the purchase.,2023-08-12,Positive
R07915,CUST0939,P1093,4,Quality is great for the price.,2023-04-17,Positive
R07916,CUST2051,P0546,5,Quality is great for the price.,2025-03-14,Positive
R07917,CUST0385,P0851,5,Good value for money.,2024-12-04,Positive
R07918,CUST2779,P0290,3,"Average quality, meets expectations.",2025-10-09,Neutral
R07919,CUST3250,P1185,3,Decent product for the price.,2025-02-15,Neutral
R07920,CUST3862,P1418,4,Works as expected.,2023-12-02,Positive
R07921,CUST3975,P0169,4,Good value for money.,2025-04-05,Positive
R07922,CUST0853,P1334,5,Very satisfied with the purchase.,2024-07-28,Positive
R07923,CUST0215,P0765,5,Quality is great for the price.,2025-10-31,Positive
R07924,CUST2868,P1082,5,"Excellent product, highly recommended!",2022-11-21,Positive
R07925,CUST3212,P0569,4,Very satisfied with the purchase.,2022-07-18,Positive
R07926,CUST0696,P0905,4,"Excellent product, highly recommended!",2023-08-10,Positive
R07927,CUST1000,P1976,4,Very satisfied with the purchase.,2021-10-06,Positive
R07928,CUST4578,P0493,5,Quality is great for the price.,2025-10-25,Positive
R07929,CUST1711,P1675,4,Good value for money.,2025-06-20,Positive
R07930,CUST4876,P1281,5,"Excellent product, highly recommended!",2025-05-08,Positive
R07931,CUST2411,P1312,4,Good value for money.,2025-10-17,Positive
R07932,CUST4260,P0119,4,"Excellent product, highly recommended!",2024-10-18,Positive
R07933,CUST3720,P1619,5,"Excellent product, highly recommended!",2024-05-01,Positive
R07934,CUST1939,P0600,4,Very satisfied with the purchase.,2025-11-05,Positive
R07935,CUST4976,P0725,3,It's fine but could be better.,2025-09-23,Neutral
R07936,CUST3051,P0200,4,Good value for money.,2022-02-06,Positive
R07937,CUST2782,P1654,5,"Excellent product, highly recommended!",2025-09-17,Positive
R07938,CUST4732,P1694,5,Good value for money.,2022-05-19,Positive
R07939,CUST4051,P0880,5,Quality is great for the price.,2024-02-03,Positive
R07940,CUST4415,P1930,5,Good value for money.,2023-12-10,Positive
R07941,CUST2792,P1173,5,Good value for money.,2025-01-17,Positive
R07942,CUST4276,P0851,3,"Average quality, meets expectations.",2024-10-18,Neutral
R07943,CUST4972,P0541,5,Very satisfied with the purchase.,2025-01-18,Positive
R07944,CUST1552,P0807,4,Very satisfied with the purchase.,2025-08-01,Positive
R07945,CUST3017,P1742,5,Quality is great for the price.,2024-08-27,Positive
R07946,CUST2386,P1917,5,Works as expected.,2021-06-02,Positive
R07947,CUST2844,P0264,3,"Average quality, meets expectations.",2022-06-08,Neutral
R07948,CUST1834,P0869,3,"Product is okay, nothing special.",2024-03-24,Neutral
R07949,CUST1790,P0986,5,Works as expected.,2025-08-28,Positive
R07950,CUST4088,P1693,5,Very satisfied with the purchase.,2025-08-22,Positive
R07951,CUST0337,P1289,4,"Excellent product, highly recommended!",2025-10-12,Positive
R07952,CUST4974,P0635,5,Very satisfied with the purchase.,2025-01-24,Positive
R07953,CUST2335,P1723,3,"Average quality, meets expectations.",2025-09-27,Neutral
R07954,CUST0625,P1646,5,Works as expected.,2025-09-26,Positive
R07955,CUST0605,P0723,5,Works as expected.,2025-09-27,Positive
R07956,CUST1480,P1110,5,Works as expected.,2022-10-29,Positive
R07957,CUST3353,P0779,4,"Excellent product, highly recommended!",2023-10-13,Positive
R07958,CUST0397,P1802,5,Quality is great for the price.,2022-11-01,Positive
R07959,CUST0522,P0281,5,"Excellent product, highly recommended!",2025-09-22,Positive
R07960,CUST0399,P0520,3,Decent product for the price.,2024-04-27,Neutral
R07961,CUST2289,P0120,1,Not worth the money.,2022-11-13,Negative
R07962,CUST3484,P1274,4,Works as expected.,2025-08-06,Positive
R07963,CUST0257,P1055,3,Decent product for the price.,2025-10-14,Neutral
R07964,CUST3521,P1072,5,Quality is great for the price.,2025-04-20,Positive
R07965,CUST0186,P1093,5,Quality is great for the price.,2023-08-25,Positive
R07966,CUST3271,P0955,5,Good value for money.,2025-02-01,Positive
R07967,CUST3142,P1705,5,Very satisfied with the purchase.,2025-09-16,Positive
R07968,CUST0178,P1495,4,Good value for money.,2023-10-29,Positive
R07969,CUST2358,P1851,1,Poor customer service experience.,2024-06-06,Negative
R07970,CUST0108,P1396,4,Quality is great for the price.,2023-10-06,Positive
R07971,CUST2584,P0174,5,Quality is great for the price.,2025-07-20,Positive
R07972,CUST1710,P0969,3,"Average quality, meets expectations.",2025-02-09,Neutral
R07973,CUST3225,P0661,3,Decent product for the price.,2025-11-02,Neutral
R07974,CUST2872,P0484,5,Works as expected.,2025-11-05,Positive
R07975,CUST0523,P1420,5,"Excellent product, highly recommended!",2025-10-16,Positive
R07976,CUST1784,P1469,4,Good value for money.,2023-06-29,Positive
R07977,CUST3380,P0631,5,Works as expected.,2025-02-12,Positive
R07978,CUST1918,P1855,5,"Excellent product, highly recommended!",2025-10-17,Positive
R07979,CUST1546,P1672,5,"Excellent product, highly recommended!",2025-10-26,Positive
R07980,CUST3285,P0120,5,Good value for money.,2025-02-21,Positive
R07981,CUST1555,P1619,5,Quality is great for the price.,2024-12-30,Positive
R07982,CUST2169,P1021,4,Very satisfied with the purchase.,2025-07-09,Positive
R07983,CUST1497,P1888,4,Good value for money.,2025-11-14,Positive
R07984,CUST3247,P1637,4,Very satisfied with the purchase.,2024-01-04,Positive
R07985,CUST0940,P1085,5,Works as expected.,2023-05-24,Positive
R07986,CUST2632,P1562,5,"Excellent product, highly recommended!",2025-01-28,Positive
R07987,CUST0843,P0060,3,"Product is okay, nothing special.",2025-10-25,Neutral
R07988,CUST3987,P1793,4,Very satisfied with the purchase.,2025-06-30,Positive
R07989,CUST1633,P0974,5,Very satisfied with the purchase.,2024-08-04,Positive
R07990,CUST3734,P0396,4,Very satisfied with the purchase.,2025-10-20,Positive
R07991,CUST1205,P0334,4,Works as expected.,2021-04-06,Positive
R07992,CUST2794,P0947,5,Works as expected.,2022-12-02,Positive
R07993,CUST0344,P0109,5,Works as expected.,2025-01-04,Positive
R07994,CUST1695,P1454,4,Works as expected.,2024-12-05,Positive
R07995,CUST4785,P1781,5,Works as expected.,2024-09-04,Positive
R07996,CUST1862,P0449,5,Very satisfied with the purchase.,2024-11-11,Positive
R07997,CUST4058,P1946,3,It's fine but could be better.,2024-04-19,Neutral
R07998,CUST0627,P0979,4,Very satisfied with the purchase.,2025-08-17,Positive
R07999,CUST0668,P1559,5,Works as expected.,2025-10-30,Positive
R08000,CUST1983,P0428,4,Very satisfied with the purchase.,2025-07-05,Positive
